Country,GENC,Year,Total Population,Growth Rate,Population Density (per sq km),Total Fertility Rate,Life Expectancy at Birth,Under-5 Mortality Rate,Sex Ratio of the Population,Youth and Old Age (0-14 and 65+),Youth (0-14),Old Age (65+),Both Sexes,Male,Female
Afghanistan,AF,2000,"23,603,559",-0.79,36.2,7.4,56.4,123.5,1.04,103.6,98.7,5,15.7,15.7,15.7
Albania,AL,2000,"3,158,350",-1.02,115.3,2.17,74.7,28.7,1.01,62,50.6,11.4,26.1,26.6,25.5
Algeria,DZ,2000,"30,634,947",1.4,12.9,2.37,71.8,43.7,1.02,62.1,55.1,7,21.7,21.9,21.6
American Samoa,AS,2000,"57,699",0.09,291.4,4,74.9,13.4,1.04,72.6,67.2,5.5,21.2,21.5,21
Andorra,AD,2000,"65,099",-0.12,139.1,1.37,81,6.1,1.09,38.2,22.1,16.1,36.4,36.1,36.7
Angola,AO,2000,"14,550,196",2.43,11.7,6.73,47.1,200.3,0.98,96,91.1,4.8,16.6,16.8,16.3
Anguilla,AI,2000,"11,426",3.09,125.6,2.11,76.6,7.2,1,54.9,43.1,11.8,29.3,29.6,29
Antigua and Barbuda,AG,2000,"75,352",1.97,170.1,2.72,73.5,25.9,0.92,57.2,46.2,11,27.5,28.6,26.4
Argentina,AR,2000,"37,335,675",1.12,13.6,2.57,74.4,20.8,0.97,60.3,43.9,16.4,28.2,29.3,27.2
Armenia,AM,2000,"3,100,044",-0.24,109.9,1.81,71.6,24,0.89,57.5,43,14.5,29,31.3,26.6
Aruba,AW,2000,"89,995",0.74,500,1.86,72.9,22.7,0.91,43.8,31.8,12,35.1,36.2,33.8
Australia,AU,2000,"18,835,722",1.21,2.5,1.76,79.4,6.2,0.98,48.6,30.7,17.9,35,35.8,34
Austria,AT,2000,"8,113,392",0.23,98.4,1.35,78.2,6.2,0.95,47.6,24.7,22.9,38.2,39.6,36.9
Azerbaijan,AZ,2000,"8,463,076",0.86,102.4,1.96,67.8,57.9,0.95,59.5,49.3,10.2,25.8,27.3,24.2
"Bahamas, The",BS,2000,"284,758",2.02,28.4,2.28,72.7,16.4,0.94,59.3,51.2,8.1,26.6,27.2,26
Bahrain,BH,2000,"654,862",2.24,861.7,2.78,75,19.4,1.33,46.3,42.1,4.1,27.3,24.5,29.2
Bangladesh,BD,2000,"128,730,802",1.65,988.9,3.24,67.3,83.9,1.02,72.8,66.4,6.5,20.4,20.6,20.2
Barbados,BB,2000,"274,880",0.5,639.3,1.66,73.5,16.7,0.94,45.1,31.7,13.3,32.2,33.3,31.1
Belarus,BY,2000,"10,033,392",-0.29,49.4,1.29,69.1,12.3,0.88,47.6,27.3,20.3,36.6,38.9,34
Belgium,BE,2000,"10,263,618",0.34,339,1.65,77.7,6.2,0.96,52.4,26.7,25.7,38.9,40.2,37.7
Belize,BZ,2000,"252,360",2.1,11.1,3.62,72.3,24.2,1.02,81.5,74.5,7,18.9,19.1,18.8
Benin,BJ,2000,"6,677,027",3.29,60.4,6.21,53.6,143.2,0.95,102.3,96.9,5.4,15.9,16.7,15.1
Bermuda,BM,2000,"63,140",0.84,"1,169.3",1.91,76.9,3.5,0.94,45.3,28.8,16.5,37.3,38.4,36.2
Bhutan,BT,2000,"653,997",1.78,17,3.78,62,95.8,1.12,75.1,67.2,7.8,19.9,19.3,20.5
Bolivia,BO,2000,"8,176,787",2.11,7.5,3.97,64.1,73.5,0.98,77.8,70.1,7.7,19.7,20.4,19.1
Bosnia and Herzegovina,BA,2000,"3,805,512",0.45,74.3,1.32,72.9,11.3,0.95,42.2,28.1,14.1,34.3,35.5,33.2
Botswana,BW,2000,"1,654,761",1.99,2.9,3.65,48.2,82.8,0.97,79.2,71.6,7.6,19.5,19.5,19.4
Brazil,BR,2000,"175,969,492",1.46,21.1,2.39,69.5,36.6,0.98,53.6,45.4,8.2,25.5,26.2,24.7
Brunei,BN,2000,"325,279",2.28,61.8,2.57,73.6,19,1.07,51.4,47.1,4.2,25.3,24.9,25.7
Bulgaria,BG,2000,"7,908,665",-0.77,72.9,1.34,71.3,19.1,0.96,47.4,23.1,24.3,39.5,41.3,37.7
Burkina Faso,BF,2000,"11,430,022",2.63,41.7,6.85,52.1,173.2,0.92,107.9,100.2,7.7,15.8,16.8,14.7
Burma,MM,2000,"46,642,579",1.29,71.4,2.83,60.8,90.1,0.98,60.2,52.9,7.3,23.2,23.8,22.7
Burundi,BI,2000,"6,281,743",2.47,244.6,6.55,54.3,138.8,0.97,94.1,88.8,5.3,16.9,17.3,16.5
Cabo Verde,CV,2000,"430,132",1.94,106.7,3.59,67.2,48.7,0.93,91.8,80.7,11.1,18.3,19.2,17.4
Cambodia,KH,2000,"12,460,931",1.51,70.6,3.77,58.3,117.7,0.93,80.2,74.2,5.9,18.5,19.3,17.7
Cameroon,CM,2000,"15,836,469",2.73,33.5,5.79,52.3,147.4,0.99,94.2,88.6,5.5,16.9,17.1,16.7
Canada,CA,2000,"31,099,560",0.88,3.4,1.49,79.8,6.1,0.98,46.8,27.6,19.1,37,37.9,36.2
Cayman Islands,KY,2000,"38,400",3.07,145.5,1.92,78.3,13.3,0.96,40.9,31,10,35.1,35.4,34.7
Central African Republic,CF,2000,"3,942,356",2.41,6.3,5.22,47.1,171,0.96,88.2,80.6,7.6,18.3,18.9,17.8
Chad,TD,2000,"8,118,119",3.31,6.4,7.06,49.5,185.1,0.95,110,104.1,6,15.2,15.8,14.6
Chile,CL,2000,"15,174,569",1.16,20.4,2.03,76,10.8,0.97,53.3,42.4,10.9,28.7,29.8,27.7
China,CN,2000,"1,264,580,718",0.62,135.6,1.56,71.7,32.2,1.06,47,36.7,10.3,29.9,30.2,29.7
Colombia,CO,2000,"40,319,332",0.66,38.8,2.53,71.9,25.2,0.96,61.1,52.6,8.4,24.3,25.1,23.6
Comoros,KM,2000,"546,058",2.61,244.3,5.25,59.8,122.8,0.95,87.3,80.8,6.4,17.9,18.3,17.4
Congo (Brazzaville),CG,2000,"3,147,648",5.27,9.2,4.74,59.6,115.3,0.98,85.4,78.1,7.3,18.5,19,18.1
Congo (Kinshasa),CD,2000,"52,921,779",3.06,23.3,6.76,52.3,149.2,0.98,100.5,95.4,5.1,16.1,16.3,15.8
Cook Islands,CK,2000,"16,258",-3.46,68.9,3.19,71.9,31.1,1.06,69.5,58.8,10.6,24.5,24.9,24.1
Costa Rica,CR,2000,"3,882,234",2.05,76,2.37,75.7,13,1.02,56.9,48.8,8,25.1,25.6,24.6
C“te d'Ivoire,CI,2000,"16,226,734",2.66,51,5.52,49.2,142.4,1.03,86.4,82.2,4.2,17.6,17.4,17.7
Croatia,HR,2000,"4,390,263",0.16,78.4,1.47,72.6,8.6,0.93,47.9,25.4,22.5,38.9,40.6,37
Cuba,CU,2000,"11,139,078",0.34,101.4,1.65,76.6,8,1,45.7,31.5,14.3,33.2,33.8,32.7
Cura‡ao,CW,2000,"133,963",-1.48,301.7,2.22,75.9,12.3,0.9,51.8,36.2,15.6,35.4,37.1,33
Cyprus,CY,2000,"919,680",1.38,99.5,1.64,75.2,15,1.03,45.6,32.6,13,31.6,33.2,30.2
Czechia,CZ,2000,"10,268,900",-0.11,132.9,1.16,74.9,5.2,0.95,43.3,23.5,19.8,37.4,39.4,35.7
Denmark,DK,2000,"5,337,416",0.35,125.8,1.77,76.7,6.2,0.98,50,27.7,22.2,38.3,39.5,37.3
Djibouti,DJ,2000,"666,653",3.37,28.8,4.37,58.1,97.2,0.9,81.5,76.5,5.1,18.8,20,17.4
Dominica,DM,2000,"70,872",0.6,94.4,2.26,75.5,16.8,1.01,67.9,50,18,27.8,28.4,27.2
Dominican Republic,DO,2000,"8,231,409",1.51,170.4,3.02,67.4,42.1,1.03,64.9,58,6.9,22.5,22.6,22.4
Ecuador,EC,2000,"12,471,998",1.43,50.2,3.32,74.7,29,0.99,69.9,60,9.9,22.3,22.8,21.8
Egypt,EG,2000,"65,549,954",2.08,65.8,3.46,67.6,46.5,1.05,67.2,61.3,6,20.7,20.9,20.5
El Salvador,SV,2000,"5,823,528",0.77,281,2.98,68.8,33.9,0.94,76.3,67.3,9.1,20.4,21.6,19.3
Equatorial Guinea,GQ,2000,"568,717",5.79,20.3,5.61,57,155.3,0.95,82,74,8,19.4,20.2,18.7
Eritrea,ER,2000,"3,884,174",1.47,38.5,4.78,59.4,98.8,0.96,88.7,82.1,6.7,17.9,18.4,17.4
Estonia,EE,2000,"1,379,671",-0.72,32.5,1.37,70.4,11.2,0.85,49.8,27.3,22.4,37.8,40.7,34.2
Eswatini,SZ,2000,"1,031,829",-0.2,60,4.28,46.6,117.5,0.95,82.2,77,5.2,18.1,18.6,17.6
Ethiopia,ET,2000,"62,891,069",2.5,57.4,5.44,53,142.4,1,85.7,80.3,5.4,18,18,18
Faroe Islands,FO,2000,"45,793",1.71,32.9,2.57,79.3,9.1,1.07,59.7,38,21.8,34.9,35.7,34.2
Fiji,FJ,2000,"804,864",0.72,44,2.73,67.9,29.5,1.03,57.8,52.2,5.6,23.1,23.4,22.9
Finland,FI,2000,"5,168,595",0.19,17,1.73,77.5,4.6,0.95,49.4,27.1,22.3,39.4,40.9,37.9
France,FR,2000,"61,286,728",0.56,95.7,1.88,78.7,6.3,0.95,53.6,29.4,24.2,37.2,38.6,35.8
French Polynesia,PF,2000,"235,866",1.84,61.6,2.57,73.7,19.7,1.06,56.5,49.8,6.7,25.3,25,25.5
Gabon,GA,2000,"1,198,880",2.75,4.7,4.2,59.1,93.8,0.97,85.6,76.8,8.7,19.3,19.8,18.8
"Gambia, The",GM,2000,"1,331,165",2.17,131.5,6.18,59.2,114.5,0.99,99.1,94,5.1,16.2,16.5,15.9
Georgia,GE,2000,"4,818,805",-0.79,69.1,1.59,74,30.9,0.9,55.6,34.7,20.9,35.2,37.1,32.8
Germany,DE,2000,"82,183,670",0.12,235.7,1.37,78,5.3,0.95,47.1,22.9,24.2,40,41.6,38.6
Ghana,GH,2000,"19,056,763",2.37,83.8,4.7,58.9,98.8,0.98,85.5,77.5,8,18.6,19,18.2
Gibraltar,GI,2000,"27,273",4.43,"3,896.1",2.49,74.4,12.5,1.03,58.6,40.8,17.9,30.6,31.2,30.1
Greece,GR,2000,"10,925,795",0.66,83.6,1.28,78.2,6.6,0.98,49,23.9,25.1,38.2,39.3,37
Greenland,GL,2000,"56,889",0.39,0,2.22,66.6,19.1,1.15,47,39.6,7.4,32.2,31.1,33
Grenada,GD,2000,"101,608",0.67,295.4,2.53,71.3,16.5,1,69.4,56.9,12.6,23.8,24,23.6
Guam,GU,2000,"155,324",0.82,285.5,3.12,76.2,8.8,1.05,55.9,47.5,8.3,27.4,27.5,27.3
Guatemala,GT,2000,"11,285,795",1.61,105.3,4.53,66.7,55.3,0.99,88.1,81.4,6.7,18.1,18.7,17.6
Guernsey,GG,2000,"61,948",0.34,794.2,1.47,79.4,5.5,0.95,49.8,25.9,23.9,38.9,39.7,38.1
Guinea,GN,2000,"7,780,073",1.62,31.7,5.57,50.5,166,0.99,83.2,77.1,6.1,18.8,19.2,18.5
Guinea-Bissau,GW,2000,"1,207,652",2.12,42.9,5.49,50.1,174,0.93,88,82.3,5.6,17.7,18.4,17.1
Guyana,GY,2000,"783,059",0.94,4,3.73,67.5,46.6,1.03,64.6,57.7,6.9,22.1,22.4,21.9
Haiti,HT,2000,"8,279,356",1.86,300.4,4.53,56.5,106.2,0.97,81.1,74.8,6.3,19.1,19.4,18.8
Honduras,HN,2000,"6,367,242",--,56.9,--,--,--,--,--,--,--,--,--,--
Hong Kong,HK,2000,"6,655,870",0.9,"6,203.0",0.89,80.8,4.1,0.97,38.1,22.8,15.3,36.4,36.2,36.6
Hungary,HU,2000,"10,147,425",-0.2,113.2,1.33,71.5,10.9,0.91,46.8,25,21.8,38.3,41,35.5
Iceland,IS,2000,"281,038",1.49,2.8,2.09,79.7,5.5,1,53.7,35.8,17.9,32.9,33.4,32.4
India,IN,2000,"1,049,692,922",1.73,353.1,3.27,62.8,91.6,1.07,64.5,57.2,7.3,22.8,23.4,22.3
Indonesia,ID,2000,"214,090,575",1.46,118.2,2.61,68,52.9,1,54.8,47.7,7.1,24.6,25.1,24.1
Iran,IR,2000,"66,482,211",1.09,43.4,2.17,68.1,73.7,1.03,63.1,55.5,7.6,21.3,21.5,21.2
Iraq,IQ,2000,"22,839,753",2.99,52.2,4.98,67.7,48.9,1.02,84.3,78.7,5.6,18,18.2,17.9
Ireland,IE,2000,"3,822,196",1.27,55.5,1.86,76.5,7.1,0.99,48.6,32,16.5,32.3,33.1,31.5
Isle of Man,IM,2000,"75,703",0.9,132.3,1.61,77.2,7.7,0.95,53.1,27.4,25.7,39.4,40.3,38.5
Israel,IL,2000,"6,112,320",2.55,284.3,2.96,78.6,7,1,62.5,46.6,15.9,27.5,28.4,26.7
Italy,IT,2000,"57,784,371",0.27,196.5,1.24,79.6,5.2,0.93,48.4,21.1,27.3,40.3,41.8,38.8
Jamaica,JM,2000,"2,810,680",0.92,259.5,2.6,70.9,25.2,0.98,67.2,56.8,10.5,22.8,23.3,22.3
Japan,JP,2000,"126,771,901",0.23,347.8,1.37,81,4.6,0.96,47,21.7,25.2,41.6,42.9,40.3
Jersey,JE,2000,"87,379",0.48,753.3,1.4,78.6,6.5,0.95,45.6,25.3,20.3,37.8,38.4,37.1
Jordan,JO,2000,"4,785,043",2.34,53.9,4.13,70.6,35,1.07,76.9,71.8,5.2,19.2,19.1,19.3
Kazakhstan,KZ,2000,"15,687,251",0.26,5.8,1.92,64.5,40.9,0.94,53.9,44.3,9.6,27,28.4,25.5
Kenya,KE,2000,"29,384,589",2.86,51.6,5.01,62.4,79.2,0.99,85.7,79.7,6,17.8,17.9,17.6
Kiribati,KI,2000,"85,314",2.05,105.2,4.32,60.4,72.4,0.99,77.8,71.8,5.9,19.6,20.6,18.6
"Korea, North",KP,2000,"22,811,717",0.88,189.5,2.1,62,67.5,0.94,49.2,39.7,9.5,29.6,30.8,28.5
"Korea, South",KR,2000,"47,334,534",0.84,488.4,1.53,76,6.5,1,39.4,29.3,10.2,31.8,32.8,31
Kuwait,KW,2000,"1,972,225",2.83,110.7,2.63,74.4,14.1,1.44,43.3,41.4,1.9,27,24.2,28.7
Kyrgyzstan,KG,2000,"4,937,123",0.87,25.7,2.64,66.7,54.4,0.97,68.3,58.7,9.5,22.4,23.4,21.5
Laos,LA,2000,"5,397,406",1.9,23.4,4.8,55.9,123.6,0.98,85,78.6,6.4,18.3,18.7,17.8
Latvia,LV,2000,"2,368,427",-0.74,38,1.24,70,12.6,0.85,48.3,26.5,21.8,37.8,40.6,34.6
Lebanon,LB,2000,"4,225,373",1.95,413,2.65,73.4,19.9,0.97,58.4,49.6,8.8,24.6,25.4,23.7
Lesotho,LS,2000,"1,889,117",0.58,62.2,3.79,52,109.8,0.96,69.5,61.3,8.2,20.6,20.9,20.3
Liberia,LR,2000,"2,724,787",2.64,28.3,6.23,47.3,189.5,1,87.1,81.8,5.3,17.7,17.6,17.7
Libya,LY,2000,"5,064,358",--,2.9,--,--,--,--,--,--,--,--,--,--
Liechtenstein,LI,2000,"32,748",1.37,204.7,1.61,77.4,7.9,0.97,40.5,25.7,14.8,36.6,37.1,36
Lithuania,LT,2000,"3,489,406",-0.26,55.7,1.4,71.7,11.1,0.88,51.7,31,20.7,35.7,38.2,32.9
Luxembourg,LU,2000,"438,499",1.28,169.6,1.8,78.1,6,0.97,49.8,28.3,21.5,37.6,38.6,36.6
Macau,MO,2000,"431,739",0.44,"15,419.2",1,83,6.6,0.92,44.6,33.6,10.9,33.3,33.1,33.6
Madagascar,MG,2000,"15,684,814",2.85,27,5.3,59.6,102.9,0.99,93.7,87.3,6.4,17.2,17.5,17
Malawi,MW,2000,"10,921,949",3.04,116.1,6.26,58.1,145.6,0.97,99.9,93.6,6.3,16.4,16.5,16.3
Malaysia,MY,2000,"23,332,868",2.61,71,2.49,73,9.8,1.04,59.2,52.5,6.7,23.7,23.9,23.6
Maldives,MV,2000,"299,972",1.95,"1,006.6",2.77,71.6,56.3,1.17,69.9,63.8,6.1,20.5,19.2,21.5
Mali,ML,2000,"10,843,590",2.58,8.9,7.21,51.4,213.9,0.96,107.5,100.4,7.1,15.7,16.1,15.3
Malta,MT,2000,"394,215",0.7,"1,247.5",1.68,77.9,6.7,0.98,47.7,29.2,18.5,36.9,38.2,35.5
Marshall Islands,MH,2000,"53,066",1.56,293.2,4.43,68.3,44.8,1.05,79.5,74.7,4.9,18.1,18.1,18.2
Mauritania,MR,2000,"2,523,977",2.14,2.4,5.76,62.4,85.1,0.99,84.3,77.6,6.7,18.6,19.2,18.1
Mauritius,MU,2000,"1,186,451",1.1,584.5,2.02,71.4,18.7,0.97,46.7,37.7,9,28.7,29.6,27.9
Mexico,MX,2000,"99,775,434",1.36,51.3,2.69,73.2,29.1,0.97,62.7,54.9,7.8,23.2,23.9,22.4
"Micronesia, Federated States of",FM,2000,"107,719",0.19,153.4,3.87,68.1,45.4,1.02,76.6,70.8,5.9,18.9,19.3,18.6
Moldova,MD,2000,"4,180,215",-1.09,127.1,1.35,67.2,26.8,0.92,49.2,34.8,14.4,31.9,34.1,29.5
Monaco,MC,2000,"31,855",0.59,"15,927.5",1.14,87.7,2.4,0.95,54.8,20.5,34.3,45.8,47.5,44.2
Mongolia,MN,2000,"2,460,815",1.08,1.6,2.24,64.2,62.4,0.99,63.8,57.8,6,21.6,22,21.2
Montenegro,ME,2000,"622,985",-0.02,46.3,2.01,74.2,12.9,0.98,50.6,33.6,17,33.1,34.4,31.9
Montserrat,MS,2000,"3,951",-115.36,38.7,1.34,72.6,18.9,1.04,66.6,50.1,16.5,24.5,24,25
Morocco,MA,2000,"28,491,421",1.21,39.8,2.85,66.4,54.5,0.98,64.4,56.4,8.1,22.3,22.8,21.8
Mozambique,MZ,2000,"18,498,198",1.94,23.5,5.56,43.5,213.6,0.94,87.7,82.3,5.4,17.8,18.6,16.9
Namibia,NA,2000,"1,877,964",3.24,2.3,4.09,53.4,97.8,1,76.5,71.8,4.7,19,19.1,18.9
Nauru,NR,2000,"9,856",-0.17,469.3,3.54,60.6,15.2,1.04,68.8,66.3,2.5,20,20.4,19.6
Nepal,NP,2000,"23,486,982",1.67,163.8,4.03,61.9,83.3,0.99,83.8,76.8,7,18.9,19.4,18.5
Netherlands,NL,2000,"15,930,182",0.75,470,1.72,78,6.3,0.98,47.4,27.4,20.1,37.4,38.4,36.6
New Caledonia,NC,2000,"211,189",1.92,11.6,2.57,73.9,11.4,1.02,54.8,46.1,8.7,26.5,26.7,26.3
New Zealand,NZ,2000,"3,802,400",0.46,14.4,2.05,78.6,7.6,0.98,52.5,34.5,18,34.2,35.2,33.2
Nicaragua,NI,2000,"4,851,290",1.76,40.4,3.23,68.9,41,0.98,79.9,74,5.9,18.8,19.3,18.3
Niger,NE,2000,"10,746,376",3.46,8.5,8.09,44.9,224.2,0.99,103.4,97.9,5.4,15.9,16.3,15.4
Nigeria,NG,2000,"125,580,732",2.73,137.9,6.04,47.6,187.4,1.03,85.5,80.2,5.3,18,18.1,18
North Macedonia,MK,2000,"2,017,370",0.65,79.3,1.91,72.9,15.3,1,48.5,33.8,14.7,32.2,33.1,31.3
Northern Mariana Islands,MP,2000,"69,726",-0.44,147.7,1.72,73.8,18.5,0.85,31.5,29.5,2,28.8,27.7,30.7
Norway,NO,2000,"4,492,401",0.56,14.8,1.86,78.6,4.8,0.98,54.3,30.9,23.4,36.8,37.9,35.8
Oman,OM,2000,"2,432,191",2.28,7.9,3.99,71.6,31.4,1.31,67.1,63.2,3.9,20.6,17.9,23.2
Pakistan,PK,2000,"148,400,343",3.46,192.5,5.05,61.7,120.4,1.06,81.6,74.3,7.4,19.3,19.3,19.3
Palau,PW,2000,"19,489",0.81,42.5,1.95,68.4,21.9,1.21,45.1,36.9,8.1,30.2,29.8,30.4
Panama,PA,2000,"2,917,782",1.94,39.2,2.8,75.4,24.4,1.03,60.4,51.4,9,24.6,24.9,24.4
Papua New Guinea,PG,2000,"5,419,608",2.79,12,4.57,63.9,70.2,1.06,79.4,74.8,4.6,19.1,18.9,19.3
Paraguay,PY,2000,"5,417,095",1.95,13.6,3.22,73.6,48,1.01,74.6,65.9,8.8,21.3,21.6,21
Peru,PE,2000,"25,790,651",1.57,20.1,2.83,70.3,38.5,0.99,66.2,57.8,8.4,22.4,22.9,21.9
Philippines,PH,2000,"76,580,270",2.25,256.8,3.72,69.5,37.7,1,70.7,64.4,6.3,20.7,21.1,20.3
Poland,PL,2000,"38,654,162",-0.02,127,1.33,73.8,9.6,0.95,45.5,27.6,17.9,35.3,37.2,33.4
Portugal,PT,2000,"10,361,404",0.79,113.3,1.51,76.3,7.3,0.94,48.7,25.2,23.5,36.8,38.7,34.8
Puerto Rico,PR,2000,"3,810,605",--,429.7,--,--,--,--,--,--,--,--,--,--
Qatar,QA,2000,"639,897",4.86,55.2,2.89,75.6,14.2,1.94,35.3,33.7,1.6,29.7,23.2,32.2
Romania,RO,2000,"22,262,406",-0.66,96.8,1.34,71.1,22.2,0.96,46.8,27,19.8,34.6,36.6,33
Russia,RU,2000,"148,020,170",-0.42,9,1.18,66,19.3,0.88,43.5,25.5,18,37,39.4,34.2
Rwanda,RW,2000,"8,047,103",0.43,326.2,5.76,50.4,184,0.95,89.6,84.1,5.5,17.2,17.7,16.7
Saint Barthelemy,BL,2000,"7,121",2.53,284.8,1.62,76.9,11.4,1.15,33.2,24.9,8.3,34.4,34.2,34.6
"Saint Helena, Ascension, and Tristan da Cunha",SH,2000,"7,233",0.76,18.4,1.53,76.7,35.4,1.03,39.9,26.9,13,32.6,32.4,32.9
Saint Kitts and Nevis,KN,2000,"45,655",1.2,174.9,2.17,71.7,25.2,0.98,58.4,45.7,12.8,26.6,27,26.2
Saint Lucia,LC,2000,"153,305",0.79,253,2.22,76.3,13.6,0.96,63.8,51.4,12.4,24.4,25.3,23.6
Saint Martin,MF,2000,"28,378",-2.64,525.5,1.83,76.9,11.4,0.95,50.9,45.2,5.7,28.9,29.1,28.6
Saint Pierre and Miquelon,PM,2000,"6,419",-0.5,26.5,1.5,79.5,11.4,1.01,44.6,28.2,16.4,35.9,36.6,35.4
Saint Vincent and the Grenadines,VC,2000,"107,861",-0.19,277.3,2.49,72.2,27.6,1.01,63.9,52.6,11.3,23.9,24,23.8
Samoa,WS,2000,"176,209",0.86,62.5,4.33,69.2,41.8,1.09,80.8,72.8,8.1,20,20.1,20
San Marino,SM,2000,"27,079",1.87,443.9,1.3,81.5,9.4,0.94,46.2,23,23.2,38.6,39.1,38.2
Sao Tome and Principe,ST,2000,"140,686",2.2,145.9,6.06,58.7,110.4,0.99,95.8,87.8,8,17.1,17.6,16.7
Saudi Arabia,SA,2000,"21,361,821",2.38,9.9,4.1,72.1,25,1.28,68.5,64.1,4.3,21.2,18.4,23.5
Senegal,SN,2000,"9,463,093",2.52,49.2,5.59,55.3,135.3,0.96,95.7,90.1,5.6,16.7,17.4,15.9
Serbia,RS,2000,"7,604,338",-1.46,98.2,1.46,71.5,12.9,0.95,48.9,25.1,23.8,39.6,41.1,38.1
Seychelles,SC,2000,"79,158",1.33,174,2.2,71.7,18.4,0.99,54.3,43.2,11,27.1,27.8,26.5
Sierra Leone,SL,2000,"4,184,096",4.68,58.4,5.89,43.8,228,0.94,90,84.3,5.7,17.7,18.2,17.1
Singapore,SG,2000,"4,196,927",2.85,"5,919.5",1.6,79.2,3.2,0.98,38.8,30.6,8.2,31.1,31.2,31
Sint Maarten,SX,2000,"30,784",-1.07,905.4,1.61,74.5,13.9,0.95,41.6,37.5,4,32.1,32.2,32.1
Slovakia,SK,2000,"5,400,316",0.07,112.3,1.29,72.9,10.4,0.95,44.8,28.3,16.5,34,35.7,32.3
Slovenia,SI,2000,"2,011,242",0.11,99.8,1.24,76,5.6,0.95,42.3,22.4,19.9,38.2,39.7,36.8
Solomon Islands,SB,2000,"432,152",2.76,15.4,4.63,71.3,41.8,1.04,82.5,76.3,6.2,18.8,18.9,18.7
Somalia,SO,2000,"9,210,961",3.92,14.7,7.8,50.6,173.2,1.01,111.6,106.2,5.4,14.9,15.2,14.6
South Africa,ZA,2000,"45,143,676",1.33,37.2,2.63,61.6,70.2,0.96,61.4,54.1,7.2,23.1,23.6,22.5
South Sudan,SS,2000,"6,365,612",--,9.9,--,--,--,--,--,--,--,--,--,--
Spain,ES,2000,"40,589,004",1.06,81.3,1.22,79.2,5.7,0.96,46,21.4,24.6,37.4,38.9,36.1
Sri Lanka,LK,2000,"19,041,167",--,294.6,--,--,--,--,--,--,--,--,--,--
Sudan,SD,2000,"27,633,945",--,14.8,--,--,--,--,--,--,--,--,--,--
Suriname,SR,2000,"465,735",1.19,3,2.69,68.7,49.7,0.98,59.9,51.2,8.7,24,24.8,23.2
Sweden,SE,2000,"8,924,354",0.24,21.7,1.55,79.8,3.9,0.98,55.4,28.8,26.7,39.4,40.8,38.2
Switzerland,CH,2000,"7,277,251",0.51,181.9,1.46,79.9,5.7,0.96,48.2,25.6,22.6,38.5,39.6,37.4
Syria,SY,2000,"16,457,434",--,88.5,--,--,--,--,--,--,--,--,--,--
Tajikistan,TJ,2000,"6,130,421",1.74,43.3,3.49,62,83.6,1,78.7,71.5,7.2,19.3,19.7,19
Tanzania,TZ,2000,"33,249,097",3.05,37.5,5.48,52.1,123.1,0.98,90.7,85.3,5.5,17.3,17.7,17
Thailand,TH,2000,"61,146,322",0.96,119.7,1.63,71.7,23,0.97,43.8,34.6,9.2,29.8,30.5,29
Timor-Leste,TL,2000,"757,290",8.33,50.9,7.02,56.5,123.4,1.1,93,88.2,4.8,16.9,16.5,17.2
Togo,TG,2000,"4,779,045",2.5,87.9,5.29,60.9,119.8,0.97,87.2,81.6,5.6,17.8,18.3,17.4
Tonga,TO,2000,"100,077",0.68,139.6,4.48,73.4,21.4,1.01,83.2,73.3,9.9,19.7,20.1,19.3
Trinidad and Tobago,TT,2000,"1,261,135",0.2,245.9,1.71,71.1,29.2,1.01,47.3,37.1,10.1,28.1,28.4,27.8
Tunisia,TN,2000,"9,545,892",1.04,61.4,2.11,72.7,30.6,1.02,57.2,47.3,9.8,24.6,25,24.1
Turkey,TR,2000,"65,978,547",1.42,85.7,2.52,69.9,42,1.02,57.2,48.7,8.5,24.3,24.6,23.9
Turkmenistan,TM,2000,"4,385,490",1.36,9.3,2.81,64.8,78.3,0.98,70.1,63.1,6.9,21.1,21.6,20.6
Turks and Caicos Islands,TC,2000,"19,271",4.82,20.3,2.73,73.7,25.2,1.02,53.6,47.5,6.1,27.2,26.9,27.5
Tuvalu,TV,2000,"10,037",0.16,386,3.6,61.6,76.5,0.96,75,64.5,10.5,23.3,25.8,20.4
Uganda,UG,2000,"23,192,143",3.29,117.7,7.08,48.2,145.8,0.96,113.9,107.7,6.2,14.9,15.3,14.4
Ukraine,UA,2000,"49,013,834",-0.99,84.6,1.1,67.9,15.5,0.86,46,25.5,20.5,37.8,40.4,34.8
United Arab Emirates,AE,2000,"3,230,742",5.64,38.6,2.58,76,11.4,2.13,29.6,28.3,1.3,29.2,23.5,31.1
United Kingdom,GB,2000,"59,139,969",0.39,244.5,1.67,77.8,6.4,0.97,53.2,29.2,24,37.5,38.7,36.3
United States,US,2000,"282,162,411",--,30.8,--,--,--,0.96,51,32.3,18.8,--,--,--
Uruguay,UY,2000,"3,313,841",0.06,18.9,2.17,74.8,16.9,0.95,59.3,38.7,20.6,31.7,33.4,30.1
Uzbekistan,UZ,2000,"25,041,820",1.3,58.9,2.58,69.3,42.2,0.99,71,63.1,7.9,21.2,21.7,20.7
Vanuatu,VU,2000,"191,376",2.66,15.7,4.7,67.4,42.9,1.04,83.3,77.6,5.7,18.7,18.9,18.4
Venezuela,VE,2000,"24,228,790",1.74,27.5,2.83,72.3,26.6,0.99,64,56.6,7.3,22.7,23.3,22.1
Vietnam,VN,2000,"79,451,866",1.36,256.2,2.28,71.2,34.3,0.97,61.7,52.6,9.2,23.4,24.4,22.3
"Virgin Islands, British",VG,2000,"22,480",3.12,148.9,1.6,77.1,20.8,0.98,41.4,34,7.5,31.2,30.9,31.5
"Virgin Islands, U.S.",VI,2000,"108,642",-0.04,312.2,2.06,76.6,11.5,0.91,52.6,39.6,13,33.6,34.3,32.8
Wallis and Futuna,WF,2000,"14,667",0.71,103.3,2.47,76.5,6.1,0.99,67.1,57.6,9.5,22.1,23.1,21
Yemen,YE,2000,"18,473,207",2.64,35,6.55,60.5,93.6,1.04,106,99.6,6.5,15.6,15.7,15.6
Zambia,ZM,2000,"10,194,331",3.07,13.7,5.87,44.5,161.8,1,92.9,88.1,4.8,16.9,17,16.8
Zimbabwe,ZW,2000,"12,314,150",1.62,31.8,3.92,46.5,95.4,0.98,80,74.2,5.8,18.2,18.5,17.9
Gaza Strip,XG,2000,"1,127,829",3.19,"3,132.9",6.2,70.7,31.5,1.03,110.4,104.2,6.2,15.2,15.5,15
Kosovo,XK,2000,"1,700,132",1.03,156.2,2.95,67.9,66.6,1.06,62.8,53.5,9.3,23,23.6,22.5
Taiwan,TW,2000,"22,184,552",0.85,687.7,1.68,76.6,8,1.05,42.5,30.2,12.3,31.9,32.1,31.7
West Bank,XW,2000,"1,947,195",2.26,345.2,4.49,72,27.2,1.03,91,83.9,7.1,17.9,18.1,17.7
 -> 2001,,,--,--,--,--,--,--,--,--,--,--,--,--,--
 -> 2001 -> World,,,"6,206,706,241",--,47.1,--,--,--,--,--,--,--,--,--,--
Afghanistan,AF,2001,"23,804,420",2.47,36.5,7.2,57,119,1.04,104.8,99.8,5,15.6,15.6,15.6
Albania,AL,2001,"3,128,000",-0.91,114.2,2.38,75.1,28.4,1.01,61.3,49.5,11.8,26.4,27,25.8
Algeria,DZ,2001,"31,074,982",1.45,13,2.41,72.2,45,1.02,59.6,52.5,7.1,22.2,22.4,22.1
American Samoa,AS,2001,"57,676",-0.17,291.3,3.9,70.4,18,1.04,72.8,67.2,5.6,21.3,21.6,21.1
Andorra,AD,2001,"65,316",0.79,139.6,1.46,82.1,5,1.09,38.9,22.3,16.6,37.1,36.8,37.3
Angola,AO,2001,"14,933,769",2.77,12,6.69,47.7,194.7,0.98,96,91.1,4.9,16.6,16.8,16.3
Anguilla,AI,2001,"11,774",2.91,129.4,1.98,77.3,6.7,0.99,53.8,42.3,11.6,29.7,30,29.3
Antigua and Barbuda,AG,2001,"76,735",1.67,173.2,2.41,73.4,26,0.92,56.9,46,10.9,27.7,28.8,26.5
Argentina,AR,2001,"37,739,191",1.03,13.8,2.46,74.7,20,0.97,59.8,43.4,16.4,28.4,29.4,27.4
Armenia,AM,2001,"3,099,476",0.2,109.9,1.77,71.9,21.6,0.89,56,41.2,14.8,29.2,31.6,26.7
Aruba,AW,2001,"90,969",1.41,505.4,1.86,73.1,22.2,0.91,43.4,31.1,12.3,35.6,36.7,34.1
Australia,AU,2001,"19,076,793",1.33,2.5,1.73,79.7,6.3,0.98,48.3,30.3,18,35.2,36.1,34.2
Austria,AT,2001,"8,141,540",0.46,98.8,1.32,78.7,5.7,0.95,47.3,24.4,22.9,38.6,39.9,37.4
Azerbaijan,AZ,2001,"8,532,309",0.77,103.3,1.82,68.7,55.3,0.95,57.7,47.2,10.4,26.1,27.6,24.6
"Bahamas, The",BS,2001,"291,085",2.37,29.1,2.28,72.9,16.5,0.94,60.6,52.3,8.3,26.7,27.2,26.2
Bahrain,BH,2001,"672,088",2.95,884.3,2.62,75.4,18.9,1.33,45.3,41.1,4.2,27.6,24.9,29.4
Bangladesh,BD,2001,"130,837,367",1.59,"1,005.1",3.14,67.7,79.9,1.02,71.5,64.9,6.6,20.7,20.9,20.4
Barbados,BB,2001,"276,308",0.54,642.6,1.68,74.2,14.7,0.94,44.2,31.1,13.1,32.6,33.7,31.6
Belarus,BY,2001,"9,999,484",-0.39,49.3,1.26,68.7,11.5,0.88,46.7,26.1,20.5,36.9,39.3,34.2
Belgium,BE,2001,"10,292,429",0.22,339.9,1.65,78,5.8,0.96,52.4,26.6,25.8,39.2,40.5,38
Belize,BZ,2001,"258,660",2.82,11.3,3.51,72.4,23.6,1.02,80,73,7,19.2,19.3,19
Benin,BJ,2001,"6,901,453",3.32,62.4,6.17,54.1,139.1,0.95,102.2,97,5.2,15.9,16.7,15.1
Bermuda,BM,2001,"63,686",0.88,"1,179.4",1.95,78,3.4,0.94,45.6,28.7,16.9,37.8,38.9,36.7
Bhutan,BT,2001,"665,513",1.71,17.3,3.58,62.3,93.2,1.11,72.7,64.8,7.9,20.3,19.6,20.8
Bolivia,BO,2001,"8,351,136",2.11,7.7,3.91,64.9,69.5,0.98,76.3,68.7,7.6,19.9,20.6,19.3
Bosnia and Herzegovina,BA,2001,"3,822,357",0.43,74.7,1.26,73.6,8.4,0.95,42,27.3,14.7,34.8,36,33.6
Botswana,BW,2001,"1,687,937",1.98,3,3.56,49.4,79.1,0.97,78.3,70.4,7.9,19.9,19.8,20
Brazil,BR,2001,"178,511,261",1.41,21.4,2.32,69.8,35.4,0.98,52.8,44.5,8.3,25.7,26.5,25
Brunei,BN,2001,"332,637",2.19,63.2,2.45,73.8,18.5,1.06,50.4,46.1,4.3,25.5,25.1,25.9
Bulgaria,BG,2001,"7,846,983",-0.8,72.3,1.24,71.5,19.7,0.96,47,22.5,24.5,39.7,41.6,37.8
Burkina Faso,BF,2001,"11,853,834",4.61,43.3,6.79,52.8,166.3,0.93,107.2,99.9,7.3,15.7,16.8,14.8
Burma,MM,2001,"47,210,417",1.13,72.2,2.75,61.2,87.4,0.98,59.2,51.9,7.3,23.5,24,22.9
Burundi,BI,2001,"6,465,746",3.29,251.8,6.54,55.1,132.3,0.97,93.8,88.5,5.3,16.9,17.3,16.5
Cabo Verde,CV,2001,"438,453",1.89,108.7,3.46,67.6,47.6,0.93,88.9,78,11,18.6,19.5,17.7
Cambodia,KH,2001,"12,649,522",1.49,71.7,3.65,58.5,113.9,0.93,77,71.1,5.9,18.9,19.7,18.1
Cameroon,CM,2001,"16,274,385",2.73,34.4,5.73,52.4,144.4,0.99,93.7,88.1,5.5,17,17.2,16.7
Canada,CA,2001,"31,376,734",0.89,3.5,1.52,80.1,6.2,0.98,46.4,27.1,19.3,37.5,38.3,36.7
Cayman Islands,KY,2001,"39,576",2.97,149.9,1.92,78.4,13.1,0.96,41.1,30.8,10.3,35.5,35.8,35.2
Central African Republic,CF,2001,"4,018,042",1.4,6.4,5.18,47.1,169.6,0.96,88,80.4,7.6,18.3,18.9,17.8
Chad,TD,2001,"8,400,324",3.52,6.7,7.13,50,180.9,0.95,108.2,102.5,5.7,15.3,15.9,14.7
Chile,CL,2001,"15,344,730",1.07,20.6,2,75.9,10.4,0.97,52.5,41.5,11,29.1,30.2,28
China,CN,2001,"1,272,058,729",0.56,136.4,1.53,72.1,29.9,1.06,46,35.4,10.5,30.5,30.8,30.3
Colombia,CO,2001,"40,663,852",1.04,39.1,2.5,72.2,24.4,0.96,60.3,51.7,8.6,24.7,25.5,23.9
Comoros,KM,2001,"560,628",2.66,250.8,5.25,60.2,120.4,0.95,86.8,80.3,6.4,18,18.5,17.5
Congo (Brazzaville),CG,2001,"3,274,614",2.69,9.6,4.74,60.8,108.5,0.98,84.6,77.3,7.3,18.6,19,18.3
Congo (Kinshasa),CD,2001,"54,597,381",3.18,24.1,6.68,52.4,147.8,0.98,100.2,95.2,5.1,16.1,16.4,15.8
Cook Islands,CK,2001,"15,680",-3.78,66.4,3.09,72.2,30.3,1.07,69,57.9,11.1,25.1,25.5,24.7
Costa Rica,CR,2001,"3,955,731",1.7,77.5,2.27,76,13.4,1.01,55.2,47.1,8.1,25.4,25.9,24.9
C“te d'Ivoire,CI,2001,"16,673,735",2.78,52.4,5.48,49.9,138.3,1.03,86,81.8,4.2,17.6,17.4,17.8
Croatia,HR,2001,"4,418,543",1.12,78.9,1.36,73.1,8.6,0.93,48.1,25.1,23,39.1,40.9,37.2
Cuba,CU,2001,"11,171,090",0.24,101.7,1.64,76.5,8.1,1,45.4,30.9,14.6,33.8,34.3,33.2
Cura‡ao,CW,2001,"131,970",-1.52,297.2,2.3,76,12.2,0.9,51.4,35.2,16.2,36.1,37.9,33.6
Cyprus,CY,2001,"932,632",1.46,100.9,1.57,76.3,13.5,1.03,44.5,31.5,13,31.9,33.5,30.5
Czechia,CZ,2001,"10,250,328",-0.25,132.7,1.15,75.2,5,0.95,42.7,22.9,19.8,37.7,39.7,36.1
Denmark,DK,2001,"5,356,271",0.36,126.2,1.74,76.9,5.9,0.98,50.3,28.1,22.3,38.5,39.6,37.5
Djibouti,DJ,2001,"690,137",3.55,29.8,4.19,58.2,96.2,0.89,80.2,75.1,5,18.9,20.2,17.5
Dominica,DM,2001,"71,295",0.6,94.9,2.24,75.6,16.6,1.01,66.2,48.5,17.7,28,28.6,27.3
Dominican Republic,DO,2001,"8,356,598",1.51,172.9,2.99,67.6,41.2,1.03,64.2,57.2,7,22.6,22.8,22.5
Ecuador,EC,2001,"12,658,432",1.54,51,3.29,75.1,27.3,0.99,69.5,59.2,10.2,22.6,23.1,22.1
Egypt,EG,2001,"66,925,023",2.08,67.2,3.4,68,44.4,1.05,65.6,59.7,5.9,20.9,21.1,20.8
El Salvador,SV,2001,"5,854,367",0.29,282.5,2.88,69.2,32,0.94,75.3,66.2,9.1,20.7,21.9,19.5
Equatorial Guinea,GQ,2001,"602,247",5.66,21.5,5.61,57.5,152.1,0.96,81.1,73,8.1,19.5,20.2,18.8
Eritrea,ER,2001,"3,993,126",4.03,39.5,5.26,59.8,96.4,0.97,87.8,81.1,6.7,18.1,18.5,17.6
Estonia,EE,2001,"1,369,399",-0.78,32.3,1.33,70.3,10.9,0.85,49.1,26.3,22.8,38.1,41.1,34.4
Eswatini,SZ,2001,"1,029,859",-0.19,59.9,4.19,47,115.2,0.94,80.3,75,5.3,18.3,18.8,17.8
Ethiopia,ET,2001,"64,507,455",2.58,58.8,5.4,53.8,135.5,1,85.2,79.8,5.4,18.1,18.1,18.1
Faroe Islands,FO,2001,"46,589",1.75,33.4,2.31,79.4,9,1.08,59.3,37.8,21.5,35.1,35.8,34.5
Fiji,FJ,2001,"810,646",0.71,44.4,2.68,68.2,28.7,1.03,56.6,50.9,5.7,23.5,23.7,23.3
Finland,FI,2001,"5,180,309",0.26,17.1,1.74,77.9,4.4,0.95,49.4,26.9,22.5,39.7,41.3,38.2
France,FR,2001,"61,636,489",0.58,96.2,1.89,79.2,6.1,0.95,53.7,29.3,24.4,37.5,38.9,36
French Polynesia,PF,2001,"240,096",1.72,62.7,2.5,72.2,21.9,1.06,55.4,48.5,6.9,25.6,25.3,25.8
Gabon,GA,2001,"1,228,190",2.09,4.8,4.19,59.1,91.7,0.97,85.1,76.4,8.8,19.3,19.8,18.8
"Gambia, The",GM,2001,"1,361,416",2.32,134.5,6.15,59.6,110,0.98,98.1,93.3,4.9,16.3,16.6,15.9
Georgia,GE,2001,"4,793,253",-0.27,68.8,1.55,74.4,29.6,0.91,54.9,33.5,21.4,35.6,37.5,33.1
Germany,DE,2001,"82,320,660",0.22,236.1,1.34,78.3,5.2,0.96,47.6,22.7,24.9,40.4,41.9,39
Ghana,GH,2001,"19,526,689",2.5,85.8,4.62,59.5,95.4,0.97,84.2,76.2,8,18.8,19.2,18.4
Gibraltar,GI,2001,"28,017",1,"4,002.4",2.19,75.4,11.5,1.03,57.3,39.3,18,31,31.5,30.5
Greece,GR,2001,"10,993,255",0.57,84.1,1.26,78.7,5.7,0.98,49.1,23.5,25.5,38.4,39.6,37.2
Greenland,GL,2001,"57,127",0.44,0,2.42,67.9,16.1,1.14,46.5,38.9,7.7,32.6,31.4,33.5
Grenada,GD,2001,"102,293",0.67,297.4,2.53,71.1,22.9,1,66.5,53.8,12.7,24.2,24.4,24.1
Guam,GU,2001,"156,477",0.66,287.6,2.99,76.1,8.8,1.05,56.3,47.7,8.6,27.6,27.7,27.4
Guatemala,GT,2001,"11,516,011",2.42,107.5,4.39,67,54.1,0.99,87.2,80.5,6.7,18.2,18.8,17.7
Guernsey,GG,2001,"62,167",0.36,797,1.31,79.6,5.4,0.95,49.4,25.5,23.9,39.2,40,38.4
Guinea,GN,2001,"7,821,148",-0.56,31.8,5.59,51.2,159.7,0.99,83.3,77.2,6.2,18.8,19.2,18.5
Guinea-Bissau,GW,2001,"1,233,483",2.11,43.9,5.45,50.6,167.7,0.93,88.1,82.5,5.7,17.7,18.4,17.1
Guyana,GY,2001,"788,071",0.34,4,3.73,67.7,45.6,1.03,64.7,57.8,6.9,22.2,22.4,22
Haiti,HT,2001,"8,429,925",1.74,305.9,4.4,56.8,102.8,0.97,80.4,74.1,6.3,19.1,19.4,18.8
Honduras,HN,2001,"6,535,344",2.48,58.4,4.11,68.1,35.5,0.98,83,76.3,6.7,18.7,19.2,18.2
Hong Kong,HK,2001,"6,714,968",0.87,"6,258.1",0.93,81.1,3.8,0.96,37.7,22.1,15.6,36.9,36.8,37.1
Hungary,HU,2001,"10,129,929",-0.15,113,1.31,72,10.5,0.91,46.6,24.6,22,38.4,41.2,35.6
Iceland,IS,2001,"284,805",1.17,2.8,1.96,80.6,5.2,1,53.5,35.7,17.9,33.1,33.6,32.6
India,IN,2001,"1,067,817,484",1.69,359.1,3.19,63.3,87.5,1.07,63.7,56.3,7.5,23,23.6,22.5
Indonesia,ID,2001,"217,197,016",1.42,119.9,2.58,68.3,51,1,54.5,47.1,7.3,24.9,25.4,24.5
Iran,IR,2001,"67,250,496",1.21,43.9,2.11,68.4,71.1,1.03,59.5,51.9,7.6,21.9,22.1,21.7
Iraq,IQ,2001,"23,534,056",3,53.8,4.91,67.9,46.2,1.02,82.5,77.1,5.4,18.2,18.4,18.1
Ireland,IE,2001,"3,872,700",1.36,56.2,1.93,77.1,7.3,0.99,47.9,31.4,16.5,32.6,33.4,31.8
Isle of Man,IM,2001,"76,422",0.99,133.6,1.68,77.9,7.2,0.95,52.8,27.3,25.6,39.6,40.5,38.7
Israel,IL,2001,"6,248,824",1.87,290.7,2.91,78.8,6.7,1,62.2,46.3,15.9,27.7,28.6,26.9
Italy,IT,2001,"57,931,051",0.23,197,1.22,80.1,5.1,0.93,49,21.1,27.9,40.6,42.1,39.2
Jamaica,JM,2001,"2,835,874",0.87,261.8,2.54,70.8,24.8,0.98,66.3,55.9,10.4,22.9,23.4,22.4
Japan,JP,2001,"127,097,042",0.28,348.7,1.34,81.3,4.4,0.96,47.8,21.6,26.2,41.9,43.2,40.7
Jersey,JE,2001,"87,731",0.33,756.3,1.43,78.7,6.4,0.95,45.9,25.4,20.6,38.1,38.7,37.5
Jordan,JO,2001,"4,897,811",2.32,55.2,4.07,70.7,33.7,1.06,76.3,71,5.3,19.3,19.3,19.4
Kazakhstan,KZ,2001,"15,736,939",0.37,5.8,1.92,64.9,40.3,0.94,52.3,42.7,9.6,27.3,28.7,25.7
Kenya,KE,2001,"30,265,210",3.05,53.2,4.99,62.8,75.7,0.99,85,79,6,17.9,18.1,17.8
Kiribati,KI,2001,"86,958",1.78,107.2,3.94,60.7,69.9,0.99,76.6,70.6,6,19.6,20.6,18.7
"Korea, North",KP,2001,"23,011,393",0.86,191.1,2.09,62.9,62.7,0.94,49.2,39.4,9.8,30,31.2,28.9
"Korea, South",KR,2001,"47,674,448",0.59,491.9,1.36,76.6,6.7,1,39.4,28.8,10.6,32.4,33.4,31.5
Kuwait,KW,2001,"2,027,698",2.72,113.8,2.55,74.6,13.9,1.44,41.6,39.7,1.9,27.2,24.5,28.8
Kyrgyzstan,KG,2001,"4,976,828",0.73,25.9,2.55,66.7,48.7,0.97,66.1,56.6,9.5,22.6,23.6,21.8
Laos,LA,2001,"5,498,518",1.82,23.8,4.58,56.8,117.6,0.98,84,77.6,6.4,18.4,18.8,18
Latvia,LV,2001,"2,350,481",-0.79,37.8,1.21,69.8,13.4,0.85,47.3,25.4,22,38.1,40.9,34.9
Lebanon,LB,2001,"4,306,410",1.85,421,2.64,73.8,18.6,0.97,57.9,49.1,8.8,24.9,25.7,24
Lesotho,LS,2001,"1,899,681",0.54,62.6,3.7,50.7,111.5,0.96,68.3,60.1,8.3,20.9,21.1,20.6
Liberia,LR,2001,"2,801,372",2.9,29.1,5.98,48.6,178,1,87.1,81.9,5.2,17.7,17.7,17.7
Libya,LY,2001,"5,184,567",--,2.9,--,--,--,--,--,--,--,--,--,--
Liechtenstein,LI,2001,"33,312",2.04,208.2,1.54,78.4,7.1,0.97,40.3,25.6,14.7,36.9,37.5,36.3
Lithuania,LT,2001,"3,475,392",-0.54,55.4,1.3,71.5,10,0.88,50.8,29.7,21.1,36,38.6,33.2
Luxembourg,LU,2001,"443,831",1.14,171.6,1.73,78.3,7.6,0.97,50.1,28.4,21.7,37.8,38.8,36.8
Macau,MO,2001,"434,778",0.97,"15,527.8",0.86,83.4,6.3,0.92,42.7,31.6,11,34,33.8,34.2
Madagascar,MG,2001,"16,139,160",2.86,27.8,5.24,60.3,97.2,0.99,92.7,86.4,6.3,17.3,17.5,17.1
Malawi,MW,2001,"11,260,746",3.07,119.7,6.16,59.1,138.5,0.97,99.6,93.3,6.3,16.5,16.6,16.3
Malaysia,MY,2001,"23,945,724",2.58,72.9,2.73,73.6,8.9,1.04,57.9,51.2,6.7,23.9,24.1,23.8
Maldives,MV,2001,"305,904",1.96,"1,026.5",2.64,71.9,54.9,1.18,66.2,60.1,6.1,20.9,19.7,21.9
Mali,ML,2001,"11,132,068",2.67,9.1,7.17,51.7,209.3,0.96,107.4,100.4,7.1,15.7,16.1,15.3
Malta,MT,2001,"396,765",0.59,"1,255.6",1.49,78.2,5.3,0.98,47,28.4,18.7,37.2,38.6,35.8
Marshall Islands,MH,2001,"53,996",1.92,298.3,4.3,68.6,43.8,1.05,76.1,71.3,4.8,18.5,18.5,18.6
Mauritania,MR,2001,"2,584,708",2.61,2.5,5.73,62.9,82.2,0.99,84.4,77.6,6.7,18.7,19.2,18.1
Mauritius,MU,2001,"1,199,085",1.02,590.7,1.92,71.6,18.4,0.97,46.6,37.4,9.2,28.9,29.8,28.1
Mexico,MX,2001,"101,125,485",1.33,52,2.65,73.3,27.5,0.97,61.9,53.9,8,23.5,24.3,22.7
"Micronesia, Federated States of",FM,2001,"107,894",0.14,153.7,3.75,68.4,44.3,1.02,74.6,68.9,5.7,19.2,19.6,18.9
Moldova,MD,2001,"4,135,094",-1.08,125.7,1.34,67.8,23.9,0.92,47.7,33,14.6,32.1,34.5,29.8
Monaco,MC,2001,"31,843",-0.67,"15,921.5",1.25,86,2.8,0.95,55.3,20.7,34.6,45.9,47.6,44.4
Mongolia,MN,2001,"2,489,156",1.21,1.6,2.21,64.6,58.4,0.99,61,55.1,5.9,22,22.5,21.6
Montenegro,ME,2001,"622,684",-0.08,46.3,1.93,74.1,15.6,0.98,50.7,33.2,17.5,33.3,34.6,32.1
Montserrat,MS,2001,"4,239",121.11,41.6,1.2,72.1,20.1,1.02,65.1,51.1,14.1,24.2,24,24.5
Morocco,MA,2001,"28,837,958",1.21,40.2,2.82,66.8,52,0.98,62.9,54.7,8.2,22.6,23.1,22.1
Mozambique,MZ,2001,"18,865,948",2,24,5.55,44.2,205.5,0.94,88.3,82.8,5.5,17.7,18.6,16.9
Namibia,NA,2001,"1,929,692",2.21,2.3,4.1,53.3,96.2,1.01,75.4,70.8,4.6,19.2,19.2,19.2
Nauru,NR,2001,"9,884",0.72,470.7,4.62,61,14.8,1.04,67.2,64.7,2.5,20.1,20.5,19.8
Nepal,NP,2001,"23,887,333",1.71,166.6,3.84,62.5,79.1,0.99,83.2,76.1,7,19,19.5,18.5
Netherlands,NL,2001,"16,046,806",0.71,473.5,1.71,78.2,6.3,0.98,47.6,27.4,20.2,37.7,38.6,36.9
New Caledonia,NC,2001,"215,276",1.92,11.8,2.42,73.7,12,1.02,54.7,45.8,8.9,26.8,27,26.5
New Zealand,NZ,2001,"3,837,878",1.4,14.5,2.04,78.6,6.6,0.98,52.3,34.3,18,34.5,35.5,33.5
Nicaragua,NI,2001,"4,935,604",1.69,41.1,3.1,69.4,38.3,0.98,78.3,72.2,6.1,19.1,19.7,18.5
Niger,NE,2001,"11,130,179",3.55,8.8,8.11,46.2,212.1,0.99,104.5,99.1,5.5,15.8,16.2,15.3
Nigeria,NG,2001,"129,095,345",2.79,141.7,6.04,48.3,180.7,1.03,85.6,80.3,5.3,18.1,18.2,18
North Macedonia,MK,2001,"2,029,420",0.54,79.8,1.74,73.4,13,1,48.2,33.1,15,32.5,33.4,31.6
Northern Mariana Islands,MP,2001,"69,424",-0.43,147.1,1.79,73.8,18.5,0.86,33.5,31.3,2.2,29,27.9,30.9
Norway,NO,2001,"4,515,196",0.46,14.8,1.8,78.8,4.7,0.98,54,30.9,23.1,37.1,38.1,36.1
Oman,OM,2001,"2,486,967",2.18,8,3.74,71.8,30.7,1.3,65.5,61.5,4,20.9,18.4,23.3
Pakistan,PK,2001,"153,174,020",2.88,198.7,5,62,117.5,1.06,81,73.6,7.3,19.4,19.4,19.4
Palau,PW,2001,"19,658",0.91,42.8,2.16,68.7,21.4,1.2,45.1,36.9,8.2,30.5,30.2,30.6
Panama,PA,2001,"2,974,308",1.89,40,2.72,75.4,23.8,1.03,59.9,50.7,9.2,24.9,25.1,24.7
Papua New Guinea,PG,2001,"5,571,696",2.74,12.3,4.52,64.1,68.9,1.06,79,74.3,4.7,19.1,19,19.3
Paraguay,PY,2001,"5,521,976",1.88,13.9,3.11,73.8,47,1.01,72.8,64.1,8.8,21.6,21.8,21.3
Peru,PE,2001,"26,201,796",1.6,20.5,2.82,70.9,35.8,0.99,64.8,56.4,8.4,22.7,23.2,22.2
Philippines,PH,2001,"78,365,524",2.36,262.8,3.66,69.6,37.1,1,69.8,63.4,6.3,20.9,21.3,20.5
Poland,PL,2001,"38,643,639",-0.03,127,1.28,74.2,8.9,0.95,44.5,26.4,18.1,35.6,37.6,33.6
Portugal,PT,2001,"10,433,815",0.61,114.1,1.41,76.6,6.3,0.94,48.9,25,23.9,37,39,35
Puerto Rico,PR,2001,"3,818,807",--,430.6,--,--,--,--,--,--,--,--,--,--
Qatar,QA,2001,"671,431",4.76,58,2.94,75.8,14,1.95,34.4,32.8,1.6,30,23.7,32.4
Romania,RO,2001,"22,106,060",-0.75,96.2,1.27,71.2,21.2,0.96,46.6,26.2,20.4,34.8,36.8,33.6
Russia,RU,2001,"147,300,367",-0.56,9,1.21,66.1,18.7,0.88,42.4,24.3,18.1,37.3,39.8,34.4
Rwanda,RW,2001,"8,163,133",2.42,330.9,5.69,51.9,165.8,0.94,89.4,84,5.4,17.2,17.7,16.6
Saint Barthelemy,BL,2001,"7,283",1.99,291.3,1.62,77,11.3,1.15,33.5,25,8.5,34.8,34.5,35
"Saint Helena, Ascension, and Tristan da Cunha",SH,2001,"7,287",0.73,18.5,1.53,76.9,34.6,1.03,39.7,26.4,13.3,33.2,33,33.4
Saint Kitts and Nevis,KN,2001,"46,185",1.11,177,2.05,72.3,23.1,0.99,56.9,44.4,12.4,27,27.4,26.7
Saint Lucia,LC,2001,"154,404",0.64,254.8,2.13,75.1,15.1,0.96,61.8,49.3,12.5,25,25.8,24.1
Saint Martin,MF,2001,"27,774",-1.66,514.3,1.83,77,11.3,0.94,50.3,44.3,6,28.8,29.2,28.4
Saint Pierre and Miquelon,PM,2001,"6,386",-0.56,26.4,1.5,79.6,11.3,1.01,44.3,27.4,16.9,36.5,37.2,36
Saint Vincent and the Grenadines,VC,2001,"107,605",-0.28,276.6,2.44,71.2,29.8,1.02,62.4,51,11.3,24.4,24.5,24.3
Samoa,WS,2001,"177,786",0.92,63,4.37,69.5,40.5,1.08,80.4,72.3,8.2,20.2,20.2,20.1
San Marino,SM,2001,"27,615",2.06,452.7,1.42,81.6,9.2,0.94,47.2,23.5,23.7,38.9,39.4,38.5
Sao Tome and Principe,ST,2001,"143,850",2.25,149.2,5.99,59.3,106.3,0.99,95.5,87.6,7.9,17.2,17.7,16.7
Saudi Arabia,SA,2001,"21,861,634",2.25,10.2,3.89,72.3,24.3,1.27,66.5,62.2,4.3,21.5,18.9,23.7
Senegal,SN,2001,"9,711,971",2.67,50.4,5.57,56.7,124.6,0.95,94.6,89,5.6,16.8,17.5,16
Serbia,RS,2001,"7,548,379",-0.01,97.4,1.56,72.4,12.1,0.95,48.9,24.6,24.2,39.9,41.4,38.3
Seychelles,SC,2001,"80,173",1.22,176.2,2.08,71.8,20.9,1,52.7,41.7,11,27.6,28.2,27
Sierra Leone,SL,2001,"4,452,947",7.68,62.2,5.84,44.2,222.8,0.94,89.7,83.9,5.8,17.7,18.2,17.1
Singapore,SG,2001,"4,321,767",3.01,"6,095.6",1.41,79.9,2.3,0.98,39,30.7,8.3,31.2,31.3,31
Sint Maarten,SX,2001,"30,453",-1.09,895.7,1.65,74.5,13.9,0.95,40.8,36.7,4.2,32.5,32.5,32.4
Slovakia,SK,2001,"5,402,644",0.01,112.3,1.18,73.4,7.9,0.95,43.6,27.1,16.5,34.4,36.1,32.6
Slovenia,SI,2001,"2,013,323",0.1,99.9,1.19,76.3,4.6,0.95,42.1,21.8,20.3,38.7,40.2,37.2
Solomon Islands,SB,2001,"444,139",2.72,15.9,4.53,71.6,40.8,1.04,81.6,75.3,6.3,18.9,19,18.9
Somalia,SO,2001,"9,567,355",3.68,15.3,7.69,50.6,173.1,1.01,111.6,106.2,5.4,14.9,15.2,14.6
South Africa,ZA,2001,"45,728,079",1.25,37.7,2.54,61,71.4,0.96,59.6,52.2,7.3,23.3,23.8,22.8
South Sudan,SS,2001,"6,626,036",--,10.3,--,--,--,--,--,--,--,--,--,--
Spain,ES,2001,"41,046,894",1.19,82.3,1.23,79.5,5.1,0.96,46,21.2,24.9,37.7,39.1,36.4
Sri Lanka,LK,2001,"19,074,889",1.01,295.1,2.35,72.6,16,0.98,51,41.7,9.4,27.2,27.8,26.6
Sudan,SD,2001,"28,269,911",--,15.2,--,--,--,--,--,--,--,--,--,--
Suriname,SR,2001,"471,128",1.12,3,2.64,69,49,0.98,58.7,49.9,8.8,24.1,25,23.3
Sweden,SE,2001,"8,948,311",0.3,21.8,1.57,79.9,4.3,0.98,54.9,28.4,26.5,39.6,40.9,38.4
Switzerland,CH,2001,"7,310,547",0.41,182.8,1.35,80.3,5.7,0.96,48.2,25.4,22.8,38.8,39.9,37.8
Syria,SY,2001,"16,861,448",--,90.7,--,--,--,--,--,--,--,--,--,--
Tajikistan,TJ,2001,"6,240,417",1.81,44.1,3.49,62.6,79,1,75.9,68.8,7.1,19.6,20,19.2
Tanzania,TZ,2001,"34,225,250",2.74,38.6,5.45,52.6,117.1,0.99,90.6,85.1,5.5,17.4,17.7,17
Thailand,TH,2001,"61,736,486",0.97,120.8,1.67,71.9,21.8,0.97,43.3,33.8,9.5,30.3,31.1,29.5
Timor-Leste,TL,2001,"827,451",9.34,55.6,7.51,57.2,117.7,1.1,92.2,87.4,4.8,17.1,16.7,17.4
Togo,TG,2001,"4,900,630",2.52,90.1,5.24,61.2,116.4,0.97,85.8,80.1,5.7,18,18.4,17.5
Tonga,TO,2001,"100,748",0.66,140.5,4.43,73.6,21.1,1.01,82.6,72.7,10,19.8,20.1,19.4
Trinidad and Tobago,TT,2001,"1,265,657",0.52,246.8,1.69,71.2,29,1.01,45.3,35.2,10.1,28.5,28.8,28.2
Tunisia,TN,2001,"9,644,933",1.03,62.1,2.09,72.9,28.9,1.01,55.3,45.4,9.9,25,25.5,24.5
Turkey,TR,2001,"66,903,443",1.37,86.9,2.48,70.3,39.9,1.02,56.2,47.6,8.6,24.6,25,24.2
Turkmenistan,TM,2001,"4,444,608",1.32,9.5,2.71,65.1,76.4,0.98,67.5,60.5,6.9,21.4,21.9,20.9
Turks and Caicos Islands,TC,2001,"20,215",4.74,21.3,2.64,73.8,24.8,1.02,53.1,47.2,5.9,27.4,27.1,27.8
Tuvalu,TV,2001,"10,046",0.01,386.4,3.54,61.6,76.5,0.96,73.4,63.1,10.2,23,25.5,20.3
Uganda,UG,2001,"23,956,460",3.2,121.5,7.05,49.7,137.5,0.96,114,107.9,6.1,14.8,15.3,14.4
Ukraine,UA,2001,"48,520,343",-1.03,83.8,1.08,68.1,14.8,0.86,45,24.3,20.7,38.2,40.8,35
United Arab Emirates,AE,2001,"3,402,348",4.74,40.7,2.52,76.2,11,2.14,28.7,27.5,1.3,29.4,23.8,31.2
United Kingdom,GB,2001,"59,374,727",0.4,245.4,1.65,78.1,6.3,0.97,52.8,28.8,24,37.8,38.9,36.6
United States,US,2001,"284,968,955",--,31.1,--,--,--,0.96,50.6,31.9,18.6,--,--,--
Uruguay,UY,2001,"3,313,685",-0.07,18.9,2.14,74.7,16.7,0.94,59.4,38.5,20.9,31.9,33.5,30.3
Uzbekistan,UZ,2001,"25,372,376",1.32,59.6,2.62,70,38.9,0.99,68.4,60.5,7.9,21.5,22,21
Vanuatu,VU,2001,"196,502",2.63,16.1,4.62,67.8,40.2,1.04,82.9,77.2,5.7,18.8,19.1,18.5
Venezuela,VE,2001,"24,650,127",1.71,27.9,2.79,72.5,25.5,0.98,62.8,55.4,7.4,23,23.6,22.4
Vietnam,VN,2001,"80,525,732",1.33,259.7,2.25,71.5,33.1,0.97,59.7,50.6,9.1,23.7,24.8,22.7
"Virgin Islands, British",VG,2001,"23,175",2.96,153.5,1.52,77.1,20.7,0.97,40.7,33.2,7.5,31.5,31.3,31.8
"Virgin Islands, U.S.",VI,2001,"108,549",-0.13,311.9,1.9,77.6,10.6,0.92,51.8,38.5,13.3,34.1,34.8,33.3
Wallis and Futuna,WF,2001,"14,765",0.63,104,2.45,76.1,6.7,0.99,64.8,55.5,9.4,22.6,23.6,21.6
Yemen,YE,2001,"18,962,025",2.59,35.9,6.38,61.1,89,1.03,103.4,97,6.4,15.9,15.9,15.8
Zambia,ZM,2001,"10,511,818",3.07,14.1,5.91,45.9,149.7,1,93.2,88.3,4.9,16.9,17,16.8
Zimbabwe,ZW,2001,"12,510,512",1.55,32.3,3.89,46.5,94.9,0.98,78.5,72.7,5.9,18.4,18.7,18.1
Gaza Strip,XG,2001,"1,163,170",2.98,"3,231.0",6.2,70.9,30.7,1.03,110.3,104.2,6.1,15.2,15.4,15
Kosovo,XK,2001,"1,720,532",1.35,158,2.8,67.9,66.4,1.06,61,51.7,9.3,23.3,23.9,22.8
Taiwan,TW,2001,"22,341,406",0.56,692.5,1.4,76.9,7.7,1.05,42.2,29.6,12.6,32.4,32.6,32.1
West Bank,XW,2001,"1,991,357",2.23,353.1,4.42,72.2,26.7,1.03,90.5,83.5,7,17.9,18.2,17.7
 -> 2002,,,--,--,--,--,--,--,--,--,--,--,--,--,--
 -> 2002 -> World,,,"6,285,807,390",--,47.7,--,--,--,--,--,--,--,--,--,--
Afghanistan,AF,2002,"25,121,599",8.15,38.5,6.4,57.5,114.6,1.04,103.9,98.9,5,15.7,15.7,15.6
Albania,AL,2002,"3,096,388",-1.12,113,2,75.4,24.1,1,60.5,48.2,12.2,26.7,27.3,26
Algeria,DZ,2002,"31,521,228",1.4,13.2,2.33,73,40.5,1.02,57.3,50.2,7.1,22.7,22.9,22.6
American Samoa,AS,2002,"57,556",-0.24,290.7,3.9,69.9,18.7,1.04,72.9,67.1,5.8,21.4,21.6,21.2
Andorra,AD,2002,"65,986",1.25,141,1.42,82.4,4.8,1.09,39.6,22.5,17.1,37.6,37.3,37.9
Angola,AO,2002,"15,491,694",4.54,12.4,6.64,48.2,189.2,0.98,96.2,91.3,4.9,16.5,16.8,16.3
Anguilla,AI,2002,"12,113",2.77,133.1,1.74,79.1,5.7,0.98,52.5,41.2,11.3,30.1,30.5,29.6
Antigua and Barbuda,AG,2002,"77,936",1.44,175.9,2.11,74.2,24.4,0.92,56.1,45.4,10.7,27.9,29.1,26.7
Argentina,AR,2002,"38,131,972",1.04,13.9,2.46,74.9,19.3,0.97,59.3,42.9,16.5,28.5,29.6,27.5
Armenia,AM,2002,"3,096,323",-0.41,109.8,1.73,71.8,19.8,0.9,54.7,39.4,15.3,29.5,31.9,26.9
Aruba,AW,2002,"92,166",1.21,512,1.86,73.4,21.7,0.91,43.1,30.6,12.6,36,37.2,34.4
Australia,AU,2002,"19,317,473",1.18,2.5,1.75,79.7,6.1,0.99,48,29.9,18.1,35.4,36.3,34.5
Austria,AT,2002,"8,178,095",0.44,99.2,1.39,78.9,4.9,0.95,47,24.1,22.8,39,40.2,37.8
Azerbaijan,AZ,2002,"8,597,652",0.76,104.1,1.78,68.5,55.9,0.96,55.7,45,10.7,26.5,28,24.9
"Bahamas, The",BS,2002,"297,936",2.28,29.8,2.24,73.1,16.6,0.93,62,53.5,8.4,26.8,27.2,26.2
Bahrain,BH,2002,"714,832",9.19,940.6,2.48,75.4,18.8,1.35,43,38.9,4.1,27.9,25.2,29.6
Bangladesh,BD,2002,"132,887,746",1.52,"1,020.9",3.03,68.2,76.1,1.01,70.2,63.4,6.7,21,21.2,20.7
Barbados,BB,2002,"277,849",0.58,646.2,1.71,74.7,17,0.94,43.6,30.6,13,33.1,34.1,32
Belarus,BY,2002,"9,954,884",-0.51,49.1,1.21,68.2,10.8,0.88,45.8,25,20.8,37.2,39.6,34.3
Belgium,BE,2002,"10,326,359",0.44,341.1,1.65,78.1,5.5,0.96,52.4,26.4,26,39.5,40.8,38.3
Belize,BZ,2002,"265,969",2.75,11.7,3.41,72.5,23,1.02,78.5,71.4,7,19.4,19.6,19.3
Benin,BJ,2002,"7,130,279",3.21,64.5,5.95,54.5,135.2,0.95,102.1,97,5.1,15.9,16.6,15.1
Bermuda,BM,2002,"64,264",0.93,"1,190.1",1.99,79.4,3.3,0.94,46,28.6,17.4,38.3,39.4,37.1
Bhutan,BT,2002,"676,814",1.66,17.6,3.4,62.7,90.6,1.11,70.3,62.3,8,20.6,20,21.2
Bolivia,BO,2002,"8,529,375",2.11,7.9,3.84,65.6,65.7,0.98,74.9,67.3,7.6,20.1,20.8,19.5
Bosnia and Herzegovina,BA,2002,"3,826,637",-0.21,74.8,1.2,73.9,10.1,0.95,41.8,26.5,15.3,35.3,36.5,34.1
Botswana,BW,2002,"1,719,736",1.76,3,3.46,50.6,75.5,0.97,77.6,69.4,8.2,20.2,20.2,20.3
Brazil,BR,2002,"180,994,541",1.36,21.7,2.26,70,34.2,0.98,52.1,43.6,8.5,26,26.8,25.3
Brunei,BN,2002,"339,971",2.17,64.6,2.43,74.1,18.1,1.06,49.3,45,4.3,25.8,25.4,26.1
Bulgaria,BG,2002,"7,784,234",-0.81,71.8,1.22,71.7,18.8,0.96,46.4,21.8,24.6,39.9,41.8,38
Burkina Faso,BF,2002,"12,406,620",4.51,45.3,6.69,53.5,159.7,0.95,106,99.5,6.5,15.7,16.6,14.9
Burma,MM,2002,"47,740,658",1.11,73.1,2.68,61.6,84.8,0.98,58.3,51,7.4,23.8,24.3,23.2
Burundi,BI,2002,"6,669,522",2.92,259.7,6.52,55.9,126.1,0.97,93.6,88.3,5.3,16.9,17.3,16.6
Cabo Verde,CV,2002,"446,699",1.83,110.8,3.34,67.9,46.4,0.93,86.1,75.2,10.9,18.9,19.8,18.1
Cambodia,KH,2002,"12,838,582",1.47,72.7,3.54,58.7,110.6,0.93,74,68.1,5.9,19.3,20.1,18.5
Cameroon,CM,2002,"16,733,803",2.84,35.4,5.68,52.6,141.5,0.99,93.2,87.6,5.5,17,17.2,16.8
Canada,CA,2002,"31,640,960",0.79,3.5,1.5,80.3,6.3,0.98,46,26.5,19.5,37.9,38.8,37.1
Cayman Islands,KY,2002,"40,750",2.88,154.4,1.91,78.6,12.8,0.96,41.2,30.7,10.6,35.8,36.1,35.5
Central African Republic,CF,2002,"4,094,569",2.37,6.6,5.14,47.1,168.3,0.97,87.6,80.1,7.5,18.3,18.9,17.8
Chad,TD,2002,"8,713,903",3.8,6.9,7.2,50.5,176.8,0.96,106.6,101.1,5.5,15.4,16,14.8
Chile,CL,2002,"15,505,803",1.02,20.8,1.94,76.5,9.9,0.97,51.7,40.5,11.1,29.4,30.5,28.3
China,CN,2002,"1,278,881,333",0.51,137.1,1.48,72.5,27.8,1.06,44.2,33.5,10.7,31.1,31.4,30.8
Colombia,CO,2002,"41,079,210",1,39.5,2.46,72.5,23.6,0.96,59.5,50.7,8.8,25,25.8,24.1
Comoros,KM,2002,"575,855",2.7,257.7,5.25,60.5,117.9,0.95,86.5,80,6.5,18.1,18.6,17.6
Congo (Brazzaville),CG,2002,"3,358,463",2.37,9.8,4.74,61.9,102.1,0.98,83.8,76.5,7.3,18.8,19.1,18.4
Congo (Kinshasa),CD,2002,"56,319,530",3.04,24.8,6.6,52.6,146.5,0.98,99.9,94.9,5,16.1,16.4,15.9
Cook Islands,CK,2002,"15,105",-3.69,64,3,72.4,29.6,1.07,68.4,56.7,11.6,25.7,26.2,25.2
Costa Rica,CR,2002,"4,020,309",1.54,78.7,2.08,76.2,13.8,1.01,53.7,45.6,8.1,25.8,26.3,25.2
C“te d'Ivoire,CI,2002,"17,090,112",2.17,53.7,5.44,50.7,134.3,1.03,85.6,81.4,4.2,17.7,17.5,17.8
Croatia,HR,2002,"4,442,298",-0.04,79.4,1.32,74.6,8.1,0.93,48.2,24.8,23.5,39.3,41.1,37.4
Cuba,CU,2002,"11,202,434",0.33,102,1.71,77.5,8.1,1,45.2,30.3,14.9,34.3,34.9,33.8
Cura‡ao,CW,2002,"131,718",1.14,296.7,2.14,76.2,11.9,0.9,51.3,34.6,16.6,36.6,38.5,33.9
Cyprus,CY,2002,"946,814",1.61,102.5,1.49,75.9,13.9,1.03,43.4,30.4,13,32.2,33.9,30.8
Czechia,CZ,2002,"10,235,949",-0.03,132.5,1.18,75.4,5.3,0.95,42.2,22.3,19.8,38.1,39.9,36.4
Denmark,DK,2002,"5,373,211",0.28,126.6,1.72,77,5.4,0.98,50.6,28.3,22.3,38.7,39.7,37.8
Djibouti,DJ,2002,"713,372",3.08,30.8,4,58.3,95.2,0.88,78.6,73.6,5,19.1,20.5,17.7
Dominica,DM,2002,"71,660",0.43,95.4,2.21,75.7,16.4,1.01,64.5,47.1,17.4,28,28.7,27.4
Dominican Republic,DO,2002,"8,482,058",1.48,175.5,2.94,67.8,40.3,1.03,63.5,56.4,7.1,22.8,22.9,22.7
Ecuador,EC,2002,"12,849,669",1.46,51.7,3.26,75.3,26.1,0.99,69.2,58.7,10.5,22.8,23.4,22.3
Egypt,EG,2002,"68,364,247",2.18,68.7,3.34,68.4,42.3,1.05,64.2,58.3,5.9,21.2,21.4,21
El Salvador,SV,2002,"5,869,469",0.22,283.3,2.79,69.5,30.3,0.94,74.3,65.1,9.2,21,22.2,19.7
Equatorial Guinea,GQ,2002,"636,955",5.54,22.7,5.55,58.1,146.9,0.96,80.5,72.3,8.2,19.6,20.3,19
Eritrea,ER,2002,"4,147,258",3.55,41.1,5.73,60.2,94.1,0.97,87.5,80.8,6.7,18.1,18.6,17.7
Estonia,EE,2002,"1,359,260",-0.71,32.1,1.37,70.7,10.5,0.85,48.5,25.3,23.2,38.4,41.5,34.6
Eswatini,SZ,2002,"1,027,995",-0.18,59.8,4.11,47.3,113,0.94,78.4,73,5.4,18.6,19.1,18
Ethiopia,ET,2002,"66,205,065",2.62,60.4,5.36,54.6,128.9,1,84.5,79.1,5.4,18.2,18.2,18.2
Faroe Islands,FO,2002,"47,348",1.49,34,2.55,78.8,9.6,1.08,58.7,37.4,21.3,35.3,36,34.7
Fiji,FJ,2002,"816,577",0.75,44.7,2.69,68.5,28,1.03,55.6,49.7,5.9,23.9,24.1,23.7
Finland,FI,2002,"5,192,708",0.22,17.1,1.73,78.1,3.7,0.96,49.5,26.7,22.8,40,41.6,38.5
France,FR,2002,"61,993,642",0.57,96.8,1.88,79.4,5.6,0.95,53.7,29.2,24.6,37.7,39.2,36.3
French Polynesia,PF,2002,"244,184",1.66,63.8,2.41,73.2,20.1,1.05,54.3,47.3,7.1,25.9,25.7,26.2
Gabon,GA,2002,"1,254,964",2.22,4.9,4.18,59,89.8,0.98,84.5,75.8,8.7,19.4,19.9,18.8
"Gambia, The",GM,2002,"1,394,302",2.45,137.8,6.12,60.1,105.6,0.98,97.3,92.6,4.7,16.3,16.8,15.9
Georgia,GE,2002,"4,774,895",-0.49,68.5,1.6,72.5,28.4,0.91,54.4,32.4,22,35.9,38,33.4
Germany,DE,2002,"82,458,415",0.12,236.5,1.33,78.4,5.2,0.96,48,22.4,25.6,40.8,42.2,39.4
Ghana,GH,2002,"20,032,559",2.61,88,4.53,60,92.2,0.97,83.1,75,8.1,19,19.4,18.5
Gibraltar,GI,2002,"28,201",0.31,"4,028.7",2.14,76,10.9,1.03,56.5,38.3,18.2,31.2,31.7,30.7
Greece,GR,2002,"11,019,745",-0.09,84.3,1.28,78.8,6,0.97,49.2,23.1,26,38.7,39.9,37.5
Greenland,GL,2002,"57,362",0.38,0,2.49,68.3,15.6,1.14,46.2,38.3,7.9,33,31.6,34
Grenada,GD,2002,"102,833",0.38,298.9,2.31,69.2,23.6,1,63.6,50.8,12.7,24.7,24.8,24.6
Guam,GU,2002,"157,352",0.45,289.2,2.72,76.7,8.4,1.05,56.4,47.6,8.8,27.7,28,27.5
Guatemala,GT,2002,"11,795,111",2.37,110.1,4.26,67.3,53,0.99,85.7,79.1,6.6,18.4,19,17.8
Guernsey,GG,2002,"62,368",0.29,799.6,1.21,79.7,5.4,0.96,48.8,25,23.8,39.5,40.3,38.7
Guinea,GN,2002,"7,905,703",2.7,32.2,5.61,52,153.7,0.99,83.5,77.3,6.2,18.8,19.1,18.5
Guinea-Bissau,GW,2002,"1,260,360",2.2,44.8,5.41,51.1,161.5,0.93,88.3,82.7,5.7,17.7,18.4,17.1
Guyana,GY,2002,"789,098",-0.08,4,3.73,67.9,44.5,1.03,65,58.1,6.9,22.3,22.5,22.1
Haiti,HT,2002,"8,580,463",1.8,311.3,4.3,57.2,100.7,0.97,79.6,73.3,6.4,19.2,19.5,18.9
Honduras,HN,2002,"6,698,323",2.44,59.9,3.98,68.5,33.8,0.98,82.4,75.6,6.8,18.9,19.4,18.4
Hong Kong,HK,2002,"6,760,298",0.48,"6,300.4",0.94,81.3,3.8,0.96,38,22.1,15.9,37.4,37.4,37.3
Hungary,HU,2002,"10,112,777",-0.19,112.9,1.31,72.3,8.6,0.91,46.3,24.2,22.1,38.5,41.3,35.7
Iceland,IS,2002,"287,448",0.68,2.9,1.94,80.4,5.3,1,53.3,35.3,18,33.4,33.9,32.8
India,IN,2002,"1,085,753,922",1.64,365.2,3.11,63.8,83.5,1.07,62.9,55.3,7.6,23.2,23.9,22.7
Indonesia,ID,2002,"220,276,026",1.39,121.6,2.54,68.6,49.1,1,54.1,46.6,7.5,25.3,25.8,24.8
Iran,IR,2002,"67,780,924",0.37,44.3,2.06,68.7,68.6,1.03,56.2,48.6,7.6,22.4,22.6,22.3
Iraq,IQ,2002,"24,309,560",3.48,55.6,4.84,68.1,43.7,1.02,80.9,75.7,5.3,18.4,18.6,18.3
Ireland,IE,2002,"3,933,126",1.74,57.1,1.98,77.6,6.2,0.99,47.4,31,16.4,32.8,33.6,32.1
Isle of Man,IM,2002,"77,190",1.01,134.9,1.77,77.8,7.3,0.96,52.7,27.1,25.5,39.9,40.8,39
Israel,IL,2002,"6,367,043",1.88,296.2,2.91,79,6.4,1,62,46.1,15.9,27.9,28.7,27.1
Italy,IT,2002,"58,076,701",0.27,197.4,1.24,80.4,4.8,0.93,49.5,21.1,28.4,41,42.5,39.5
Jamaica,JM,2002,"2,849,475",0.09,263.1,2.49,71.1,23.9,0.98,65.5,55,10.5,23.1,23.6,22.6
Japan,JP,2002,"127,347,157",0.11,349.4,1.33,81.5,4.2,0.95,48.8,21.6,27.2,42.2,43.5,40.9
Jersey,JE,2002,"87,970",0.22,758.4,1.4,78,6.8,0.96,46.2,25.4,20.8,38.5,39.1,37.9
Jordan,JO,2002,"5,012,128",2.3,56.4,4.01,70.8,32.4,1.06,75.7,70.3,5.4,19.5,19.4,19.5
Kazakhstan,KZ,2002,"15,802,134",0.46,5.9,1.92,64.8,40.7,0.93,51,41,9.9,27.6,29.1,25.9
Kenya,KE,2002,"31,174,671",2.88,54.8,4.98,63.1,72.3,0.99,84.7,78.6,6.1,18,18.2,17.8
Kiribati,KI,2002,"88,467",1.67,109.1,3.77,61,67.4,0.99,75,68.9,6,19.8,20.8,18.9
"Korea, North",KP,2002,"23,204,705",0.81,192.7,2.09,63.7,58.2,0.94,49.2,39,10.2,30.5,31.6,29.2
"Korea, South",KR,2002,"47,931,505",0.48,494.5,1.22,76.9,6.6,1.01,39.4,28.3,11.1,33,34,32.1
Kuwait,KW,2002,"2,083,269",2.69,116.9,2.57,75.1,13.2,1.45,40.4,38.4,2,27.4,24.8,28.9
Kyrgyzstan,KG,2002,"5,013,957",0.76,26.1,2.58,66.8,48.8,0.97,64.1,54.6,9.5,22.9,23.8,22
Laos,LA,2002,"5,578,027",1.06,24.2,4.36,57.6,112,0.98,83.1,76.7,6.4,18.6,18.9,18.2
Latvia,LV,2002,"2,330,425",-0.93,37.4,1.24,70.5,14.4,0.85,46.4,24.2,22.2,38.4,41.3,35.2
Lebanon,LB,2002,"4,375,857",1.35,427.7,2.62,74.1,17.4,0.97,57.5,48.6,8.9,25.1,26.1,24.2
Lesotho,LS,2002,"1,909,234",0.47,62.9,3.62,49.4,113.3,0.96,67.4,59.1,8.3,21.2,21.4,20.9
Liberia,LR,2002,"2,867,580",1.78,29.8,5.73,49.8,167.1,1,86.7,81.6,5.1,17.8,17.8,17.8
Libya,LY,2002,"5,303,093",--,3,--,--,--,--,--,--,--,--,--,--
Liechtenstein,LI,2002,"33,821",1,211.4,1.48,79.2,6.7,0.97,40.3,25.4,14.9,37.2,37.9,36.5
Lithuania,LT,2002,"3,453,902",-0.7,55.1,1.22,71.5,10.1,0.88,49.8,28.4,21.4,36.4,39.1,33.6
Luxembourg,LU,2002,"448,481",0.95,173.4,1.7,78.5,6.6,0.97,50.3,28.5,21.9,38.1,39.1,37.2
Macau,MO,2002,"438,977",0.96,"15,677.8",0.84,83.3,6.4,0.92,40.3,29.3,11,34.6,34.4,34.8
Madagascar,MG,2002,"16,607,515",2.86,28.6,5.17,60.9,91.9,0.99,91.7,85.4,6.2,17.4,17.6,17.2
Malawi,MW,2002,"11,612,362",3.08,123.4,6.07,60.1,131.7,0.97,99.2,92.8,6.4,16.5,16.6,16.4
Malaysia,MY,2002,"24,545,674",2.38,74.7,2.51,73.9,8.4,1.05,57,50.2,6.8,24.1,24.3,24
Maldives,MV,2002,"311,847",1.89,"1,046.5",2.52,72.2,53.6,1.18,62.6,56.5,6.1,21.4,20.2,22.3
Mali,ML,2002,"11,437,860",2.75,9.4,7.09,52.4,199.6,0.96,107.5,100.4,7,15.7,16.1,15.3
Malta,MT,2002,"399,174",0.62,"1,263.2",1.46,79.1,6.7,0.98,46.4,27.5,18.9,37.6,38.9,36.2
Marshall Islands,MH,2002,"55,146",2.3,304.7,4.21,69,42.7,1.04,73.3,68.7,4.7,18.9,18.9,19
Mauritania,MR,2002,"2,653,201",2.62,2.6,5.71,63.3,79.4,0.99,85.4,78.6,6.8,18.6,19.1,18
Mauritius,MU,2002,"1,210,667",0.91,596.4,1.91,71.9,18,0.97,46.4,37.1,9.3,29.2,30.1,28.4
Mexico,MX,2002,"102,470,489",1.32,52.7,2.62,73.5,26,0.97,61.1,53,8.2,23.8,24.6,22.9
"Micronesia, Federated States of",FM,2002,"108,018",0.09,153.9,3.62,68.7,43.3,1.02,72.7,67.1,5.5,19.5,19.9,19.1
Moldova,MD,2002,"4,088,890",-1.17,124.3,1.32,67.6,21.4,0.93,46.2,31.3,14.9,32.4,34.8,30.2
Monaco,MC,2002,"31,654",-0.52,"15,827.0",1.32,88.1,2.3,0.95,56,21,35.1,46.2,47.7,44.8
Mongolia,MN,2002,"2,518,612",1.14,1.6,2.1,65,54.7,0.99,58.2,52.4,5.8,22.4,22.9,22
Montenegro,ME,2002,"621,991",-0.15,46.2,1.86,74.5,11.3,0.98,50.7,32.8,17.9,33.6,34.9,32.4
Montserrat,MS,2002,"4,810",-82.97,47.2,1.18,73,18.1,1.02,60.7,48.3,12.4,24.7,24.6,24.8
Morocco,MA,2002,"29,188,575",1.21,40.7,2.79,67.2,49.7,0.98,61.4,53.2,8.2,23,23.5,22.4
Mozambique,MZ,2002,"19,249,717",2.03,24.5,5.54,44.9,197.6,0.94,89,83.4,5.6,17.7,18.5,16.9
Namibia,NA,2002,"1,964,708",1.39,2.4,4.06,53.1,94.7,1,75.6,70.7,4.9,19.3,19.4,19.2
Nauru,NR,2002,"9,909",-0.23,471.9,3.41,61.6,14.2,1.03,65.5,63,2.5,20.3,20.6,20
Nepal,NP,2002,"24,272,768",1.5,169.3,3.68,63.1,75,0.98,82.1,75,7.1,19.1,19.7,18.5
Netherlands,NL,2002,"16,145,468",0.52,476.4,1.72,78.3,6.1,0.98,47.7,27.4,20.3,38,38.9,37.2
New Caledonia,NC,2002,"219,442",1.92,12,2.31,74.4,13.1,1.02,54.3,45.2,9.2,27.1,27.4,26.8
New Zealand,NZ,2002,"3,898,456",1.73,14.7,1.96,78.8,6.9,0.99,51.9,33.9,17.9,34.7,35.7,33.7
Nicaragua,NI,2002,"5,017,710",1.61,41.8,2.97,69.8,35.7,0.98,76.6,70.3,6.3,19.4,20,18.8
Niger,NE,2002,"11,538,649",3.65,9.1,8.2,47.4,200.6,0.99,106.2,100.7,5.5,15.6,16,15.1
Nigeria,NG,2002,"132,764,563",2.82,145.8,6.04,49,174.3,1.03,85.9,80.5,5.3,18.1,18.2,18
North Macedonia,MK,2002,"2,038,574",0.36,80.2,1.55,73,12.6,1,47.6,32.3,15.3,32.8,33.8,31.9
Northern Mariana Islands,MP,2002,"69,035",-0.7,146.3,1.62,73.8,18.5,0.86,35.2,32.8,2.4,29.2,28,31.1
Norway,NO,2002,"4,539,603",0.62,14.9,1.77,78.9,4.6,0.98,53.6,30.7,22.9,37.3,38.3,36.4
Oman,OM,2002,"2,540,520",2.08,8.2,3.52,72,30.2,1.29,63.9,59.9,4,21.2,18.8,23.5
Pakistan,PK,2002,"157,385,803",2.55,204.2,4.93,62.6,114,1.06,80.2,72.9,7.3,19.5,19.5,19.5
Palau,PW,2002,"19,816",0.69,43.2,1.87,69,20.9,1.19,45,36.7,8.3,30.8,30.6,30.9
Panama,PA,2002,"3,030,107",1.82,40.8,2.58,76,20,1.02,59.3,49.9,9.4,25.2,25.5,25
Papua New Guinea,PG,2002,"5,725,378",2.7,12.6,4.48,64.3,67.7,1.05,78.5,73.7,4.8,19.2,19.1,19.4
Paraguay,PY,2002,"5,625,172",1.82,14.2,2.99,74.1,46,1.01,70.9,62.2,8.8,21.9,22.1,21.6
Peru,PE,2002,"26,624,871",1.61,20.8,2.8,71.5,33.3,0.99,63.4,55,8.4,23,23.5,22.5
Philippines,PH,2002,"80,114,579",2.06,268.7,3.61,69.7,36.5,1,69,62.6,6.4,21.1,21.5,20.7
Poland,PL,2002,"38,625,974",-0.06,127,1.22,74.6,8.8,0.94,43.7,25.4,18.3,35.9,37.9,33.9
Portugal,PT,2002,"10,490,325",0.47,114.7,1.43,76.9,6.6,0.94,49,24.8,24.2,37.4,39.4,35.3
Puerto Rico,PR,2002,"3,823,766",--,431.1,--,--,--,--,--,--,--,--,--,--
Qatar,QA,2002,"703,382",4.54,60.7,2.8,76,13.7,1.96,33.3,31.8,1.6,30.3,24.1,32.6
Romania,RO,2002,"21,930,795",-0.85,95.4,1.23,71.1,20.2,0.95,46.3,25.3,21,35.3,37.1,34.2
Russia,RU,2002,"146,495,996",-0.54,8.9,1.29,65.8,16.7,0.87,41.4,23.1,18.3,37.6,40.1,34.5
Rwanda,RW,2002,"8,329,232",1.62,337.7,5.62,53.4,149.4,0.94,89,83.6,5.4,17.2,17.8,16.6
Saint Barthelemy,BL,2002,"7,409",1.46,296.4,1.62,77.2,11.1,1.15,34.1,25.2,8.9,35.1,34.9,35.3
"Saint Helena, Ascension, and Tristan da Cunha",SH,2002,"7,339",0.71,18.6,1.53,77.1,34,1.03,39.5,26,13.5,33.7,33.5,33.9
Saint Kitts and Nevis,KN,2002,"46,682",1.03,178.9,1.95,73,22.1,0.99,55.4,43.2,12.2,27.5,27.8,27.2
Saint Lucia,LC,2002,"155,301",0.52,256.3,1.96,75.2,18.1,0.96,60,47.3,12.6,25.6,26.4,24.7
Saint Martin,MF,2002,"27,440",-0.75,508.1,1.83,77.2,11.1,0.94,49.6,43.3,6.3,28.9,29.4,28.2
Saint Pierre and Miquelon,PM,2002,"6,349",-0.58,26.2,1.51,79.6,11.3,1,44,26.6,17.4,37.2,37.7,36.7
Saint Vincent and the Grenadines,VC,2002,"107,262",-0.36,275.7,2.33,71.2,29.7,1.02,60.8,49.5,11.3,24.9,25,24.9
Samoa,WS,2002,"179,429",0.92,63.6,4.34,69.8,38.8,1.08,80,71.6,8.3,20.2,20.2,20.2
San Marino,SM,2002,"28,191",2.08,462.1,1.33,81.2,9.6,0.94,48.1,24.1,24,39.2,39.7,38.7
Sao Tome and Principe,ST,2002,"147,127",2.26,152.6,5.92,59.7,104,0.99,95.1,87.3,7.8,17.2,17.7,16.7
Saudi Arabia,SA,2002,"22,342,525",2.11,10.4,3.68,72.5,23.5,1.26,64.5,60.2,4.3,21.9,19.3,24
Senegal,SN,2002,"9,976,692",2.71,51.8,5.54,58,115.1,0.95,93.7,88.1,5.5,16.9,17.7,16.1
Serbia,RS,2002,"7,530,751",-0.46,97.2,1.56,72.4,11.6,0.95,49,24.4,24.6,40.1,41.6,38.5
Seychelles,SC,2002,"81,125",1.14,178.3,2.12,69.8,29.5,1,51.3,40.3,11,28.1,28.7,27.6
Sierra Leone,SL,2002,"4,726,939",4.36,66,5.79,44.7,217.8,0.95,89.3,83.4,5.9,17.7,18.2,17.2
Singapore,SG,2002,"4,447,987",2.75,"6,273.6",1.37,80.1,2.5,0.98,39,30.8,8.3,31.1,31.3,31
Sint Maarten,SX,2002,"30,636",2.28,901.1,1.55,74.8,13.5,0.95,40.2,35.9,4.3,33,33.1,32.8
Slovakia,SK,2002,"5,403,354",0.01,112.3,1.18,73.7,9.4,0.95,42.6,26.1,16.5,34.7,36.5,32.9
Slovenia,SI,2002,"2,014,637",0.03,100,1.2,76.6,4.9,0.95,42,21.2,20.8,39.1,40.6,37.6
Solomon Islands,SB,2002,"456,256",2.67,16.3,4.43,71.8,39.9,1.04,80.7,74.4,6.3,19.1,19.2,19
Somalia,SO,2002,"9,905,583",3.28,15.8,7.57,50.6,173.1,1.01,111.1,105.8,5.4,15,15.3,14.6
South Africa,ZA,2002,"46,342,067",1.42,38.2,2.45,60.4,72.6,0.96,57.8,50.3,7.4,23.6,24.1,23.1
South Sudan,SS,2002,"6,897,113",--,10.7,--,--,--,--,--,--,--,--,--,--
Spain,ES,2002,"41,639,614",1.68,83.4,1.24,79.6,5.2,0.96,46,21,24.9,38,39.3,36.7
Sri Lanka,LK,2002,"19,285,932",1.19,298.4,2.38,73.6,14.6,0.98,50.5,41,9.5,27.5,28.1,26.8
Sudan,SD,2002,"28,920,513",--,15.5,--,--,--,--,--,--,--,--,--,--
Suriname,SR,2002,"476,840",1.29,3.1,2.74,69.2,48.2,0.98,58.2,49.3,8.9,24.3,25.1,23.4
Sweden,SE,2002,"8,977,438",0.36,21.9,1.66,80,4.1,0.98,54.4,27.9,26.4,39.8,41,38.7
Switzerland,CH,2002,"7,343,989",0.51,183.6,1.37,80.4,5.7,0.96,48,25.1,22.9,39.1,40.1,38.1
Syria,SY,2002,"17,266,066",--,92.9,--,--,--,--,--,--,--,--,--,--
Tajikistan,TJ,2002,"6,355,815",1.85,44.9,3.47,63.2,74.7,1,73.2,66.1,7.1,19.8,20.2,19.5
Tanzania,TZ,2002,"35,208,058",2.92,39.7,5.41,53.1,111.5,0.99,90.5,85,5.5,17.4,17.7,17.1
Thailand,TH,2002,"62,322,676",0.92,122,1.65,72.1,20.6,0.97,43,33.2,9.8,30.8,31.6,30
Timor-Leste,TL,2002,"900,803",7.71,60.6,7.4,57.9,112.2,1.08,92.9,87.8,5.1,17.1,16.9,17.3
Togo,TG,2002,"5,023,375",2.43,92.4,5.19,61.6,113.1,0.97,84.4,78.7,5.8,18.1,18.6,17.7
Tonga,TO,2002,"101,406",0.64,141.4,4.38,73.8,20.7,1.01,82.1,72,10.1,19.9,20.3,19.5
Trinidad and Tobago,TT,2002,"1,271,609",0.42,248,1.57,71.3,28.7,1.01,43.8,33.6,10.2,28.8,29.1,28.6
Tunisia,TN,2002,"9,742,979",1,62.7,2.04,73.1,27.3,1.01,53.5,43.6,10,25.5,26,25
Turkey,TR,2002,"67,807,656",1.32,88.1,2.43,70.7,38,1.02,55.4,46.6,8.7,24.9,25.3,24.6
Turkmenistan,TM,2002,"4,502,650",1.28,9.6,2.62,65.5,74.6,0.98,64.9,57.9,7,21.8,22.2,21.3
Turks and Caicos Islands,TC,2002,"21,406",6.65,22.6,2.51,78.8,16.5,1.02,52.1,46.4,5.7,27.7,27.4,28
Tuvalu,TV,2002,"10,040",-0.12,386.2,3.48,61.6,76.5,0.96,71.8,61.8,10,22.8,25.5,20.2
Uganda,UG,2002,"24,774,685",3.52,125.7,7.02,51.1,129.6,0.96,113.9,107.9,6.1,14.8,15.3,14.4
Ukraine,UA,2002,"48,074,073",-0.82,83,1.13,68.1,13.9,0.86,44.8,23.3,21.5,38.4,41.2,35.2
United Arab Emirates,AE,2002,"3,555,027",4.06,42.5,2.47,76.3,10.6,2.15,28.3,27,1.2,29.4,24,31.3
United Kingdom,GB,2002,"59,601,520",0.36,246.4,1.66,78.1,6.2,0.97,52.3,28.4,23.9,38,39.2,36.9
United States,US,2002,"287,625,193",--,31.4,--,--,--,0.97,50.2,31.6,18.5,--,--,--
Uruguay,UY,2002,"3,306,750",-0.35,18.9,2.15,74.7,16.8,0.94,59.6,38.4,21.1,32.1,33.7,30.5
Uzbekistan,UZ,2002,"25,696,312",1.22,60.4,2.51,70,35.9,0.99,65.9,57.9,7.9,21.8,22.4,21.3
Vanuatu,VU,2002,"201,709",2.6,16.5,4.54,68.3,37.6,1.04,82.3,76.7,5.6,18.9,19.2,18.6
Venezuela,VE,2002,"25,074,549",1.71,28.4,2.76,72.7,24.4,0.98,61.7,54.2,7.5,23.3,23.9,22.7
Vietnam,VN,2002,"81,617,017",1.36,263.2,2.28,71.8,31.9,0.98,58,49,9,24.1,25.2,23.1
"Virgin Islands, British",VG,2002,"23,830",2.61,157.8,1.2,77.2,20.5,0.97,39.8,32.3,7.5,31.9,31.7,32.1
"Virgin Islands, U.S.",VI,2002,"108,509",0.05,311.8,2.21,77.5,10.6,0.92,51.2,37.6,13.7,34.6,35.2,33.9
Wallis and Futuna,WF,2002,"14,857",0.62,104.6,2.41,76.6,6,1,63.1,53.5,9.5,23.1,24.2,22
Yemen,YE,2002,"19,462,120",2.62,36.9,6.22,61.7,84.6,1.03,100.9,94.6,6.3,16.1,16.2,16
Zambia,ZM,2002,"10,808,931",2.52,14.5,5.95,47.3,138.4,1,93.6,88.7,4.9,16.8,16.9,16.8
Zimbabwe,ZW,2002,"12,703,243",1.51,32.8,3.86,46.5,94.5,0.98,77.5,71.6,5.9,18.6,18.9,18.3
Gaza Strip,XG,2002,"1,198,617",3.02,"3,329.5",6.2,71.1,29.9,1.03,110,104,6,15.2,15.4,15
Kosovo,XK,2002,"1,737,479",0.61,159.6,2.66,67.9,66.2,1.06,59.2,49.9,9.4,23.6,24.2,23.1
Taiwan,TW,2002,"22,461,928",0.51,696.3,1.34,77.3,7.3,1.04,41.9,29,12.9,32.9,33.2,32.6
West Bank,XW,2002,"2,035,991",2.2,361,4.36,72.4,26.2,1.03,89.7,82.8,6.9,17.9,18.2,17.7
 -> 2003,,,--,--,--,--,--,--,--,--,--,--,--,--,--
 -> 2003 -> World,,,"6,364,835,208",--,48.3,--,--,--,--,--,--,--,--,--,--
Afghanistan,AF,2003,"26,829,863",5.11,41.1,7.52,58.1,110.3,1.04,102.7,97.7,5,15.8,15.8,15.8
Albania,AL,2003,"3,063,109",-1.04,111.8,2.08,74.8,23,1,59.4,46.8,12.7,27.1,27.7,26.3
Algeria,DZ,2003,"31,973,294",1.44,13.4,2.38,72.5,40.5,1.02,55.1,48.1,7.1,23.2,23.4,23
American Samoa,AS,2003,"57,424",-0.21,290,3.93,72.1,16.2,1.03,72.8,66.9,6,21.5,21.8,21.3
Andorra,AD,2003,"68,782",6.93,147,1.29,82.9,4.3,1.09,39.4,22.4,17,37.7,37.4,38
Angola,AO,2003,"16,247,119",4.98,13,6.59,48.8,183.9,0.97,96.7,91.9,4.9,16.5,16.7,16.2
Anguilla,AI,2003,"12,447",2.68,136.8,1.74,79.3,5.6,0.98,51.3,40.1,11.2,30.5,31,30
Antigua and Barbuda,AG,2003,"79,067",1.45,178.5,2.17,73.8,25.2,0.92,55.3,44.7,10.5,28.2,29.4,26.9
Argentina,AR,2003,"38,529,402",1.03,14.1,2.44,75.2,18.3,0.97,58.9,42.4,16.5,28.7,29.7,27.7
Armenia,AM,2003,"3,088,906",-0.07,109.5,1.7,71.8,19.8,0.9,53.4,37.6,15.8,29.9,32.2,27.3
Aruba,AW,2003,"93,707",2.1,520.6,1.86,73.6,21.3,0.91,42.9,30,12.9,36.3,37.6,34.6
Australia,AU,2003,"19,549,075",1.2,2.5,1.75,80.1,5.9,0.99,47.8,29.6,18.2,35.7,36.6,34.7
Austria,AT,2003,"8,215,680",0.48,99.7,1.38,78.9,5.5,0.95,46.7,23.8,22.9,39.4,40.6,38.2
Azerbaijan,AZ,2003,"8,662,911",0.76,104.8,1.77,67.9,54.8,0.96,53.7,42.8,10.9,26.8,28.4,25.2
"Bahamas, The",BS,2003,"304,801",2.27,30.4,2.32,73.3,16.7,0.92,63.1,54.6,8.5,26.8,27.2,26.3
Bahrain,BH,2003,"781,007",8.54,"1,027.6",2.45,75.6,18.3,1.4,40,36.1,3.9,28.3,25.6,29.8
Bangladesh,BD,2003,"134,865,589",1.44,"1,036.1",2.93,68.6,72.5,1.01,68.8,61.9,6.9,21.3,21.6,21
Barbados,BB,2003,"279,428",0.56,649.8,1.71,74.9,16.8,0.94,43.2,30.2,13,33.5,34.5,32.4
Belarus,BY,2003,"9,904,905",-0.5,48.8,1.2,68.7,9.9,0.88,45,23.9,21.1,37.4,40,34.4
Belgium,BE,2003,"10,368,850",0.38,342.5,1.68,78.3,5.2,0.96,52.4,26.3,26.1,39.8,41,38.6
Belize,BZ,2003,"273,234",2.64,12,3.31,72.6,22.4,1.01,76.7,69.6,7,19.7,19.8,19.5
Benin,BJ,2003,"7,359,515",3.12,66.5,5.73,55,131.3,0.95,101.8,96.8,5,15.9,16.6,15.2
Bermuda,BM,2003,"64,847",0.88,"1,200.9",2.04,79.1,3.3,0.94,46.3,28.5,17.8,38.8,40,37.6
Bhutan,BT,2003,"687,892",1.59,17.9,3.21,63,88.1,1.11,67.9,59.9,8,21,20.3,21.6
Bolivia,BO,2003,"8,710,725",2.1,8,3.77,66.3,62,0.98,73.7,66.1,7.6,20.4,21,19.8
Bosnia and Herzegovina,BA,2003,"3,842,733",1.04,75.1,1.19,73.8,9,0.95,41.4,25.6,15.8,35.8,37,34.6
Botswana,BW,2003,"1,750,323",1.77,3.1,3.37,51.7,72.2,0.97,76.7,68.5,8.2,20.5,20.5,20.4
Brazil,BR,2003,"183,412,348",1.3,21.9,2.19,70.3,33.1,0.98,51.5,42.8,8.7,26.3,27.1,25.6
Brunei,BN,2003,"347,233",2.06,66,2.3,74.3,17.8,1.05,48.3,43.9,4.4,26,25.7,26.3
Bulgaria,BG,2003,"7,722,735",-0.78,71.2,1.25,71.9,17.6,0.96,45.8,21.2,24.6,40.1,42.1,38.1
Burkina Faso,BF,2003,"12,857,170",2.66,47,6.59,54.1,153.4,0.96,104.6,98.4,6.2,15.8,16.6,15.1
Burma,MM,2003,"48,259,332",1.06,73.8,2.61,62,82.2,0.98,57.5,50.1,7.4,24.1,24.6,23.5
Burundi,BI,2003,"6,896,661",3.76,268.6,6.5,56.6,120.2,0.97,93.5,88.2,5.2,17,17.3,16.6
Cabo Verde,CV,2003,"454,813",1.77,112.8,3.21,68.2,45.4,0.93,83.3,72.4,10.8,19.3,20.1,18.4
Cambodia,KH,2003,"13,031,669",1.51,73.8,3.43,60.1,100.6,0.93,71.1,65.2,5.9,19.7,20.5,18.9
Cameroon,CM,2003,"17,205,073",2.72,36.4,5.63,52.7,138.7,0.99,92.6,87.1,5.5,17.1,17.3,16.8
Canada,CA,2003,"31,889,307",0.78,3.5,1.54,80.5,6.2,0.98,45.7,26.1,19.6,38.4,39.2,37.5
Cayman Islands,KY,2003,"41,923",2.8,158.8,1.91,78.8,12.6,0.96,41.4,30.5,10.9,36.2,36.5,35.9
Central African Republic,CF,2003,"4,182,328",1.88,6.7,5.1,47.1,166.9,0.97,87.1,79.6,7.5,18.4,18.9,17.9
Chad,TD,2003,"9,096,185",4.76,7.2,7.13,50.9,172.7,0.96,105.3,100,5.4,15.5,16.1,14.9
Chile,CL,2003,"15,660,161",0.96,21.1,1.9,76.5,9.8,0.97,50.7,39.4,11.3,29.8,30.9,28.7
China,CN,2003,"1,285,229,464",0.48,137.8,1.47,72.9,25.9,1.06,42.7,31.8,10.8,31.7,32,31.3
Colombia,CO,2003,"41,528,292",1.18,40,2.43,72.7,22.9,0.96,58.6,49.7,9,25.3,26.2,24.4
Comoros,KM,2003,"591,731",2.74,264.8,5.25,60.9,115.6,0.95,86.4,79.9,6.6,18.2,18.7,17.7
Congo (Brazzaville),CG,2003,"3,437,760",2.3,10.1,4.75,63,96,0.98,83.1,75.9,7.3,18.9,19.2,18.5
Congo (Kinshasa),CD,2003,"58,013,244",2.89,25.6,6.51,52.8,145.1,0.99,99.5,94.5,5,16.2,16.4,15.9
Cook Islands,CK,2003,"14,563",-3.61,61.7,2.92,72.7,29,1.07,67.5,55.4,12.2,26.4,26.9,25.8
Costa Rica,CR,2003,"4,082,847",1.55,80,2.1,76.3,12.6,1.01,52.3,44.1,8.2,26.1,26.7,25.6
C“te d'Ivoire,CI,2003,"17,531,846",2.93,55.1,5.4,51.4,130.4,1.03,85.1,80.9,4.2,17.7,17.6,17.9
Croatia,HR,2003,"4,440,867",-0.02,79.3,1.31,74.6,7.3,0.93,48,24.2,23.8,39.6,41.5,37.7
Cuba,CU,2003,"11,233,328",0.23,102.3,1.66,77.1,8,1,44.8,29.6,15.2,34.8,35.4,34.3
Cura‡ao,CW,2003,"133,208",1.11,300,2.26,75.1,13.1,0.9,51.3,34.5,16.8,36.7,38.8,33.7
Cyprus,CY,2003,"964,653",2.17,104.4,1.5,76.1,13.7,1.04,42.2,29.2,13,32.5,34.2,31.1
Czechia,CZ,2003,"10,238,459",0.08,132.5,1.18,75.4,4.9,0.95,41.6,21.8,19.8,38.4,40.1,36.6
Denmark,DK,2003,"5,387,248",0.25,127,1.76,77.3,5.5,0.98,50.9,28.4,22.4,39,39.9,38.1
Djibouti,DJ,2003,"688,210",-10.5,29.7,3.82,58.5,94.3,0.89,76.9,71.8,5.1,19.4,20.7,18
Dominica,DM,2003,"71,905",0.25,95.7,2.19,75.8,16.2,1.01,62.7,45.6,17.2,28.2,28.8,27.5
Dominican Republic,DO,2003,"8,606,840",1.45,178.1,2.89,68,39.4,1.03,62.8,55.6,7.2,23,23.2,22.9
Ecuador,EC,2003,"13,048,727",1.61,52.5,3.24,75.6,24.9,0.99,68.9,58.4,10.6,23,23.5,22.5
Egypt,EG,2003,"69,838,271",2.09,70.2,3.28,68.8,40.4,1.04,62.8,57,5.8,21.5,21.6,21.3
El Salvador,SV,2003,"5,884,558",0.29,284,2.69,69.9,28.6,0.94,73.1,63.8,9.3,21.2,22.5,19.9
Equatorial Guinea,GQ,2003,"673,295",5.55,24,5.5,58.8,141.9,0.96,80,71.8,8.2,19.7,20.4,19.1
Eritrea,ER,2003,"4,342,220",5.59,43,5.59,60.6,91.8,0.97,87.5,80.8,6.6,18.2,18.7,17.7
Estonia,EE,2003,"1,349,483",-0.74,31.8,1.38,71.1,10.2,0.85,47.9,24.2,23.7,38.6,41.8,34.9
Eswatini,SZ,2003,"1,026,257",-0.16,59.7,4.02,47.6,110.9,0.93,76.5,71,5.5,18.8,19.3,18.3
Ethiopia,ET,2003,"67,980,692",2.68,62,5.32,55.3,122.6,1,84,78.6,5.4,18.2,18.3,18.2
Faroe Islands,FO,2003,"47,953",1.05,34.4,2.52,78.7,9.7,1.08,58,36.9,21.1,35.5,36.2,35
Fiji,FJ,2003,"823,078",0.84,45,2.77,68.8,27.3,1.03,54.7,48.6,6.1,24.2,24.5,24
Finland,FI,2003,"5,205,082",0.26,17.1,1.77,78.4,4,0.96,49.7,26.5,23.1,40.3,41.9,38.9
France,FR,2003,"62,341,637",0.55,97.3,1.89,79.5,5.6,0.95,53.7,29.1,24.7,38,39.5,36.5
French Polynesia,PF,2003,"247,753",1.24,64.7,2.26,73.7,19.7,1.05,53,45.7,7.3,26.3,26.1,26.5
Gabon,GA,2003,"1,283,233",2.24,5,4.17,59.5,87.2,0.98,83.7,75.1,8.7,19.4,19.9,18.9
"Gambia, The",GM,2003,"1,429,853",2.58,141.3,6.09,60.5,101.5,0.98,96.4,91.9,4.5,16.4,16.9,16
Georgia,GE,2003,"4,750,669",-0.52,68.2,1.53,73.2,27.5,0.91,54.1,31.5,22.7,36.2,38.4,33.7
Germany,DE,2003,"82,504,552",-0.01,236.6,1.33,78.4,5.2,0.96,48.4,22.1,26.3,41.2,42.6,39.9
Ghana,GH,2003,"20,556,598",2.56,90.3,4.44,60.5,89,0.97,81.9,73.8,8.1,19.2,19.6,18.7
Gibraltar,GI,2003,"28,315",0.49,"4,045.0",2.02,76.6,10.3,1.03,55.7,37.2,18.5,31.4,32,31
Greece,GR,2003,"11,009,594",-0.1,84.3,1.29,79,4.8,0.97,49.3,22.8,26.6,39,40.2,37.8
Greenland,GL,2003,"57,540",0.24,0,2.33,69.6,12.6,1.14,45.5,37.5,8.1,33.3,31.8,34.4
Grenada,GD,2003,"103,317",0.56,300.3,2.43,70.6,22.5,1.01,61.3,48.5,12.8,25.1,25.2,25
Guam,GU,2003,"158,062",0.45,290.6,2.8,75.9,12.9,1.05,56.4,47.4,9.1,27.9,28.2,27.7
Guatemala,GT,2003,"12,082,214",2.44,112.8,4.15,67.6,51.8,0.99,84.1,77.5,6.6,18.6,19.2,18
Guernsey,GG,2003,"62,597",0.45,802.5,1.45,79.8,5.3,0.96,48.4,24.5,23.9,39.8,40.6,39
Guinea,GN,2003,"8,120,753",2.67,33,5.55,52.7,147.8,0.99,83.8,77.6,6.3,18.8,19.1,18.5
Guinea-Bissau,GW,2003,"1,288,431",2.21,45.8,5.38,51.5,155.6,0.94,88.6,82.9,5.7,17.7,18.4,17
Guyana,GY,2003,"790,492",0.43,4,3.45,68.1,43.5,1.04,65,58.1,7,22.2,22.5,22.1
Haiti,HT,2003,"8,738,605",1.86,317.1,4.19,57.7,98.7,0.97,78.6,72.3,6.4,19.4,19.7,19.1
Honduras,HN,2003,"6,862,655",2.4,61.3,3.85,69,32.2,0.97,81.6,74.8,6.8,19.1,19.6,18.5
Hong Kong,HK,2003,"6,796,891",0.6,"6,334.5",0.9,81.4,3.8,0.95,38.4,22,16.4,37.7,37.9,37.5
Hungary,HU,2003,"10,091,987",-0.22,112.6,1.28,72.3,8.4,0.91,46.1,23.9,22.3,38.6,41.5,35.9
Iceland,IS,2003,"289,516",0.75,2.9,2,80.7,5.1,1,52.8,34.8,18,33.7,34.2,33.1
India,IN,2003,"1,103,497,631",1.6,371.1,3.03,64.2,79.8,1.07,62,54.4,7.7,23.5,24.1,22.9
Indonesia,ID,2003,"223,347,625",1.38,123.3,2.51,68.9,47.4,1,53.8,46.1,7.7,25.6,26.1,25.2
Iran,IR,2003,"68,916,732",0.68,45,1.99,68,67.6,1.03,53.2,45.6,7.5,23,23.2,22.8
Iraq,IQ,2003,"25,079,249",2.77,57.3,4.77,66.6,43,1.02,79.7,74.6,5.1,18.6,18.8,18.4
Ireland,IE,2003,"4,002,170",1.75,58.1,1.97,78.1,6.2,0.99,46.9,30.7,16.3,33,33.7,32.3
Isle of Man,IM,2003,"77,958",0.97,136.3,1.7,78.5,6.8,0.96,52.5,27,25.5,40.2,41,39.3
Israel,IL,2003,"6,489,498",1.93,301.9,2.96,79.7,5.8,1,61.8,45.9,15.9,28,28.9,27.3
Italy,IT,2003,"58,336,020",0.62,198.3,1.26,80,4.7,0.93,49.9,21.1,28.8,41.2,42.7,39.8
Jamaica,JM,2003,"2,851,638",0.06,263.3,2.45,71.3,23.1,0.98,64.8,54.1,10.7,23.4,23.9,22.8
Japan,JP,2003,"127,523,693",0.17,349.9,1.3,81.8,4,0.95,49.7,21.5,28.2,42.5,43.9,41.2
Jersey,JE,2003,"88,087",0.05,759.4,1.56,79.3,6.1,0.96,46.4,25.4,21.1,39,39.6,38.4
Jordan,JO,2003,"5,127,792",2.27,57.7,3.94,70.9,31.1,1.06,75,69.5,5.5,19.6,19.6,19.6
Kazakhstan,KZ,2003,"15,882,507",0.56,5.9,1.98,64.7,37.6,0.93,49.8,39.5,10.3,27.8,29.4,26.2
Kenya,KE,2003,"32,105,147",3,56.4,4.98,63.4,69.1,0.99,84.6,78.5,6.1,18.1,18.3,17.9
Kiribati,KI,2003,"89,907",1.56,110.9,3.59,61.4,65.9,0.98,73.1,67.1,6,20,20.9,19.2
"Korea, North",KP,2003,"23,374,333",0.65,194.1,2.08,64.4,54.1,0.94,49.4,38.7,10.7,30.9,32,29.5
"Korea, South",KR,2003,"48,150,044",0.43,496.8,1.24,77.4,6.4,1.01,39.4,27.7,11.7,33.7,34.6,32.7
Kuwait,KW,2003,"2,139,782",2.66,120.1,2.6,75.4,12.9,1.45,39.6,37.5,2.1,27.5,25,29
Kyrgyzstan,KG,2003,"5,059,344",1.04,26.4,2.64,66.8,47.3,0.97,62.3,52.7,9.6,23.1,24,22.3
Laos,LA,2003,"5,654,002",1.64,24.5,4.14,58.5,106.6,0.98,82.1,75.6,6.5,18.8,19.1,18.5
Latvia,LV,2003,"2,308,159",-0.99,37.1,1.31,70.3,12.7,0.85,45.7,23.1,22.6,38.7,41.6,35.4
Lebanon,LB,2003,"4,446,543",1.85,434.7,2.6,74.4,16.2,0.98,57.2,48.2,9,25.4,26.4,24.6
Lesotho,LS,2003,"1,917,409",0.39,63.2,3.53,48,115.2,0.96,66.7,58.4,8.3,21.4,21.6,21.2
Liberia,LR,2003,"2,880,479",-0.88,29.9,5.69,51,156.8,1,86.1,81.1,5,17.9,17.8,17.9
Libya,LY,2003,"5,420,940",--,3.1,--,--,--,--,--,--,--,--,--,--
Liechtenstein,LI,2003,"34,206",1.26,213.8,1.34,79.5,6.5,0.97,40.1,25,15.1,37.6,38.3,36.9
Lithuania,LT,2003,"3,424,735",-1,54.6,1.25,71.9,8.8,0.87,49.1,27.2,21.9,36.9,39.6,34
Luxembourg,LU,2003,"453,937",1.47,175.5,1.69,78.2,5.4,0.98,50.3,28.4,21.9,38.3,39.3,37.4
Macau,MO,2003,"444,177",1.4,"15,863.5",0.85,83.3,6.4,0.92,38,27,11,35.1,35,35.3
Madagascar,MG,2003,"17,089,669",2.86,29.4,5.11,61.5,86.8,1,90.6,84.4,6.1,17.5,17.7,17.3
Malawi,MW,2003,"11,979,045",3.13,127.3,6.01,61,125.3,0.97,98.8,92.4,6.4,16.6,16.7,16.4
Malaysia,MY,2003,"25,124,156",2.28,76.4,2.43,73.8,8.5,1.05,56,49.1,6.9,24.3,24.5,24.2
Maldives,MV,2003,"318,485",2.32,"1,068.7",2.39,72.4,52.3,1.19,58.8,52.7,6.1,21.9,20.7,22.7
Mali,ML,2003,"11,761,326",2.83,9.6,7,53.2,190.3,0.96,107.5,100.5,7,15.7,16.1,15.2
Malta,MT,2003,"401,653",0.62,"1,271.1",1.49,78.9,6,0.98,45.8,26.6,19.2,37.9,39.3,36.5
Marshall Islands,MH,2003,"56,426",2.29,311.7,4.12,69.3,41.7,1.04,71.6,67,4.6,19.3,19.2,19.3
Mauritania,MR,2003,"2,724,008",2.65,2.6,5.68,63.8,76.7,0.98,86.5,79.7,6.9,18.5,19,18
Mauritius,MU,2003,"1,221,981",0.95,602,1.88,72,17.6,0.97,46,36.5,9.4,29.5,30.4,28.7
Mexico,MX,2003,"103,843,015",1.34,53.4,2.58,73.6,24.6,0.97,60.4,52,8.4,24.1,24.9,23.2
"Micronesia, Federated States of",FM,2003,"108,086",0.04,154,3.5,69,42.2,1.01,70.8,65.4,5.4,19.8,20.3,19.4
Moldova,MD,2003,"4,040,951",-1.19,122.9,1.35,67.5,21.5,0.93,44.8,29.7,15.1,32.6,35,30.5
Monaco,MC,2003,"31,459",-0.71,"15,729.5",1.34,85.9,2.8,0.96,56.2,20.9,35.3,46.4,47.8,45.1
Mongolia,MN,2003,"2,546,571",1.07,1.6,1.99,65.4,51.3,0.98,55.5,49.7,5.8,22.9,23.4,22.4
Montenegro,ME,2003,"620,914",-0.2,46.2,1.83,74.2,12.1,0.97,50.7,32.4,18.3,33.9,35.1,32.7
Montserrat,MS,2003,"4,491",74.68,44,0.94,71.5,21.4,1.03,61.2,48.2,13,25.3,25.1,25.5
Morocco,MA,2003,"29,543,837",1.21,41.2,2.76,67.6,47.5,0.98,60.1,51.8,8.3,23.3,23.8,22.7
Mozambique,MZ,2003,"19,648,943",2.07,25,5.57,45.6,190.1,0.95,89.7,84,5.7,17.6,18.5,16.8
Namibia,NA,2003,"1,991,705",1.34,2.4,4.02,52.9,93.2,0.99,76.1,70.8,5.3,19.4,19.6,19.2
Nauru,NR,2003,"9,917",0.4,472.2,3.38,61.6,14.5,1.03,63.2,60.7,2.5,20.6,20.9,20.3
Nepal,NP,2003,"24,644,751",1.55,171.9,3.53,63.6,71.3,0.97,80.9,73.8,7.1,19.3,19.9,18.6
Netherlands,NL,2003,"16,216,610",0.36,478.5,1.73,78.5,5.7,0.98,47.8,27.4,20.4,38.4,39.2,37.5
New Caledonia,NC,2003,"223,688",1.92,12.2,2.23,74.8,11.8,1.01,53.8,44.3,9.4,27.5,27.8,27.2
New Zealand,NZ,2003,"3,960,281",1.42,15,2.01,79.1,6.4,0.99,51.3,33.4,17.9,34.9,35.8,34
Nicaragua,NI,2003,"5,097,281",1.54,42.5,2.83,70.3,33.3,0.97,74.8,68.3,6.4,19.8,20.4,19.1
Niger,NE,2003,"11,971,585",3.71,9.5,8.22,48.7,189.7,0.99,108.3,102.7,5.6,15.3,15.8,14.9
Nigeria,NG,2003,"136,587,691",2.86,150,6.04,49.8,168.1,1.03,86.3,81,5.4,18,18.2,17.9
North Macedonia,MK,2003,"2,045,571",0.32,80.4,1.51,73.2,14.3,1,46.8,31.4,15.4,33.1,34.1,32.2
Northern Mariana Islands,MP,2003,"68,590",-0.6,145.3,1.77,73.8,18.5,0.86,36.6,34.1,2.6,29.3,28,31.3
Norway,NO,2003,"4,566,304",0.55,15,1.81,79.4,4.5,0.98,53.2,30.5,22.7,37.5,38.5,36.6
Oman,OM,2003,"2,592,927",2,8.4,3.32,72.3,29.6,1.28,62.3,58.2,4.1,21.6,19.2,23.7
Pakistan,PK,2003,"161,075,633",2.09,209,4.86,63.1,110.4,1.05,79.7,72.4,7.3,19.6,19.6,19.6
Palau,PW,2003,"19,978",0.94,43.5,2.35,69.3,20.5,1.18,44.9,36.6,8.3,31.1,31,31.1
Panama,PA,2003,"3,085,588",1.81,41.5,2.55,75.7,21.7,1.02,58.8,49.1,9.6,25.5,25.8,25.3
Papua New Guinea,PG,2003,"5,880,726",2.66,13,4.43,64.5,66.5,1.05,77.9,73.1,4.9,19.3,19.2,19.4
Paraguay,PY,2003,"5,726,527",1.75,14.4,2.87,74.3,45,1.01,68.9,60.2,8.8,22.2,22.5,22
Peru,PE,2003,"27,059,492",1.63,21.1,2.79,72,30.9,0.99,62.2,53.7,8.5,23.3,23.8,22.8
Philippines,PH,2003,"81,833,823",2.19,274.5,3.55,69.7,35.9,1,68.4,61.9,6.4,21.3,21.7,20.9
Poland,PL,2003,"38,599,320",-0.08,126.9,1.19,74.8,8.1,0.94,43,24.6,18.4,36.2,38.2,34.2
Portugal,PT,2003,"10,530,793",0.3,115.1,1.4,77.2,6.7,0.94,49,24.6,24.5,37.7,39.7,35.6
Puerto Rico,PR,2003,"3,826,193",--,431.4,--,--,--,--,--,--,--,--,--,--
Qatar,QA,2003,"735,643",4.43,63.5,2.8,76.2,13.4,1.97,32.4,30.8,1.6,30.5,24.6,32.8
Romania,RO,2003,"21,748,090",-0.83,94.6,1.26,71.4,19.7,0.95,45.9,24.4,21.5,35.8,37.3,34.7
Russia,RU,2003,"145,703,488",-0.55,8.9,1.35,65.8,15.5,0.87,40.8,22,18.7,37.7,40.5,34.6
Rwanda,RW,2003,"8,477,177",1.9,343.7,5.55,54.7,134.4,0.93,88.2,82.9,5.3,17.2,17.9,16.6
Saint Barthelemy,BL,2003,"7,500",0.96,300,1.62,77.4,11,1.15,34.8,25.4,9.4,35.5,35.3,35.8
"Saint Helena, Ascension, and Tristan da Cunha",SH,2003,"7,390",0.68,18.8,1.54,77.2,33.2,1.03,39.9,26.2,13.7,34.3,34.1,34.5
Saint Kitts and Nevis,KN,2003,"47,137",0.91,180.6,1.88,71.9,23.4,0.99,53.9,42,11.9,27.9,28.1,27.7
Saint Lucia,LC,2003,"156,013",0.39,257.4,1.89,74.1,19.7,0.96,58.2,45.5,12.8,26.1,27,25.2
Saint Martin,MF,2003,"27,353",0.12,506.5,1.83,77.4,11,0.93,48.8,42.3,6.5,29,29.6,28.2
Saint Pierre and Miquelon,PM,2003,"6,310",-0.65,26.1,1.51,79.7,11.2,1,44.5,26.5,18,37.8,38.3,37.3
Saint Vincent and the Grenadines,VC,2003,"106,878",-0.36,274.8,2.27,71.5,29,1.02,59.2,47.9,11.3,25.5,25.5,25.4
Samoa,WS,2003,"181,088",0.92,64.2,4.3,70.1,37.5,1.08,79.3,70.8,8.5,20.3,20.3,20.3
San Marino,SM,2003,"28,733",1.74,471,1.36,81.2,9.5,0.94,49,24.6,24.4,39.6,40,39
Sao Tome and Principe,ST,2003,"150,498",2.27,156.1,5.86,60.1,101.7,0.99,95,87.3,7.7,17.2,17.7,16.7
Saudi Arabia,SA,2003,"22,801,189",1.96,10.6,3.46,72.7,22.8,1.25,62.4,58,4.3,22.3,19.9,24.3
Senegal,SN,2003,"10,259,110",2.87,53.3,5.51,59.2,106.5,0.95,92.8,87.3,5.5,17,17.8,16.2
Serbia,RS,2003,"7,496,449",-0.45,96.8,1.58,72.5,10.5,0.95,48.9,24.1,24.8,40.2,41.9,38.6
Seychelles,SC,2003,"82,049",1.12,180.3,2.14,69.8,26.1,1.01,49.9,39.1,10.9,28.6,29.1,28.1
Sierra Leone,SL,2003,"4,930,221",4.07,68.8,5.75,45.2,212.9,0.95,89,83,6,17.8,18.3,17.3
Singapore,SG,2003,"4,564,951",2.45,"6,438.6",1.27,80.5,2.4,0.98,38.7,30.4,8.4,31.2,31.3,31
Sint Maarten,SX,2003,"31,644",4.16,930.7,1.67,74.1,14.4,0.95,39.5,35.1,4.4,33.8,34,33.6
Slovakia,SK,2003,"5,403,956",0.01,112.3,1.21,73.7,9.7,0.94,41.6,25.1,16.5,35.1,36.9,33.2
Slovenia,SI,2003,"2,015,611",0.06,100,1.19,76.5,4.8,0.95,41.8,20.6,21.2,39.5,41,38
Solomon Islands,SB,2003,"468,478",2.62,16.7,4.32,72.1,38.9,1.04,79.8,73.4,6.4,19.3,19.4,19.2
Somalia,SO,2003,"10,235,721",3.28,16.3,7.45,50.6,173.1,1.01,110.2,104.9,5.3,15,15.4,14.7
South Africa,ZA,2003,"46,993,775",1.37,38.7,2.45,59.7,74,0.97,56,48.5,7.5,23.8,24.3,23.3
South Sudan,SS,2003,"7,179,281",--,11.1,--,--,--,--,--,--,--,--,--,--
Spain,ES,2003,"42,321,028",1.57,84.8,1.29,79.5,5.1,0.96,45.7,21,24.7,38.2,39.6,36.9
Sri Lanka,LK,2003,"19,513,360",1.15,301.9,2.37,73.6,14.6,0.98,50,40.4,9.7,27.7,28.4,27.1
Sudan,SD,2003,"29,586,089",--,15.9,--,--,--,--,--,--,--,--,--,--
Suriname,SR,2003,"482,711",1.15,3.1,2.53,69.4,47.7,0.98,57.9,48.9,9,24.4,25.3,23.6
Sweden,SE,2003,"9,010,864",0.39,22,1.72,80.1,3.9,0.98,53.8,27.5,26.4,40,41.1,38.9
Switzerland,CH,2003,"7,378,643",0.44,184.5,1.36,80.5,4.9,0.96,47.7,24.7,23,39.4,40.4,38.5
Syria,SY,2003,"17,671,578",--,95.1,--,--,--,--,--,--,--,--,--,--
Tajikistan,TJ,2003,"6,475,622",1.88,45.8,3.42,63.8,70.6,1,70.7,63.7,7,20.1,20.5,19.8
Tanzania,TZ,2003,"36,220,418",2.75,40.9,5.37,53.6,106.1,0.99,90.4,84.9,5.5,17.4,17.7,17.1
Thailand,TH,2003,"62,892,617",0.9,123.1,1.64,72.3,19.5,0.97,42.8,32.7,10.1,31.3,32.1,30.5
Timor-Leste,TL,2003,"942,918",1.57,63.4,7,58.6,107,1.06,93.9,88.1,5.8,17.1,17.2,17.1
Togo,TG,2003,"5,150,277",2.56,94.7,5.15,61.9,109.9,0.97,83.1,77.3,5.8,18.3,18.8,17.9
Tonga,TO,2003,"102,047",0.62,142.3,4.33,74,20.3,1.01,81.7,71.5,10.2,20,20.4,19.7
Trinidad and Tobago,TT,2003,"1,277,364",0.48,249.1,1.65,71.3,28.4,1.01,42.6,32.3,10.3,29.2,29.5,29
Tunisia,TN,2003,"9,842,039",1.03,63.3,2.06,73.2,25.8,1.01,51.9,41.9,10,25.9,26.4,25.4
Turkey,TR,2003,"68,698,136",1.29,89.3,2.39,71.1,36.2,1.02,54.5,45.7,8.8,25.3,25.7,24.9
Turkmenistan,TM,2003,"4,556,164",1.09,9.7,2.54,65.8,72.8,0.98,62.6,55.5,7,22.1,22.6,21.6
Turks and Caicos Islands,TC,2003,"22,919",6.99,24.2,2.37,74.5,23.9,1.02,50.6,45.1,5.5,28,27.7,28.3
Tuvalu,TV,2003,"10,061",0.56,387,3.41,62,74.7,0.96,70.1,60.3,9.8,22.9,25.5,20.3
Uganda,UG,2003,"25,556,535",2.71,129.7,6.99,52.5,122.2,0.96,113.8,107.8,6,14.8,15.3,14.4
Ukraine,UA,2003,"47,692,440",-0.78,82.3,1.17,68,13.3,0.86,44.6,22.4,22.2,38.6,41.5,35.3
United Arab Emirates,AE,2003,"3,693,043",3.57,44.2,2.48,76.5,10.2,2.15,28,26.8,1.2,29.5,24.2,31.3
United Kingdom,GB,2003,"59,823,618",0.39,247.3,1.74,78.2,6.4,0.97,51.9,28,23.9,38.3,39.5,37.1
United States,US,2003,"290,107,933",--,31.7,--,--,--,0.96,49.8,31.3,18.5,--,--,--
Uruguay,UY,2003,"3,296,408",-0.28,18.8,2.11,74.5,17.9,0.94,59.7,38.4,21.4,32.3,34,30.8
Uzbekistan,UZ,2003,"25,992,143",1.08,61.1,2.34,70.3,34.8,0.99,63.4,55.5,8,22.2,22.7,21.7
Vanuatu,VU,2003,"206,991",2.57,17,4.46,68.7,35.3,1.03,81.8,76.1,5.6,19,19.3,18.7
Venezuela,VE,2003,"25,501,525",1.67,28.9,2.72,72.9,23.4,0.98,60.5,52.9,7.6,23.6,24.2,23
Vietnam,VN,2003,"82,699,693",1.27,266.7,2.12,72,30.7,0.98,56.1,47.1,9,24.5,25.6,23.5
"Virgin Islands, British",VG,2003,"24,459",2.6,162,1.25,77.3,20.4,0.96,38.7,31.1,7.6,32.3,32.2,32.5
"Virgin Islands, U.S.",VI,2003,"108,505",-0.06,311.8,2.07,77.5,10.7,0.92,50.9,36.9,14,35.1,35.7,34.4
Wallis and Futuna,WF,2003,"14,953",0.67,105.3,2.64,73.8,7.6,1,62.3,52.6,9.7,23.6,24.7,22.5
Yemen,YE,2003,"19,962,064",2.46,37.8,6.06,62.3,80.4,1.03,98.5,92.3,6.2,16.3,16.4,16.2
Zambia,ZM,2003,"11,098,500",2.77,14.9,5.98,48.7,127.9,1,94.1,89.1,5,16.8,16.9,16.7
Zimbabwe,ZW,2003,"12,896,956",1.51,33.3,3.83,46.5,94.2,0.98,76.6,70.7,5.9,18.9,19.1,18.6
Gaza Strip,XG,2003,"1,234,166",2.83,"3,428.2",6.2,71.3,29.2,1.03,109.3,103.4,5.9,15.2,15.5,15
Kosovo,XK,2003,"1,747,527",0.54,160.5,2.34,68.1,64,1.06,57.4,47.9,9.5,23.9,24.5,23.4
Taiwan,TW,2003,"22,561,453",0.37,699.4,1.24,77.4,7.1,1.04,41.3,28.2,13.2,33.4,33.8,33.1
West Bank,XW,2003,"2,081,056",2.18,369,4.29,72.6,25.8,1.04,88.5,81.7,6.8,18,18.2,17.8
 -> 2004,,,--,--,--,--,--,--,--,--,--,--,--,--,--
 -> 2004 -> World,,,"6,444,395,930",--,48.9,--,--,--,--,--,--,--,--,--,--
Afghanistan,AF,2004,"27,875,904",2.59,42.7,7.33,58.6,106.3,1.04,102.7,97.7,5,15.8,15.8,15.8
Albania,AL,2004,"3,030,891",-1.08,110.6,1.92,75.2,19.9,0.99,58.3,45.3,13.1,27.4,28.2,26.6
Algeria,DZ,2004,"32,449,270",1.51,13.6,2.39,73.7,37.2,1.02,53.4,46.3,7.1,23.7,23.8,23.5
American Samoa,AS,2004,"57,338",-0.09,289.6,4.26,70.8,17.7,1.03,72.7,66.5,6.1,21.6,21.8,21.3
Andorra,AD,2004,"73,247",5.68,156.5,1.31,81.3,5.8,1.09,38.3,21.9,16.3,37.6,37.3,37.9
Angola,AO,2004,"17,071,038",4.92,13.7,6.55,50.1,173.8,0.97,97.3,92.4,4.9,16.4,16.7,16.2
Anguilla,AI,2004,"12,780",2.6,140.4,1.74,79.5,5.6,0.97,50.3,39.1,11.1,30.9,31.5,30.3
Antigua and Barbuda,AG,2004,"80,194",1.38,181,2.21,72.3,28.4,0.91,54.5,44.1,10.4,28.4,29.6,27.1
Argentina,AR,2004,"38,945,354",1.12,14.2,2.54,75.4,16.8,0.97,58.6,42,16.6,28.9,29.9,27.9
Armenia,AM,2004,"3,086,693",-0.07,109.4,1.66,72.1,20.4,0.9,52,35.9,16.1,30.2,32.6,27.6
Aruba,AW,2004,"95,444",1.58,530.2,1.86,73.9,20.8,0.91,42.8,29.5,13.3,36.6,38,34.8
Australia,AU,2004,"19,777,611",1.12,2.6,1.76,80.4,5.7,0.99,47.6,29.2,18.4,35.9,36.9,35
Austria,AT,2004,"8,263,235",0.67,100.2,1.43,79.4,5.1,0.95,46.9,23.6,23.3,39.7,40.9,38.6
Azerbaijan,AZ,2004,"8,737,808",0.96,105.7,1.99,68.2,55.1,0.96,51.9,40.8,11.1,27.2,28.8,25.5
"Bahamas, The",BS,2004,"311,285",1.94,31.1,1.9,73.4,16.8,0.92,63.7,55.1,8.6,26.9,27.3,26.5
Bahrain,BH,2004,"848,126",7.97,"1,116.0",2.34,75.9,17.8,1.44,37.5,33.8,3.7,28.7,26,30.1
Bangladesh,BD,2004,"136,763,678",1.36,"1,050.7",2.82,69.1,69,1.01,67.4,60.4,7,21.6,21.9,21.3
Barbados,BB,2004,"280,969",0.54,653.4,1.71,75.1,16.5,0.94,42.7,29.8,12.9,33.9,35,32.9
Belarus,BY,2004,"9,855,646",-0.5,48.6,1.19,69.2,9.2,0.88,44.2,22.9,21.3,37.6,40.3,34.5
Belgium,BE,2004,"10,413,347",0.47,343.9,1.73,79,4.8,0.96,52.4,26.1,26.3,40.1,41.3,38.9
Belize,BZ,2004,"280,469",2.59,12.3,3.21,72.6,21.9,1.01,75.1,68.1,7,20,20.1,19.8
Benin,BJ,2004,"7,589,195",3.03,68.6,5.52,55.4,127.5,0.95,101.3,96.4,4.9,15.9,16.6,15.2
Bermuda,BM,2004,"65,427",0.9,"1,211.6",2.06,80.3,3.2,0.94,46.7,28.4,18.3,39.3,40.5,38
Bhutan,BT,2004,"698,736",1.54,18.2,3.04,63.3,85.7,1.11,65.7,57.6,8,21.4,20.7,22
Bolivia,BO,2004,"8,894,516",2.08,8.2,3.69,67,58.6,0.98,72.7,65,7.7,20.6,21.2,20
Bosnia and Herzegovina,BA,2004,"3,876,893",0.73,75.7,1.19,74.1,8.2,0.95,41,24.8,16.2,36.2,37.5,35
Botswana,BW,2004,"1,781,586",1.77,3.1,3.27,52.8,69.1,0.96,75.7,67.5,8.2,20.7,20.9,20.5
Brazil,BR,2004,"185,755,950",1.24,22.2,2.13,70.6,32,0.98,50.9,42.1,8.8,26.7,27.4,25.9
Brunei,BN,2004,"354,260",1.95,67.3,2.16,74.5,17.4,1.04,47.3,42.8,4.4,26.3,26.1,26.5
Bulgaria,BG,2004,"7,665,632",-0.71,70.7,1.31,72,17.5,0.96,45.1,20.6,24.5,40.3,42.4,38.2
Burkina Faso,BF,2004,"13,206,560",2.7,48.2,6.49,54.8,147.4,0.95,103.4,97.1,6.2,15.9,16.7,15.2
Burma,MM,2004,"48,765,061",1.03,74.6,2.55,62.3,79.8,0.98,56.8,49.3,7.4,24.4,24.9,23.8
Burundi,BI,2004,"7,166,460",3.91,279.1,6.48,57.4,114.6,0.98,93.5,88.3,5.2,17,17.3,16.6
Cabo Verde,CV,2004,"462,775",1.7,114.7,3.09,68.5,44.3,0.93,80.2,69.6,10.6,19.6,20.5,18.8
Cambodia,KH,2004,"13,228,594",1.49,74.9,3.36,61.5,91.5,0.93,68.3,62.4,5.9,20.1,20.9,19.3
Cameroon,CM,2004,"17,678,398",2.71,37.4,5.57,52.8,135.9,0.99,92.1,86.6,5.5,17.1,17.4,16.9
Canada,CA,2004,"32,134,760",0.76,3.5,1.55,80.8,6.1,0.98,45.4,25.5,19.8,38.8,39.7,37.9
Cayman Islands,KY,2004,"43,094",2.72,163.2,1.9,79,12.4,0.96,41.4,30.2,11.2,36.6,36.9,36.3
Central African Republic,CF,2004,"4,257,227",1.67,6.8,5.03,47,165.6,0.97,86.6,79.2,7.4,18.4,18.9,17.9
Chad,TD,2004,"9,540,983",4.78,7.6,7.06,51.4,168.8,0.96,104.3,99.1,5.2,15.6,16.2,15
Chile,CL,2004,"15,807,676",0.91,21.3,1.85,76.5,10.3,0.97,49.6,38.1,11.5,30.2,31.3,29
China,CN,2004,"1,291,742,125",0.53,138.5,1.55,73.2,24,1.06,40.9,30,10.9,32.2,32.6,31.8
Colombia,CO,2004,"42,012,843",1.14,40.4,2.39,73,22.2,0.96,57.7,48.6,9.1,25.6,26.5,24.7
Comoros,KM,2004,"608,249",2.77,272.1,5.25,61.3,113.3,0.95,86.5,79.9,6.6,18.3,18.8,17.7
Congo (Brazzaville),CG,2004,"3,517,081",2.27,10.3,4.75,64.1,90.4,0.99,82.5,75.2,7.3,19,19.3,18.6
Congo (Kinshasa),CD,2004,"59,756,664",3.03,26.4,6.43,52.9,143.8,0.99,98.9,93.9,5,16.2,16.4,16
Cook Islands,CK,2004,"14,050",-3.55,59.5,2.83,73,28.3,1.07,66.3,53.7,12.6,27,27.6,26.4
Costa Rica,CR,2004,"4,145,370",1.49,81.2,2.05,76.4,11.6,1.01,50.9,42.6,8.3,26.5,27.1,26
C“te d'Ivoire,CI,2004,"18,047,360",2.87,56.8,5.37,52.2,126.6,1.03,84.7,80.5,4.2,17.8,17.6,17.9
Croatia,HR,2004,"4,441,435",0.05,79.3,1.32,75.3,7.2,0.93,47.8,23.8,24,39.9,41.8,38
Cuba,CU,2004,"11,252,574",0.12,102.5,1.57,77.2,7.9,1,44.3,28.7,15.6,35.4,36,34.8
Cura‡ao,CW,2004,"134,610",0.99,303.2,2.13,75.1,13.2,0.9,51.3,34.3,17,36.7,39,33.5
Cyprus,CY,2004,"987,192",2.5,106.8,1.49,76.3,13.5,1.04,41,28.1,12.9,32.8,34.5,31.3
Czechia,CZ,2004,"10,247,112",0.09,132.7,1.23,75.9,4.6,0.95,41.1,21.3,19.8,38.6,40.4,36.8
Denmark,DK,2004,"5,400,727",0.25,127.3,1.79,77.7,5.3,0.98,51.1,28.5,22.6,39.3,40.2,38.4
Djibouti,DJ,2004,"656,304",1.29,28.3,3.63,58.6,93.4,0.89,75.3,70.2,5.1,19.6,20.9,18.3
Dominica,DM,2004,"72,154",0.44,96.1,2.16,76,16.1,1.01,61,44.1,16.9,28.3,28.9,27.7
Dominican Republic,DO,2004,"8,730,936",1.42,180.7,2.84,68.1,38.5,1.03,62,54.7,7.2,23.2,23.4,23.1
Ecuador,EC,2004,"13,271,085",1.77,53.4,3.21,75.9,23.8,0.99,68.7,58,10.7,23.1,23.6,22.6
Egypt,EG,2004,"71,310,598",2.08,71.6,3.2,69.1,38.5,1.04,61.6,55.8,5.7,21.7,21.9,21.6
El Salvador,SV,2004,"5,897,097",0.14,284.6,2.6,70.3,27.1,0.94,71.8,62.4,9.4,21.5,22.8,20.2
Equatorial Guinea,GQ,2004,"711,710",5.54,25.4,5.44,59.4,137.1,0.96,79.7,71.4,8.3,19.8,20.5,19.2
Eritrea,ER,2004,"4,551,365",3.86,45.1,5.45,61,89.6,0.97,87,80.4,6.6,18.3,18.8,17.8
Estonia,EE,2004,"1,340,354",-0.62,31.6,1.49,71.9,8,0.85,47.4,23.2,24.2,38.9,42.2,35.2
Eswatini,SZ,2004,"1,024,641",-0.15,59.6,3.94,47.9,108.8,0.93,74.7,69.1,5.6,19,19.6,18.5
Ethiopia,ET,2004,"69,811,259",2.64,63.7,5.23,56,116.6,1,83.6,78.2,5.4,18.3,18.3,18.3
Faroe Islands,FO,2004,"48,289",0.34,34.7,2.58,79.6,8.8,1.08,57.4,36.3,21.1,35.8,36.4,35.2
Fiji,FJ,2004,"829,715",0.77,45.4,2.67,69.1,26.6,1.03,54,47.7,6.3,24.6,24.8,24.4
Finland,FI,2004,"5,220,193",0.32,17.2,1.81,78.7,4.2,0.96,49.9,26.3,23.6,40.6,42.1,39.2
France,FR,2004,"62,708,105",0.63,97.9,1.92,80.2,5.4,0.95,53.8,29,24.9,38.3,39.7,36.8
French Polynesia,PF,2004,"250,797",1.2,65.5,2.2,74.2,17.2,1.05,51.6,44.1,7.5,26.7,26.5,26.9
Gabon,GA,2004,"1,319,661",3.35,5.1,4.16,59.9,84.7,0.98,83.2,74.7,8.6,19.4,19.9,18.9
"Gambia, The",GM,2004,"1,468,112",2.7,145.1,6.06,61,97.5,0.98,95.5,91.1,4.4,16.5,17,16
Georgia,GE,2004,"4,742,862",0.2,68,1.66,72.8,26.4,0.91,53.7,30.6,23.1,36.4,38.7,33.9
Germany,DE,2004,"82,487,209",-0.04,236.6,1.35,79.1,5.1,0.96,49,21.7,27.2,41.6,43,40.4
Ghana,GH,2004,"21,086,078",2.53,92.7,4.41,61.1,86,0.96,80.8,72.7,8.1,19.3,19.9,18.8
Gibraltar,GI,2004,"28,383",-0.02,"4,054.7",2.2,76.5,10.4,1.03,55.2,36.3,18.8,31.7,32.1,31.2
Greece,GR,2004,"10,999,476",-0.09,84.2,1.31,79.1,5,0.97,49.5,22.4,27.1,39.4,40.6,38.2
Greenland,GL,2004,"57,701",0.32,0,2.36,68.4,12.6,1.14,44.8,36.6,8.2,33.4,31.8,34.7
Grenada,GD,2004,"103,965",0.69,302.2,2.63,70.4,15.6,1.01,59.8,46.9,12.9,25.5,25.5,25.4
Guam,GU,2004,"158,843",0.54,292,2.96,76.1,13.5,1.05,56.4,47.1,9.3,28,28.3,27.8
Guatemala,GT,2004,"12,387,395",2.55,115.6,4.04,67.9,50.7,0.99,82.4,75.8,6.5,18.8,19.4,18.2
Guernsey,GG,2004,"62,857",0.38,805.9,1.31,80.4,5,0.96,48,24.1,23.9,40.1,40.8,39.3
Guinea,GN,2004,"8,316,554",2.1,33.8,5.49,53.4,142.2,0.99,84.1,77.7,6.3,18.8,19.1,18.5
Guinea-Bissau,GW,2004,"1,317,437",2.25,46.9,5.34,52,149.9,0.94,88.8,83.1,5.7,17.7,18.3,17
Guyana,GY,2004,"793,580",0.35,4,3.18,68.3,42.5,1.04,64.7,57.7,7,22.3,22.5,22.1
Haiti,HT,2004,"8,900,109",1.81,322.9,4.09,58.1,96.8,0.97,77.5,71.2,6.4,19.5,19.8,19.2
Honduras,HN,2004,"7,028,066",2.36,62.8,3.72,69.4,30.7,0.97,80.8,73.9,6.9,19.2,19.8,18.7
Hong Kong,HK,2004,"6,847,993",0.89,"6,382.1",0.92,81.6,3.8,0.94,37.1,20.6,16.5,38.4,38.4,38.5
Hungary,HU,2004,"10,072,608",-0.16,112.4,1.29,72.7,7.7,0.91,45.9,23.5,22.4,38.7,41.6,36.1
Iceland,IS,2004,"292,078",1.01,2.9,2.05,80.9,5,1,52.2,34.2,18,34,34.5,33.4
India,IN,2004,"1,121,076,540",1.56,377.1,2.95,64.7,76.3,1.07,61.2,53.3,7.8,23.7,24.3,23.1
Indonesia,ID,2004,"227,321,651",1.31,125.5,2.54,67.5,47,1,54.2,46.2,8,25.8,26.3,25.4
Iran,IR,2004,"69,600,627",1.31,45.4,1.97,69.4,63.9,1.03,50.5,43,7.5,23.6,23.8,23.4
Iraq,IQ,2004,"25,829,218",3.12,59.1,4.7,66.9,42.1,1.02,78.7,73.7,5,18.8,18.9,18.6
Ireland,IE,2004,"4,091,162",2.64,59.4,1.92,78.4,5.4,1,46.5,30.3,16.2,33.1,33.8,32.5
Isle of Man,IM,2004,"78,744",1.04,137.7,1.71,79.3,6.4,0.97,52.4,26.7,25.6,40.5,41.3,39.7
Israel,IL,2004,"6,615,265",1.91,307.7,2.92,80.2,5.4,1,61.7,45.8,15.8,28.2,29,27.5
Italy,IT,2004,"58,716,001",0.68,199.6,1.31,81,4.6,0.93,50.2,21,29.2,41.5,42.9,40.1
Jamaica,JM,2004,"2,852,841",0.03,263.4,2.42,71.5,22.3,0.98,64.2,53.3,10.8,23.7,24.2,23.1
Japan,JP,2004,"127,668,360",0.06,350.3,1.29,82,3.8,0.95,50.5,21.5,29,42.8,44.2,41.5
Jersey,JE,2004,"88,171",0.14,760.1,1.56,79.7,5.9,0.96,47,25.3,21.6,39.6,40.2,39
Jordan,JO,2004,"5,253,826",2.58,59.2,3.88,71,29.9,1.05,74.2,68.5,5.6,19.8,19.8,19.8
Kazakhstan,KZ,2004,"15,988,620",0.77,5.9,2.11,65.1,36.8,0.93,48.8,38.1,10.7,28,29.7,26.4
Kenya,KE,2004,"33,088,695",3.03,58.1,4.98,63.8,66,0.99,84.8,78.6,6.2,18.2,18.4,17.9
Kiribati,KI,2004,"91,331",1.58,112.6,3.57,61.8,64.4,0.98,71.2,65.2,6,20.3,21.1,19.5
"Korea, North",KP,2004,"23,523,484",0.63,195.4,2.08,65.2,50.2,0.94,49,38,11,31.2,32.5,29.7
"Korea, South",KR,2004,"48,343,348",0.38,498.8,1.22,78,5.9,1.01,39.3,27.1,12.2,34.3,35.3,33.3
Kuwait,KW,2004,"2,197,249",2.64,123.3,2.65,75,13.3,1.45,39.1,37,2.1,27.7,25.2,29.1
Kyrgyzstan,KG,2004,"5,113,532",1.09,26.7,2.67,67.6,45.4,0.97,60.6,51,9.6,23.3,24.2,22.5
Laos,LA,2004,"5,746,043",1.59,24.9,3.92,59.3,101.6,0.98,80.5,74.1,6.5,19,19.3,18.7
Latvia,LV,2004,"2,283,318",-1.17,36.7,1.28,70.6,11.2,0.85,45.2,22.1,23.1,39,42,35.7
Lebanon,LB,2004,"4,530,417",1.89,442.9,2.58,74.8,15.2,0.98,56.8,47.8,9.1,25.7,26.6,24.9
Lesotho,LS,2004,"1,923,849",0.28,63.4,3.45,46.6,117,0.96,66.2,57.9,8.3,21.6,21.8,21.4
Liberia,LR,2004,"2,907,801",2.75,30.2,5.65,52.2,147,1,85.5,80.6,4.9,17.8,17.9,17.8
Libya,LY,2004,"5,539,363",--,3.1,--,--,--,--,--,--,--,--,--,--
Liechtenstein,LI,2004,"34,574",0.89,216.1,1.43,81,5.7,0.97,40,24.6,15.4,38,38.7,37.3
Lithuania,LT,2004,"3,384,472",-1.37,54,1.26,71.9,9.8,0.87,48.7,26.3,22.5,37.4,40.2,34.5
Luxembourg,LU,2004,"460,400",1.36,178,1.73,79.9,4.7,0.98,50.2,28.2,22,38.5,39.5,37.6
Macau,MO,2004,"455,227",3.49,"16,258.1",0.85,83.5,6.2,0.91,35.9,25.1,10.8,35.4,35.3,35.6
Madagascar,MG,2004,"17,585,638",2.86,30.2,5.04,62.1,82.1,1,89.5,83.4,6.1,17.7,17.9,17.5
Malawi,MW,2004,"12,363,024",3.18,131.4,5.96,61.9,119.2,0.97,98.5,92.1,6.4,16.6,16.7,16.5
Malaysia,MY,2004,"25,696,144",2.22,78.2,2.37,74.1,8.3,1.05,55,48.1,6.9,24.6,24.7,24.4
Maldives,MV,2004,"326,599",2.7,"1,096.0",2.26,72.7,51,1.21,54.7,48.6,6.1,22.5,21.3,23.3
Mali,ML,2004,"12,102,276",2.89,9.9,6.92,53.9,181.5,0.96,107.5,100.5,7,15.7,16.2,15.2
Malta,MT,2004,"404,123",0.61,"1,278.9",1.42,79.5,7.8,0.98,45.4,25.9,19.5,38.2,39.7,36.8
Marshall Islands,MH,2004,"57,732",2.29,319,4.02,69.6,40.7,1.04,70.2,65.6,4.6,19.6,19.6,19.7
Mauritania,MR,2004,"2,796,948",2.64,2.7,5.65,64.2,74,0.98,88.1,81.1,6.9,18.4,18.9,17.9
Mauritius,MU,2004,"1,232,854",0.82,607.3,1.87,72.3,17.3,0.97,45.4,35.9,9.5,29.9,30.7,29.1
Mexico,MX,2004,"105,230,503",1.31,54.1,2.55,73.8,23.3,0.97,59.6,51.1,8.5,24.4,25.2,23.5
"Micronesia, Federated States of",FM,2004,"108,097",-0.02,154,3.37,69.3,41.2,1.01,68.9,63.7,5.2,20.2,20.6,19.7
Moldova,MD,2004,"3,994,611",-1.11,121.4,1.41,67.9,18.9,0.93,43.5,28.3,15.2,32.9,35.2,30.9
Monaco,MC,2004,"31,265",-0.52,"15,632.5",1.24,89.8,1.9,0.96,56.4,20.6,35.8,46.7,47.9,45.4
Mongolia,MN,2004,"2,574,146",1.09,1.7,1.98,65.8,48,0.98,52.6,46.9,5.7,23.3,23.8,22.8
Montenegro,ME,2004,"620,511",0.07,46.1,1.73,74.4,13,0.97,50.6,31.9,18.7,34.2,35.4,32.9
Montserrat,MS,2004,"4,963",-48.58,48.7,0.98,73.1,17.8,1.03,59.7,46,13.6,26,25.9,26.2
Morocco,MA,2004,"29,903,483",1.21,41.7,2.74,68,45.4,0.98,59,50.6,8.4,23.6,24.1,23
Mozambique,MZ,2004,"20,060,939",2.08,25.5,5.61,46.3,182.7,0.95,90.4,84.6,5.8,17.6,18.4,16.7
Namibia,NA,2004,"2,017,901",1.28,2.5,3.98,52.7,91.7,0.99,76.4,70.7,5.7,19.5,19.7,19.2
Nauru,NR,2004,"9,958",0.41,474.2,3.34,62,14.2,1.03,61.4,58.8,2.6,20.9,21.3,20.6
Nepal,NP,2004,"24,988,596",1.23,174.3,3.38,64.1,67.9,0.96,79.7,72.5,7.2,19.5,20.2,18.7
Netherlands,NL,2004,"16,266,339",0.25,479.9,1.71,79.1,5.3,0.98,48,27.3,20.7,38.7,39.6,37.9
New Caledonia,NC,2004,"228,021",1.92,12.5,2.13,75.3,11.9,1.01,53.1,43.4,9.7,27.8,28.1,27.5
New Zealand,NZ,2004,"4,008,166",0.99,15.2,2.08,79.3,6.8,0.99,50.9,32.9,17.9,35.2,36.1,34.3
Nicaragua,NI,2004,"5,174,015",1.45,43.1,2.7,70.7,31.1,0.97,72.8,66.3,6.5,20.1,20.8,19.5
Niger,NE,2004,"12,427,578",3.76,9.8,8.24,49.9,179.3,0.99,110.5,104.8,5.7,15.1,15.5,14.7
Nigeria,NG,2004,"140,534,504",2.84,154.3,5.95,50.5,162.1,1.03,86.9,81.5,5.4,18,18.1,17.9
North Macedonia,MK,2004,"2,051,932",0.3,80.7,1.48,73.5,14.6,1,45.9,30.4,15.5,33.5,34.5,32.5
Northern Mariana Islands,MP,2004,"68,174",-0.62,144.4,1.82,73.8,18.5,0.87,38.2,35.4,2.8,29.2,27.9,31.4
Norway,NO,2004,"4,593,414",0.63,15.1,1.84,79.9,4,0.98,52.8,30.2,22.6,37.8,38.7,36.9
Oman,OM,2004,"2,644,368",1.93,8.5,3.15,72.5,29.1,1.28,60.7,56.5,4.1,22,19.7,24
Pakistan,PK,2004,"164,483,105",2.09,213.4,4.79,63.6,106.9,1.06,79.2,71.9,7.3,19.7,19.7,19.7
Palau,PW,2004,"20,156",0.83,43.9,2.26,69.6,20,1.18,44.8,36.4,8.4,31.3,31.3,31.3
Panama,PA,2004,"3,142,322",1.84,42.3,2.56,76.1,20.6,1.02,58.2,48.4,9.9,25.9,26.1,25.6
Papua New Guinea,PG,2004,"6,037,812",2.62,13.3,4.39,64.7,65.3,1.05,77.2,72.3,4.9,19.4,19.3,19.5
Paraguay,PY,2004,"5,825,838",1.69,14.7,2.76,74.5,44,1.01,66.9,58.1,8.8,22.6,22.8,22.3
Peru,PE,2004,"27,505,564",1.64,21.5,2.78,72.5,28.8,0.99,61.1,52.5,8.5,23.6,24.1,23.1
Philippines,PH,2004,"83,600,001",2.08,280.4,3.51,69.8,35.3,1,67.7,61.2,6.5,21.5,21.9,21.1
Poland,PL,2004,"38,574,205",-0.05,126.8,1.2,75,7.9,0.94,42.4,23.8,18.6,36.4,38.5,34.5
Portugal,PT,2004,"10,557,290",0.21,115.4,1.36,78,5,0.93,49.2,24.4,24.8,38,40,35.9
Puerto Rico,PR,2004,"3,827,008",--,431.5,--,--,--,--,--,--,--,--,--,--
Qatar,QA,2004,"825,458",17.82,71.2,2.6,76.4,13.3,2.11,28.9,27.5,1.4,30.5,25,32.4
Romania,RO,2004,"21,573,639",-0.78,93.8,1.31,72,19.9,0.95,45.5,23.5,22,36.4,37.6,35.3
Russia,RU,2004,"144,966,251",-0.47,8.9,1.36,66.5,14,0.87,40.4,21.2,19.2,37.9,40.8,34.6
Rwanda,RW,2004,"8,660,915",2.39,351.1,5.48,55.9,120.9,0.93,87.1,81.9,5.2,17.4,18.1,16.7
Saint Barthelemy,BL,2004,"7,556",0.53,302.2,1.62,77.5,10.8,1.15,35.7,25.7,10,36,35.7,36.2
"Saint Helena, Ascension, and Tristan da Cunha",SH,2004,"7,438",0.63,18.9,1.54,77.4,32.6,1.03,40.1,26.2,13.9,34.9,34.7,35.1
Saint Kitts and Nevis,KN,2004,"47,527",0.74,182.1,1.66,72.3,22.6,0.99,52.2,40.5,11.7,28.4,28.6,28.3
Saint Lucia,LC,2004,"156,646",0.42,258.5,1.89,74.3,19.3,0.96,57,44.1,12.9,26.7,27.7,25.8
Saint Martin,MF,2004,"27,503",0.97,509.3,1.83,77.5,10.8,0.93,48.1,41.3,6.8,29.2,29.9,28.4
Saint Pierre and Miquelon,PM,2004,"6,268",-0.69,25.9,1.52,79.8,11.1,1,44.9,26.2,18.7,38.4,38.9,37.9
Saint Vincent and the Grenadines,VC,2004,"106,464",-0.42,273.7,2.15,71.8,28.3,1.02,57.7,46.3,11.4,26,26,26
Samoa,WS,2004,"182,772",0.93,64.8,4.27,70.4,36.2,1.07,78.3,69.7,8.6,20.4,20.4,20.3
San Marino,SM,2004,"29,212",1.58,478.9,1.4,83.5,7.6,0.94,49.9,25.1,24.8,39.9,40.4,39.4
Sao Tome and Principe,ST,2004,"153,955",2.27,159.7,5.79,60.5,99.5,0.99,95,87.4,7.6,17.3,17.7,16.8
Saudi Arabia,SA,2004,"23,234,774",1.81,10.8,3.25,72.8,22,1.24,60.2,55.8,4.4,22.7,20.4,24.6
Senegal,SN,2004,"10,559,162",2.89,54.8,5.48,60.3,98.8,0.95,92.1,86.6,5.5,17.1,17.9,16.3
Serbia,RS,2004,"7,462,421",-0.46,96.3,1.57,72.7,9.4,0.95,48.8,23.9,25,40.4,42,38.8
Seychelles,SC,2004,"82,953",1.07,182.3,2.06,70.2,25.3,1.01,48.7,38,10.7,29.1,29.6,28.6
Sierra Leone,SL,2004,"5,111,786",3.18,71.4,5.65,45.6,208.1,0.95,88.6,82.6,6,17.8,18.3,17.3
Singapore,SG,2004,"4,673,533",2.26,"6,591.7",1.26,81.1,2.2,0.98,38.4,29.8,8.6,31.3,31.5,31.2
Sint Maarten,SX,2004,"32,771",2.86,963.9,1.68,74.2,14.3,0.96,38.5,34,4.5,34.7,34.9,34.4
Slovakia,SK,2004,"5,405,580",0.05,112.4,1.26,74.1,8.6,0.94,40.9,24.2,16.6,35.4,37.3,33.5
Slovenia,SI,2004,"2,016,922",0.07,100.1,1.23,77.3,4.7,0.95,41.7,20.1,21.6,39.9,41.5,38.4
Solomon Islands,SB,2004,"480,781",2.57,17.2,4.22,72.4,38,1.04,78.9,72.4,6.5,19.5,19.6,19.4
Somalia,SO,2004,"10,569,017",3.13,16.8,7.41,50.6,173,1.01,108.8,103.5,5.3,15.2,15.5,14.8
South Africa,ZA,2004,"47,658,777",1.44,39.2,2.45,59,75.3,0.97,54.4,46.7,7.6,24.1,24.6,23.6
South Sudan,SS,2004,"7,472,992",--,11.6,--,--,--,--,--,--,--,--,--,--
Spain,ES,2004,"43,000,157",1.61,86.2,1.31,80.1,4.9,0.97,45.4,21,24.4,38.4,39.8,37.1
Sri Lanka,LK,2004,"19,733,963",0.85,305.3,2.31,66.8,33.1,0.98,49.7,39.8,9.9,28,28.7,27.3
Sudan,SD,2004,"30,266,982",--,16.3,--,--,--,--,--,--,--,--,--,--
Suriname,SR,2004,"488,168",1.09,3.1,2.41,68.8,49.4,0.98,57.2,48.1,9.1,24.6,25.5,23.8
Sweden,SE,2004,"9,046,267",0.4,22,1.75,80.4,3.6,0.98,53.3,26.9,26.4,40.2,41.3,39.2
Switzerland,CH,2004,"7,415,374",0.56,185.4,1.4,81,5.2,0.96,47.5,24.4,23.1,39.8,40.7,38.8
Syria,SY,2004,"18,082,580",2.65,97.3,3.88,73.5,19.6,1.05,76.7,71,5.7,19.2,19.3,19.2
Tajikistan,TJ,2004,"6,599,573",1.91,46.6,3.35,64.4,66.8,1,68.7,61.8,6.9,20.4,20.7,20.1
Tanzania,TZ,2004,"37,229,307",2.74,42,5.33,54.1,101,0.99,90.4,84.8,5.5,17.4,17.7,17.1
Thailand,TH,2004,"63,442,956",0.85,124.2,1.63,72.5,18.5,0.97,42.6,32.2,10.4,31.8,32.6,31
Timor-Leste,TL,2004,"950,514",0.04,63.9,5.96,59.3,102,1.04,92.7,86.3,6.4,17.4,17.7,17.1
Togo,TG,2004,"5,283,733",2.55,97.2,5.1,62.2,106.8,0.96,81.8,76,5.9,18.5,19,18
Tonga,TO,2004,"102,666",0.59,143.2,4.28,74.2,20,1.01,81.5,71.2,10.3,20.2,20.6,19.8
Trinidad and Tobago,TT,2004,"1,283,298",0.44,250.3,1.61,71.4,28.2,1.01,41.8,31.4,10.4,29.6,29.9,29.3
Tunisia,TN,2004,"9,938,757",0.93,64,2,73.3,24.4,1.01,50.3,40.3,10,26.4,26.9,25.9
Turkey,TR,2004,"69,583,061",1.27,90.4,2.36,71.3,35.2,1.02,53.8,44.8,8.9,25.7,26,25.3
Turkmenistan,TM,2004,"4,608,496",1.2,9.8,2.47,66.2,71.1,0.98,60.3,53.2,7.1,22.5,22.9,22
Turks and Caicos Islands,TC,2004,"24,950",9.85,26.3,2.24,80.9,13.8,1.02,48.7,43.2,5.4,28.3,27.9,28.6
Tuvalu,TV,2004,"10,116",0.54,389.1,3.35,62.3,72.9,0.96,68.2,58.6,9.6,22.9,25.5,20.5
Uganda,UG,2004,"26,277,878",2.85,133.3,6.96,53.8,115.1,0.95,113.9,107.9,5.9,14.8,15.3,14.3
Ukraine,UA,2004,"47,342,447",-0.69,81.7,1.22,68.2,12.8,0.86,44.5,21.7,22.9,38.8,41.8,35.4
United Arab Emirates,AE,2004,"3,819,555",3.17,45.7,2.46,76.6,9.9,2.14,28,26.7,1.2,29.5,24.3,31.3
United Kingdom,GB,2004,"60,126,952",0.63,248.5,1.79,78.8,6.1,0.97,51.5,27.6,23.9,38.5,39.7,37.4
United States,US,2004,"292,805,298",--,32,--,--,--,0.97,49.4,31,18.5,--,--,--
Uruguay,UY,2004,"3,297,467",0.34,18.8,2.1,74.8,16.1,0.94,59.6,38.1,21.5,32.5,34.2,31
Uzbekistan,UZ,2004,"26,292,535",1.22,61.8,2.39,71.9,31.1,0.99,61.3,53.3,8,22.5,23.1,22
Vanuatu,VU,2004,"212,340",2.53,17.4,4.38,69.1,33.1,1.03,81.1,75.5,5.6,19.1,19.4,18.8
Venezuela,VE,2004,"25,926,640",1.63,29.4,2.69,73,22.4,0.98,59.4,51.7,7.7,23.9,24.5,23.3
Vietnam,VN,2004,"83,800,250",1.37,270.3,2.23,72.3,29.6,0.98,54.1,45.3,8.9,24.9,25.9,23.9
"Virgin Islands, British",VG,2004,"25,115",2.7,166.3,1.44,77.3,20.2,0.96,37.9,30.2,7.7,32.7,32.6,32.8
"Virgin Islands, U.S.",VI,2004,"108,466",-0.01,311.7,2.17,77.8,10.4,0.92,50.7,36.2,14.5,35.6,36.1,34.9
Wallis and Futuna,WF,2004,"15,036",0.43,105.9,2.14,76.7,5.9,1.01,61,51.1,9.9,24,25.2,22.9
Yemen,YE,2004,"20,473,523",2.6,38.8,5.89,62.9,76.5,1.02,96.3,90.2,6.1,16.6,16.7,16.4
Zambia,ZM,2004,"11,399,442",2.58,15.3,6.02,50.1,118.2,1,94.7,89.7,5,16.8,16.9,16.7
Zimbabwe,ZW,2004,"13,087,806",1.43,33.8,3.81,46.5,93.8,0.99,75.9,70,5.9,19.1,19.4,18.8
Gaza Strip,XG,2004,"1,269,814",2.87,"3,527.3",6.2,71.4,28.5,1.03,108.3,102.5,5.7,15.3,15.5,15.1
Kosovo,XK,2004,"1,757,128",0.55,161.4,2.53,68.4,61.9,1.06,55.7,46.2,9.5,24.2,24.8,23.7
Taiwan,TW,2004,"22,646,408",0.38,702,1.18,77.6,6.9,1.04,40.8,27.3,13.5,34,34.3,33.6
West Bank,XW,2004,"2,126,516",2.15,377,4.23,72.8,25.3,1.04,86.9,80.3,6.7,18.1,18.3,17.9
 -> 2005,,,--,--,--,--,--,--,--,--,--,--,--,--,--
 -> 2005 -> World,,,"6,524,073,402",--,49.5,--,--,--,--,--,--,--,--,--,--
Afghanistan,AF,2005,"28,870,154",4.39,44.3,7.2,59.2,102.3,1.04,102.8,97.7,5.1,15.8,15.8,15.8
Albania,AL,2005,"2,998,312",-1.09,109.4,1.77,75.7,18.7,0.99,57,43.5,13.5,27.8,28.6,26.9
Algeria,DZ,2005,"32,916,406",1.35,13.8,2.45,73.5,37.5,1.02,51.9,44.8,7.1,24.1,24.3,23.9
American Samoa,AS,2005,"57,297",-0.06,289.4,4.37,71.7,16.9,1.03,72.3,66,6.3,21.6,21.9,21.3
Andorra,AD,2005,"76,122",2.09,162.7,1.3,81.9,5.2,1.09,38.1,21.9,16.2,37.8,37.5,38.1
Angola,AO,2005,"17,884,556",4.4,14.3,6.5,51.4,164.3,0.96,97.9,93,4.9,16.4,16.7,16.1
Anguilla,AI,2005,"13,111",2.53,144.1,1.74,79.6,5.5,0.97,49.1,38.1,11,31.3,32,30.6
Antigua and Barbuda,AG,2005,"81,277",1.3,183.5,2.11,72.7,27.7,0.91,53.6,43.4,10.2,28.7,29.9,27.3
Argentina,AR,2005,"39,367,281",1.04,14.4,2.43,75.7,15.3,0.97,58.3,41.7,16.6,29.1,30.1,28.1
Armenia,AM,2005,"3,084,082",-0.1,109.4,1.62,72.2,19.9,0.9,50.9,34.3,16.6,30.5,32.9,28
Aruba,AW,2005,"96,951",1.56,538.6,1.85,74.1,20.4,0.91,42.7,29,13.6,36.9,38.4,35
Australia,AU,2005,"20,014,831",1.26,2.6,1.8,80.8,6,0.99,47.4,28.9,18.5,36.2,37.1,35.3
Austria,AT,2005,"8,314,652",0.57,100.9,1.42,79.6,5,0.95,47.5,23.4,24.1,40.1,41.2,39
Azerbaijan,AZ,2005,"8,826,423",1.05,106.8,2.08,69.1,47.1,0.96,50.1,39.1,11.1,27.4,29.1,25.8
"Bahamas, The",BS,2005,"317,479",2,31.7,2.05,73.5,16.9,0.91,63.8,55.1,8.7,27,27.3,26.7
Bahrain,BH,2005,"915,968",7.44,"1,205.2",2.18,76.5,16.9,1.48,35.4,31.8,3.6,29,26.4,30.4
Bangladesh,BD,2005,"138,574,556",1.27,"1,064.6",2.72,69.5,65.7,1.01,66,58.8,7.1,22,22.3,21.6
Barbados,BB,2005,"282,477",0.53,656.9,1.71,75.3,16.2,0.94,42,29.1,12.9,34.3,35.4,33.3
Belarus,BY,2005,"9,806,451",-0.5,48.3,1.21,69.1,9.2,0.88,43.4,22.1,21.4,37.8,40.6,34.7
Belgium,BE,2005,"10,469,151",0.6,345.8,1.77,79,4.8,0.96,52.3,25.9,26.4,40.3,41.5,39.1
Belize,BZ,2005,"287,713",2.51,12.6,3.12,72.7,21.3,1.01,73.3,66.4,7,20.2,20.4,20.1
Benin,BJ,2005,"7,837,870",3.42,70.9,5.53,55.8,123.9,0.95,100.8,95.9,4.9,16,16.6,15.3
Bermuda,BM,2005,"66,002",0.85,"1,222.3",2.09,80,3.3,0.94,47.1,28.3,18.7,39.8,41,38.4
Bhutan,BT,2005,"709,325",1.47,18.5,2.87,63.6,83.3,1.1,63.5,55.4,8.1,21.8,21.1,22.4
Bolivia,BO,2005,"9,080,521",2.06,8.4,3.62,67.6,55.4,0.99,71.7,63.9,7.8,20.9,21.5,20.3
Bosnia and Herzegovina,BA,2005,"3,893,097",0.11,76.1,1.17,74,8.1,0.95,40.7,24,16.6,36.7,38,35.5
Botswana,BW,2005,"1,813,417",1.77,3.2,3.18,53.8,66.1,0.96,74.5,66.3,8.2,20.9,21.2,20.5
Brazil,BR,2005,"188,016,152",1.18,22.5,2.06,70.9,31,0.98,50.3,41.4,9,27,27.8,26.3
Brunei,BN,2005,"361,037",1.84,68.6,2.03,74.7,17.1,1.04,46.2,41.7,4.5,26.6,26.4,26.8
Bulgaria,BG,2005,"7,611,111",-0.72,70.2,1.34,72.1,15.1,0.96,44.7,20.2,24.5,40.5,42.6,38.3
Burkina Faso,BF,2005,"13,569,965",2.73,49.6,6.39,55.4,141.6,0.95,102.2,96,6.3,16.1,16.8,15.3
Burma,MM,2005,"49,258,527",0.98,75.4,2.54,62.7,77.4,0.98,55.9,48.4,7.5,24.7,25.3,24.1
Burundi,BI,2005,"7,439,109",3.57,289.7,6.46,58.1,109.2,0.98,93.5,88.3,5.2,17,17.3,16.6
Cabo Verde,CV,2005,"470,564",1.64,116.7,2.96,68.8,43.2,0.93,77.5,66.9,10.6,20,20.9,19.2
Cambodia,KH,2005,"13,430,639",1.54,76.1,3.29,62.7,83.2,0.93,65.7,59.8,5.9,20.5,21.3,19.7
Cameroon,CM,2005,"18,160,990",2.68,38.4,5.52,53.4,131.1,0.99,91.5,86,5.5,17.2,17.4,17
Canada,CA,2005,"32,390,569",0.83,3.6,1.58,81,6,0.98,45,25,20,39.2,40.1,38.2
Cayman Islands,KY,2005,"44,264",2.65,167.7,1.9,79.1,12.2,0.96,41.1,29.7,11.5,36.9,37.2,36.6
Central African Republic,CF,2005,"4,331,911",1.81,7,4.95,47,164.3,0.97,86.1,78.7,7.3,18.4,19,17.9
Chad,TD,2005,"9,958,507",3.8,7.9,7,51.9,164.9,0.96,103.7,98.6,5.1,15.6,16.3,15
Chile,CL,2005,"15,952,148",0.91,21.4,1.85,76.9,9.7,0.97,48.5,36.8,11.7,30.5,31.7,29.4
China,CN,2005,"1,298,657,559",0.54,139.2,1.58,73.6,22.4,1.06,38.8,27.8,10.9,32.7,33.1,32.3
Colombia,CO,2005,"42,482,621",1.08,40.9,2.33,73.2,21.5,0.96,56.8,47.5,9.3,25.9,26.8,25
Comoros,KM,2005,"625,405",2.79,279.8,5.25,61.6,111,0.95,86.8,80.1,6.7,18.3,18.8,17.8
Congo (Brazzaville),CG,2005,"3,611,269",3.01,10.6,4.79,65.1,85.1,0.99,82,74.7,7.2,19.1,19.4,18.7
Congo (Kinshasa),CD,2005,"61,637,003",3.17,27.2,6.35,53.5,138.9,0.99,98.2,93.3,5,16.3,16.5,16
Cook Islands,CK,2005,"13,563",-3.5,57.5,2.75,73.2,27.7,1.07,64.9,51.7,13.2,27.8,28.4,27.1
Costa Rica,CR,2005,"4,206,725",1.45,82.4,2,76.5,11.9,1.01,49.5,41.2,8.3,26.9,27.4,26.4
C“te d'Ivoire,CI,2005,"18,559,048",2.73,58.4,5.33,52.9,123,1.03,84.2,80,4.3,17.9,17.7,18
Croatia,HR,2005,"4,441,957",-0.02,79.4,1.39,75.2,7.3,0.93,47.7,23.5,24.2,40.1,42,38.2
Cuba,CU,2005,"11,260,086",0.02,102.5,1.52,77.1,7.6,1,43.8,27.8,15.9,35.9,36.5,35.3
Cura‡ao,CW,2005,"136,036",1.12,306.4,2.23,76.2,11.9,0.91,51,33.9,17.1,36.7,39.2,33.4
Cyprus,CY,2005,"1,010,742",2.28,109.4,1.42,76.2,13.4,1.04,39.8,26.9,12.9,33.1,34.8,31.6
Czechia,CZ,2005,"10,266,924",0.3,132.9,1.29,76.1,4.2,0.95,40.8,20.9,20,38.8,40.6,37
Denmark,DK,2005,"5,415,505",0.29,127.6,1.8,78.1,5.1,0.98,51.2,28.4,22.8,39.6,40.5,38.7
Djibouti,DJ,2005,"665,314",1.44,28.7,3.45,59,91.6,0.89,73.6,68.5,5.1,19.8,21.1,18.4
Dominica,DM,2005,"72,398",0.24,96.4,2.14,76.1,15.9,1.01,59.3,42.5,16.7,28.5,29.1,27.9
Dominican Republic,DO,2005,"8,854,295",1.39,183.2,2.78,68.3,37.6,1.03,61.2,53.9,7.3,23.5,23.6,23.4
Ecuador,EC,2005,"13,637,183",3.65,54.9,3.18,76.2,22.7,0.99,68.3,57.5,10.7,23.3,23.9,22.8
Egypt,EG,2005,"72,803,615",2.06,73.1,3.12,69.5,36.7,1.04,60.5,54.8,5.7,22,22.1,21.9
El Salvador,SV,2005,"5,915,632",0.49,285.5,2.5,70.6,25.6,0.94,70.2,60.8,9.4,21.8,23.2,20.5
Equatorial Guinea,GQ,2005,"752,209",5.52,26.8,5.38,60.1,132.4,0.97,79.5,71.2,8.3,19.9,20.5,19.4
Eritrea,ER,2005,"4,709,533",2.99,46.6,5.3,61.4,87.5,0.97,86.8,80.1,6.7,18.3,18.8,17.9
Estonia,EE,2005,"1,331,702",-0.67,31.4,1.53,72.4,7.3,0.85,47,22.4,24.6,39.1,42.5,35.6
Eswatini,SZ,2005,"1,023,139",-0.14,59.5,3.85,48.1,106.7,0.92,72.9,67.2,5.6,19.3,19.8,18.8
Ethiopia,ET,2005,"71,680,064",2.64,65.4,5.15,56.7,110.9,1,83.1,77.7,5.4,18.4,18.4,18.4
Faroe Islands,FO,2005,"48,306",-0.27,34.7,2.62,78.8,9.6,1.08,56.8,35.7,21.2,36.2,36.8,35.5
Fiji,FJ,2005,"836,445",0.85,45.8,2.73,69.4,25.9,1.03,53.4,46.8,6.5,25,25.2,24.8
Finland,FI,2005,"5,238,011",0.36,17.2,1.81,78.9,4.1,0.96,49.9,26,23.9,40.9,42.4,39.4
France,FR,2005,"63,089,589",0.59,98.5,1.95,80.2,5,0.95,53.9,28.9,25,38.5,40,37
French Polynesia,PF,2005,"253,764",1.16,66.3,2.2,73.4,19.7,1.05,50.3,42.6,7.7,27.1,26.9,27.2
Gabon,GA,2005,"1,362,645",3.07,5.3,4.15,60.4,82.3,0.99,82.7,74.3,8.4,19.3,19.8,18.9
"Gambia, The",GM,2005,"1,509,112",2.81,149.1,6.03,61.4,93.7,0.98,94.7,90.3,4.3,16.6,17.1,16.1
Georgia,GE,2005,"4,790,009",1.78,68.7,1.51,74.8,24,0.91,53.1,29.4,23.7,36.5,39,34
Germany,DE,2005,"82,439,417",-0.08,236.4,1.33,79.3,4.8,0.96,49.7,21.4,28.3,42.1,43.4,40.9
Ghana,GH,2005,"21,633,674",2.6,95.1,4.39,61.6,83.1,0.96,79.7,71.7,8,19.5,20.1,18.9
Gibraltar,GI,2005,"28,417",0.26,"4,059.6",2.18,76.5,10.6,1.03,54.8,35.6,19.2,31.8,32.3,31.4
Greece,GR,2005,"10,990,646",-0.08,84.1,1.34,79.3,4.6,0.97,49.8,22.2,27.6,39.7,40.9,38.5
Greenland,GL,2005,"57,779",-0.05,0,2.31,68.4,16.9,1.13,44.3,35.9,8.4,33.4,31.8,34.8
Grenada,GD,2005,"104,588",0.5,304,2.29,71.1,17.1,1.01,58.4,45.4,13,25.8,25.8,25.8
Guam,GU,2005,"159,580",0.39,293.3,2.77,76.6,11.8,1.05,56.3,46.7,9.6,28.2,28.5,27.9
Guatemala,GT,2005,"12,701,639",2.47,118.5,3.93,68.2,49.6,0.99,80.6,74.1,6.5,19,19.6,18.5
Guernsey,GG,2005,"63,131",0.49,809.4,1.44,80.8,4.8,0.97,47.5,23.6,23.9,40.4,41.2,39.6
Guinea,GN,2005,"8,477,819",1.74,34.5,5.44,54.1,136.8,0.99,84.2,77.8,6.4,18.8,19,18.5
Guinea-Bissau,GW,2005,"1,347,712",2.3,47.9,5.3,52.7,143.4,0.94,89,83.3,5.7,17.7,18.3,17
Guyana,GY,2005,"792,905",-0.52,4,2.91,68.5,41.5,1.04,64.9,57.9,7.1,22.5,22.6,22.3
Haiti,HT,2005,"9,060,501",1.77,328.8,3.98,58.4,95,0.98,76.4,70,6.4,19.7,20,19.4
Honduras,HN,2005,"7,194,159",2.31,64.3,3.59,69.8,29.2,0.97,79.9,73,6.9,19.4,20,18.9
Hong Kong,HK,2005,"6,904,226",0.74,"6,434.5",0.96,81.7,3.8,0.93,35.7,19.1,16.6,39.2,38.8,39.7
Hungary,HU,2005,"10,057,624",-0.13,112.2,1.33,72.7,7.6,0.91,45.9,23.2,22.7,38.8,41.7,36.3
Iceland,IS,2005,"296,699",2.12,3,2.06,81.2,4.9,1.01,51.2,33.3,17.8,34.2,34.8,33.7
India,IN,2005,"1,138,451,972",1.52,382.9,2.88,65.1,73,1.07,60.2,52.3,7.9,23.9,24.6,23.4
Indonesia,ID,2005,"230,421,225",1.41,127.2,2.59,69.6,44,1,54,45.8,8.2,26.1,26.6,25.7
Iran,IR,2005,"70,459,613",1.14,46,1.94,70.3,53.6,1.03,47.9,40.5,7.4,24.1,24.3,23.9
Iraq,IQ,2005,"26,637,630",3.04,60.9,4.63,66.4,41.3,1.02,77.9,72.9,5,18.9,19.1,18.8
Ireland,IE,2005,"4,199,187",2.57,61,1.83,78.9,4.7,1,46,30,16,33.3,33.9,32.7
Isle of Man,IM,2005,"79,590",1.1,139.1,1.8,79.8,6,0.97,52.2,26.4,25.8,40.8,41.6,40
Israel,IL,2005,"6,740,058",1.83,313.5,2.81,80.2,5.4,1,61.4,45.6,15.8,28.4,29.2,27.7
Italy,IT,2005,"59,037,807",0.42,200.7,1.3,80.9,4.5,0.94,50.7,21,29.7,41.8,43.1,40.5
Jamaica,JM,2005,"2,853,053",-0.01,263.4,2.39,71.7,21.6,0.98,63.5,52.5,11,23.9,24.5,23.4
Japan,JP,2005,"127,705,189",0,350.4,1.26,82.2,3.7,0.95,51.5,21.5,30,43.2,44.5,41.9
Jersey,JE,2005,"88,491",0.58,762.9,1.6,79.8,5.8,0.96,47.4,25.4,22,40,40.6,39.4
Jordan,JO,2005,"5,390,895",2.57,60.7,3.83,71.3,28.2,1.05,73.1,67.4,5.7,20,20.1,20
Kazakhstan,KZ,2005,"16,120,507",0.87,6,2.08,65.1,36.3,0.93,48.1,37,11,28.2,29.9,26.6
Kenya,KE,2005,"34,113,092",3.07,59.9,4.96,64.1,63.1,0.99,85.3,79,6.2,18.2,18.5,17.9
Kiribati,KI,2005,"92,798",1.61,114.4,3.56,62.1,63,0.98,69.5,63.5,6,20.5,21.4,19.7
"Korea, North",KP,2005,"23,669,409",0.61,196.6,2.07,65.9,46.6,0.94,48.6,37.3,11.4,31.5,32.9,30
"Korea, South",KR,2005,"48,482,356",0.2,500.2,1.09,78.6,5.2,1,39.2,26.5,12.8,34.9,35.9,34
Kuwait,KW,2005,"2,256,621",2.69,126.6,2.78,75.9,12.4,1.45,38.9,36.7,2.2,27.8,25.4,29.2
Kyrgyzstan,KG,2005,"5,164,243",0.89,26.9,2.59,67.5,43.2,0.97,58.9,49.3,9.6,23.6,24.5,22.8
Laos,LA,2005,"5,836,357",1.53,25.3,3.7,60.1,96.7,0.98,78.8,72.4,6.5,19.2,19.5,19
Latvia,LV,2005,"2,258,990",-0.97,36.3,1.37,70.4,9.7,0.85,45,21.3,23.7,39.3,42.4,36
Lebanon,LB,2005,"4,612,819",1.72,450.9,2.55,75.1,14.2,0.98,56.4,47.4,9.1,26,26.8,25.2
Lesotho,LS,2005,"1,928,142",0.16,63.5,3.36,45.2,118.9,0.97,65.9,57.7,8.2,21.8,22,21.6
Liberia,LR,2005,"3,042,126",6.2,31.6,5.61,53.3,137.9,1,85.5,80.6,4.9,17.9,17.9,17.9
Libya,LY,2005,"5,658,181",--,3.2,--,--,--,--,--,--,--,--,--,--
Liechtenstein,LI,2005,"34,880",0.87,218,1.48,80.6,5.9,0.97,40.3,24.4,15.9,38.5,39.2,37.8
Lithuania,LT,2005,"3,326,632",-2.09,53.1,1.29,71.2,8.8,0.87,48.6,25.4,23.2,38.1,40.9,35.1
Luxembourg,LU,2005,"467,463",1.68,180.8,1.69,80,3.3,0.98,50,28,22.1,38.7,39.6,37.8
Macau,MO,2005,"474,027",4.58,"16,929.5",0.88,83.5,6.2,0.91,34.4,23.9,10.5,35.4,35.2,35.7
Madagascar,MG,2005,"18,094,500",2.85,31.1,4.98,62.5,80.4,1,88.3,82.4,6,17.8,18,17.6
Malawi,MW,2005,"12,764,414",3.21,135.7,5.91,62.8,113.3,0.97,98.2,91.8,6.4,16.7,16.8,16.5
Malaysia,MY,2005,"26,261,658",2.14,79.9,2.27,74.5,8.3,1.05,54.2,47.1,7,24.8,24.9,24.7
Maldives,MV,2005,"336,255",3.12,"1,128.4",2.13,73,49.8,1.24,50.4,44.4,6,23.1,21.9,23.9
Mali,ML,2005,"12,459,990",2.94,10.2,6.83,54.5,173.1,0.96,107.5,100.6,6.9,15.7,16.2,15.2
Malta,MT,2005,"406,510",0.57,"1,286.4",1.39,79.5,6.9,0.99,45,25.1,19.9,38.5,40,37.1
Marshall Islands,MH,2005,"59,062",2.27,326.3,3.93,69.9,39.8,1.04,69,64.4,4.6,20,19.9,20
Mauritania,MR,2005,"2,871,846",2.65,2.8,5.62,64.6,71.5,0.98,89.3,82.3,7,18.3,18.8,17.8
Mauritius,MU,2005,"1,243,231",0.86,612.4,1.82,72.5,16.9,0.97,44.6,35,9.5,30.2,31,29.4
Mexico,MX,2005,"106,576,363",1.23,54.8,2.51,73.9,22,0.97,58.9,50.2,8.7,24.6,25.6,23.7
"Micronesia, Federated States of",FM,2005,"108,044",-0.08,153.9,3.25,69.6,40.3,1.01,66.9,61.9,5,20.5,21,20.1
Moldova,MD,2005,"3,965,919",-0.33,120.6,1.38,67.2,18.7,0.93,42.4,27.2,15.2,33.1,35.3,31.1
Monaco,MC,2005,"31,098",-0.55,"15,549.0",1.51,87.8,2.4,0.96,56.5,20.2,36.3,46.9,48.1,45.8
Mongolia,MN,2005,"2,602,416",1.1,1.7,1.96,66.1,45,0.98,49.8,44,5.7,23.7,24.3,23.2
Montenegro,ME,2005,"620,641",-0.03,46.1,1.62,74.4,10.7,0.97,50.4,31.3,19.1,34.5,35.8,33.3
Montserrat,MS,2005,"4,530",34.08,44.4,1.45,71.1,22.5,1.02,59.7,46.4,13.4,26.5,26.4,26.6
Morocco,MA,2005,"30,283,203",1.31,42.3,2.71,68.4,43.3,0.98,58.1,49.6,8.5,23.9,24.4,23.4
Mozambique,MZ,2005,"20,488,080",2.14,26.1,5.64,47,175.7,0.95,91,85.2,5.8,17.5,18.3,16.7
Namibia,NA,2005,"2,043,266",1.22,2.5,3.93,52.4,90.3,0.98,76.6,70.6,6,19.5,19.8,19.2
Nauru,NR,2005,"10,000",0.44,476.2,3.31,62.3,14,1.03,59.7,57.1,2.6,21.3,21.6,20.9
Nepal,NP,2005,"25,254,661",0.89,176.2,3.22,64.6,64.8,0.95,78.6,71.4,7.2,19.6,20.5,18.7
Netherlands,NL,2005,"16,299,098",0.15,480.9,1.7,79.4,5.8,0.98,48.2,27.2,21,39.1,39.9,38.3
New Caledonia,NC,2005,"232,395",1.88,12.7,2.19,75.5,11.7,1.01,52.4,42.5,9.9,28.2,28.5,27.8
New Zealand,NZ,2005,"4,048,224",1,15.3,2.07,80,6.2,0.99,50.6,32.5,18.2,35.5,36.4,34.6
Nicaragua,NI,2005,"5,249,084",1.43,43.7,2.64,71,29.7,0.97,70.8,64.1,6.6,20.5,21.2,19.8
Niger,NE,2005,"12,907,510",3.81,10.2,8.27,51,169.4,0.99,112.7,106.9,5.8,14.9,15.3,14.5
Nigeria,NG,2005,"144,566,309",2.82,158.7,5.87,51.2,156.3,1.03,87.5,82.1,5.5,18,18.1,17.9
North Macedonia,MK,2005,"2,057,226",0.22,80.9,1.43,73.6,14,1,45.3,29.6,15.7,33.8,34.8,32.9
Northern Mariana Islands,MP,2005,"67,737",-0.67,143.5,1.88,73.8,18.5,0.87,39.8,36.8,3,29,27.9,31.3
Norway,NO,2005,"4,624,876",0.73,15.2,1.85,80.1,4,0.98,52.4,29.9,22.5,38,38.9,37.2
Oman,OM,2005,"2,695,191",1.88,8.7,3.01,72.8,28.5,1.27,59,54.8,4.2,22.3,20.1,24.2
Pakistan,PK,2005,"168,065,950",2.21,218,4.73,64.2,103.4,1.06,78.6,71.3,7.3,19.8,19.8,19.8
Palau,PW,2005,"20,314",0.73,44.3,2.17,69.9,19.6,1.17,44.4,36,8.4,31.5,31.6,31.5
Panama,PA,2005,"3,200,816",1.85,43.1,2.57,76.1,20.5,1.02,57.8,47.6,10.2,26.2,26.5,25.9
Papua New Guinea,PG,2005,"6,197,855",2.62,13.7,4.38,64.9,63.6,1.05,76.5,71.5,5,19.5,19.4,19.6
Paraguay,PY,2005,"5,922,921",1.62,14.9,2.64,74.8,43.1,1.01,64.7,55.9,8.8,22.9,23.2,22.7
Peru,PE,2005,"27,927,745",1.41,21.8,2.77,73.1,26.8,0.99,60.1,51.5,8.6,23.9,24.4,23.4
Philippines,PH,2005,"85,346,265",2.05,286.2,3.47,69.9,34.8,1,67.1,60.6,6.6,21.7,22.1,21.3
Poland,PL,2005,"38,556,604",-0.04,126.7,1.22,75.2,7.6,0.94,41.8,23,18.8,36.7,38.8,34.8
Portugal,PT,2005,"10,576,759",0.16,115.6,1.37,77.9,4.3,0.93,49.3,24.2,25.1,38.3,40.4,36.2
Puerto Rico,PR,2005,"3,821,525",--,430.9,--,--,--,--,--,--,--,--,--,--
Qatar,QA,2005,"972,560",15.13,83.9,2.32,76.6,12.8,2.36,24.5,23.3,1.3,30.4,25.5,32
Romania,RO,2005,"21,405,705",-0.78,93.1,1.36,72.3,17.8,0.95,45.4,22.9,22.5,37,38.1,35.8
Russia,RU,2005,"144,285,722",-0.47,8.8,1.31,65.8,13.9,0.87,40.3,20.6,19.7,38,41,34.7
Rwanda,RW,2005,"8,842,457",1.77,358.5,5.41,57.1,108.8,0.93,85.7,80.7,5,17.6,18.3,16.8
Saint Barthelemy,BL,2005,"7,580",0.11,303.2,1.62,77.7,10.7,1.15,36.7,26,10.7,36.5,36.3,36.8
"Saint Helena, Ascension, and Tristan da Cunha",SH,2005,"7,484",0.62,19,1.54,77.6,31.9,1.03,40.4,26.2,14.1,35.5,35.3,35.6
Saint Kitts and Nevis,KN,2005,"47,902",0.83,183.5,1.68,73.9,20.4,0.99,50.3,38.8,11.5,29,29.2,28.9
Saint Lucia,LC,2005,"157,313",0.44,259.6,1.9,74.6,18.9,0.96,55.9,42.8,13.1,27.3,28.3,26.4
Saint Martin,MF,2005,"27,893",1.84,516.5,1.83,77.7,10.7,0.93,47.6,40.6,7,29.5,30.2,28.6
Saint Pierre and Miquelon,PM,2005,"6,224",-0.72,25.7,1.52,79.9,11,0.99,45.7,26.4,19.3,39,39.5,38.5
Saint Vincent and the Grenadines,VC,2005,"106,037",-0.39,272.6,2.14,72.1,27.6,1.02,56.2,44.8,11.4,26.6,26.6,26.6
Samoa,WS,2005,"184,491",0.94,65.4,4.23,70.7,35,1.07,77.3,68.6,8.7,20.5,20.5,20.5
San Marino,SM,2005,"29,605",1.1,485.3,1.32,81.5,9.1,0.94,50.6,25.4,25.3,40.3,40.8,39.8
Sao Tome and Principe,ST,2005,"157,493",2.27,163.4,5.72,60.9,97.3,0.99,95,87.5,7.5,17.3,17.8,16.8
Saudi Arabia,SA,2005,"23,640,681",1.66,11,3.04,73,21.4,1.23,57.9,53.6,4.4,23.2,21,25
Senegal,SN,2005,"10,871,798",2.94,56.5,5.46,61.4,91.9,0.95,91.5,86,5.5,17.2,18,16.4
Serbia,RS,2005,"7,424,559",-0.56,95.8,1.46,72.7,8.8,0.95,48.7,23.7,25.1,40.5,42.2,38.9
Seychelles,SC,2005,"83,822",1.02,184.2,1.99,70.5,24.6,1.01,47.5,36.9,10.6,29.6,30.1,29
Sierra Leone,SL,2005,"5,271,649",2.98,73.6,5.56,46.1,203.4,0.95,88.5,82.5,6,17.8,18.3,17.4
Singapore,SG,2005,"4,775,791",2.08,"6,736.0",1.26,81.4,2.3,0.98,38.2,29.4,8.9,31.5,31.7,31.3
Sint Maarten,SX,2005,"33,674",2.58,990.4,1.89,75.5,12.7,0.96,37.4,32.7,4.7,35.4,35.6,35.1
Slovakia,SK,2005,"5,407,669",0.03,112.4,1.28,74,8.9,0.94,40.2,23.5,16.8,35.8,37.7,33.9
Slovenia,SI,2005,"2,020,477",0.29,100.3,1.25,77.5,5.3,0.95,41.9,19.8,22,40.3,41.9,38.8
Solomon Islands,SB,2005,"493,138",2.51,17.6,4.12,72.7,37.2,1.04,77.9,71.3,6.6,19.7,19.8,19.6
Somalia,SO,2005,"10,890,865",2.87,17.4,7.37,50.6,173,1.01,108,102.8,5.2,15.3,15.6,14.9
South Africa,ZA,2005,"48,329,037",1.36,39.8,2.45,58.3,76.8,0.98,52.9,45.2,7.7,24.3,24.8,23.9
South Sudan,SS,2005,"7,778,720",--,12.1,--,--,--,--,--,--,--,--,--,--
Spain,ES,2005,"43,704,367",1.64,87.6,1.33,80.1,4.7,0.97,45.2,21,24.2,38.7,40,37.3
Sri Lanka,LK,2005,"19,896,696",1.04,307.9,2.33,74.2,13.7,0.97,49.4,39.3,10.1,28.3,29,27.6
Sudan,SD,2005,"30,963,544",--,16.6,--,--,--,--,--,--,--,--,--,--
Suriname,SR,2005,"493,898",1.24,3.2,2.28,68.7,49.8,0.98,56.1,47,9.1,24.9,25.8,24.1
Sweden,SE,2005,"9,082,560",0.41,22.1,1.77,80.5,3.3,0.98,52.8,26.4,26.4,40.4,41.5,39.4
Switzerland,CH,2005,"7,457,354",0.57,186.4,1.4,81.2,4.8,0.96,47.2,24,23.2,40.1,41,39.2
Syria,SY,2005,"18,567,721",2.65,99.9,3.82,73.7,18.8,1.05,75.3,69.6,5.7,19.5,19.6,19.5
Tajikistan,TJ,2005,"6,726,505",1.9,47.5,3.27,65,63.1,1,66.9,60.2,6.8,20.7,21,20.4
Tanzania,TZ,2005,"38,262,477",2.73,43.2,5.3,54.6,96.1,0.99,90.3,84.8,5.5,17.4,17.7,17.2
Thailand,TH,2005,"63,982,612",0.85,125.2,1.63,72.6,17.5,0.97,42.3,31.5,10.7,32.3,33.2,31.5
Timor-Leste,TL,2005,"961,731",2.29,64.7,5.89,60,97.3,1.03,90.4,83.7,6.7,17.7,18.1,17.3
Togo,TG,2005,"5,400,230",1.82,99.3,5.05,62.5,103.7,0.96,80.7,74.8,5.9,18.7,19.2,18.2
Tonga,TO,2005,"103,264",0.57,144,4.24,74.3,19.6,1.01,81.4,70.9,10.5,20.3,20.7,19.9
Trinidad and Tobago,TT,2005,"1,288,767",0.41,251.3,1.56,71.6,27.5,1.01,41.2,30.6,10.6,30,30.3,29.7
Tunisia,TN,2005,"10,029,805",0.89,64.6,2.02,73.5,23.1,1.01,48.9,38.8,10,26.8,27.4,26.3
Turkey,TR,2005,"70,460,823",1.24,91.6,2.33,71.6,34.4,1.02,53,44,9,26,26.4,25.7
Turkmenistan,TM,2005,"4,664,154",1.2,9.9,2.41,66.5,69.3,0.98,58.2,51.1,7.1,22.8,23.3,22.4
Turks and Caicos Islands,TC,2005,"27,588",10.22,29.1,2.1,80.6,14.1,1.02,46.6,41.1,5.5,28.5,28.2,28.8
Tuvalu,TV,2005,"10,171",0.54,391.2,3.29,62.7,71.2,0.96,66.4,57,9.5,23,25.6,20.7
Uganda,UG,2005,"27,031,475",2.8,137.1,6.93,55.1,108.5,0.95,113.9,108,5.9,14.8,15.3,14.3
Ukraine,UA,2005,"47,002,642",-0.75,81.1,1.21,67.6,13.5,0.86,44.3,21.1,23.3,38.9,42,35.5
United Arab Emirates,AE,2005,"3,935,820",2.83,47.1,2.4,76.8,9.5,2.13,28,26.7,1.3,29.5,24.5,31.3
United Kingdom,GB,2005,"60,487,346",0.57,250,1.81,79,6,0.98,51,27.1,23.9,38.8,39.9,37.6
United States,US,2005,"295,516,599",--,32.3,--,--,--,0.97,49,30.5,18.5,--,--,--
Uruguay,UY,2005,"3,306,387",0.2,18.9,1.98,75,15.4,0.94,59.1,37.6,21.4,32.8,34.4,31.2
Uzbekistan,UZ,2005,"26,600,738",1.11,62.5,2.3,71.2,32.7,0.99,59.3,51.2,8.1,22.9,23.4,22.4
Vanuatu,VU,2005,"217,750",2.5,17.9,4.3,69.5,31,1.03,80.3,74.7,5.6,19.2,19.5,18.9
Venezuela,VE,2005,"26,349,605",1.6,29.9,2.65,73.2,21.5,0.98,58.4,50.6,7.8,24.2,24.8,23.6
Vietnam,VN,2005,"84,920,497",1.29,273.9,2.11,72.6,28.6,0.98,52.5,43.6,8.8,25.2,26.3,24.2
"Virgin Islands, British",VG,2005,"25,846",3.03,171.2,1.26,77.4,20,0.95,36.9,29.1,7.8,33,32.9,33.1
"Virgin Islands, U.S.",VI,2005,"108,453",-0.02,311.6,2.24,77.4,10.8,0.92,50.5,35.4,15.1,36,36.6,35.4
Wallis and Futuna,WF,2005,"15,097",0.37,106.3,1.97,78.2,5.6,1.01,58.8,48.7,10.1,24.6,25.8,23.5
Yemen,YE,2005,"21,019,116",2.66,39.8,5.73,63.5,72.7,1.02,94.4,88.3,6.1,16.8,17,16.6
Zambia,ZM,2005,"11,721,238",2.98,15.8,6.06,51.3,109.2,1,95.3,90.3,5.1,16.7,16.8,16.6
Zimbabwe,ZW,2005,"13,165,551",-0.24,34,3.86,46.4,93.5,0.98,75.6,69.5,6,19.3,19.5,19
Gaza Strip,XG,2005,"1,305,570",2.69,"3,626.6",6.2,71.6,27.8,1.03,107.2,101.6,5.6,15.4,15.6,15.2
Kosovo,XK,2005,"1,767,272",0.6,162.3,2.65,68.7,59.8,1.06,54.5,44.9,9.6,24.5,25.1,24
Taiwan,TW,2005,"22,727,093",0.33,704.5,1.12,77.2,7.4,1.03,40.3,26.5,13.8,34.5,34.9,34.1
West Bank,XW,2005,"2,172,351",2.12,385.2,4.16,73,24.9,1.04,85.2,78.7,6.5,18.2,18.4,18
 -> 2006,,,--,--,--,--,--,--,--,--,--,--,--,--,--
 -> 2006 -> World,,,"6,605,775,486",--,50.1,--,--,--,--,--,--,--,--,--,--
Afghanistan,AF,2006,"30,043,015",3.59,46.1,6.92,59.7,98.6,1.04,102.3,97.3,5.1,15.8,15.9,15.8
Albania,AL,2006,"2,964,809",-1.16,108.2,1.53,76.4,16.4,0.98,55.6,41.6,14,28.2,29.1,27.3
Algeria,DZ,2006,"33,420,161",1.69,14,2.52,74.5,33.3,1.02,50.6,43.6,7.1,24.6,24.7,24.4
American Samoa,AS,2006,"57,131",-0.52,288.5,3.7,72.3,15.9,1.03,71.3,64.9,6.4,21.7,22,21.3
Andorra,AD,2006,"78,294",3.52,167.3,1.3,83,4.3,1.08,38,21.7,16.3,38.2,37.8,38.5
Angola,AO,2006,"18,690,691",4.41,15,6.46,52.7,155.3,0.96,98.6,93.7,4.9,16.3,16.6,16
Anguilla,AI,2006,"13,442",2.46,147.7,1.74,79.8,5.4,0.96,48.5,37.5,11,31.6,32.4,30.8
Antigua and Barbuda,AG,2006,"82,339",1.3,185.9,2.1,73,27,0.91,52.7,42.7,10.1,28.9,30.2,27.6
Argentina,AR,2006,"39,761,782",0.95,14.5,2.29,76,14.8,0.97,57.8,41.1,16.7,29.3,30.3,28.3
Armenia,AM,2006,"3,081,103",-0.1,109.2,1.62,72.2,19.3,0.91,49.4,32.6,16.8,30.9,33.2,28.4
Aruba,AW,2006,"98,461",1.54,547,1.85,74.3,19.9,0.91,42.5,28.5,14,37.1,38.7,35.2
Australia,AU,2006,"20,277,945",1.35,2.6,1.88,81,5.6,0.99,47.3,28.6,18.8,36.4,37.4,35.5
Austria,AT,2006,"8,352,180",0.33,101.3,1.42,80.1,4.5,0.95,48.1,23.2,25,40.5,41.5,39.4
Azerbaijan,AZ,2006,"8,922,364",1.11,108,2.11,69.6,41.9,0.96,48.3,37.4,11,27.7,29.4,26
"Bahamas, The",BS,2006,"323,714",1.89,32.3,1.93,73.7,16.6,0.91,61.8,53.2,8.7,27.1,27.4,26.8
Bahrain,BH,2006,"984,394",6.98,"1,295.3",1.96,77.1,16.2,1.51,33.6,30.1,3.4,29.5,26.8,30.8
Bangladesh,BD,2006,"140,316,899",1.23,"1,078.0",2.66,69.9,62.6,1.01,64.6,57.3,7.3,22.3,22.7,22
Barbados,BB,2006,"283,962",0.52,660.4,1.71,75.5,16,0.94,41.3,28.4,12.9,34.8,35.8,33.7
Belarus,BY,2006,"9,763,711",-0.37,48.1,1.29,69.6,8.4,0.87,42.8,21.4,21.3,38,40.9,34.9
Belgium,BE,2006,"10,535,514",0.67,348,1.81,79.4,5,0.96,51.9,25.7,26.2,40.5,41.7,39.3
Belize,BZ,2006,"294,904",2.43,12.9,3.03,72.8,20.8,1.01,71.6,64.7,6.9,20.5,20.7,20.4
Benin,BJ,2006,"8,088,414",2.89,73.1,5.55,56.3,121.7,0.95,100.3,95.5,4.8,16,16.6,15.4
Bermuda,BM,2006,"66,530",0.74,"1,232.0",2.01,79.8,3.3,0.94,47.4,28.1,19.3,40.2,41.6,38.7
Bhutan,BT,2006,"719,693",1.43,18.7,2.73,64.3,78.6,1.1,61.4,53.2,8.2,22.2,21.6,22.8
Bolivia,BO,2006,"9,268,469",2.04,8.6,3.55,68.2,52.3,0.99,70.8,62.9,7.9,21.1,21.7,20.6
Bosnia and Herzegovina,BA,2006,"3,894,410",-0.04,76.1,1.16,74.6,8.5,0.95,40.2,23.2,17,37.2,38.4,35.9
Botswana,BW,2006,"1,845,723",1.76,3.3,3.13,54.8,63.3,0.96,73.2,65,8.2,21.2,21.6,20.6
Brazil,BR,2006,"190,173,706",1.1,22.8,2,71.1,30,0.98,49.8,40.6,9.2,27.4,28.1,26.7
Brunei,BN,2006,"367,712",1.82,69.8,2,75,16.7,1.03,45.5,40.9,4.5,26.9,26.8,27
Bulgaria,BG,2006,"7,558,418",-0.67,69.7,1.41,72.2,14.3,0.96,44.4,19.9,24.5,40.5,42.8,38.4
Burkina Faso,BF,2006,"13,947,108",2.75,50.9,6.29,56,136.1,0.95,101.3,95,6.3,16.2,17,15.4
Burma,MM,2006,"49,739,030",0.96,76.1,2.52,63.1,75,0.98,55.1,47.6,7.5,25,25.6,24.4
Burundi,BI,2006,"7,708,418",3.55,300.2,6.44,58.8,104,0.98,93.5,88.4,5.1,17,17.3,16.6
Cabo Verde,CV,2006,"478,254",1.61,118.6,2.88,69.1,42.2,0.94,74.5,64.2,10.3,20.5,21.3,19.6
Cambodia,KH,2006,"13,617,707",1.23,77.1,3.22,63.9,75.6,0.93,63.3,57.4,5.9,20.9,21.7,20.1
Cameroon,CM,2006,"18,655,414",2.69,39.5,5.47,54,126.5,0.99,90.9,85.4,5.5,17.3,17.5,17
Canada,CA,2006,"32,679,347",0.95,3.6,1.64,81.5,5.8,0.99,44.8,24.5,20.3,39.5,40.5,38.5
Cayman Islands,KY,2006,"45,435",2.58,172.1,1.9,79.3,12,0.96,40.9,29.1,11.8,37.2,37.6,36.9
Central African Republic,CF,2006,"4,395,420",1.11,7.1,4.9,47,163,0.97,85.6,78.3,7.3,18.5,19,18
Chad,TD,2006,"10,345,994",3.83,8.2,6.93,52.3,161.1,0.96,103.5,98.5,5,15.7,16.3,15
Chile,CL,2006,"16,097,384",0.91,21.6,1.84,77.3,9.4,0.97,47.6,35.6,11.9,30.9,32.1,29.7
China,CN,2006,"1,306,046,157",0.6,140,1.66,73.9,20.8,1.06,37.9,26.8,11.1,33.2,33.7,32.8
Colombia,CO,2006,"42,894,825",0.85,41.3,2.27,73.7,20.8,0.96,55.8,46.3,9.5,26.2,27.2,25.3
Comoros,KM,2006,"642,791",2.69,287.6,5.08,62,108.8,0.95,87,80.3,6.7,18.3,18.9,17.8
Congo (Brazzaville),CG,2006,"3,718,772",2.86,10.9,4.83,66.1,80.1,0.99,81.5,74.4,7.1,19.1,19.5,18.8
Congo (Kinshasa),CD,2006,"63,647,861",3.25,28.1,6.4,54.1,134.2,0.99,97.6,92.6,4.9,16.3,16.5,16.1
Cook Islands,CK,2006,"13,100",-3.44,55.5,2.69,73.5,27.1,1.07,62.9,49.4,13.6,28.5,29.1,27.8
Costa Rica,CR,2006,"4,266,256",1.37,83.6,1.96,76.6,12.3,1.01,48.4,39.9,8.5,27.3,27.8,26.8
C“te d'Ivoire,CI,2006,"19,077,840",2.79,60,5.29,53.6,119.4,1.03,84,79.7,4.3,17.9,17.8,18.1
Croatia,HR,2006,"4,440,593",-0.04,79.3,1.36,75.7,7,0.93,47.5,23.1,24.3,40.4,42.3,38.4
Cuba,CU,2006,"11,258,796",-0.04,102.5,1.42,77.9,6.6,1,43.2,27,16.3,36.5,37.1,35.8
Cura‡ao,CW,2006,"137,552",1.1,309.8,2.21,76.3,11.8,0.91,50.8,33.6,17.2,36.6,39.4,33.4
Cyprus,CY,2006,"1,031,032",1.76,111.6,1.44,77,12.6,1.04,38.8,25.8,12.9,33.4,35.1,31.9
Czechia,CZ,2006,"10,300,229",0.35,133.3,1.34,76.6,4.2,0.95,40.7,20.4,20.2,39,40.9,37.2
Denmark,DK,2006,"5,433,195",0.36,128,1.85,78.2,4.5,0.98,51.4,28.3,23.1,39.9,40.7,39
Djibouti,DJ,2006,"678,088",2.36,29.3,3.32,59.3,89.8,0.88,71.6,66.4,5.2,20.1,21.4,18.6
Dominica,DM,2006,"72,569",0.23,96.6,2.13,76.2,15.8,1.02,57.9,41.3,16.6,28.8,29.3,28.3
Dominican Republic,DO,2006,"8,976,900",1.36,185.8,2.73,68.5,36.8,1.03,60.4,53,7.4,23.7,23.8,23.6
Ecuador,EC,2006,"14,016,781",1.87,56.4,3.15,76.5,21.7,0.99,67.9,57.1,10.9,23.5,24.1,22.9
Egypt,EG,2006,"74,359,424",2.17,74.7,3.19,69.9,35,1.04,59.7,54.1,5.6,22.3,22.4,22.1
El Salvador,SV,2006,"5,929,274",-0.03,286.1,2.47,71,24.2,0.93,68.6,59.1,9.5,22.1,23.5,20.7
Equatorial Guinea,GQ,2006,"794,798",5.49,28.3,5.32,60.7,128,0.98,79.5,71.1,8.4,20.1,20.6,19.5
Eritrea,ER,2006,"4,846,152",2.74,48,5.16,61.7,85.5,0.97,86.6,79.9,6.7,18.4,18.8,17.9
Estonia,EE,2006,"1,322,944",-0.65,31.2,1.6,72.6,5.9,0.86,47.2,22,25.2,39.3,42.9,35.9
Eswatini,SZ,2006,"1,021,334",-0.21,59.4,3.72,48.4,104.7,0.92,71.2,65.5,5.7,19.6,20.1,19
Ethiopia,ET,2006,"73,608,652",2.67,67.1,5.06,57.8,104.8,1,82.6,77.2,5.4,18.5,18.5,18.4
Faroe Islands,FO,2006,"48,321",0.33,34.7,2.47,79,9.4,1.08,56.5,35.1,21.4,36.4,37.2,35.7
Fiji,FJ,2006,"843,827",0.91,46.2,2.79,69.7,25.3,1.03,52.9,46.2,6.7,25.3,25.5,25.1
Finland,FI,2006,"5,257,972",0.4,17.3,1.84,79.3,3.4,0.96,50.2,25.8,24.4,41.2,42.7,39.7
France,FR,2006,"63,486,989",0.67,99.1,2.02,80.7,4.8,0.96,53.8,28.8,25.1,38.8,40.3,37.3
French Polynesia,PF,2006,"256,803",1.23,67.1,2.23,74.8,18.7,1.05,49.2,41.2,8,27.5,27.3,27.6
Gabon,GA,2006,"1,407,901",3.46,5.5,4.14,60.8,80,1,82.1,73.9,8.3,19.3,19.7,19
"Gambia, The",GM,2006,"1,552,615",2.87,153.4,5.92,61.8,90,0.98,93.8,89.5,4.3,16.6,17.2,16.1
Georgia,GE,2006,"4,830,793",-0.07,69.3,1.52,74.9,23,0.91,52.3,28.1,24.2,36.7,39.3,34.2
Germany,DE,2006,"82,346,364",-0.15,236.2,1.33,79.3,4.7,0.96,50.3,21.1,29.3,42.6,43.8,41.4
Ghana,GH,2006,"22,201,009",2.58,97.6,4.37,62.1,80.2,0.96,78.9,70.9,8,19.7,20.3,19
Gibraltar,GI,2006,"28,468",0.1,"4,066.9",1.92,77.5,9.6,1.04,53.8,34.4,19.3,32.1,32.5,31.6
Greece,GR,2006,"10,985,750",-0.01,84.1,1.41,79.5,4.4,0.97,50,22,28,40.1,41.3,38.9
Greenland,GL,2006,"57,637",-0.45,0,2.28,68.2,15.7,1.13,43.8,35.1,8.7,33.5,31.7,34.8
Grenada,GD,2006,"105,198",0.66,305.8,2.37,72.3,17.5,1.01,57,44,13.1,26.2,26.2,26.2
Guam,GU,2006,"160,298",0.51,294.7,2.97,76.6,15.1,1.05,56,46.2,9.8,28.3,28.7,28
Guatemala,GT,2006,"13,007,251",2.29,121.4,3.84,68.5,48.5,0.99,78.8,72.3,6.5,19.3,19.8,18.7
Guernsey,GG,2006,"63,432",0.46,813.2,1.37,81.6,4.5,0.97,47.1,23.1,24,40.7,41.5,39.9
Guinea,GN,2006,"8,649,520",2.26,35.2,5.38,54.7,131.6,1,84.3,77.9,6.4,18.8,19,18.5
Guinea-Bissau,GW,2006,"1,379,367",2.35,49.1,5.27,53.4,137,0.94,89.3,83.6,5.7,17.6,18.3,17
Guyana,GY,2006,"787,694",-0.8,4,2.64,68.6,40.7,1.04,65.7,58.5,7.2,22.6,22.8,22.5
Haiti,HT,2006,"9,216,487",1.65,334.4,3.88,58.8,93.2,0.98,75.2,68.8,6.4,19.9,20.2,19.6
Honduras,HN,2006,"7,359,035",2.22,65.8,3.46,70.2,27.9,0.97,78.8,71.8,7,19.6,20.2,19
Hong Kong,HK,2006,"6,955,186",0.73,"6,482.0",0.98,81.9,3.7,0.92,34.5,17.8,16.7,40,39.2,40.8
Hungary,HU,2006,"10,045,849",-0.1,112.1,1.37,73.2,7.1,0.91,45.8,22.9,22.9,39,41.8,36.6
Iceland,IS,2006,"303,734",2.56,3,2.09,81.2,4.9,1.03,49.7,32.2,17.5,34.5,34.9,34.1
India,IN,2006,"1,155,507,369",1.46,388.6,2.8,65.5,69.8,1.07,59.3,51.3,8,24.2,24.8,23.6
Indonesia,ID,2006,"233,666,879",1.38,129,2.56,69.7,41.7,1,53.9,45.5,8.4,26.4,26.9,25.9
Iran,IR,2006,"71,306,684",1.25,46.6,1.91,71,45.4,1.03,45.5,38.2,7.3,24.7,24.9,24.4
Iraq,IQ,2006,"26,813,519",-1.71,61.3,4.6,65,40.6,1.02,78,73.1,4.9,19.1,19.3,18.8
Ireland,IE,2006,"4,309,027",2.59,62.6,1.9,79.2,4.6,1.01,45.6,29.7,15.9,33.4,34,32.9
Isle of Man,IM,2006,"80,472",1.1,140.7,1.82,80.3,5.8,0.97,52,26.1,25.9,41.1,41.9,40.4
Israel,IL,2006,"6,864,520",1.83,319.3,2.87,80.6,5.1,1,61.1,45.4,15.7,28.6,29.3,27.8
Italy,IT,2006,"59,272,879",0.38,201.5,1.33,81.3,4.3,0.94,51.2,21,30.1,42.1,43.4,40.8
Jamaica,JM,2006,"2,852,242",-0.05,263.3,2.35,71.9,20.8,0.98,62.9,51.7,11.2,24.2,24.8,23.7
Japan,JP,2006,"127,740,790",0.06,350.5,1.32,82.4,3.6,0.95,52.8,21.6,31.2,43.5,44.8,42.2
Jersey,JE,2006,"89,245",1.11,769.4,1.6,79.9,5.8,0.96,47.3,25.3,22,40.2,40.9,39.5
Jordan,JO,2006,"5,868,448",13.92,66.1,3.78,71.7,26.6,1.07,72.3,66.7,5.7,20.2,20.1,20.2
Kazakhstan,KZ,2006,"16,279,403",1.09,6,2.25,65.4,34.1,0.93,47.4,36.1,11.2,28.4,30.2,26.7
Kenya,KE,2006,"35,177,348",3.08,61.8,4.91,64.3,60.3,0.99,85.7,79.5,6.3,18.2,18.5,17.9
Kiribati,KI,2006,"94,267",1.53,116.2,3.42,62.5,61.5,0.98,68.2,62.2,6,20.8,21.7,20
"Korea, North",KP,2006,"23,813,559",0.6,197.8,2.07,66.6,43.3,0.94,48.2,36.5,11.7,31.8,33.2,30.2
"Korea, South",KR,2006,"48,657,443",0.52,502,1.13,79.2,5,1,38.9,25.6,13.3,35.6,36.6,34.6
Kuwait,KW,2006,"2,316,845",2.58,130,2.8,75.4,13,1.45,38.9,36.6,2.3,28,25.5,29.3
Kyrgyzstan,KG,2006,"5,212,761",0.98,27.2,2.79,67.2,44.6,0.97,57.4,47.9,9.5,23.8,24.7,23
Laos,LA,2006,"5,931,832",1.71,25.7,3.59,61,90.1,0.98,76.9,70.5,6.4,19.5,19.7,19.2
Latvia,LV,2006,"2,238,543",-0.85,36,1.44,70.4,9.4,0.85,44.9,20.7,24.2,39.5,42.8,36.2
Lebanon,LB,2006,"4,703,319",2.16,459.8,2.52,74.7,14.4,0.98,56.1,47,9.1,26.3,27.2,25.4
Lesotho,LS,2006,"1,932,268",0.27,63.7,3.34,46.1,115.9,0.97,65.8,57.6,8.2,22,22.1,21.8
Liberia,LR,2006,"3,222,473",5.34,33.5,5.57,54.4,129.2,1,85.5,80.7,4.9,18,18,17.9
Libya,LY,2006,"5,777,140",2.1,3.3,3,73.2,22.4,1.08,54.8,48.7,6.2,23.7,23.6,23.9
Liechtenstein,LI,2006,"35,164",0.75,219.8,1.41,80.7,5.8,0.97,40.6,24.1,16.5,39,39.6,38.2
Lithuania,LT,2006,"3,271,017",-1.28,52.2,1.32,71.1,9,0.87,48.4,24.5,23.9,38.6,41.5,35.6
Luxembourg,LU,2006,"474,942",1.5,183.7,1.71,80,3.3,0.98,49.7,27.7,22,38.9,39.8,38
Macau,MO,2006,"499,427",5.83,"17,836.7",0.89,84.4,5.7,0.91,33.4,23.1,10.3,35.2,34.9,35.6
Madagascar,MG,2006,"18,614,838",2.83,32,4.91,62.8,78.7,1,87.1,81.2,5.9,17.9,18.1,17.7
Malawi,MW,2006,"13,183,557",3.25,140.1,5.86,63.7,107.8,0.97,97.8,91.4,6.4,16.7,16.8,16.6
Malaysia,MY,2006,"26,819,653",2.07,81.6,2.2,74.8,7.7,1.05,53.1,46,7.1,25.1,25.2,24.9
Maldives,MV,2006,"348,136",3.81,"1,168.2",2.11,73.2,48.6,1.27,46.1,40.3,5.8,23.7,22.5,24.5
Mali,ML,2006,"12,834,556",2.98,10.5,6.74,55.2,165.1,0.96,107.4,100.5,6.9,15.7,16.2,15.1
Malta,MT,2006,"407,973",0.15,"1,291.1",1.36,79.5,4.7,0.99,44.6,24.4,20.2,38.9,40.4,37.4
Marshall Islands,MH,2006,"60,409",2.24,333.8,3.85,70.2,38.8,1.04,68.8,64.2,4.7,20.3,20.3,20.4
Mauritania,MR,2006,"2,948,358",2.61,2.9,5.59,65,69.1,0.97,90.5,83.5,7,18.2,18.7,17.6
Mauritius,MU,2006,"1,252,892",0.69,617.2,1.69,72.7,16.6,0.97,43.7,34.1,9.6,30.6,31.4,29.8
Mexico,MX,2006,"107,916,378",1.27,55.5,2.48,74,20.8,0.97,58.2,49.3,8.9,24.9,25.9,24
"Micronesia, Federated States of",FM,2006,"107,940",-0.12,153.8,3.16,69.9,39.3,1.01,65.1,60.2,4.9,20.9,21.4,20.4
Moldova,MD,2006,"3,953,870",-0.28,120.2,1.35,67.7,16.9,0.93,41.4,26.1,15.2,33.3,35.4,31.3
Monaco,MC,2006,"30,949",-0.41,"15,474.5",1.43,89.9,1.9,0.96,57.7,20.5,37.3,47.2,48.3,46.2
Mongolia,MN,2006,"2,632,747",1.22,1.7,2.07,66.5,42.2,0.98,47.4,41.7,5.7,24.1,24.7,23.6
Montenegro,ME,2006,"620,482",-0.02,46.1,1.67,74.3,12.2,0.97,50,30.8,19.3,34.9,36.2,33.6
Montserrat,MS,2006,"4,625",-29.25,45.3,1.08,72.4,19.4,1.02,56.6,44.8,11.8,27,27.1,26.9
Morocco,MA,2006,"30,681,046",1.3,42.8,2.68,68.7,41.3,0.98,57.3,48.7,8.6,24.2,24.8,23.7
Mozambique,MZ,2006,"20,934,250",2.17,26.6,5.68,47.6,168.9,0.95,91.6,85.7,5.9,17.4,18.3,16.6
Namibia,NA,2006,"2,068,876",1.27,2.5,3.89,54.1,86.2,0.98,76.7,70.4,6.3,19.6,19.9,19.2
Nauru,NR,2006,"9,549",-9.92,454.7,3.27,62.6,13.7,1,55.9,53.2,2.6,22,22.3,21.7
Nepal,NP,2006,"25,484,399",0.92,177.8,3.07,65.1,62,0.94,77.4,70.1,7.3,19.8,20.8,18.7
Netherlands,NL,2006,"16,320,438",0.11,481.5,1.71,79.7,5.3,0.98,48.3,26.9,21.4,39.5,40.3,38.7
New Caledonia,NC,2006,"236,510",1.63,12.9,2.21,76.4,10.8,1.01,51.6,41.5,10.2,28.5,28.9,28.1
New Zealand,NZ,2006,"4,089,964",1.05,15.5,2.12,80,6.2,0.99,50.6,32.1,18.5,35.8,36.7,35
Nicaragua,NI,2006,"5,325,208",1.45,44.4,2.59,71.3,28.3,0.97,68.5,61.7,6.7,20.8,21.5,20.1
Niger,NE,2006,"13,410,761",3.83,10.6,8.29,51.8,163.3,0.99,114.8,108.9,5.9,14.7,15.1,14.2
Nigeria,NG,2006,"148,689,670",2.81,163.3,5.79,51.8,150.6,1.03,88.2,82.6,5.5,18,18.1,17.8
North Macedonia,MK,2006,"2,061,665",0.21,81.1,1.43,73.7,12.9,1,44.7,28.8,15.9,34.2,35.2,33.2
Northern Mariana Islands,MP,2006,"66,233",-3.86,140.3,2.19,73.8,18.5,0.89,41.1,37.9,3.2,29.2,28.2,31.3
Norway,NO,2006,"4,662,367",0.88,15.3,1.92,80.4,4,0.99,51.9,29.5,22.4,38.3,39.1,37.4
Oman,OM,2006,"2,745,973",1.86,8.9,2.92,73,27.9,1.26,57.5,53.2,4.3,22.7,20.5,24.5
Pakistan,PK,2006,"171,905,824",2.3,223,4.66,64.5,101.1,1.06,78,70.6,7.3,19.9,19.9,19.9
Palau,PW,2006,"20,454",0.64,44.6,2.08,70.2,19.2,1.16,43.8,35.3,8.4,31.7,31.9,31.7
Panama,PA,2006,"3,260,504",1.85,43.9,2.62,76.6,19.2,1.02,57.4,47,10.5,26.5,26.8,26.2
Papua New Guinea,PG,2006,"6,362,103",2.62,14,4.38,65.1,62,1.05,75.8,70.7,5.1,19.6,19.6,19.7
Paraguay,PY,2006,"6,017,567",1.55,15.1,2.53,75,42.2,1.01,62.7,53.8,8.9,23.3,23.5,23.1
Peru,PE,2006,"28,321,089",1.39,22.1,2.76,73.5,25.2,0.99,59.3,50.5,8.8,24.2,24.7,23.7
Philippines,PH,2006,"87,078,202",1.97,292,3.43,70,34.2,1,66.6,60,6.6,21.9,22.3,21.4
Poland,PL,2006,"38,542,453",-0.04,126.7,1.21,75.4,7.2,0.94,41.2,22.3,18.9,37,39.1,35.1
Portugal,PT,2006,"10,595,717",0.19,115.8,1.33,78.6,4.3,0.93,49.2,24,25.2,38.6,40.7,36.6
Puerto Rico,PR,2006,"3,805,408",--,429.1,--,--,--,--,--,--,--,--,--,--
Qatar,QA,2006,"1,119,975",13.19,96.7,2.18,76.8,12.6,2.57,21.6,20.5,1.1,30.6,26,32
Romania,RO,2006,"21,239,780",-0.78,92.4,1.37,72.8,16.5,0.95,45.6,22.7,22.9,37.5,38.6,36.2
Russia,RU,2006,"143,701,958",-0.34,8.8,1.32,67,13.1,0.87,40.2,20.3,20,38.1,41.2,34.9
Rwanda,RW,2006,"9,035,459",2.54,366.3,5.26,58.2,97.9,0.93,84.5,79.6,4.9,17.8,18.5,17
Saint Barthelemy,BL,2006,"7,573",-0.28,302.9,1.63,77.9,10.5,1.15,37.7,26.3,11.5,37.1,36.9,37.3
"Saint Helena, Ascension, and Tristan da Cunha",SH,2006,"7,529",0.57,19.1,1.55,77.8,31.3,1.03,40.6,26.2,14.5,36.1,35.9,36.2
Saint Kitts and Nevis,KN,2006,"48,277",0.73,185,1.66,72.6,22.3,0.99,48.7,37.3,11.3,29.6,29.7,29.4
Saint Lucia,LC,2006,"158,011",0.45,260.7,1.91,74.9,18.5,0.96,54.6,41.3,13.3,27.9,28.9,26.9
Saint Martin,MF,2006,"28,399",1.76,525.9,1.82,77.9,10.5,0.92,47.3,40.1,7.3,29.8,30.5,28.8
Saint Pierre and Miquelon,PM,2006,"6,177",-0.79,25.5,1.52,79.9,11,0.99,46.8,26.7,20,39.6,40,39.2
Saint Vincent and the Grenadines,VC,2006,"105,630",-0.38,271.5,2.1,72.4,27,1.02,55,43.5,11.5,27.2,27.1,27.2
Samoa,WS,2006,"186,252",0.96,66,4.19,71,33.7,1.07,76.1,67.4,8.8,20.6,20.7,20.6
San Marino,SM,2006,"29,953",1.23,491,1.43,81.9,8.9,0.94,51.3,25.6,25.7,40.7,41.3,40.1
Sao Tome and Principe,ST,2006,"161,085",2.24,167.1,5.62,61.3,95.2,0.99,95,87.6,7.4,17.3,17.8,16.8
Saudi Arabia,SA,2006,"24,290,219",3.74,11.3,2.82,73.2,20.7,1.23,55.2,51,4.3,23.7,21.6,25.4
Senegal,SN,2006,"11,206,875",3.13,58.2,5.43,62.3,86.1,0.95,90.9,85.5,5.5,17.2,18.1,16.4
Serbia,RS,2006,"7,384,820",-0.51,95.3,1.44,73.2,8.6,0.95,48.5,23.4,25.1,40.7,42.4,39
Seychelles,SC,2006,"84,675",1.01,186.1,1.98,70.9,23.9,1.02,46.1,35.7,10.4,30,30.6,29.5
Sierra Leone,SL,2006,"5,416,024",2.43,75.6,5.47,47,194.1,0.95,88.7,82.7,6,17.8,18.3,17.3
Singapore,SG,2006,"4,872,210",1.92,"6,871.9",1.28,81.8,2.5,0.98,37.7,28.6,9.1,31.8,32,31.5
Sint Maarten,SX,2006,"34,559",2.61,"1,016.4",1.98,75.9,12.3,0.96,35.9,31,4.9,36.1,36.3,35.7
Slovakia,SK,2006,"5,408,938",0.02,112.4,1.27,74.3,8.2,0.94,39.7,22.7,16.9,36.1,38,34.2
Slovenia,SI,2006,"2,026,870",0.35,100.6,1.3,78.2,5,0.96,42.1,19.6,22.5,40.7,42.3,39.1
Solomon Islands,SB,2006,"505,546",2.46,18.1,4.03,72.9,36.4,1.04,76.8,70.2,6.6,19.9,20,19.8
Somalia,SO,2006,"11,185,531",2.47,17.8,7.33,50.9,170.3,1.01,107.6,102.4,5.2,15.3,15.7,15
South Africa,ZA,2006,"48,973,571",1.29,40.3,2.44,57.5,78.3,0.98,51.6,43.8,7.8,24.6,25.1,24.1
South Sudan,SS,2006,"8,096,955",--,12.6,--,--,--,--,--,--,--,--,--,--
Spain,ES,2006,"44,431,750",1.67,89,1.36,80.7,4.4,0.97,45.3,21.1,24.2,38.9,40.2,37.6
Sri Lanka,LK,2006,"20,097,062",0.96,311,2.33,74.4,13.5,0.97,49.3,39,10.3,28.6,29.3,27.8
Sudan,SD,2006,"31,676,138",--,17,--,--,--,--,--,--,--,--,--,--
Suriname,SR,2006,"500,908",1.58,3.2,2.41,69.8,46.5,0.98,55.3,46.2,9.1,25.2,26,24.5
Sweden,SE,2006,"9,133,722",0.72,22.3,1.85,80.7,3.6,0.99,52.5,25.9,26.6,40.6,41.6,39.6
Switzerland,CH,2006,"7,507,630",0.77,187.7,1.42,81.4,5.1,0.96,47,23.6,23.4,40.4,41.3,39.5
Syria,SY,2006,"19,402,732",6.07,104.4,3.76,73.9,18,1.05,74.3,68.6,5.7,19.8,19.8,19.7
Tajikistan,TJ,2006,"6,857,078",1.94,48.5,3.27,65.5,59.7,1,64.5,57.9,6.6,21,21.3,20.7
Tanzania,TZ,2006,"39,321,765",2.73,44.4,5.26,55.8,91.4,0.99,90.2,84.6,5.5,17.5,17.7,17.2
Thailand,TH,2006,"64,501,340",0.77,126.3,1.62,72.8,16.6,0.97,41.8,30.8,11,32.8,33.7,32
Timor-Leste,TL,2006,"984,056",2.3,66.2,5.82,60.6,93.2,1.02,89.3,82.4,6.9,17.8,18.3,17.4
Togo,TG,2006,"5,532,242",3,101.7,5.01,63.1,100.7,0.96,79.9,73.9,6,18.9,19.4,18.4
Tonga,TO,2006,"103,845",0.55,144.8,4.19,74.5,19.3,1.01,81,70.4,10.6,20.5,20.9,20.1
Trinidad and Tobago,TT,2006,"1,294,420",0.47,252.4,1.62,71.9,26.9,1.01,40.8,29.9,10.8,30.4,30.7,30.1
Tunisia,TN,2006,"10,120,017",0.9,65.1,2.02,73.6,21.9,1,47.6,37.6,10.1,27.3,27.8,26.8
Turkey,TR,2006,"71,328,326",1.21,92.7,2.3,71.9,33.5,1.02,52.3,43.3,9.1,26.4,26.8,26.1
Turkmenistan,TM,2006,"4,719,453",1.16,10,2.35,66.9,67.7,0.98,56.1,49,7.1,23.2,23.7,22.8
Turks and Caicos Islands,TC,2006,"30,579",10.35,32.3,1.97,78.3,17.3,1.02,43.9,38.4,5.5,28.7,28.4,29.1
Tuvalu,TV,2006,"10,227",0.55,393.3,3.26,63,69.5,0.96,64.5,55.2,9.3,23.1,25.8,21
Uganda,UG,2006,"27,818,685",2.94,141.1,6.9,56.3,101.6,0.95,114,108.2,5.8,14.8,15.3,14.2
Ukraine,UA,2006,"46,685,257",-0.61,80.6,1.31,67.9,12.7,0.86,44.2,20.6,23.6,39,42.2,35.6
United Arab Emirates,AE,2006,"4,458,540",20.95,53.3,2.22,76.9,9.2,2.25,25.5,24.4,1.1,29.7,24.9,31.4
United Kingdom,GB,2006,"60,846,808",0.62,251.5,1.88,79.3,6,0.98,50.5,26.7,23.7,39,40.1,37.9
United States,US,2006,"298,379,912",--,32.6,--,--,--,0.97,48.7,30.2,18.5,--,--,--
Uruguay,UY,2006,"3,309,638",0,18.9,1.98,75.7,13.4,0.94,58.6,37.1,21.5,33,34.6,31.5
Uzbekistan,UZ,2006,"26,926,013",1.32,63.3,2.33,71.6,31.7,0.99,57.1,49,8.1,23.3,23.8,22.8
Vanuatu,VU,2006,"223,196",2.44,18.3,4.2,69.9,29.1,1.02,79.3,73.7,5.7,19.3,19.6,19
Venezuela,VE,2006,"26,772,897",1.59,30.4,2.62,73.4,20.6,0.99,57.4,49.5,7.9,24.5,25.2,23.9
Vietnam,VN,2006,"86,014,941",1.28,277.4,2.09,72.8,27.6,0.98,50.9,42.1,8.8,25.6,26.7,24.6
"Virgin Islands, British",VG,2006,"26,655",3.13,176.5,1.12,77.4,19.9,0.95,35.7,27.7,8,33.3,33.2,33.3
"Virgin Islands, U.S.",VI,2006,"108,369",-0.14,311.4,2.03,78.3,9.9,0.92,50.2,34.6,15.7,36.6,37.1,35.9
Wallis and Futuna,WF,2006,"15,147",0.29,106.7,1.94,76.7,6.4,1.02,57.2,46.6,10.5,25.3,26.5,24.1
Yemen,YE,2006,"21,583,798",2.65,40.9,5.57,64,69.1,1.02,92.6,86.6,6,17,17.2,16.8
Zambia,ZM,2006,"12,073,975",2.95,16.2,6.09,53.4,102.5,1,95.8,90.8,5.1,16.6,16.7,16.6
Zimbabwe,ZW,2006,"13,146,773",-0.05,34,3.91,47.7,93.6,0.98,75.7,69.5,6.2,19.4,19.7,19.1
Gaza Strip,XG,2006,"1,341,475",2.74,"3,726.3",6.2,71.8,27.1,1.03,106.3,100.8,5.4,15.4,15.6,15.2
Kosovo,XK,2006,"1,776,648",0.46,163.2,2.43,68.9,57.8,1.06,53.3,43.6,9.7,24.8,25.4,24.4
Taiwan,TW,2006,"22,815,797",0.45,707.2,1.12,78,6.7,1.03,39.7,25.6,14.1,35,35.5,34.6
West Bank,XW,2006,"2,218,587",2.09,393.4,4.1,73.2,24.4,1.04,83.4,77,6.4,18.4,18.6,18.2
 -> 2007,,,--,--,--,--,--,--,--,--,--,--,--,--,--
 -> 2007 -> World,,,"6,689,469,335",--,50.8,--,--,--,--,--,--,--,--,--,--
Afghanistan,AF,2007,"30,632,821",0.33,47,6.9,60.2,94.9,1.04,102,97,5.1,15.9,15.9,15.8
Albania,AL,2007,"2,932,578",-1.02,107,1.5,78.2,14.4,0.98,54.1,39.6,14.6,28.7,29.6,27.7
Algeria,DZ,2007,"34,002,255",1.77,14.3,2.61,74.8,32,1.02,49.6,42.5,7.1,25,25.2,24.8
American Samoa,AS,2007,"56,765",-0.76,286.7,3.37,73.1,14.7,1.02,69.3,62.8,6.6,21.9,22.2,21.5
Andorra,AD,2007,"80,757",2.69,172.6,1.31,82.8,4.3,1.08,37.8,21.5,16.4,38.5,38.2,38.8
Angola,AO,2007,"19,536,447",4.44,15.7,6.41,53.8,146.7,0.96,99.3,94.4,4.9,16.2,16.5,15.9
Anguilla,AI,2007,"13,771",2.38,151.3,1.74,79.9,5.4,0.96,48.1,37,11.1,32,32.9,31.1
Antigua and Barbuda,AG,2007,"83,409",1.29,188.3,2.09,73.3,26.2,0.91,51.7,41.8,10,29.2,30.5,27.8
Argentina,AR,2007,"40,134,012",0.91,14.7,2.28,75.4,15.6,0.97,57.3,40.6,16.7,29.6,30.6,28.6
Armenia,AM,2007,"3,078,608",-0.07,109.2,1.62,72.6,18.6,0.91,47.9,31.2,16.7,31.2,33.5,28.8
Aruba,AW,2007,"99,976",1.52,555.4,1.85,74.6,19.5,0.91,42.4,28,14.3,37.3,39,35.5
Australia,AU,2007,"20,610,385",1.9,2.7,1.95,81.1,5.2,0.99,47.2,28.4,18.9,36.6,37.5,35.7
Austria,AT,2007,"8,379,589",0.32,101.6,1.37,80.3,4.3,0.95,48.3,22.8,25.5,40.9,41.9,39.9
Azerbaijan,AZ,2007,"9,021,296",1.1,109.2,2.07,70.1,37,0.97,46.5,35.8,10.7,27.9,29.7,26.3
"Bahamas, The",BS,2007,"330,112",2.02,33,2.14,73.8,16.3,0.9,60,51.4,8.6,27.1,27.4,26.8
Bahrain,BH,2007,"1,053,581",6.61,"1,386.3",2,77.9,15.1,1.53,32,28.6,3.4,29.9,27.2,31.2
Bangladesh,BD,2007,"141,908,028",1.03,"1,090.2",2.59,70.3,59.6,1,63.3,55.8,7.5,22.7,23.1,22.3
Barbados,BB,2007,"285,423",0.51,663.8,1.71,75.7,15.7,0.94,40.7,27.7,13,35.2,36.2,34.1
Belarus,BY,2007,"9,733,326",-0.25,48,1.38,70.6,7.1,0.87,42.1,21,21.2,38.1,41.1,35.1
Belgium,BE,2007,"10,610,154",0.74,350.4,1.82,79.7,4.8,0.96,51.6,25.5,26.1,40.7,41.9,39.5
Belize,BZ,2007,"302,054",2.36,13.2,2.94,72.9,20.3,1.01,70,63.1,6.9,20.8,21,20.7
Benin,BJ,2007,"8,335,067",3.12,75.3,5.56,56.7,119.7,0.95,99.8,95,4.8,16,16.7,15.4
Bermuda,BM,2007,"67,014",0.71,"1,241.0",2,80,3.3,0.94,47.5,27.7,19.8,40.7,42.1,39.1
Bhutan,BT,2007,"729,890",1.38,19,2.6,65,74.2,1.1,59.6,51.3,8.2,22.7,22,23.3
Bolivia,BO,2007,"9,457,486",2,8.7,3.47,68.7,49.4,0.99,69.9,62,8,21.4,22,20.8
Bosnia and Herzegovina,BA,2007,"3,891,845",-0.09,76,1.16,74.5,7.9,0.95,39.6,22.4,17.2,37.7,38.9,36.4
Botswana,BW,2007,"1,878,406",1.75,3.3,3.08,55.8,60.6,0.95,71.7,63.5,8.2,21.4,21.9,20.7
Brazil,BR,2007,"192,229,032",1.05,23,1.94,71.7,27.8,0.98,49.2,39.9,9.3,27.8,28.5,27
Brunei,BN,2007,"374,432",1.8,71.1,1.97,75.2,16.4,1.02,44.8,40.2,4.6,27.2,27.2,27.3
Bulgaria,BG,2007,"7,509,499",-0.63,69.2,1.45,72.4,13.4,0.96,44.5,19.9,24.6,40.6,42.9,38.5
Burkina Faso,BF,2007,"14,340,736",2.81,52.4,6.19,56.6,130.8,0.95,100.5,94.1,6.4,16.3,17.1,15.5
Burma,MM,2007,"50,238,362",1.04,76.9,2.51,63.4,72.8,0.98,54.4,46.8,7.6,25.3,25.9,24.7
Burundi,BI,2007,"7,990,795",3.65,311.2,6.42,59.5,99.2,0.98,93.6,88.5,5.1,17,17.3,16.6
Cabo Verde,CV,2007,"485,911",1.57,120.5,2.79,69.4,41.2,0.94,71.4,61.5,9.9,20.9,21.7,20.1
Cambodia,KH,2007,"13,789,073",1.28,78.1,3.15,65,68.8,0.93,61,55.1,5.9,21.3,22.1,20.5
Cameroon,CM,2007,"19,184,987",2.9,40.6,5.38,54.6,122,0.99,90.3,84.8,5.5,17.4,17.6,17.1
Canada,CA,2007,"33,016,487",1.11,3.6,1.68,81.5,5.8,0.98,44.7,24.2,20.5,39.8,40.7,38.7
Cayman Islands,KY,2007,"46,606",2.51,176.5,1.89,79.5,11.7,0.96,40.7,28.6,12.1,37.6,37.9,37.2
Central African Republic,CF,2007,"4,451,775",1.44,7.1,4.84,47.8,160.3,0.97,85.2,77.9,7.2,18.5,19.1,18
Chad,TD,2007,"10,731,434",3.49,8.5,6.86,52.8,157.4,0.96,103.7,98.8,4.9,15.7,16.3,15
Chile,CL,2007,"16,244,041",0.91,21.8,1.91,76.8,10,0.97,46.8,34.6,12.2,31.2,32.4,30
China,CN,2007,"1,313,912,400",0.61,140.9,1.68,74.2,19.3,1.06,37.4,26.1,11.3,33.7,34.2,33.2
Colombia,CO,2007,"43,001,603",-0.35,41.4,2.2,74.1,20.1,0.96,54.8,45.1,9.8,26.6,27.5,25.6
Comoros,KM,2007,"659,992",2.59,295.3,4.92,62.3,106.6,0.95,87.1,80.3,6.8,18.4,19,17.8
Congo (Brazzaville),CG,2007,"3,822,950",2.67,11.2,4.87,67,75.3,0.99,81.2,74.1,7.1,19.2,19.5,18.9
Congo (Kinshasa),CD,2007,"65,763,574",3.29,29,6.46,54.6,129.6,0.99,97,92.1,4.9,16.4,16.6,16.2
Cook Islands,CK,2007,"12,660",-3.4,53.6,2.62,73.7,26.5,1.07,60.9,47,14,29.3,29.9,28.6
Costa Rica,CR,2007,"4,326,277",1.43,84.7,1.98,76.7,12.7,1.01,47.4,38.8,8.6,27.7,28.2,27.1
C“te d'Ivoire,CI,2007,"19,631,054",2.93,61.7,5.26,54.2,115.9,1.02,83.8,79.6,4.3,18,17.8,18.1
Croatia,HR,2007,"4,437,352",-0.11,79.3,1.38,75.5,7.1,0.93,47.3,22.9,24.4,40.6,42.5,38.6
Cuba,CU,2007,"11,253,834",-0.05,102.5,1.45,78,6.6,1,43,26.2,16.7,37,37.7,36.4
Cura‡ao,CW,2007,"139,033",1.05,313.1,2.15,76.5,11.6,0.91,50.8,33.4,17.4,36.5,39.5,33.4
Cyprus,CY,2007,"1,048,911",1.74,113.5,1.44,77.2,12.4,1.04,38,24.9,13.1,33.6,35.4,32.2
Czechia,CZ,2007,"10,365,254",0.91,134.2,1.45,76.9,4.1,0.96,40.6,20.1,20.5,39.1,41,37.4
Denmark,DK,2007,"5,458,200",0.56,128.6,1.85,78.3,4.8,0.98,51.5,28.1,23.4,40.1,41,39.2
Djibouti,DJ,2007,"693,300",2.08,29.9,3.19,59.7,88.1,0.88,69.7,64.5,5.2,20.3,21.7,18.8
Dominica,DM,2007,"72,735",0.23,96.9,2.12,76.3,15.6,1.02,56.3,39.9,16.4,29.1,29.6,28.7
Dominican Republic,DO,2007,"9,098,756",1.34,188.3,2.68,68.7,36,1.03,59.5,52,7.5,24,24.1,23.8
Ecuador,EC,2007,"14,291,896",2.02,57.5,3.07,76.8,20.7,0.99,67.6,56.7,11,23.7,24.3,23.1
Egypt,EG,2007,"76,021,187",2.25,76.4,3.26,70.2,33.4,1.04,59.4,53.7,5.6,22.5,22.6,22.3
El Salvador,SV,2007,"5,942,003",0.46,286.8,2.44,71.3,22.9,0.93,67.1,57.5,9.6,22.5,23.9,21
Equatorial Guinea,GQ,2007,"839,466",5.44,29.9,5.27,61.3,123.7,0.98,79.4,71,8.4,20.2,20.7,19.6
Eritrea,ER,2007,"4,969,813",2.31,49.2,5.02,62.1,83.5,0.97,86.5,79.7,6.8,18.4,18.9,17.9
Estonia,EE,2007,"1,316,118",-0.39,31,1.71,72.7,6.5,0.86,47.5,21.9,25.7,39.5,43.1,36.2
Eswatini,SZ,2007,"1,018,799",-0.29,59.2,3.59,48.7,102.7,0.91,69.5,63.7,5.7,19.9,20.4,19.3
Ethiopia,ET,2007,"75,618,830",2.72,69,4.98,58.9,99.1,1,82.2,76.8,5.4,18.6,18.6,18.5
Faroe Islands,FO,2007,"48,487",0.36,34.8,2.46,79.1,9.3,1.09,56.2,34.6,21.6,36.6,37.4,35.8
Fiji,FJ,2007,"851,993",1.02,46.6,2.9,70,24.7,1.03,52.7,45.7,7,25.7,25.9,25.5
Finland,FI,2007,"5,280,151",0.44,17.4,1.83,79.3,3.5,0.96,50.3,25.5,24.8,41.5,43,39.9
France,FR,2007,"63,883,224",0.58,99.8,2.01,80.9,4.9,0.96,53.9,28.7,25.2,39.1,40.6,37.6
French Polynesia,PF,2007,"259,838",1.13,67.9,2.14,74.6,18.7,1.05,48.2,39.9,8.3,27.8,27.7,28
Gabon,GA,2007,"1,458,607",3.61,5.7,4.13,61.3,77.7,1.01,81.4,73.4,8.1,19.3,19.6,19
"Gambia, The",GM,2007,"1,598,384",2.94,157.9,5.81,62.2,86.6,0.98,92.9,88.6,4.3,16.7,17.3,16.3
Georgia,GE,2007,"4,824,432",-0.19,69.2,1.56,75.5,22.2,0.91,51.3,27,24.3,36.9,39.6,34.4
Germany,DE,2007,"82,236,860",-0.12,235.9,1.37,79.8,4.7,0.96,50.8,20.8,30,43,44.2,41.9
Ghana,GH,2007,"22,781,416",2.58,100.1,4.34,62.6,77.5,0.95,78.1,70.2,7.9,19.8,20.5,19.2
Gibraltar,GI,2007,"28,522",0.28,"4,074.6",2.02,79.3,8.2,1.04,52.2,33,19.3,32.4,32.8,32
Greece,GR,2007,"10,982,200",-0.05,84.1,1.41,79.3,4.3,0.97,50.2,22,28.2,40.4,41.6,39.2
Greenland,GL,2007,"57,523",0.05,0,2.25,68.6,15.3,1.13,43.4,34.3,9.1,33.4,31.7,34.9
Grenada,GD,2007,"105,887",0.65,307.8,2.33,72.5,17.2,1.01,55.8,42.6,13.2,26.6,26.6,26.6
Guam,GU,2007,"161,113",0.51,296.2,3.07,75.7,12.1,1.05,55.8,45.8,10,28.4,28.8,28
Guatemala,GT,2007,"13,305,752",2.25,124.2,3.76,68.8,47.4,0.99,77.2,70.7,6.5,19.5,20.1,19
Guernsey,GG,2007,"63,743",0.52,817.2,1.49,81.5,4.5,0.97,46.7,22.7,24,41,41.8,40.2
Guinea,GN,2007,"8,860,380",2.55,36.1,5.32,55.4,126.6,1,84.6,78,6.5,18.8,19,18.5
Guinea-Bissau,GW,2007,"1,412,248",2.37,50.2,5.23,54.1,131,0.94,89.5,83.9,5.7,17.6,18.2,16.9
Guyana,GY,2007,"785,687",0.29,4,2.58,68.8,39.8,1.04,66.1,58.8,7.4,22.9,23,22.7
Haiti,HT,2007,"9,363,931",1.53,339.8,3.77,59.2,91.5,0.98,73.9,67.5,6.4,20.1,20.3,19.8
Honduras,HN,2007,"7,521,708",2.15,67.2,3.33,70.6,26.6,0.96,77.6,70.5,7,19.9,20.5,19.2
Hong Kong,HK,2007,"7,003,726",0.66,"6,527.2",1.03,82,3.7,0.91,33.1,16.4,16.6,40.7,39.7,41.9
Hungary,HU,2007,"10,034,123",-0.13,112,1.34,73.3,6.9,0.91,45.8,22.6,23.2,39.2,41.9,36.8
Iceland,IS,2007,"311,492",2.49,3.1,2.1,81.3,4.8,1.04,48.5,31.3,17.3,34.6,34.9,34.3
India,IN,2007,"1,172,223,357",1.42,394.3,2.73,65.9,66.9,1.07,58.4,50.2,8.2,24.4,25.1,23.9
Indonesia,ID,2007,"236,887,116",1.35,130.8,2.54,69.8,39.6,1,53.9,45.2,8.7,26.7,27.2,26.2
Iran,IR,2007,"72,203,122",1.25,47.1,1.88,71.6,38.6,1.03,43.6,36.4,7.2,25.2,25.4,25
Iraq,IQ,2007,"26,534,970",-0.37,60.7,4.58,65.5,39.8,1.01,78.8,74,4.8,19.1,19.3,18.8
Ireland,IE,2007,"4,419,987",2.49,64.2,1.98,79.6,4.1,1.01,45.4,29.6,15.8,33.6,34,33.1
Isle of Man,IM,2007,"81,347",1.06,142.2,1.86,80.4,5.7,0.98,51.8,25.7,26.1,41.5,42.2,40.7
Israel,IL,2007,"6,989,575",1.79,325.1,2.91,80.5,5.2,1,60.9,45.3,15.7,28.7,29.5,28
Italy,IT,2007,"59,626,719",0.81,202.7,1.35,81.4,4.1,0.94,51.3,21,30.3,42.4,43.7,41.1
Jamaica,JM,2007,"2,850,381",-0.08,263.2,2.32,72.1,20.1,0.98,62.2,50.9,11.4,24.5,25.1,24
Japan,JP,2007,"127,805,148",0.04,350.6,1.34,82.6,3.4,0.95,54.2,21.6,32.5,43.8,45.1,42.5
Jersey,JE,2007,"90,452",1.57,779.8,1.73,80.7,5.3,0.96,46.8,25.2,21.6,40.1,40.9,39.2
Jordan,JO,2007,"6,355,001",2.46,71.6,3.72,72.1,25.1,1.08,71.2,65.5,5.7,20.4,20.3,20.5
Kazakhstan,KZ,2007,"16,455,510",1.06,6.1,2.35,65.7,32.4,0.93,46.8,35.5,11.3,28.5,30.3,26.9
Kenya,KE,2007,"36,236,652",2.86,63.7,4.82,64.6,57.6,0.99,86.2,79.9,6.3,18.3,18.6,17.9
Kiribati,KI,2007,"95,687",1.46,118,3.28,62.9,60.1,0.98,66.7,60.7,6,21.1,22,20.3
"Korea, North",KP,2007,"23,956,595",0.59,199,2.06,67.3,40.3,0.94,47.9,35.7,12.2,32.1,33.6,30.3
"Korea, South",KR,2007,"48,947,199",0.67,505,1.26,79.6,4.7,1,38.7,24.6,14,36.2,37.3,35.2
Kuwait,KW,2007,"2,375,764",2.45,133.3,2.77,75.7,12.6,1.45,38.9,36.5,2.4,28.1,25.6,29.4
Kyrgyzstan,KG,2007,"5,255,556",0.66,27.4,2.78,67.8,41.3,0.97,56,46.8,9.2,24.1,24.9,23.2
Laos,LA,2007,"6,039,553",1.89,26.2,3.49,61.9,84,0.98,74.9,68.6,6.4,19.7,20,19.5
Latvia,LV,2007,"2,220,509",-0.77,35.7,1.52,70.6,10.2,0.86,45.1,20.4,24.8,39.8,43.1,36.5
Lebanon,LB,2007,"4,806,670",2.18,469.9,2.49,75.7,12.4,0.98,55.6,46.5,9.1,26.6,27.4,25.7
Lesotho,LS,2007,"1,942,992",0.84,64,3.32,47.1,112.9,0.97,66.1,57.8,8.2,22.1,22.3,21.9
Liberia,LR,2007,"3,390,489",4.84,35.2,5.53,55.5,121.1,1,87.5,82.6,4.9,18,18.1,18
Libya,LY,2007,"5,907,828",2.37,3.4,3.07,73.5,21.4,1.08,54.2,48.1,6.1,24.1,23.9,24.2
Liechtenstein,LI,2007,"35,390",0.53,221.2,1.4,80.6,5.8,0.97,41,23.8,17.2,39.5,40.1,38.7
Lithuania,LT,2007,"3,230,565",-1.21,51.5,1.36,70.9,7.7,0.86,48.1,23.6,24.5,39.1,42,36
Luxembourg,LU,2007,"482,297",1.58,186.5,1.67,80.1,3.4,0.98,49.4,27.4,22,39,39.9,38.2
Macau,MO,2007,"525,635",4.44,"18,772.7",0.92,84.4,5.7,0.91,32.5,22.5,10.1,35,34.6,35.6
Madagascar,MG,2007,"19,146,319",2.81,32.9,4.83,63.2,77,1,85.9,80.1,5.8,18,18.2,17.9
Malawi,MW,2007,"13,621,081",3.28,144.8,5.81,64.5,102.5,0.97,97.3,90.8,6.4,16.7,16.9,16.6
Malaysia,MY,2007,"27,369,040",1.99,83.3,2.11,75,8,1.05,52,44.7,7.2,25.4,25.5,25.2
Maldives,MV,2007,"364,994",5.6,"1,224.8",2.04,73.5,47.4,1.33,41.7,36.1,5.6,24.4,23.1,25.2
Mali,ML,2007,"13,225,656",3.02,10.8,6.66,55.8,157.4,0.96,107.3,100.5,6.8,15.7,16.2,15.1
Malta,MT,2007,"409,389",0.54,"1,295.5",1.35,79.9,6.8,0.99,44.3,23.6,20.6,39.2,40.8,37.8
Marshall Islands,MH,2007,"61,763",2.19,341.2,3.76,70.5,37.9,1.04,69.6,64.8,4.7,20.7,20.7,20.7
Mauritania,MR,2007,"3,027,723",2.7,2.9,5.56,65.4,66.7,0.97,91.4,84.4,7.1,18,18.6,17.5
Mauritius,MU,2007,"1,261,224",0.63,621.3,1.66,72.9,16.3,0.97,42.7,33,9.7,31,31.9,30.3
Mexico,MX,2007,"109,344,533",1.36,56.2,2.45,74.2,19.7,0.96,57.4,48.4,9,25.2,26.1,24.2
"Micronesia, Federated States of",FM,2007,"107,794",-0.16,153.6,3.07,70.2,38.4,1,63.3,58.5,4.8,21.2,21.7,20.7
Moldova,MD,2007,"3,942,774",-0.28,119.9,1.35,67.9,16.9,0.93,40.5,25.2,15.3,33.5,35.6,31.6
Monaco,MC,2007,"30,831",-0.36,"15,415.5",1.44,89.9,1.9,0.96,58.7,20.6,38.1,47.6,48.6,46.6
Mongolia,MN,2007,"2,666,190",1.31,1.7,2.15,66.8,39.6,0.98,46,40.3,5.8,24.5,25.1,23.9
Montenegro,ME,2007,"620,495",0.03,46.1,1.74,74.8,8.9,0.98,49.5,30.3,19.2,35.2,36.5,33.9
Montserrat,MS,2007,"4,512",24.96,44.2,0.97,72.5,19,1.02,56.4,44.4,12.1,27.6,27.7,27.4
Morocco,MA,2007,"31,078,402",1.28,43.4,2.65,69.1,39.5,0.98,56.5,47.9,8.6,24.6,25.1,24.1
Mozambique,MZ,2007,"21,396,604",2.2,27.2,5.71,48.2,162.4,0.95,92.2,86.3,5.9,17.4,18.2,16.5
Namibia,NA,2007,"2,095,758",1.31,2.5,3.85,55.7,82.3,0.97,76.7,70.1,6.6,19.6,20.1,19.2
Nauru,NR,2007,"9,096",0.46,433.1,3.24,63,13.5,0.97,52.7,50.2,2.5,22.7,22.9,22.4
Nepal,NP,2007,"25,732,124",1.02,179.5,2.96,66,57.6,0.93,75.8,68.5,7.4,20,21.1,18.8
Netherlands,NL,2007,"16,351,023",0.26,482.4,1.7,80.2,4.8,0.98,48.4,26.6,21.7,39.9,40.7,39.1
New Caledonia,NC,2007,"240,451",1.67,13.2,2.12,76,11.5,1.01,50.9,40.4,10.5,28.8,29.3,28.4
New Zealand,NZ,2007,"4,131,984",0.99,15.6,2.3,80.2,6,0.99,50.6,31.8,18.7,36.1,36.9,35.3
Nicaragua,NI,2007,"5,403,845",1.48,45,2.53,71.6,27,0.97,66,59.2,6.8,21.2,21.9,20.5
Niger,NE,2007,"13,936,205",3.85,11,8.3,52.5,157.4,0.99,116.8,110.8,6,14.5,14.9,14.1
Nigeria,NG,2007,"152,884,914",2.76,167.9,5.71,52.5,145.2,1.02,88.7,83.1,5.6,17.9,18.1,17.8
North Macedonia,MK,2007,"2,065,917",0.2,81.2,1.43,73.6,11.6,1,44,28,16,34.5,35.5,33.6
Northern Mariana Islands,MP,2007,"63,650",-4.1,134.9,2.39,73.8,18.5,0.93,42.6,39.2,3.5,29.9,29,31.6
Norway,NO,2007,"4,710,953",1.19,15.5,1.92,80.4,3.7,0.99,51.4,29.1,22.3,38.4,39.3,37.6
Oman,OM,2007,"2,797,440",1.86,9,2.87,73.3,27.4,1.25,56,51.7,4.4,23,21,24.8
Pakistan,PK,2007,"176,015,175",2.42,228.3,4.59,64.9,99,1.06,77.3,70,7.3,20,20,20
Palau,PW,2007,"20,576",0.54,44.8,2,70.5,18.8,1.15,42.9,34.4,8.5,31.9,32.1,31.9
Panama,PA,2007,"3,318,573",1.69,44.6,2.51,76.5,19.5,1.02,57.1,46.3,10.8,26.8,27.1,26.5
Papua New Guinea,PG,2007,"6,530,705",2.62,14.4,4.38,65.4,60.5,1.05,75,69.9,5.1,19.8,19.7,19.8
Paraguay,PY,2007,"6,109,837",1.49,15.4,2.43,75.2,41.3,1.01,60.6,51.6,9,23.7,23.9,23.5
Peru,PE,2007,"28,717,915",1.39,22.4,2.75,73.9,23.8,0.99,58.6,49.7,8.9,24.5,25,24
Philippines,PH,2007,"88,820,071",2,297.9,3.39,70.1,33.7,1,66.1,59.4,6.7,22.1,22.5,21.6
Poland,PL,2007,"38,537,963",0.01,126.7,1.28,75.4,7.2,0.94,40.6,21.7,18.9,37.2,39.3,35.4
Portugal,PT,2007,"10,618,141",0.23,116.1,1.35,78.8,4.1,0.93,49.1,23.7,25.4,39,41.1,36.9
Puerto Rico,PR,2007,"3,783,221",--,426.6,--,--,--,--,--,--,--,--,--,--
Qatar,QA,2007,"1,268,369",11.75,109.5,2.17,77,12.4,2.75,19.5,18.5,1,30.8,26.5,32.1
Romania,RO,2007,"21,075,777",-0.78,91.7,1.37,73.4,14.1,0.95,45.8,22.6,23.2,38.1,39.2,36.7
Russia,RU,2007,"143,407,480",-0.07,8.8,1.44,67.8,12.1,0.86,40.4,20.2,20.2,38.2,41.4,35.1
Rwanda,RW,2007,"9,266,882",2.52,375.7,5.12,59.2,88,0.93,83.6,78.9,4.7,18,18.7,17.2
Saint Barthelemy,BL,2007,"7,538",-0.64,301.5,1.63,78.1,10.4,1.14,38.8,26.6,12.2,37.8,37.5,38
"Saint Helena, Ascension, and Tristan da Cunha",SH,2007,"7,571",0.54,19.2,1.55,77.9,30.6,1.03,41,26.1,14.9,36.7,36.5,36.8
Saint Kitts and Nevis,KN,2007,"48,653",0.82,186.4,1.74,73.7,20.6,0.99,47.4,36.2,11.2,30.1,30.2,30
Saint Lucia,LC,2007,"158,703",0.42,261.9,1.88,75.2,18.1,0.96,53.2,39.8,13.4,28.5,29.5,27.5
Saint Martin,MF,2007,"28,889",1.67,535,1.82,78.1,10.4,0.93,47.4,39.9,7.5,30,30.8,29.1
Saint Pierre and Miquelon,PM,2007,"6,128",-0.8,25.3,1.53,80,10.8,0.99,47.2,26.5,20.7,40.2,40.6,39.8
Saint Vincent and the Grenadines,VC,2007,"105,233",-0.37,270.5,2.06,72.7,26.3,1.03,53.5,42,11.5,27.7,27.7,27.8
Samoa,WS,2007,"187,956",0.86,66.6,3.98,71.3,32.2,1.06,74.9,66.1,8.8,20.8,20.9,20.8
San Marino,SM,2007,"30,347",1.38,497.5,1.43,82.2,8.7,0.94,51.7,25.7,26,41.1,41.7,40.4
Sao Tome and Principe,ST,2007,"164,708",2.21,170.9,5.52,61.7,93.1,0.99,94.9,87.7,7.2,17.3,17.8,16.8
Saudi Arabia,SA,2007,"25,200,107",3.62,11.7,2.77,73.4,20,1.24,52.3,48.3,4.1,24.3,22.2,26
Senegal,SN,2007,"11,556,408",3.02,60,5.4,63.1,80.7,0.96,90.5,85,5.5,17.3,18.2,16.5
Serbia,RS,2007,"7,346,025",-0.54,94.8,1.39,73.4,8,0.95,48.1,23.1,25,40.9,42.5,39.2
Seychelles,SC,2007,"85,529",1,188,1.96,71.3,23.3,1.02,44.9,34.6,10.3,30.5,31,29.9
Sierra Leone,SL,2007,"5,563,881",2.95,77.7,5.37,47.9,185.3,0.95,88.6,82.6,6,17.8,18.2,17.3
Singapore,SG,2007,"4,962,791",1.76,"6,999.7",1.29,81.9,2,0.98,37.1,27.9,9.3,32,32.3,31.7
Sint Maarten,SX,2007,"35,432",2.38,"1,042.1",2.04,76.2,11.9,0.97,34.9,29.7,5.2,36.7,37,36.2
Slovakia,SK,2007,"5,411,218",0.07,112.5,1.29,74.5,7.8,0.94,39.1,22.1,17.1,36.5,38.4,34.6
Slovenia,SI,2007,"2,038,124",0.76,101.1,1.37,78.3,5,0.96,42.4,19.5,23,41,42.6,39.4
Solomon Islands,SB,2007,"518,003",2.41,18.5,3.94,73.2,35.5,1.04,75.7,69,6.7,20.1,20.2,20
Somalia,SO,2007,"11,511,940",3.27,18.4,7.29,51.2,167.7,1.01,106.6,101.5,5.2,15.4,15.7,15
South Africa,ZA,2007,"49,648,943",1.44,40.9,2.44,59.2,70,0.98,50.5,42.6,7.9,24.9,25.4,24.4
South Sudan,SS,2007,"8,383,439",--,13,--,--,--,--,--,--,--,--,--,--
Spain,ES,2007,"45,211,636",1.81,90.6,1.38,80.7,4.3,0.97,45.2,21.2,24,39.1,40.5,37.8
Sri Lanka,LK,2007,"20,285,225",0.9,313.9,2.35,75,12.6,0.97,49.3,38.8,10.5,28.9,29.7,28.1
Sudan,SD,2007,"32,405,131",--,17.4,--,--,--,--,--,--,--,--,--,--
Suriname,SR,2007,"508,847",1.57,3.3,2.51,69.6,46.8,0.98,54.5,45.5,9,25.6,26.3,24.8
Sweden,SE,2007,"9,201,390",0.76,22.4,1.88,80.9,3.2,0.99,52.5,25.6,27,40.7,41.8,39.7
Switzerland,CH,2007,"7,586,904",1.33,189.7,1.43,81.6,5,0.96,46.8,23.2,23.6,40.7,41.6,39.8
Syria,SY,2007,"20,653,852",6.41,111.1,3.7,74.2,17.2,1.05,73.6,67.9,5.7,20,20.1,20
Tajikistan,TJ,2007,"6,994,317",2.02,49.4,3.34,66,56.5,1,62.9,56.5,6.4,21.4,21.7,21.1
Tanzania,TZ,2007,"40,426,708",2.81,45.6,5.22,56.9,87,0.99,90,84.5,5.5,17.5,17.8,17.2
Thailand,TH,2007,"64,979,945",0.71,127.2,1.61,73,15.7,0.97,41.3,30,11.3,33.3,34.2,32.5
Timor-Leste,TL,2007,"1,007,004",2.31,67.7,5.75,61.1,89.2,1.02,88.2,81.2,7,18,18.5,17.5
Togo,TG,2007,"5,690,380",2.64,104.6,4.96,63.7,97.8,0.96,79.4,73.3,6.1,19,19.6,18.5
Tonga,TO,2007,"104,387",0.49,145.6,4.08,74.7,19,1.01,80.4,69.8,10.6,20.7,21.1,20.3
Trinidad and Tobago,TT,2007,"1,300,849",0.52,253.7,1.69,72.2,26.3,1.01,40.5,29.5,11,30.8,31.1,30.5
Tunisia,TN,2007,"10,212,137",0.92,65.7,2.03,73.7,20.7,1,46.6,36.5,10.1,27.8,28.3,27.3
Turkey,TR,2007,"72,183,220",1.18,93.8,2.27,72.2,32.6,1.02,51.7,42.5,9.2,26.9,27.2,26.5
Turkmenistan,TM,2007,"4,774,068",1.15,10.2,2.3,67.2,66.1,0.98,53.9,46.9,7,23.6,24.1,23.2
Turks and Caicos Islands,TC,2007,"33,904",10.27,35.8,1.83,73.9,25.2,1.02,41.4,35.9,5.4,29,28.6,29.3
Tuvalu,TV,2007,"10,285",0.57,395.6,3.23,63.4,67.8,0.96,62.5,53.4,9.1,23.2,25.9,21.3
Uganda,UG,2007,"28,609,591",2.67,145.2,6.74,57.3,95,0.95,114.3,108.6,5.8,14.7,15.3,14.1
Ukraine,UA,2007,"46,406,827",-0.59,80.1,1.34,67.5,13.8,0.86,43.8,20.3,23.5,39.1,42.4,35.7
United Arab Emirates,AE,2007,"5,532,409",21.94,66.2,2.01,77,8.8,2.5,21.6,20.6,0.9,30.1,25.6,31.7
United Kingdom,GB,2007,"61,249,260",0.7,253.2,1.94,79.5,5.8,0.98,50.2,26.5,23.7,39.2,40.3,38.1
United States,US,2007,"301,231,207",--,32.9,--,--,--,0.97,48.6,29.9,18.7,--,--,--
Uruguay,UY,2007,"3,308,558",-0.06,18.9,2,74.9,14.9,0.94,58.3,36.7,21.5,33.3,34.8,31.8
Uzbekistan,UZ,2007,"27,309,830",1.51,64.2,2.45,72.4,30,0.99,55,47,8,23.6,24.2,23.1
Vanuatu,VU,2007,"228,655",2.39,18.8,4.1,70.3,27.3,1.02,78.3,72.6,5.7,19.5,19.8,19.2
Venezuela,VE,2007,"27,296,443",2.28,30.9,2.58,73.6,19.7,0.99,56.5,48.5,8,24.9,25.5,24.2
Vietnam,VN,2007,"87,113,791",1.26,280.9,2.07,73,26.6,0.98,49.4,40.7,8.7,26,27,25
"Virgin Islands, British",VG,2007,"27,442",2.69,181.7,1.16,77.5,19.7,0.94,34.7,26.6,8.2,33.6,33.5,33.6
"Virgin Islands, U.S.",VI,2007,"108,337",0.08,311.3,2.51,76.8,11.3,0.92,50.2,33.9,16.3,37,37.6,36.4
Wallis and Futuna,WF,2007,"15,192",0.3,107,1.92,77,6.2,1.02,54.9,44.3,10.6,25.9,27.1,24.8
Yemen,YE,2007,"22,165,377",2.67,42,5.4,64.6,65.8,1.02,91.1,85.1,6,17.2,17.5,17
Zambia,ZM,2007,"12,449,845",3.18,16.7,5.95,55.3,96.3,1,96.1,91.1,5.1,16.6,16.7,16.5
Zimbabwe,ZW,2007,"13,128,369",-0.23,33.9,3.96,48.9,93.8,0.97,75.9,69.6,6.4,19.5,19.8,19.1
Gaza Strip,XG,2007,"1,377,597",2.58,"3,826.7",6.2,72,26.4,1.03,105.5,100.2,5.3,15.5,15.7,15.3
Kosovo,XK,2007,"1,785,393",0.52,164,2.43,69.2,55.8,1.06,52.7,42.9,9.8,25.1,25.7,24.7
Taiwan,TW,2007,"22,901,085",0.3,709.9,1.03,78.5,6.3,1.02,39.1,24.7,14.4,35.6,36.1,35.1
West Bank,XW,2007,"2,265,288",2.07,401.6,4.03,73.4,24,1.04,81.5,75.2,6.3,18.6,18.8,18.4
 -> 2008,,,--,--,--,--,--,--,--,--,--,--,--,--,--
 -> 2008 -> World,,,"6,775,054,741",--,51.4,--,--,--,--,--,--,--,--,--,--
Afghanistan,AF,2008,"31,319,842",4.07,48,6.73,60.7,91.4,1.04,101.8,96.7,5.1,15.9,15.9,15.8
Albania,AL,2008,"2,903,403",-0.98,106,1.47,77.6,15.2,0.97,52.9,37.8,15.1,29.2,30.2,28.1
Algeria,DZ,2008,"34,619,260",1.83,14.5,2.67,75,30.9,1.02,48.7,41.6,7.1,25.3,25.6,25.1
American Samoa,AS,2008,"56,361",-0.67,284.7,3.51,74.1,13.9,1.02,67.1,60.4,6.7,22.1,22.5,21.7
Andorra,AD,2008,"82,631",1.91,176.6,1.32,82.9,4.3,1.08,38,21.4,16.6,38.9,38.6,39.2
Angola,AO,2008,"20,418,534",4.4,16.4,6.37,55,138.5,0.95,100,95.2,4.9,16.1,16.5,15.8
Anguilla,AI,2008,"14,098",2.31,154.9,1.74,80.1,5.3,0.95,47.8,36.6,11.1,32.4,33.4,31.4
Antigua and Barbuda,AG,2008,"84,487",1.28,190.7,2.08,73.6,25.5,0.91,50.9,41,9.9,29.5,30.8,28
Argentina,AR,2008,"40,531,410",1.06,14.8,2.4,76.1,15,0.97,57.1,40.3,16.8,29.8,30.8,28.8
Armenia,AM,2008,"3,076,467",-0.07,109.1,1.63,72.7,18.1,0.91,46.2,30,16.2,31.5,33.8,29.2
Aruba,AW,2008,"101,494",1.5,563.9,1.85,74.8,19.1,0.91,42.2,27.5,14.7,37.5,39.3,35.8
Australia,AU,2008,"21,040,262",2.23,2.7,1.99,80.9,5.1,0.99,47.1,28.2,19,36.6,37.5,35.7
Austria,AT,2008,"8,406,796",0.33,102,1.41,80.6,4.5,0.95,48.3,22.4,25.9,41.3,42.3,40.3
Azerbaijan,AZ,2008,"9,120,355",1.09,110.4,2,70.7,32.1,0.97,44.7,34.4,10.2,28.2,30,26.5
"Bahamas, The",BS,2008,"336,626",1.89,33.6,1.99,73.9,16,0.9,58.3,49.7,8.6,26.9,27.1,26.7
Bahrain,BH,2008,"1,107,295",3.41,"1,457.0",1.96,77.8,15.2,1.54,31.1,27.8,3.3,30.2,27.5,31.5
Bangladesh,BD,2008,"143,350,005",0.99,"1,101.3",2.53,70.7,56.7,1,62,54.4,7.7,23.1,23.5,22.7
Barbados,BB,2008,"286,851",0.49,667.1,1.71,75.9,15.4,0.94,40.3,27.2,13.1,35.6,36.6,34.5
Belarus,BY,2008,"9,712,051",-0.18,47.9,1.43,70.8,6,0.87,41.4,20.7,20.7,38.3,41.3,35.3
Belgium,BE,2008,"10,692,800",0.81,353.2,1.86,79.6,4.6,0.96,51.4,25.4,26.1,40.9,42,39.7
Belize,BZ,2008,"309,202",2.31,13.6,2.86,73,19.8,1,68.4,61.5,6.8,21.2,21.3,21
Benin,BJ,2008,"8,602,404",3.19,77.8,5.57,57.1,117.6,0.95,99.1,94.4,4.7,16.1,16.7,15.5
Bermuda,BM,2008,"67,478",0.67,"1,249.6",2,80.1,3.3,0.94,47.9,27.4,20.4,41.1,42.5,39.4
Bhutan,BT,2008,"739,889",1.34,19.3,2.48,65.6,70,1.1,57.8,49.5,8.3,23.1,22.5,23.7
Bolivia,BO,2008,"9,646,692",1.96,8.9,3.4,69.3,46.7,0.99,69.1,61,8.1,21.7,22.2,21.1
Bosnia and Herzegovina,BA,2008,"3,888,949",-0.06,76,1.18,75.1,7.9,0.95,39,21.7,17.2,38.1,39.4,36.9
Botswana,BW,2008,"1,911,356",1.73,3.4,3.04,56.7,58.1,0.95,70.2,62.1,8.2,21.6,22.3,20.8
Brazil,BR,2008,"194,195,572",0.99,23.2,1.87,72.3,25.7,0.98,48.6,39.1,9.5,28.2,29,27.4
Brunei,BN,2008,"381,187",1.78,72.4,1.94,75.4,16.1,1.02,43.7,39,4.6,27.6,27.5,27.6
Bulgaria,BG,2008,"7,465,356",-0.55,68.8,1.52,72.8,12.6,0.96,44.6,19.9,24.7,40.7,43,38.7
Burkina Faso,BF,2008,"14,753,815",2.87,53.9,6.09,57.2,125.8,0.94,99.9,93.4,6.5,16.4,17.3,15.5
Burma,MM,2008,"50,678,671",0.71,77.5,2.49,57,115.7,0.97,53.5,45.9,7.6,25.6,26.2,25
Burundi,BI,2008,"8,317,555",4.35,323.9,6.4,60.2,94.5,0.98,94,89,5.1,16.9,17.3,16.6
Cabo Verde,CV,2008,"493,496",1.53,122.4,2.71,69.8,40.3,0.94,68.5,58.9,9.5,21.3,22.1,20.5
Cambodia,KH,2008,"13,969,008",1.32,79.1,3.09,66.1,62.6,0.93,59.2,53.4,5.9,21.7,22.5,20.9
Cameroon,CM,2008,"19,746,892",2.87,41.8,5.3,55.2,117.7,0.99,89.8,84.3,5.5,17.4,17.7,17.2
Canada,CA,2008,"33,403,579",1.23,3.7,1.71,81.7,5.7,0.98,44.9,24,20.8,39.9,40.9,38.9
Cayman Islands,KY,2008,"47,775",2.45,181,1.89,79.7,11.5,0.96,40.4,28,12.5,37.9,38.2,37.5
Central African Republic,CF,2008,"4,518,406",1.53,7.3,4.79,48.5,157.7,0.98,84.6,77.5,7.1,18.6,19.2,18
Chad,TD,2008,"11,135,832",3.9,8.8,6.79,53.2,153.8,0.96,104.5,99.7,4.9,15.6,16.3,14.9
Chile,CL,2008,"16,396,031",0.95,22,1.94,77.4,9.3,0.97,46.1,33.7,12.4,31.5,32.8,30.3
China,CN,2008,"1,322,155,068",0.64,141.8,1.72,74.5,18,1.06,37,25.6,11.4,34.2,34.7,33.6
Colombia,CO,2008,"43,168,865",1.13,41.6,2.14,74.6,19.5,0.96,53.9,43.8,10,26.9,27.9,25.9
Comoros,KM,2008,"676,977",2.49,302.9,4.75,62.7,104.5,0.95,87,80.1,6.9,18.5,19,17.9
Congo (Brazzaville),CG,2008,"3,928,876",2.8,11.5,4.91,67.9,70.9,0.99,81.1,74.1,7,19.3,19.6,19
Congo (Kinshasa),CD,2008,"67,979,602",3.34,30,6.51,55.1,125.2,0.99,96.6,91.7,4.9,16.4,16.6,16.2
Cook Islands,CK,2008,"12,241",-3.34,51.9,2.56,74,25.9,1.07,58.9,44.6,14.3,30.1,30.7,29.4
Costa Rica,CR,2008,"4,391,176",1.55,86,2.01,77.1,12.1,1.01,46.5,37.8,8.8,28.1,28.6,27.5
C“te d'Ivoire,CI,2008,"20,212,393",2.91,63.6,5.19,54.9,112.6,1.02,83.9,79.5,4.3,18.1,17.9,18.2
Croatia,HR,2008,"4,434,261",-0.03,79.2,1.44,75.7,6.9,0.93,47.1,22.8,24.4,40.8,42.8,38.7
Cuba,CU,2008,"11,250,701",-0.01,102.4,1.59,77.8,6.4,1,43,25.8,17.2,37.6,38.3,36.9
Cura‡ao,CW,2008,"140,507",1.06,316.5,2.26,75.9,12.2,0.91,50.6,32.9,17.7,36.5,39.5,33.3
Cyprus,CY,2008,"1,066,830",1.72,115.4,1.44,77.3,12.1,1.04,37.2,23.9,13.3,33.9,35.7,32.5
Czechia,CZ,2008,"10,455,430",0.83,135.4,1.51,77.2,3.6,0.96,40.8,20,20.8,39.2,41.1,37.6
Denmark,DK,2008,"5,491,488",0.66,129.4,1.9,78.6,4.7,0.98,51.8,27.9,23.9,40.3,41.2,39.4
Djibouti,DJ,2008,"708,122",2.15,30.5,3.05,60,86.4,0.87,67.4,62.3,5.2,20.6,22,19.1
Dominica,DM,2008,"72,897",0.22,97.1,2.1,76.4,15.4,1.02,54.2,38.1,16.2,29.5,29.9,29.1
Dominican Republic,DO,2008,"9,219,827",1.31,190.8,2.63,68.8,35.2,1.03,58.6,51,7.6,24.2,24.3,24.1
Ecuador,EC,2008,"14,488,773",0.73,58.3,2.99,77.2,19.9,0.99,67.3,56.2,11.1,23.9,24.5,23.3
Egypt,EG,2008,"77,777,097",2.31,78.1,3.33,70.5,31.9,1.05,59.3,53.7,5.6,22.7,22.8,22.6
El Salvador,SV,2008,"5,971,492",0.53,288.2,2.41,71.6,21.7,0.93,65.5,55.7,9.7,22.8,24.2,21.3
Equatorial Guinea,GQ,2008,"886,190",5.39,31.6,5.21,61.8,119.6,0.99,79.5,71,8.4,20.2,20.7,19.8
Eritrea,ER,2008,"5,108,008",3.17,50.6,4.91,62.4,81.5,0.97,86.3,79.5,6.8,18.5,18.9,18
Estonia,EE,2008,"1,311,467",-0.32,30.9,1.74,73.7,6.2,0.86,47.7,21.9,25.8,39.7,43.4,36.4
Eswatini,SZ,2008,"1,016,929",-0.08,59.1,3.45,48.9,100.8,0.91,67.9,62.1,5.8,20.2,20.7,19.6
Ethiopia,ET,2008,"77,695,164",2.7,70.9,4.89,60,93.6,1,81.7,76.3,5.5,18.7,18.7,18.6
Faroe Islands,FO,2008,"48,664",0.37,34.9,2.45,79.2,9.2,1.09,56.2,34.2,22.1,36.7,37.6,36
Fiji,FJ,2008,"860,394",0.95,47.1,2.82,70.3,24,1.03,52.5,45.3,7.2,26,26.2,25.8
Finland,FI,2008,"5,304,716",0.49,17.5,1.85,79.6,3.4,0.96,50.3,25.3,25,41.7,43.2,40.1
France,FR,2008,"64,250,843",0.57,100.3,2.04,81,4.9,0.96,54.2,28.8,25.4,39.3,40.9,37.8
French Polynesia,PF,2008,"262,881",1.2,68.7,2.2,75.6,16.3,1.05,47.4,38.8,8.6,28.2,28.1,28.3
Gabon,GA,2008,"1,512,483",3.64,5.9,4.12,61.7,75.5,1.02,80.7,72.8,7.9,19.3,19.5,19
"Gambia, The",GM,2008,"1,646,454",2.99,162.7,5.69,62.6,83.2,0.98,92,87.7,4.3,16.9,17.4,16.4
Georgia,GE,2008,"4,823,790",0.17,69.2,1.79,75.1,22.1,0.91,50.2,26.2,24,37.2,39.8,34.6
Germany,DE,2008,"82,065,369",-0.3,235.4,1.38,79.6,4.4,0.96,51.1,20.6,30.5,43.5,44.7,42.4
Ghana,GH,2008,"23,368,584",2.51,102.7,4.32,63,74.9,0.95,77.5,69.6,7.8,20,20.6,19.3
Gibraltar,GI,2008,"28,603",0.29,"4,086.1",2.01,79.3,8.2,1.04,50.8,31.7,19.1,32.7,33.1,32.3
Greece,GR,2008,"10,996,346",0.31,84.2,1.51,79.8,3.5,0.97,50.5,22,28.4,40.7,42,39.5
Greenland,GL,2008,"57,552",0.05,0,2.22,69,15,1.12,43,33.5,9.4,33.4,31.8,34.9
Grenada,GD,2008,"106,564",0.63,309.8,2.29,72.7,16.9,1.02,54.8,41.5,13.3,27,27,27
Guam,GU,2008,"161,917",0.49,297.6,3.06,76,10.2,1.05,55.5,45.4,10.1,28.5,28.9,28
Guatemala,GT,2008,"13,605,801",2.21,127,3.67,69.1,46.4,0.99,75.6,69,6.5,19.8,20.3,19.2
Guernsey,GG,2008,"64,095",0.59,821.7,1.52,82.6,4.1,0.98,46.4,22.3,24.1,41.3,42.1,40.5
Guinea,GN,2008,"9,090,759",2.58,37,5.27,56.1,121.7,1,84.6,78,6.6,18.8,19,18.5
Guinea-Bissau,GW,2008,"1,446,280",2.4,51.4,5.19,54.8,125.2,0.94,89.8,84.1,5.7,17.6,18.2,16.9
Guyana,GY,2008,"786,981",0.04,4,2.52,68.9,39,1.04,65.7,58.2,7.5,23.2,23.3,23
Haiti,HT,2008,"9,509,549",1.56,345,3.68,59.8,88.4,0.98,72.6,66.2,6.4,20.3,20.5,20
Honduras,HN,2008,"7,681,796",2.06,68.7,3.2,71,25.3,0.96,76.2,69.1,7.1,20.1,20.7,19.4
Hong Kong,HK,2008,"7,036,409",0.27,"6,557.7",1.06,82.2,3.7,0.91,33,16.2,16.8,41.2,40.2,42.3
Hungary,HU,2008,"10,027,594",0,111.9,1.39,73.9,6.5,0.91,46,22.4,23.6,39.5,42.1,37.1
Iceland,IS,2008,"317,363",1.26,3.2,2.17,81.7,3.7,1.04,48.1,30.8,17.3,34.6,35,34.2
India,IN,2008,"1,188,680,299",1.37,399.8,2.66,66.3,64,1.07,57.5,49.2,8.3,24.7,25.4,24.1
Indonesia,ID,2008,"240,064,968",1.31,132.5,2.52,69.9,37.7,1,53.8,44.9,8.9,27,27.5,26.5
Iran,IR,2008,"73,119,798",1.27,47.7,1.84,72.1,32.9,1.03,42.2,35,7.1,25.7,25.9,25.5
Iraq,IQ,2008,"27,077,388",4.37,61.9,4.55,67.7,38.8,1.01,78.9,74.1,4.8,19.1,19.4,18.9
Ireland,IE,2008,"4,517,709",1.89,65.6,2.05,79.8,4.6,1.01,45.7,29.7,16,33.7,34.1,33.3
Isle of Man,IM,2008,"82,201",1.03,143.7,1.98,79.9,6,0.98,52,25.6,26.4,41.7,42.5,41
Israel,IL,2008,"7,115,836",1.8,331,2.99,81,4.8,1.01,60.9,45.2,15.7,28.9,29.6,28.1
Italy,IT,2008,"60,091,305",0.74,204.3,1.38,81.4,4.1,0.94,51.2,20.9,30.3,42.7,43.9,41.4
Jamaica,JM,2008,"2,847,477",-0.12,262.9,2.29,72.3,19.5,0.98,61.5,50,11.5,24.9,25.4,24.3
Japan,JP,2008,"127,826,531",-0.01,350.7,1.37,82.8,3.3,0.95,55.5,21.7,33.8,44.1,45.4,42.8
Jersey,JE,2008,"91,628",1.02,789.9,1.64,80.3,5.5,0.96,46.3,25.1,21.2,40,40.9,39
Jordan,JO,2008,"6,512,446",2.43,73.3,3.67,72.4,23.7,1.08,70.1,64.4,5.7,20.6,20.5,20.7
Kazakhstan,KZ,2008,"16,645,324",1.23,6.2,2.54,66.9,31.4,0.93,46.2,35.1,11.1,28.7,30.4,27
Kenya,KE,2008,"37,310,003",2.98,65.6,4.7,64.9,55,0.99,86.7,80.3,6.3,18.3,18.6,17.9
Kiribati,KI,2008,"97,060",1.39,119.7,3.14,63.2,58.8,0.97,64.9,58.9,5.9,21.5,22.3,20.7
"Korea, North",KP,2008,"24,098,471",0.59,200.1,2.06,68,37.4,0.94,47.5,35,12.5,32.3,33.9,30.4
"Korea, South",KR,2008,"49,247,729",0.56,508.1,1.2,80.1,4.3,1,38.4,23.8,14.6,36.9,37.9,35.8
Kuwait,KW,2008,"2,433,178",2.33,136.6,2.77,75.6,12.6,1.44,38.9,36.4,2.5,28.2,25.7,29.5
Kyrgyzstan,KG,2008,"5,298,684",0.98,27.6,2.83,68.2,39.9,0.97,54.8,46,8.8,24.3,25.2,23.4
Laos,LA,2008,"6,154,409",1.88,26.7,3.38,62.7,78.2,0.98,73,66.7,6.3,20,20.3,19.8
Latvia,LV,2008,"2,197,506",-1.32,35.3,1.56,71.7,8,0.86,45.6,20.3,25.2,40,43.4,36.7
Lebanon,LB,2008,"4,897,602",1.57,478.7,2.45,76,11.6,0.98,55,46,9,26.8,27.7,26
Lesotho,LS,2008,"1,959,558",0.86,64.6,3.3,48.1,110,0.97,66.6,58.3,8.3,22.2,22.4,21.9
Liberia,LR,2008,"3,533,065",3.43,36.7,5.49,56.5,113.4,1,88.7,83.7,5,18.1,18.1,18
Libya,LY,2008,"6,053,544",2.5,3.4,3.14,73.9,20.5,1.08,53.9,47.8,6,24.4,24.2,24.5
Liechtenstein,LI,2008,"35,600",0.65,222.5,1.42,82,5.1,0.97,41.5,23.5,18,40,40.7,39.2
Lithuania,LT,2008,"3,195,989",-0.94,51,1.45,71.8,7.1,0.86,48,23,25,39.5,42.5,36.4
Luxembourg,LU,2008,"490,953",1.98,189.9,1.67,81.2,3,0.99,49,27.1,21.9,39.1,39.9,38.3
Macau,MO,2008,"546,033",3.2,"19,501.2",0.94,84.4,5.6,0.92,31.8,21.8,10,35.1,34.5,35.7
Madagascar,MG,2008,"19,689,114",2.79,33.9,4.76,63.6,75.4,1,84.6,78.9,5.7,18.2,18.4,18
Malawi,MW,2008,"14,077,435",3.31,149.6,5.76,65.3,97.4,0.97,96.7,90.3,6.4,16.8,16.9,16.6
Malaysia,MY,2008,"27,924,658",2.03,85,2.19,74.8,8.2,1.06,50.8,43.5,7.4,25.7,25.8,25.5
Maldives,MV,2008,"385,955",5.57,"1,295.2",1.97,73.7,46.3,1.41,37.5,32.2,5.4,25.1,23.7,26
Mali,ML,2008,"13,636,273",3.1,11.2,6.61,56.3,151.2,0.96,107.1,100.4,6.7,15.7,16.2,15.1
Malta,MT,2008,"412,044",0.75,"1,303.9",1.42,79.7,10.2,0.99,44.1,23,21.1,39.5,41,38
Marshall Islands,MH,2008,"63,110",2.13,348.7,3.68,70.8,37,1.04,70.4,65.5,4.9,21,21,21.1
Mauritania,MR,2008,"3,101,956",2.15,3,5.54,65.8,64.7,0.97,92.2,85.1,7.1,17.9,18.4,17.3
Mauritius,MU,2008,"1,268,899",0.58,625.1,1.58,73,16,0.97,41.8,31.9,9.8,31.5,32.3,30.7
Mexico,MX,2008,"110,876,639",1.42,57,2.42,74.3,18.6,0.96,56.5,47.5,9,25.4,26.2,24.5
"Micronesia, Federated States of",FM,2008,"107,601",-0.2,153.3,2.98,70.5,37.5,1,61.7,57,4.7,21.6,22.1,21.1
Moldova,MD,2008,"3,933,442",-0.2,119.6,1.38,68.4,17.7,0.93,39.4,24.4,15.1,33.8,35.8,31.8
Monaco,MC,2008,"30,730",-0.3,"15,365.0",1.44,89.9,1.9,0.95,60,20.7,39.4,48,48.9,46.9
Mongolia,MN,2008,"2,702,400",1.39,1.7,2.24,67.1,37.1,0.97,45.5,39.7,5.8,24.9,25.5,24.3
Montenegro,ME,2008,"621,000",0.14,46.2,1.84,75.6,8.5,0.98,49.1,29.9,19.2,35.6,36.9,34.2
Montserrat,MS,2008,"5,082",0.28,49.8,1.22,72.7,18.6,1.01,54.1,42.8,11.3,28.1,28.2,27.9
Morocco,MA,2008,"31,474,893",1.26,43.9,2.62,69.4,37.7,0.98,55.8,47.1,8.7,25,25.4,24.5
Mozambique,MZ,2008,"21,889,544",2.36,27.8,5.78,48.9,156.1,0.95,92.9,86.9,6,17.3,18.1,16.5
Namibia,NA,2008,"2,123,796",1.35,2.6,3.81,57.2,78.5,0.97,76.6,69.7,6.8,19.7,20.2,19.2
Nauru,NR,2008,"9,139",0.5,435.2,3.2,63.3,13.3,0.97,53,50.4,2.6,23,23.3,22.7
Nepal,NP,2008,"25,998,040",1.04,181.4,2.86,66.8,53.5,0.92,74,66.6,7.4,20.2,21.4,19
Netherlands,NL,2008,"16,410,055",0.46,484.2,1.76,80.3,4.6,0.98,48.6,26.4,22.2,40.2,41,39.4
New Caledonia,NC,2008,"244,446",1.62,13.4,2.11,76.2,11.3,1.01,50.2,39.4,10.8,29.2,29.6,28.7
New Zealand,NZ,2008,"4,171,974",0.93,15.8,2.31,80.2,5.9,0.99,50.6,31.7,19,36.4,37.2,35.5
Nicaragua,NI,2008,"5,485,061",1.5,45.7,2.48,71.9,25.8,0.97,63.5,56.7,6.8,21.6,22.3,20.8
Niger,NE,2008,"14,479,804",3.8,11.4,8.2,53.2,151.7,0.99,118.5,112.5,6,14.3,14.7,13.9
Nigeria,NG,2008,"157,143,322",2.74,172.5,5.62,53.2,139.9,1.02,89.1,83.5,5.7,17.9,18.1,17.7
North Macedonia,MK,2008,"2,069,952",0.19,81.4,1.45,74.2,11,1,43.5,27.4,16.1,34.9,35.9,33.9
Northern Mariana Islands,MP,2008,"60,971",-4.51,129.2,2.52,73.8,18.5,0.98,44.1,40.4,3.7,30.6,29.8,32
Norway,NO,2008,"4,770,097",1.3,15.7,1.97,80.6,3.5,0.99,51.1,28.9,22.3,38.5,39.4,37.7
Oman,OM,2008,"2,850,375",1.89,9.2,2.85,73.5,26.7,1.24,54.7,50.3,4.5,23.4,21.4,25
Pakistan,PK,2008,"180,012,960",2.08,233.5,4.52,65.2,96.8,1.05,76.7,69.3,7.3,20.1,20.1,20.1
Palau,PW,2008,"20,679",0.46,45.1,1.91,70.8,18.4,1.15,41.9,33.3,8.6,32.1,32.4,32
Panama,PA,2008,"3,374,475",1.65,45.4,2.53,76.7,18.9,1.02,56.8,45.8,11.1,27,27.3,26.8
Papua New Guinea,PG,2008,"6,703,837",2.62,14.8,4.38,65.6,59,1.04,74.3,69.2,5.1,19.9,19.8,19.9
Paraguay,PY,2008,"6,199,809",1.43,15.6,2.34,75.4,40.4,1.01,58.6,49.5,9.1,24.1,24.3,23.9
Peru,PE,2008,"29,004,085",0.59,22.7,2.68,74.3,22.4,0.99,57.9,48.7,9.2,24.8,25.3,24.4
Philippines,PH,2008,"90,542,145",1.85,303.7,3.35,70.1,33.2,1.01,65.6,58.8,6.8,22.2,22.7,21.8
Poland,PL,2008,"38,556,061",0.08,126.7,1.37,75.7,6.9,0.94,40.2,21.2,18.9,37.5,39.5,35.7
Portugal,PT,2008,"10,635,102",0.09,116.3,1.34,79.1,4,0.93,49.2,23.5,25.6,39.3,41.4,37.3
Puerto Rico,PR,2008,"3,761,122",--,424.1,--,--,--,--,--,--,--,--,--,--
Qatar,QA,2008,"1,418,131",10.61,122.4,2.17,77.2,12.2,2.9,18,17,1,31.1,26.9,32.3
Romania,RO,2008,"20,888,685",-1.01,90.9,1.46,73.5,13.2,0.95,46.1,22.5,23.6,38.6,39.9,37.2
Russia,RU,2008,"143,359,355",0.01,8.8,1.53,68.1,11,0.86,40.1,20.3,19.8,38.2,41.5,35.2
Rwanda,RW,2008,"9,501,783",2.49,385.2,4.97,60.1,79.2,0.94,83.3,78.7,4.6,18.1,18.9,17.3
Saint Barthelemy,BL,2008,"7,491",-0.63,299.6,1.63,78.2,10.2,1.14,40.3,26.9,13.3,38.5,38.2,38.6
"Saint Helena, Ascension, and Tristan da Cunha",SH,2008,"7,611",0.51,19.3,1.56,78.1,30,1.03,41.4,25.9,15.5,37.2,37.1,37.4
Saint Kitts and Nevis,KN,2008,"49,061",0.85,188,1.8,73.7,20.6,0.99,46.3,35.2,11.1,30.6,30.7,30.5
Saint Lucia,LC,2008,"159,365",0.41,263,1.86,75.4,17.7,0.96,51.8,38.2,13.6,29.1,30.1,28
Saint Martin,MF,2008,"29,359",1.56,543.7,1.82,78.2,10.2,0.93,47.7,39.8,7.8,30.3,31,29.3
Saint Pierre and Miquelon,PM,2008,"6,079",-0.82,25.1,1.53,80.1,10.8,0.99,47.3,26,21.3,40.8,41.2,40.5
Saint Vincent and the Grenadines,VC,2008,"104,847",-0.36,269.5,2.02,73,25.7,1.03,51.9,40.3,11.6,28.3,28.3,28.4
Samoa,WS,2008,"189,503",0.78,67.2,3.76,71.6,31.2,1.06,73.4,64.6,8.8,21,21.1,21
San Marino,SM,2008,"30,746",1.23,504,1.44,82.3,8.6,0.94,52,25.7,26.2,41.5,42.1,40.8
Sao Tome and Principe,ST,2008,"168,358",2.18,174.6,5.41,62.1,91,0.99,94.4,87.5,6.9,17.3,17.8,16.8
Saudi Arabia,SA,2008,"26,115,002",3.51,12.1,2.71,73.5,19.4,1.25,49.8,46,3.9,24.8,22.8,26.5
Senegal,SN,2008,"11,918,503",3.15,61.9,5.38,64,75.6,0.96,90.1,84.6,5.5,17.4,18.3,16.6
Serbia,RS,2008,"7,307,359",-0.52,94.3,1.42,73.6,7.8,0.95,47.6,22.8,24.8,41,42.7,39.4
Seychelles,SC,2008,"86,378",0.98,189.8,1.95,71.6,22.6,1.03,43.6,33.5,10.1,30.9,31.5,30.4
Sierra Leone,SL,2008,"5,734,162",3.08,80.1,5.28,48.8,176.9,0.96,88.2,82.3,6,17.7,18.2,17.3
Singapore,SG,2008,"5,046,845",1.6,"7,118.3",1.28,82.4,2.3,0.98,36.5,27.1,9.4,32.3,32.7,32
Sint Maarten,SX,2008,"36,233",2.1,"1,065.7",2.29,75.8,12.3,0.97,34.8,29.2,5.5,37.2,37.6,36.7
Slovakia,SK,2008,"5,415,203",0.08,112.6,1.37,74.9,7.5,0.94,38.8,21.6,17.2,36.8,38.7,35
Slovenia,SI,2008,"2,056,915",1.07,102.1,1.51,78.9,4.7,0.98,42.9,19.5,23.4,41.3,43,39.5
Solomon Islands,SB,2008,"530,486",2.35,19,3.85,73.4,34.7,1.04,74.6,67.8,6.8,20.3,20.5,20.2
Somalia,SO,2008,"11,833,475",2.26,18.9,7.25,51.6,165,1.01,105.2,100.1,5.1,15.5,15.8,15.2
South Africa,ZA,2008,"50,394,494",1.54,41.5,2.44,60.8,62.8,0.98,49.6,41.5,8,25.2,25.7,24.7
South Sudan,SS,2008,"8,789,748",5.3,13.6,6.37,53.1,136.4,1.05,99.1,94.2,4.8,16.2,16.5,16.1
Spain,ES,2008,"45,910,365",1.26,92,1.46,81,4.1,0.97,45.5,21.4,24.1,39.4,40.7,38.1
Sri Lanka,LK,2008,"20,463,475",0.85,316.6,2.34,73.3,12.3,0.97,49.4,38.6,10.8,29.1,30,28.3
Sudan,SD,2008,"33,173,036",2.93,17.8,5.75,63.1,81,1.03,97.2,90.5,6.7,17,17.2,16.7
Suriname,SR,2008,"517,198",1.69,3.3,2.3,70.7,44,0.98,53.7,44.7,9,25.9,26.7,25.2
Sweden,SE,2008,"9,273,133",0.8,22.6,1.9,81.1,3.1,0.99,52.8,25.3,27.5,40.8,41.9,39.7
Switzerland,CH,2008,"7,700,222",1.64,192.5,1.46,81.8,4.9,0.97,46.6,22.8,23.8,40.9,41.8,40
Syria,SY,2008,"21,387,154",0.67,115.1,3.7,74.4,16.5,1.05,72.6,66.9,5.7,20.3,20.3,20.2
Tajikistan,TJ,2008,"7,142,391",2.17,50.5,3.42,66.5,53.4,1,62.1,55.8,6.2,21.7,22,21.4
Tanzania,TZ,2008,"41,552,717",2.68,46.9,5.18,58,82.8,1,89.8,84.3,5.6,17.5,17.8,17.3
Thailand,TH,2008,"65,430,431",0.67,128.1,1.6,73.2,14.9,0.96,40.8,29.2,11.6,33.8,34.7,32.9
Timor-Leste,TL,2008,"1,030,659",2.33,69.3,5.67,61.6,85.4,1.02,87.2,80,7.2,18.2,18.7,17.7
Togo,TG,2008,"5,850,173",2.89,107.6,4.91,64.4,94.9,0.96,79.1,72.9,6.2,19.2,19.7,18.7
Tonga,TO,2008,"104,866",0.43,146.3,3.97,74.9,18.7,1.01,79.5,68.9,10.6,20.8,21.3,20.4
Trinidad and Tobago,TT,2008,"1,308,122",0.59,255.1,1.78,72.5,25.6,1.01,40.5,29.2,11.3,31.2,31.5,30.9
Tunisia,TN,2008,"10,307,653",0.95,66.3,2.06,73.8,19.6,1,45.7,35.6,10.1,28.2,28.7,27.7
Turkey,TR,2008,"73,020,415",1.13,94.9,2.23,72.5,31.8,1.02,51.1,41.9,9.3,27.3,27.7,26.9
Turkmenistan,TM,2008,"4,829,017",1.14,10.3,2.26,67.5,64.5,0.98,51.6,44.9,6.8,24.1,24.5,23.6
Turks and Caicos Islands,TC,2008,"37,605",10.42,39.7,1.7,81.9,12.4,1.02,39.3,33.8,5.5,29.2,28.9,29.6
Tuvalu,TV,2008,"10,346",0.62,397.9,3.2,63.8,66.2,0.96,60.7,51.7,9,23.4,26,21.6
Uganda,UG,2008,"29,377,162",2.62,149,6.58,58.4,88.9,0.95,114.6,108.8,5.7,14.7,15.3,14.1
Ukraine,UA,2008,"46,155,640",-0.5,79.7,1.45,67.9,12.5,0.86,43.1,20.1,23,39.1,42.5,35.8
United Arab Emirates,AE,2008,"7,159,278",28.5,85.6,1.81,77.2,8.5,2.81,18,17.3,0.8,30.5,26.2,31.9
United Kingdom,GB,2008,"61,657,030",0.62,254.9,1.99,79.7,5.6,0.98,50.3,26.3,23.9,39.4,40.5,38.3
United States,US,2008,"304,093,966",--,33.2,--,--,--,0.97,48.8,29.8,19,--,--,--
Uruguay,UY,2008,"3,311,390",0.23,18.9,2,75.9,13.3,0.94,57.8,36.3,21.6,33.5,35.1,32.1
Uzbekistan,UZ,2008,"27,746,697",1.66,65.2,2.52,72.7,29.2,0.99,53.2,45.5,7.7,24,24.5,23.5
Vanuatu,VU,2008,"234,122",2.34,19.2,3.99,70.6,25.6,1.02,77.1,71.3,5.7,19.6,19.9,19.3
Venezuela,VE,2008,"27,819,427",1.52,31.5,2.55,73.8,18.9,0.99,55.6,47.5,8.1,25.2,25.8,24.6
Vietnam,VN,2008,"88,230,616",1.28,284.6,2.08,73.3,25.6,0.98,48,39.5,8.5,26.4,27.4,25.4
"Virgin Islands, British",VG,2008,"28,161",2.48,186.5,1.17,77.5,19.6,0.94,34.1,25.8,8.4,33.9,33.8,33.9
"Virgin Islands, U.S.",VI,2008,"108,397",0.03,311.5,2.44,77.2,11,0.92,50.8,33.6,17.2,37.4,38,36.7
Wallis and Futuna,WF,2008,"15,237",0.31,107.3,1.89,77.3,6.1,1.03,52.8,42.2,10.5,26.4,27.6,25.4
Yemen,YE,2008,"22,764,353",2.66,43.1,5.24,65.1,62.5,1.02,89.7,83.7,5.9,17.4,17.7,17.1
Zambia,ZM,2008,"12,840,268",3,17.3,5.81,57.1,90.5,1,96.2,91.1,5.1,16.6,16.7,16.5
Zimbabwe,ZW,2008,"13,119,805",0.1,33.9,4.01,50.1,94,0.96,76.3,69.8,6.5,19.6,20,19.2
Gaza Strip,XG,2008,"1,416,563",2.99,"3,934.9",5.95,69.8,28.5,1.03,104.6,99.4,5.2,15.6,15.8,15.3
Kosovo,XK,2008,"1,794,860",0.54,164.9,2.38,69.4,53.9,1.06,52.5,42.6,9.9,25.5,26,25
Taiwan,TW,2008,"22,972,361",0.32,712.1,1.05,78.6,6.2,1.02,38.4,23.8,14.6,36.1,36.6,35.6
West Bank,XW,2008,"2,312,536",2.06,410,3.96,73.6,23.6,1.04,79.8,73.6,6.2,18.8,19,18.6
 -> 2009,,,--,--,--,--,--,--,--,--,--,--,--,--,--
 -> 2009 -> World,,,"6,861,021,264",--,52.1,--,--,--,--,--,--,--,--,--,--
Afghanistan,AF,2009,"32,465,754",3.14,49.8,6.55,61.2,88,1.04,100.8,95.7,5.1,16,16,15.9
Albania,AL,2009,"2,874,811",-1,104.9,1.49,75.3,18.8,0.97,51.6,36.2,15.5,29.7,30.7,28.5
Algeria,DZ,2009,"35,267,155",1.88,14.8,2.72,75.3,30,1.02,48.2,41,7.1,25.7,25.9,25.5
American Samoa,AS,2009,"55,961",-0.76,282.6,3.63,70.4,18.3,1.02,65.2,58.3,6.8,22.3,22.7,21.9
Andorra,AD,2009,"83,904",1.16,179.3,1.33,82.9,4.3,1.07,38.6,21.5,17.1,39.4,39.1,39.7
Angola,AO,2009,"21,343,573",4.46,17.1,6.32,56.1,130.9,0.95,100.8,95.9,4.8,16,16.4,15.7
Anguilla,AI,2009,"14,424",2.25,158.5,1.73,80.2,5.3,0.95,47.3,36.1,11.2,32.7,33.8,31.6
Antigua and Barbuda,AG,2009,"85,572",1.27,193.2,2.07,74,24.8,0.91,50.1,40.2,9.9,29.8,31.1,28.3
Argentina,AR,2009,"40,946,747",0.98,15,2.38,75.4,14.4,0.97,57,40.1,16.9,30,31.1,29.1
Armenia,AM,2009,"3,074,270",-0.07,109,1.63,72.9,18.5,0.92,44.8,29.2,15.6,31.9,34.1,29.6
Aruba,AW,2009,"103,014",1.48,572.3,1.85,75,18.7,0.91,42.2,27.1,15,37.8,39.5,36
Australia,AU,2009,"21,475,384",1.87,2.8,1.94,81.5,5.1,0.99,47.2,28.1,19.2,36.7,37.6,35.8
Austria,AT,2009,"8,428,464",0.19,102.2,1.39,80.4,4.6,0.95,48.3,22,26.3,41.7,42.7,40.8
Azerbaijan,AZ,2009,"9,218,202",1.05,111.6,1.94,71.2,27.5,0.97,43,33.3,9.7,28.5,30.2,26.8
"Bahamas, The",BS,2009,"343,020",1.88,34.3,2.02,74,15.7,0.89,56.8,48.2,8.5,26.8,26.9,26.6
Bahrain,BH,2009,"1,144,371",3.18,"1,505.8",1.94,77.9,15,1.54,30.7,27.4,3.4,30.4,27.7,31.7
Bangladesh,BD,2009,"144,899,170",1.16,"1,113.2",2.46,71.1,54,0.99,60.8,52.9,7.8,23.5,23.9,23
Barbados,BB,2009,"288,242",0.48,670.3,1.71,76.1,15.2,0.94,40.1,26.9,13.3,36,37.1,34.9
Belarus,BY,2009,"9,696,331",-0.14,47.8,1.45,70.8,6.2,0.87,40.8,20.6,20.2,38.4,41.5,35.4
Belgium,BE,2009,"10,777,617",0.77,356,1.84,79.9,4.4,0.96,51.6,25.4,26.2,41,42.2,39.8
Belize,BZ,2009,"316,374",2.27,13.9,2.79,73.1,19.3,1,66.8,60,6.8,21.5,21.6,21.4
Benin,BJ,2009,"8,883,843",3.24,80.3,5.59,57.5,115.6,0.95,98.6,93.9,4.7,16.2,16.8,15.6
Bermuda,BM,2009,"67,922",0.64,"1,257.8",1.99,80.2,3.2,0.94,48.4,27.3,21.1,41.4,43,39.7
Bhutan,BT,2009,"749,718",1.3,19.5,2.38,66.3,66,1.1,56.3,47.9,8.3,23.6,23,24.1
Bolivia,BO,2009,"9,835,715",1.92,9.1,3.32,69.8,44.1,0.99,68.4,60.1,8.3,21.9,22.5,21.4
Bosnia and Herzegovina,BA,2009,"3,886,938",-0.05,75.9,1.2,75.3,7.4,0.95,38.6,21.4,17.2,38.6,39.9,37.3
Botswana,BW,2009,"1,944,488",1.71,3.4,2.99,57.5,55.7,0.95,68.8,60.7,8.1,21.9,22.6,21
Brazil,BR,2009,"196,071,090",0.93,23.5,1.81,72.9,23.9,0.98,48,38.2,9.8,28.6,29.4,27.9
Brunei,BN,2009,"387,970",1.75,73.7,1.91,75.6,15.8,1.01,42.6,37.9,4.7,27.9,27.9,27.9
Bulgaria,BG,2009,"7,427,947",-0.46,68.5,1.61,73.1,13.1,0.96,44.9,20.1,24.8,40.8,43.1,38.9
Burkina Faso,BF,2009,"15,185,326",2.9,55.5,5.96,57.7,121,0.94,99.4,92.9,6.5,16.5,17.4,15.6
Burma,MM,2009,"51,002,626",0.57,78,2.48,64.4,66.5,0.97,52.6,45,7.7,25.9,26.6,25.3
Burundi,BI,2009,"8,740,453",5.53,340.4,6.39,60.9,90.1,0.98,93.9,88.9,5,16.9,17.3,16.5
Cabo Verde,CV,2009,"501,003",1.49,124.2,2.62,70.1,39.3,0.94,65.9,56.6,9.3,21.8,22.6,21
Cambodia,KH,2009,"14,153,379",1.31,80.2,2.99,66.5,60,0.93,58.1,52.1,5.9,22.1,22.9,21.3
Cameroon,CM,2009,"20,320,122",2.85,43,5.21,55.8,113.6,0.99,89.3,83.8,5.5,17.5,17.7,17.3
Canada,CA,2009,"33,813,109",1.21,3.7,1.69,81.9,5.5,0.98,45.1,24,21.1,40,41,39.1
Cayman Islands,KY,2009,"48,946",2.39,185.4,1.88,79.8,11.3,0.96,40.4,27.5,12.9,38.2,38.6,37.8
Central African Republic,CF,2009,"4,595,423",1.84,7.4,4.73,49.2,155.1,0.98,83.9,76.9,7,18.7,19.3,18.1
Chad,TD,2009,"11,562,812",3.63,9.2,6.72,53.7,150.3,0.97,105,100.2,4.9,15.5,16.2,14.9
Chile,CL,2009,"16,551,587",0.94,22.3,1.93,77.7,9.1,0.97,45.6,32.9,12.7,31.8,33.1,30.6
China,CN,2009,"1,330,729,202",0.65,142.7,1.71,74.8,16.8,1.06,36.7,25.2,11.6,34.6,35.2,34
Colombia,CO,2009,"43,547,516",0.62,41.9,2.11,75,18.9,0.96,53,42.7,10.3,27.2,28.2,26.2
Comoros,KM,2009,"693,695",2.39,310.4,4.59,63,102.4,0.95,86.8,79.9,6.9,18.5,19.1,17.9
Congo (Brazzaville),CG,2009,"4,092,221",5.3,12,4.95,68.8,66.8,0.99,81.3,74.3,7,19.3,19.5,19
Congo (Kinshasa),CD,2009,"70,299,929",3.37,31,6.57,55.7,121,0.99,96.2,91.4,4.9,16.4,16.6,16.3
Cook Islands,CK,2009,"11,841",-3.3,50.2,2.49,74.2,25.3,1.07,56.9,42.2,14.7,30.9,31.5,30.2
Costa Rica,CR,2009,"4,459,669",1.55,87.3,1.98,77.4,11.5,1.01,45.8,36.8,9,28.4,29,27.9
C“te d'Ivoire,CI,2009,"20,807,169",2.89,65.4,5.13,55.6,109.3,1.02,83.9,79.6,4.3,18.1,18,18.3
Croatia,HR,2009,"4,428,934",-0.21,79.1,1.47,75.9,6.8,0.93,46.8,22.6,24.2,41,43,38.9
Cuba,CU,2009,"11,252,845",0.05,102.5,1.7,78,6.3,1,43.2,25.6,17.7,38.1,38.8,37.3
Cura‡ao,CW,2009,"141,995",1.05,319.8,2.12,77.1,11,0.91,50.3,32.3,18,36.5,39.5,33.1
Cyprus,CY,2009,"1,084,776",1.69,117.4,1.45,77.5,12,1.04,36.7,23.2,13.6,34.2,36,32.7
Czechia,CZ,2009,"10,518,272",0.37,136.2,1.5,77.3,3.5,0.96,41.5,20.1,21.4,39.3,41.2,37.7
Denmark,DK,2009,"5,521,707",0.44,130.1,1.85,78.9,3.7,0.98,52.2,27.7,24.5,40.4,41.4,39.5
Djibouti,DJ,2009,"723,558",2.17,31.2,2.92,60.4,84.7,0.87,65.6,60.4,5.2,20.9,22.3,19.4
Dominica,DM,2009,"73,058",0.22,97.3,2.09,76.5,15.3,1.02,52.5,36.5,16,29.9,30.3,29.6
Dominican Republic,DO,2009,"9,340,035",1.28,193.3,2.58,69,34.4,1.03,57.7,50.1,7.6,24.5,24.6,24.4
Ecuador,EC,2009,"14,686,753",1.98,59.1,2.91,77.5,19,0.99,66.9,55.7,11.2,24.1,24.7,23.4
Egypt,EG,2009,"79,621,363",2.37,80,3.4,70.8,30.4,1.05,59.6,53.9,5.7,22.9,23,22.7
El Salvador,SV,2009,"5,998,352",0.37,289.5,2.38,71.9,20.5,0.93,63.9,54,9.8,23.1,24.6,21.6
Equatorial Guinea,GQ,2009,"934,948",5.32,33.3,5.15,62.4,115.6,1,79.5,71.1,8.5,20.3,20.8,19.9
Eritrea,ER,2009,"5,246,747",2.21,51.9,4.81,62.8,79.7,0.97,86,79.2,6.8,18.6,19,18.1
Estonia,EE,2009,"1,307,409",-0.3,30.8,1.72,74.6,4.5,0.86,48,22.1,25.8,40,43.6,36.7
Eswatini,SZ,2009,"1,017,087",0.11,59.1,3.32,49.1,98.9,0.9,66.5,60.7,5.9,20.5,21,19.9
Ethiopia,ET,2009,"79,839,434",2.75,72.8,4.81,61,88.5,1,81.3,75.8,5.5,18.8,18.8,18.7
Faroe Islands,FO,2009,"48,852",0.4,35.1,2.44,79.3,9.1,1.09,56.2,33.7,22.5,36.9,37.8,36.2
Fiji,FJ,2009,"868,302",0.88,47.5,2.73,70.6,23.4,1.03,52.3,44.8,7.5,26.3,26.5,26.2
Finland,FI,2009,"5,330,210",0.47,17.5,1.87,79.8,3.1,0.96,50.5,25.1,25.4,41.9,43.4,40.3
France,FR,2009,"64,610,738",0.55,100.9,2.05,81.1,4.9,0.96,54.6,28.9,25.7,39.6,41.1,38.1
French Polynesia,PF,2009,"265,919",1.1,69.5,2.08,75.8,16,1.05,46.7,37.8,8.9,28.6,28.6,28.7
Gabon,GA,2009,"1,568,722",3.66,6.1,4.11,62.1,73.4,1.03,79.9,72.2,7.7,19.3,19.4,19.1
"Gambia, The",GM,2009,"1,696,855",3.04,167.7,5.58,62.9,80,0.98,91.1,86.7,4.3,17,17.5,16.5
Georgia,GE,2009,"4,855,888",1.16,69.7,1.99,74.7,21.7,0.91,49.4,26,23.5,37.3,39.9,34.6
Germany,DE,2009,"81,854,784",-0.22,234.8,1.36,80.1,4.3,0.96,51.5,20.5,31,44,45.1,42.9
Ghana,GH,2009,"23,973,904",2.6,105.4,4.29,63.5,72.3,0.95,77.1,69.3,7.8,20.1,20.8,19.4
Gibraltar,GI,2009,"28,685",0.28,"4,097.9",2,79.4,8.1,1.04,49.7,30.7,19,33,33.4,32.6
Greece,GR,2009,"11,025,521",0.22,84.4,1.52,79.9,3.9,0.97,50.9,22.2,28.7,41.1,42.3,39.8
Greenland,GL,2009,"57,579",0.05,0,2.19,69.4,14.7,1.12,42.7,32.8,9.8,33.5,31.8,35
Grenada,GD,2009,"107,223",0.61,311.7,2.25,73,16.6,1.02,53.9,40.5,13.4,27.4,27.4,27.5
Guam,GU,2009,"162,659",0.43,299,3.04,75.5,12.1,1.06,55.2,45.1,10.2,28.5,29.1,27.9
Guatemala,GT,2009,"13,906,592",2.16,129.8,3.59,69.4,45.4,0.99,74,67.4,6.6,20,20.6,19.5
Guernsey,GG,2009,"64,459",0.55,826.4,1.53,82.6,4.1,0.98,46.3,22.1,24.2,41.6,42.5,40.8
Guinea,GN,2009,"9,327,011",2.55,38,5.21,56.8,117,1,84.6,78,6.6,18.8,19.1,18.5
Guinea-Bissau,GW,2009,"1,481,069",2.36,52.7,5.12,55.4,119.7,0.94,90,84.3,5.7,17.5,18.2,16.9
Guyana,GY,2009,"787,167",0.01,4,2.45,69.1,38.2,1.04,64.9,57.3,7.6,23.5,23.6,23.3
Haiti,HT,2009,"9,658,911",1.56,350.5,3.59,60.3,85.4,0.97,71.2,64.8,6.4,20.5,20.7,20.2
Honduras,HN,2009,"7,838,320",1.98,70.1,3.07,71.4,24.2,0.96,74.7,67.5,7.1,20.3,21,19.7
Hong Kong,HK,2009,"7,038,760",-0.2,"6,559.9",1.07,82.3,3.7,0.9,33.7,16.6,17.1,41.4,40.8,42.2
Hungary,HU,2009,"10,020,993",-0.14,111.8,1.33,74.2,5.9,0.91,46.2,22.2,24,39.7,42.3,37.3
Iceland,IS,2009,"318,453",-0.57,3.2,2.24,81.8,2.5,1.02,48.6,30.9,17.7,34.7,35.2,34.3
India,IN,2009,"1,204,850,597",1.33,405.2,2.59,66.7,61.4,1.07,56.6,48.1,8.4,25,25.7,24.4
Indonesia,ID,2009,"243,188,153",1.27,134.2,2.49,70,35.8,1,53.7,44.6,9.1,27.3,27.8,26.8
Iran,IR,2009,"74,081,584",1.34,48.4,1.81,72.5,28.3,1.03,41.1,34.1,7.1,26.2,26.5,26
Iraq,IQ,2009,"28,136,774",3.33,64.3,4.53,68.7,37.4,1.01,78.3,73.5,4.7,19.3,19.6,19
Ireland,IE,2009,"4,579,978",0.86,66.5,2.04,80.1,4.1,1,46.5,30.2,16.3,33.9,34.2,33.7
Isle of Man,IM,2009,"83,031",0.98,145.2,1.98,80,5.9,0.98,52.2,25.4,26.8,42,42.7,41.3
Israel,IL,2009,"7,246,031",1.83,337.1,3.04,81.4,4.5,1.01,61.1,45.3,15.8,29,29.7,28.2
Italy,IT,2009,"60,461,584",0.49,205.6,1.38,81.5,4.1,0.93,51.3,20.9,30.4,42.9,44.1,41.7
Jamaica,JM,2009,"2,843,554",-0.16,262.5,2.25,72.4,18.8,0.98,60.7,49,11.7,25.2,25.8,24.6
Japan,JP,2009,"127,750,918",-0.11,350.5,1.37,82.9,3.2,0.95,56.9,21.8,35.1,44.5,45.8,43.1
Jersey,JE,2009,"92,515",0.91,797.5,1.64,80.5,5.4,0.96,46.1,24.9,21.2,40,41,38.9
Jordan,JO,2009,"6,655,519",1.92,74.9,3.62,72.8,22.3,1.08,69.2,63.4,5.8,20.9,20.8,21
Kazakhstan,KZ,2009,"16,858,961",1.32,6.2,2.51,68.3,28.8,0.93,45.5,34.9,10.6,28.8,30.5,27.1
Kenya,KE,2009,"38,414,987",2.86,67.5,4.58,65.1,52.6,0.99,86.8,80.4,6.3,18.3,18.6,17.9
Kiribati,KI,2009,"98,387",1.32,121.3,3,63.6,57.4,0.97,63.3,57.4,5.9,21.8,22.6,21
"Korea, North",KP,2009,"24,238,996",0.58,201.3,2.05,68.5,34.8,0.94,46.8,34.1,12.7,32.4,34.2,30.7
"Korea, South",KR,2009,"49,494,408",0.44,510.7,1.17,80.6,4,1,37.9,22.9,15,37.5,38.6,36.3
Kuwait,KW,2009,"2,489,044",2.21,139.7,2.73,76.3,11.9,1.44,38.8,36.2,2.5,28.3,25.9,29.6
Kyrgyzstan,KG,2009,"5,358,174",1.25,27.9,2.92,68.5,39,0.96,53.9,45.6,8.3,24.5,25.4,23.6
Laos,LA,2009,"6,273,115",1.94,27.2,3.27,63.5,72.9,0.99,71.2,64.9,6.3,20.3,20.6,20
Latvia,LV,2009,"2,161,153",-2.02,34.7,1.44,72.3,8.9,0.85,46.3,20.5,25.8,40.5,43.8,37.2
Lebanon,LB,2009,"4,947,568",0.47,483.6,2.42,76.2,10.8,0.98,54.3,45.3,8.9,27,27.9,26.1
Lesotho,LS,2009,"1,976,556",0.87,65.1,3.35,49,107.2,0.97,67.1,58.7,8.4,22.2,22.5,21.9
Liberia,LR,2009,"3,645,831",2.86,37.9,5.37,57.5,106.3,1,89.1,84.1,5,18.1,18.2,17.9
Libya,LY,2009,"6,207,609",2.52,3.5,3.22,74.2,19.6,1.08,53.8,47.8,6,24.7,24.5,24.8
Liechtenstein,LI,2009,"35,856",0.78,224.1,1.69,81.2,5.5,0.98,42.4,23.4,19,40.5,41.2,39.7
Lithuania,LT,2009,"3,158,757",-1.41,50.4,1.5,73,6.8,0.86,48,22.7,25.3,39.9,43,36.8
Luxembourg,LU,2009,"500,087",1.71,193.4,1.65,81.3,3.5,0.99,48.6,26.7,21.9,39.2,40,38.5
Macau,MO,2009,"560,558",2.06,"20,019.9",0.96,84.4,5.6,0.92,31.2,21.1,10.1,35.3,34.6,36
Madagascar,MG,2009,"20,243,135",2.76,34.8,4.68,63.9,73.8,1,83.4,77.7,5.7,18.3,18.5,18.2
Malawi,MW,2009,"14,545,019",3.23,154.6,5.54,66.1,92.6,0.96,96.1,89.6,6.5,16.9,17,16.7
Malaysia,MY,2009,"28,494,229",2.01,86.7,2.18,74.8,8.6,1.06,49.7,42.3,7.5,25.9,26.1,25.8
Maldives,MV,2009,"396,357",-0.17,"1,330.1",1.9,74,45.2,1.44,35.4,30,5.3,25.6,24.3,26.4
Mali,ML,2009,"14,067,464",3.13,11.5,6.56,56.8,145.2,0.96,107,100.3,6.7,15.7,16.2,15.1
Malta,MT,2009,"415,142",0.75,"1,313.7",1.42,80.4,6.2,0.99,44.1,22.5,21.7,39.7,41.3,38.2
Marshall Islands,MH,2009,"64,445",2.06,356,3.59,71.1,36.1,1.04,70.6,65.6,5,21.3,21.3,21.4
Mauritania,MR,2009,"3,180,673",2.85,3.1,5.51,66.1,62.7,0.97,92.9,85.8,7.1,17.7,18.3,17.2
Mauritius,MU,2009,"1,275,684",0.49,628.4,1.5,73.3,15.6,0.97,40.9,30.9,10,32,32.8,31.1
Mexico,MX,2009,"112,510,831",1.5,57.9,2.39,74.4,17.6,0.96,55.6,46.6,9,25.6,26.4,24.8
"Micronesia, Federated States of",FM,2009,"107,360",-0.25,152.9,2.89,70.8,36.6,1,60.4,55.7,4.6,21.9,22.5,21.4
Moldova,MD,2009,"3,926,510",-0.16,119.4,1.43,68.4,17.7,0.93,38.4,23.7,14.7,34,36,32
Monaco,MC,2009,"30,649",-0.23,"15,324.5",1.45,89.8,1.9,0.95,61.4,20.7,40.7,48.4,49.3,47.3
Mongolia,MN,2009,"2,741,412",1.48,1.8,2.32,67.4,34.8,0.97,45.3,39.4,5.8,25.3,25.9,24.6
Montenegro,ME,2009,"621,968",0.17,46.2,1.94,75.5,6.2,0.98,48.8,29.7,19.1,35.9,37.2,34.5
Montserrat,MS,2009,"5,098",0.37,50,1.23,72.8,18.3,1.01,52.9,42,10.9,28.6,28.8,28.3
Morocco,MA,2009,"31,871,058",1.24,44.5,2.59,69.8,35.9,0.98,55.1,46.3,8.7,25.3,25.8,24.8
Mozambique,MZ,2009,"22,427,917",2.5,28.5,5.84,49.5,150,0.96,93.7,87.7,6,17.2,18,16.4
Namibia,NA,2009,"2,152,895",1.38,2.6,3.77,58.6,74.9,0.96,76.3,69.3,7,19.8,20.4,19.3
Nauru,NR,2009,"9,186",0.54,437.4,3.17,63.7,13,0.97,52.8,50.4,2.4,23.4,23.7,23.1
Nepal,NP,2009,"26,297,359",1.25,183.4,2.75,67.6,49.7,0.92,71.8,64.4,7.4,20.6,21.7,19.3
Netherlands,NL,2009,"16,490,410",0.52,486.5,1.78,80.6,4.6,0.98,48.9,26.2,22.7,40.5,41.3,39.8
New Caledonia,NC,2009,"248,410",1.59,13.6,2.1,76.4,11.2,1.01,49.6,38.6,11,29.5,30,29
New Zealand,NZ,2009,"4,218,874",1.3,15.9,2.24,80.7,5.5,0.99,50.7,31.5,19.2,36.6,37.4,35.7
Nicaragua,NI,2009,"5,568,758",1.52,46.4,2.42,72.2,24.7,0.97,61.2,54.4,6.8,21.9,22.7,21.2
Niger,NE,2009,"15,038,018",3.76,11.9,8.1,53.9,146.2,0.99,119.7,113.7,6,14.2,14.6,13.9
Nigeria,NG,2009,"161,479,596",2.71,177.3,5.54,53.8,134.8,1.02,89.4,83.6,5.7,17.9,18,17.7
North Macedonia,MK,2009,"2,074,492",0.25,81.6,1.49,74.2,13.6,1,43.1,26.9,16.2,35.2,36.2,34.2
Northern Mariana Islands,MP,2009,"58,115",-5.1,123.1,2.54,73.8,18.5,1.04,45.6,41.6,4,31.5,30.9,32.5
Norway,NO,2009,"4,830,659",1.22,15.9,2,80.8,3.8,1,51.1,28.7,22.5,38.6,39.5,37.8
Oman,OM,2009,"2,905,436",1.94,9.4,2.86,73.8,26,1.24,53.6,49,4.5,23.7,21.8,25.2
Pakistan,PK,2009,"183,963,929",2.27,238.6,4.46,65.5,94.6,1.05,76,68.7,7.3,20.3,20.3,20.2
Palau,PW,2009,"20,767",0.39,45.2,1.82,71.1,18,1.14,40.8,32.2,8.7,32.4,32.7,32.2
Panama,PA,2009,"3,429,294",1.57,46.1,2.49,76.9,18.3,1.02,56.6,45.2,11.4,27.3,27.6,27
Papua New Guinea,PG,2009,"6,881,681",2.62,15.2,4.38,65.8,57.5,1.04,73.7,68.5,5.2,20,20,20
Paraguay,PY,2009,"6,287,293",1.37,15.8,2.25,75.6,39.6,1.01,56.6,47.4,9.2,24.5,24.8,24.3
Peru,PE,2009,"29,176,894",0.6,22.8,2.69,74.6,21.1,0.99,57.2,47.7,9.4,25.2,25.7,24.7
Philippines,PH,2009,"92,150,904",1.68,309.1,3.28,70.2,32.6,1.01,65.2,58.4,6.8,22.4,22.9,22
Poland,PL,2009,"38,587,546",0.08,126.8,1.38,75.9,6.5,0.94,39.9,21,18.9,37.8,39.8,36
Portugal,PT,2009,"10,645,172",0.1,116.4,1.29,79.3,4.4,0.92,49.3,23.3,26,39.7,41.8,37.7
Puerto Rico,PR,2009,"3,740,697",--,421.8,--,--,--,--,--,--,--,--,--,--
Qatar,QA,2009,"1,568,790",9.62,135.4,2.07,77.4,11.9,3.03,16.9,16,0.9,31.4,27.3,32.5
Romania,RO,2009,"20,692,612",-0.88,90,1.51,73,12.7,0.95,46.6,22.6,24,39.1,40.4,37.6
Russia,RU,2009,"143,427,695",0.09,8.8,1.57,68.9,10.3,0.86,39.7,20.5,19.1,38.3,41.6,35.3
Rwanda,RW,2009,"9,705,659",1.77,393.5,4.82,60.9,71.2,0.94,83.6,79.1,4.5,18.3,19.1,17.5
Saint Barthelemy,BL,2009,"7,447",-0.58,297.9,1.63,78.4,10.1,1.14,41.6,27.2,14.5,39.1,38.9,39.3
"Saint Helena, Ascension, and Tristan da Cunha",SH,2009,"7,648",0.47,19.4,1.56,78.3,29.4,1.03,41.9,25.7,16.2,37.8,37.7,37.9
Saint Kitts and Nevis,KN,2009,"49,475",0.84,189.6,1.79,73.9,20.1,0.99,45.3,34.2,11.1,31.1,31.1,31
Saint Lucia,LC,2009,"160,004",0.39,264,1.84,75.7,17.4,0.96,50.5,36.7,13.8,29.7,30.8,28.6
Saint Martin,MF,2009,"29,804",1.44,551.9,1.82,78.4,10.1,0.93,48.1,39.9,8.2,30.5,31.3,29.5
Saint Pierre and Miquelon,PM,2009,"6,028",-0.85,24.9,1.54,80.2,10.7,0.98,47.9,25.7,22.2,41.5,41.8,41.1
Saint Vincent and the Grenadines,VC,2009,"104,470",-0.36,268.6,1.98,73.3,25.1,1.03,50.6,38.9,11.7,28.9,28.8,29
Samoa,WS,2009,"190,897",0.62,67.7,3.54,70,33.5,1.06,71.8,63,8.8,21.3,21.4,21.2
San Marino,SM,2009,"31,115",1.16,510.1,1.45,82.4,8.5,0.94,52.2,25.7,26.6,41.8,42.5,41.1
Sao Tome and Principe,ST,2009,"172,030",2.14,178.5,5.31,62.4,89,0.99,93.7,87,6.7,17.3,17.8,16.8
Saudi Arabia,SA,2009,"27,035,739",3.42,12.6,2.65,73.7,18.8,1.26,47.7,44,3.7,25.4,23.4,26.9
Senegal,SN,2009,"12,289,303",2.98,63.8,5.35,64.7,70.8,0.96,89.7,84.2,5.5,17.5,18.4,16.6
Serbia,RS,2009,"7,270,195",-0.51,93.8,1.46,73.7,8.1,0.95,47.1,22.5,24.6,41.2,42.8,39.5
Seychelles,SC,2009,"87,220",0.96,191.7,1.93,72,22,1.03,42.5,32.5,10,31.4,32,30.9
Sierra Leone,SL,2009,"5,923,576",3.42,82.7,5.19,49.7,168.8,0.96,87.8,81.9,5.9,17.7,18.2,17.3
Singapore,SG,2009,"5,123,009",1.4,"7,225.7",1.22,83,2.5,0.98,35.9,26.3,9.6,32.7,33,32.3
Sint Maarten,SX,2009,"37,099",2.62,"1,091.1",2.13,78.8,9.4,0.97,34.6,28.7,5.9,37.7,38.2,37.2
Slovakia,SK,2009,"5,420,240",0.1,112.7,1.46,75.2,7.3,0.94,38.7,21.3,17.4,37.2,39.1,35.4
Slovenia,SI,2009,"2,075,268",0.7,103,1.52,79,4.7,0.99,43.3,19.6,23.7,41.5,43.3,39.6
Solomon Islands,SB,2009,"542,972",2.3,19.4,3.76,73.7,34,1.04,73.4,66.5,6.9,20.6,20.7,20.4
Somalia,SO,2009,"12,111,322",2.39,19.3,7.21,51.9,162.5,1.01,103.8,98.8,5,15.6,15.9,15.3
South Africa,ZA,2009,"51,196,665",1.62,42.2,2.44,62.2,56.4,0.99,48.9,40.7,8.1,25.5,26,25
South Sudan,SS,2009,"9,246,358",4.84,14.4,6.29,53.5,132.7,1.05,99.3,94.5,4.8,16.2,16.4,16.1
Spain,ES,2009,"46,290,324",0.39,92.8,1.4,81.4,4,0.97,46.1,21.7,24.4,39.7,41,38.4
Sri Lanka,LK,2009,"20,605,448",0.57,318.8,2.31,72.8,13.7,0.97,49.6,38.6,11,29.5,30.3,28.6
Sudan,SD,2009,"34,144,883",2.85,18.3,5.64,63.3,80.2,1.03,97.1,90.6,6.5,16.9,17.2,16.7
Suriname,SR,2009,"525,601",1.54,3.4,2.21,70.8,43.8,0.98,52.9,44,8.9,26.4,27.1,25.7
Sweden,SE,2009,"9,352,377",0.91,22.8,1.93,81.3,3.3,0.99,53.3,25.2,28.1,40.9,41.9,39.8
Switzerland,CH,2009,"7,816,741",1.37,195.4,1.45,81.9,4.9,0.97,46.5,22.5,24,41,41.9,40.1
Syria,SY,2009,"21,710,990",2.33,116.8,3.7,74.6,15.8,1.05,71.5,65.8,5.7,20.5,20.6,20.5
Tajikistan,TJ,2009,"7,302,972",2.28,51.6,3.5,67,50.5,1,61.7,55.7,6,21.9,22.2,21.6
Tanzania,TZ,2009,"42,799,808",3.22,48.3,5.14,59,78.8,1,89.6,84.1,5.6,17.6,17.8,17.3
Thailand,TH,2009,"65,860,440",0.64,128.9,1.59,73.3,14.1,0.96,40.2,28.4,11.9,34.3,35.2,33.4
Timor-Leste,TL,2009,"1,054,708",2.28,70.9,5.47,62.2,81.8,1.01,86,78.8,7.2,18.4,18.9,17.8
Togo,TG,2009,"6,013,851",2.63,110.6,4.87,64.9,92.1,0.96,78.8,72.5,6.3,19.4,19.9,18.8
Tonga,TO,2009,"105,278",0.36,146.8,3.86,75.1,18.3,1.01,78.4,67.8,10.6,21,21.5,20.6
Trinidad and Tobago,TT,2009,"1,314,871",0.44,256.4,1.62,72.7,25.1,1.01,40.7,29.1,11.6,31.6,31.9,31.3
Tunisia,TN,2009,"10,411,019",1.05,67,2.18,74,18.5,1,45,34.9,10.1,28.7,29.2,28.1
Turkey,TR,2009,"73,841,285",1.1,95.9,2.21,72.8,31,1.02,50.6,41.2,9.4,27.7,28.1,27.3
Turkmenistan,TM,2009,"4,884,372",1.14,10.4,2.22,67.9,62.9,0.98,49.4,42.9,6.5,24.5,24.9,24.1
Turks and Caicos Islands,TC,2009,"40,971",6.86,43.2,1.7,81.8,12.5,1.02,37.8,32.3,5.5,29.6,29.2,29.9
Tuvalu,TV,2009,"10,411",0.64,400.4,3.17,64.1,64.6,0.97,58.9,50.2,8.7,23.6,26,22
Uganda,UG,2009,"30,165,171",2.67,153,6.42,59.4,83.2,0.95,114.4,108.8,5.7,14.7,15.3,14.1
Ukraine,UA,2009,"45,950,761",-0.39,79.3,1.47,69,11.5,0.86,42.7,20.1,22.6,39.2,42.6,35.9
United Arab Emirates,AE,2009,"8,032,709",-3.65,96.1,1.5,77.3,8.2,2.92,17.1,16.4,0.7,30.9,26.7,32.2
United Kingdom,GB,2009,"62,049,797",0.65,256.5,1.98,80.2,5.4,0.98,50.6,26.3,24.3,39.6,40.7,38.5
United States,US,2009,"306,771,529",--,33.5,--,--,--,0.97,48.9,29.6,19.2,--,--,--
Uruguay,UY,2009,"3,325,149",0.6,19,1.98,76,12.3,0.94,57.2,35.7,21.5,33.8,35.3,32.3
Uzbekistan,UZ,2009,"28,213,432",1.67,66.3,2.48,73.8,27,0.99,51.8,44.4,7.4,24.3,24.9,23.8
Vanuatu,VU,2009,"239,589",2.28,19.7,3.89,71,24,1.02,75.8,70.1,5.8,19.8,20.1,19.5
Venezuela,VE,2009,"28,242,367",1.5,32,2.52,73.9,18.1,0.99,54.9,46.6,8.3,25.5,26.2,24.9
Vietnam,VN,2009,"89,350,508",1.24,288.2,2.02,73.5,24.7,0.99,46.8,38.4,8.4,26.8,27.8,25.9
"Virgin Islands, British",VG,2009,"28,883",2.58,191.3,1.19,77.6,19.4,0.94,33.7,25.1,8.6,34.2,34.2,34.2
"Virgin Islands, U.S.",VI,2009,"108,404",-0.02,311.5,2.37,77.5,10.7,0.92,51.6,33.3,18.3,37.8,38.4,37.1
Wallis and Futuna,WF,2009,"15,284",0.3,107.6,1.87,77.5,5.9,1.03,50.9,40.2,10.6,27,28.2,26.1
Yemen,YE,2009,"23,378,853",2.67,44.3,5.09,65.3,61.2,1.02,88.3,82.4,5.9,17.6,17.9,17.3
Zambia,ZM,2009,"13,232,943",3.02,17.8,5.67,58.7,85.1,1,96,91,5.1,16.6,16.7,16.5
Zimbabwe,ZW,2009,"13,159,901",0.51,34,4.06,52.6,87.3,0.96,76.8,70.2,6.6,19.6,20.1,19.2
Gaza Strip,XG,2009,"1,461,252",3.21,"4,059.0",5.7,72.4,25.2,1.03,103.2,98.1,5,15.7,15.9,15.4
Kosovo,XK,2009,"1,804,666",0.55,165.8,2.34,69.6,52.1,1.06,52.2,42.2,10,25.8,26.3,25.4
Taiwan,TW,2009,"23,050,187",0.35,714.5,1.03,79.1,5.9,1.02,37.7,22.8,14.9,36.6,37.2,36
West Bank,XW,2009,"2,360,400",2.04,418.5,3.9,73.8,23.2,1.04,78.2,72,6.1,19,19.2,18.8
 -> 2010,,,--,--,--,--,--,--,--,--,--,--,--,--,--
 -> 2010 -> World,,,"6,945,956,023",--,52.7,--,--,--,1.01,53.2,41.2,11.9,--,--,--
Afghanistan,AF,2010,"33,403,052",2.56,51.2,6.38,61.7,84.8,1.04,99.7,94.6,5.1,16.1,16.1,16
Albania,AL,2010,"2,847,652",-0.89,103.9,1.47,75.8,18.1,0.96,50,34.3,15.7,30.1,31.2,28.8
Algeria,DZ,2010,"35,948,502",1.95,15.1,2.8,75.5,29.2,1.02,48,40.7,7.2,26,26.3,25.8
American Samoa,AS,2010,"55,529",-0.8,280.4,3.42,74.5,13.8,1.02,63.5,56.5,7,22.5,23,22.1
Andorra,AD,2010,"84,563",0.41,180.7,1.34,82.9,4.3,1.07,39.3,21.7,17.7,40,39.6,40.2
Angola,AO,2010,"22,304,436",4.35,17.9,6.3,57.1,123.6,0.95,101.4,96.6,4.8,16,16.4,15.6
Anguilla,AI,2010,"14,748",2.2,162.1,1.73,80.4,5.2,0.94,46.8,35.6,11.2,33,34.2,31.8
Antigua and Barbuda,AG,2010,"86,664",1.27,195.6,2.06,74.3,24.1,0.91,49.3,39.3,10,30,31.4,28.5
Argentina,AR,2010,"41,364,203",1.05,15.1,2.39,76.1,14,0.97,56.9,39.9,17,30.3,31.3,29.3
Armenia,AM,2010,"3,071,974",-0.08,108.9,1.63,73.1,18.6,0.92,43.5,28.4,15,32.2,34.5,30
Aruba,AW,2010,"104,537",1.46,580.8,1.85,75.3,18.3,0.9,42.1,26.7,15.4,38,39.7,36.2
Australia,AU,2010,"21,839,563",1.5,2.8,1.92,81.6,4.9,0.99,47.4,28,19.4,36.8,37.7,36
Austria,AT,2010,"8,447,901",0.27,102.5,1.44,80.7,4.7,0.95,48.2,21.7,26.5,42.1,43.1,41.2
Azerbaijan,AZ,2010,"9,332,074",1.41,112.9,2.27,73,14.7,0.98,42,32.8,9.2,28.7,30.5,27.1
"Bahamas, The",BS,2010,"349,262",1.73,34.9,1.83,74.1,15.4,0.88,55.3,46.8,8.5,26.7,26.7,26.6
Bahrain,BH,2010,"1,180,087",2.97,"1,552.7",1.91,78.1,14.8,1.54,30.3,27,3.3,30.7,27.9,32
Bangladesh,BD,2010,"146,553,896",1.11,"1,125.9",2.4,71.4,51.4,0.99,59.4,51.4,8,23.9,24.3,23.4
Barbados,BB,2010,"289,599",0.46,673.5,1.71,76.2,14.9,0.94,40.1,26.6,13.5,36.4,37.5,35.3
Belarus,BY,2010,"9,680,067",-0.2,47.7,1.44,70.8,6.3,0.87,40.4,20.6,19.8,38.6,41.7,35.6
Belgium,BE,2010,"10,865,721",0.86,358.9,1.85,80.1,4.4,0.96,51.9,25.5,26.3,41.1,42.3,39.9
Belize,BZ,2010,"323,507",2.19,14.2,2.71,73.1,18.8,1,65.3,58.6,6.8,21.8,22,21.7
Benin,BJ,2010,"9,178,306",3.28,83,5.6,57.9,113.6,0.95,97.9,93.2,4.7,16.2,16.8,15.6
Bermuda,BM,2010,"68,347",0.61,"1,265.7",1.98,80.3,3.2,0.94,48.9,27.1,21.8,41.8,43.4,39.9
Bhutan,BT,2010,"759,415",1.27,19.8,2.29,66.9,62.3,1.1,54.9,46.5,8.4,24,23.5,24.6
Bolivia,BO,2010,"10,024,103",1.88,9.3,3.25,70.3,41.7,0.99,67.8,59.3,8.4,22.2,22.7,21.7
Bosnia and Herzegovina,BA,2010,"3,884,514",-0.08,75.9,1.17,75.5,7.4,0.95,38,20.9,17.1,39,40.4,37.8
Botswana,BW,2010,"1,977,723",1.68,3.5,2.95,58.4,53.5,0.94,67.4,59.3,8.1,22.1,22.9,21.2
Brazil,BR,2010,"197,854,947",0.88,23.7,1.75,73.5,22.1,0.98,47.4,37.3,10,29.1,29.9,28.3
Brunei,BN,2010,"394,772",1.73,75,1.88,75.8,15.5,1.01,41.7,36.9,4.8,28.2,28.2,28.1
Bulgaria,BG,2010,"7,391,080",-0.54,68.1,1.53,73.2,12.9,0.96,45.4,20.4,25.1,41,43.2,39.1
Burkina Faso,BF,2010,"15,633,854",2.92,57.1,5.83,58.3,116.4,0.94,99.1,92.5,6.6,16.6,17.5,15.7
Burma,MM,2010,"51,400,968",0.99,78.7,2.46,65,62.8,0.97,51.8,44.1,7.7,26.3,26.9,25.6
Burundi,BI,2010,"9,139,612",3.44,355.9,6.24,61.5,85.8,0.98,94.2,89.2,5,16.9,17.2,16.5
Cabo Verde,CV,2010,"508,410",1.44,126.1,2.54,70.4,38.4,0.94,63.6,54.5,9.1,22.2,23,21.4
Cambodia,KH,2010,"14,326,901",1.13,81.2,2.9,66.9,57.6,0.93,57.2,51.2,6,22.5,23.2,21.7
Cameroon,CM,2010,"20,899,959",2.78,44.2,5.13,56.3,109.6,0.99,88.7,83.2,5.5,17.6,17.8,17.4
Canada,CA,2010,"34,211,431",1.13,3.8,1.65,82.2,5.4,0.98,45.4,23.9,21.4,40.2,41.1,39.2
Cayman Islands,KY,2010,"50,119",2.35,189.8,1.88,80,11.1,0.96,40.4,27.1,13.3,38.5,38.9,38
Central African Republic,CF,2010,"4,683,051",1.93,7.5,4.68,49.9,152.5,0.98,83.2,76.3,6.9,18.8,19.4,18.2
Chad,TD,2010,"11,989,444",3.62,9.5,6.65,54.1,146.9,0.97,105.4,100.6,4.8,15.5,16.1,14.8
Chile,CL,2010,"16,705,363",0.92,22.5,1.91,78,8.9,0.97,45.2,32.2,13,32.1,33.4,30.9
China,CN,2010,"1,339,197,403",0.62,143.6,1.65,75.1,15.6,1.06,36.6,24.8,11.8,35,35.7,34.3
Colombia,CO,2010,"43,821,154",0.63,42.2,2.07,75.4,18.3,0.96,52.1,41.5,10.6,27.6,28.6,26.5
Comoros,KM,2010,"710,089",2.28,317.7,4.42,63.4,100.3,0.95,86.5,79.4,7,18.6,19.2,18
Congo (Brazzaville),CG,2010,"4,277,698",3.6,12.5,4.82,69.6,62.8,1,81.5,74.6,6.9,19.3,19.5,19
Congo (Kinshasa),CD,2010,"72,742,117",3.46,32.1,6.62,56.2,117,0.99,96.1,91.2,4.9,16.5,16.6,16.3
Cook Islands,CK,2010,"11,459",-3.26,48.6,2.43,74.5,24.8,1.07,55.2,40.2,15,31.7,32.3,31.1
Costa Rica,CR,2010,"4,523,534",1.3,88.6,1.85,77.7,11,1.01,45.1,35.9,9.2,28.9,29.4,28.3
C“te d'Ivoire,CI,2010,"21,407,751",2.8,67.3,5.07,56.2,106.2,1.02,83.9,79.5,4.4,18.2,18,18.3
Croatia,HR,2010,"4,417,474",-0.31,78.9,1.44,76.2,6.7,0.93,46.3,22.4,23.9,41.2,43.2,39.1
Cuba,CU,2010,"11,254,257",-0.02,102.5,1.69,77.7,6.5,1,43.5,25.4,18.2,38.5,39.3,37.8
Cura‡ao,CW,2010,"143,412",0.94,323,2.11,77.2,10.8,0.91,50.1,31.8,18.4,36.5,39.6,33
Cyprus,CY,2010,"1,102,726",1.67,119.3,1.45,77.7,11.7,1.04,36.4,22.6,13.8,34.5,36.3,33.1
Czechia,CZ,2010,"10,550,886",0.25,136.6,1.5,77.6,3.4,0.96,42.4,20.4,22,39.6,41.3,38
Denmark,DK,2010,"5,546,980",0.47,130.7,1.88,79.2,3.9,0.98,52.8,27.5,25.3,40.6,41.5,39.7
Djibouti,DJ,2010,"739,454",2.18,31.9,2.79,60.7,83,0.87,63.7,58.5,5.2,21.3,22.7,19.7
Dominica,DM,2010,"73,216",0.21,97.5,2.08,76.6,15.1,1.02,51.2,35.3,16,30.4,30.8,30
Dominican Republic,DO,2010,"9,459,254",1.26,195.8,2.53,69.2,33.7,1.03,56.8,49.1,7.7,24.7,24.9,24.6
Ecuador,EC,2010,"14,963,193",1.75,60.2,2.84,77.9,18.2,0.99,66.3,54.9,11.4,24.3,25,23.6
Egypt,EG,2010,"81,571,106",2.47,81.9,3.5,71.2,29.1,1.05,60.1,54.3,5.8,23,23.1,22.9
El Salvador,SV,2010,"6,017,552",0.27,290.4,2.35,72.2,19.4,0.93,62.3,52.3,10,23.5,25,22
Equatorial Guinea,GQ,2010,"985,606",5.23,35.1,5.1,62.5,114.9,1.02,79.6,71.1,8.5,20.4,20.8,20
Eritrea,ER,2010,"5,368,638",2.38,53.2,4.7,63.1,77.9,0.97,85.4,78.6,6.8,18.7,19.1,18.2
Estonia,EE,2010,"1,302,817",-0.41,30.7,1.74,75.2,4.9,0.86,48.4,22.5,25.9,40.3,43.8,36.9
Eswatini,SZ,2010,"1,019,229",0.31,59.2,3.19,49.3,97.1,0.9,65.2,59.4,5.9,20.8,21.3,20.1
Ethiopia,ET,2010,"82,065,947",2.75,74.8,4.76,61.9,83.6,1,80.8,75.3,5.5,18.9,19,18.8
Faroe Islands,FO,2010,"49,052",0.42,35.2,2.43,79.5,9,1.09,56,33.2,22.8,37,37.8,36.4
Fiji,FJ,2010,"875,701",0.82,47.9,2.65,70.9,22.8,1.03,51.9,44.2,7.8,26.7,26.9,26.5
Finland,FI,2010,"5,354,669",0.45,17.6,1.88,79.9,2.9,0.96,51.2,25,26.1,42.1,43.7,40.4
France,FR,2010,"64,971,832",0.57,101.5,2.08,81.5,4.7,0.96,55,29,26,39.8,41.4,38.4
French Polynesia,PF,2010,"268,808",1.07,70.2,2.05,76,15.7,1.05,46.1,36.9,9.2,29,29,29.1
Gabon,GA,2010,"1,627,676",3.72,6.3,4.1,62.5,71.3,1.04,79,71.5,7.5,19.3,19.4,19.2
"Gambia, The",GM,2010,"1,749,619",3.08,172.9,5.47,63.3,76.9,0.98,90.2,85.8,4.4,17.1,17.6,16.7
Georgia,GE,2010,"4,902,939",0.77,70.3,1.95,74.9,20.7,0.91,48.9,26,22.9,37.3,39.9,34.6
Germany,DE,2010,"81,751,319",-0.04,234.5,1.4,80.2,4.2,0.96,51.6,20.3,31.2,44.4,45.6,43.4
Ghana,GH,2010,"24,608,905",2.63,108.2,4.27,64,69.9,0.95,76.9,69.1,7.7,20.2,21,19.5
Gibraltar,GI,2010,"28,764",0.27,"4,109.1",2,79.5,8,1.04,50.2,30.2,19.9,33.3,33.6,33
Greece,GR,2010,"11,039,844",0.04,84.5,1.5,80.2,4.4,0.96,51.5,22.3,29.2,41.4,42.7,40.2
Greenland,GL,2010,"57,604",0.04,0,2.16,69.8,14.3,1.12,42.5,32.2,10.2,33.5,31.8,34.9
Grenada,GD,2010,"107,862",0.58,313.6,2.21,73.2,16.3,1.02,53,39.5,13.5,27.9,27.9,27.9
Guam,GU,2010,"163,334",0.4,300.2,3.04,75.2,15.7,1.06,55,44.7,10.3,28.5,29.1,27.9
Guatemala,GT,2010,"14,211,795",2.18,132.6,3.5,69.7,44.4,0.99,72.4,65.8,6.6,20.3,20.8,19.7
Guernsey,GG,2010,"64,799",0.51,830.8,1.53,82.6,4.1,0.98,46.5,22,24.6,42,42.8,41
Guinea,GN,2010,"9,570,543",2.6,38.9,5.15,57.4,112.4,1,84.5,77.8,6.7,18.8,19.1,18.6
Guinea-Bissau,GW,2010,"1,516,054",2.31,53.9,5.05,56,114.4,0.94,90,84.3,5.7,17.5,18.2,16.9
Guyana,GY,2010,"786,937",-0.07,4,2.39,69.3,37.4,1.04,63.7,56,7.7,23.8,23.9,23.7
Haiti,HT,2010,"9,569,827",-1.03,347.2,3.5,29.6,184.2,0.97,69.7,63.3,6.4,20.7,21,20.5
Honduras,HN,2010,"7,991,269",1.89,71.4,2.94,71.8,23.1,0.96,73.1,65.9,7.2,20.6,21.3,19.9
Hong Kong,HK,2010,"7,029,211",-0.07,"6,551.0",1.13,82.4,3.7,0.89,33.9,16.4,17.5,41.7,41.3,42.2
Hungary,HU,2010,"10,000,228",-0.28,111.6,1.26,74.5,6,0.91,46.3,21.9,24.4,40,42.5,37.6
Iceland,IS,2010,"317,924",0.24,3.2,2.21,82,2.9,1.01,49.4,31.1,18.3,35,35.5,34.4
India,IN,2010,"1,220,718,718",1.29,410.6,2.51,67.2,58,1.07,55.7,47.1,8.6,25.3,26,24.7
Indonesia,ID,2010,"246,256,766",1.23,135.9,2.47,70.1,34.1,1,53.4,44.2,9.2,27.6,28.1,27
Iran,IR,2010,"75,034,503",1.22,49,1.78,72.8,24.4,1.03,40.5,33.5,7,26.8,27,26.5
Iraq,IQ,2010,"29,072,967",3.22,66.5,4.5,69.2,36,1.01,77.8,73.1,4.7,19.4,19.7,19.1
Ireland,IE,2010,"4,610,336",0.47,66.9,2.02,80.6,4.2,1,47.7,30.9,16.8,34.4,34.6,34.1
Isle of Man,IM,2010,"83,829",0.93,146.6,1.97,80.2,5.9,0.99,52.6,25.4,27.2,42.3,43,41.5
Israel,IL,2010,"7,381,855",1.88,343.4,3.12,81.6,4.4,1.01,61.5,45.5,16,29,29.8,28.3
Italy,IT,2010,"60,786,485",0.58,206.7,1.37,81.8,4,0.93,51.3,20.9,30.4,43.2,44.4,42
Jamaica,JM,2010,"2,838,638",-0.19,262.1,2.22,72.6,18.2,0.98,59.8,47.9,11.9,25.6,26.2,25
Japan,JP,2010,"127,645,939",-0.06,350.2,1.39,82.8,3.3,0.95,57.7,21.7,36,44.8,46.1,43.4
Jersey,JE,2010,"93,317",0.82,804.5,1.64,80.6,5.4,0.97,45.8,24.5,21.2,40,41.2,38.8
Jordan,JO,2010,"6,800,252",2.38,76.6,3.56,73.1,21,1.08,68.1,62.3,5.9,21.2,21,21.3
Kazakhstan,KZ,2010,"17,089,657",1.4,6.3,2.53,68.8,27.9,0.93,45,34.8,10.2,28.9,30.6,27.3
Kenya,KE,2010,"39,519,191",2.81,69.4,4.45,65.5,51.3,0.99,86.5,80.2,6.3,18.3,18.7,17.9
Kiribati,KI,2010,"99,664",1.26,122.9,2.86,63.9,56.1,0.97,61.8,55.9,5.9,22.2,23,21.4
"Korea, North",KP,2010,"24,377,508",0.56,202.5,2.03,69.1,32.4,0.94,46.3,33.3,13,32.5,34.4,30.9
"Korea, South",KR,2010,"49,752,067",0.6,513.3,1.26,80.8,4.1,1,37.4,22,15.4,38.1,39.2,36.9
Kuwait,KW,2010,"2,543,299",2.1,142.7,2.69,76.9,11.2,1.44,38.7,36,2.6,28.4,26.1,29.7
Kyrgyzstan,KG,2010,"5,410,439",0.69,28.2,2.78,68.8,38.1,0.96,53,45.2,7.8,24.7,25.6,23.8
Laos,LA,2010,"6,393,271",1.86,27.7,3.17,64.3,67.9,0.99,69.8,63.5,6.2,20.6,20.9,20.3
Latvia,LV,2010,"2,115,339",-2.26,34,1.33,72.6,6.8,0.85,47,20.7,26.3,41,44.4,37.7
Lebanon,LB,2010,"4,953,860",-0.21,484.2,2.39,76.5,10.1,0.97,53.4,44.7,8.7,27.1,28.1,26.2
Lesotho,LS,2010,"1,993,907",0.88,65.7,3.4,49.9,104.5,0.97,67.7,59.2,8.5,22.3,22.6,21.9
Liberia,LR,2010,"3,759,123",3.25,39,5.24,58.4,99.6,1,88.8,83.8,5.1,17.8,17.9,17.7
Libya,LY,2010,"6,367,346",2.56,3.6,3.29,74.5,18.8,1.08,54.1,48.1,6,24.9,24.7,25.1
Liechtenstein,LI,2010,"36,137",0.78,225.9,1.69,81.3,5.4,0.98,43.2,23.4,19.8,40.9,41.7,40.1
Lithuania,LT,2010,"3,088,772",-3.09,49.3,1.49,73.3,6.1,0.86,48.7,22.6,26.2,40.7,43.8,37.5
Luxembourg,LU,2010,"509,257",1.92,196.9,1.68,81.5,3.5,0.99,48.1,26.3,21.8,39.3,40.1,38.6
Macau,MO,2010,"569,121",0.98,"20,325.8",0.98,84.5,5.6,0.92,30.7,20.4,10.3,35.7,35,36.4
Madagascar,MG,2010,"20,808,128",2.74,35.8,4.61,64.3,72.2,1,82.2,76.6,5.7,18.5,18.7,18.3
Malawi,MW,2010,"15,016,095",3.15,159.6,5.32,66.8,88.1,0.96,95.1,88.7,6.4,17,17.2,16.8
Malaysia,MY,2010,"29,062,898",1.95,88.4,2.14,74.9,8.2,1.06,48.7,41.1,7.6,26.2,26.4,26.1
Maldives,MV,2010,"395,647",-0.19,"1,327.7",1.83,74.2,44.1,1.41,34.8,29.3,5.5,25.9,24.8,26.5
Mali,ML,2010,"14,514,077",3.12,11.9,6.52,57.3,139.5,0.95,106.9,100.3,6.6,15.7,16.3,15.1
Malta,MT,2010,"417,173",0.23,"1,320.2",1.36,81.3,6.5,0.99,44.6,22.1,22.6,40,41.5,38.6
Marshall Islands,MH,2010,"65,768",2,363.4,3.51,71.4,35.3,1.04,70.3,65.2,5.1,21.7,21.6,21.7
Mauritania,MR,2010,"3,270,243",2.71,3.2,5.48,66.4,60.8,0.96,93.4,86.3,7.1,17.6,18.2,17.1
Mauritius,MU,2010,"1,281,606",0.44,631.3,1.45,73.6,15.3,0.97,40.2,30,10.2,32.4,33.3,31.6
Mexico,MX,2010,"114,222,072",1.51,58.8,2.36,74.5,16.6,0.96,54.8,45.7,9.1,25.9,26.6,25.1
"Micronesia, Federated States of",FM,2010,"107,069",-0.29,152.5,2.8,71.1,35.7,0.99,58.8,54.1,4.7,22.3,22.9,21.8
Moldova,MD,2010,"3,920,438",-0.15,119.2,1.31,69.1,17,0.93,37.4,23.2,14.2,34.3,36.3,32.3
Monaco,MC,2010,"30,589",-0.17,"15,294.5",1.46,89.8,1.9,0.95,62.9,20.7,42.2,48.8,49.7,47.8
Mongolia,MN,2010,"2,783,419",1.57,1.8,2.4,67.7,32.6,0.97,44.9,39.1,5.8,25.6,26.3,24.9
Montenegro,ME,2010,"622,553",0.01,46.3,1.68,76.4,7,0.98,48.3,29.3,18.9,36.2,37.6,34.7
Montserrat,MS,2010,"5,118",0.39,50.2,1.24,72.9,17.9,1.01,51.3,41,10.3,29.1,29.5,28.7
Morocco,MA,2010,"32,266,907",1.23,45,2.57,70.2,34.2,0.98,54.4,45.6,8.8,25.7,26.2,25.2
Mozambique,MZ,2010,"23,012,071",2.64,29.3,5.9,50.1,144.1,0.96,94.7,88.7,6,17,17.8,16.3
Namibia,NA,2010,"2,182,968",1.4,2.7,3.73,59.9,71.5,0.96,76,68.8,7.2,19.9,20.6,19.3
Nauru,NR,2010,"9,237",0.57,439.9,3.13,64,12.8,0.97,53,50.7,2.4,23.8,24.1,23.5
Nepal,NP,2010,"26,662,624",1.51,186,2.65,68.4,46.3,0.92,69.3,61.9,7.4,21,22.1,19.7
Netherlands,NL,2010,"16,573,785",0.49,489,1.8,80.7,4.5,0.98,49.2,26.1,23.1,40.9,41.6,40.1
New Caledonia,NC,2010,"252,363",1.56,13.8,2.09,76.6,11,1.01,49.2,37.8,11.4,29.8,30.3,29.3
New Zealand,NZ,2010,"4,269,245",1.08,16.1,2.27,81.3,4.9,0.99,51,31.4,19.5,36.7,37.6,35.9
Nicaragua,NI,2010,"5,653,197",1.49,47.1,2.32,72.5,24,0.97,59.2,52.4,6.8,22.3,23.1,21.5
Niger,NE,2010,"15,612,503",3.73,12.3,8,54.6,140.8,0.99,120.6,114.5,6.1,14.2,14.5,13.8
Nigeria,NG,2010,"165,890,754",2.68,182.1,5.46,54.5,129.9,1.02,89.4,83.6,5.8,17.8,18,17.7
North Macedonia,MK,2010,"2,079,955",0.28,81.8,1.53,74.8,8.5,1,42.4,26.1,16.2,35.5,36.5,34.6
Northern Mariana Islands,MP,2010,"55,121",-5.48,116.8,3.17,73.8,18.5,1.11,47.2,42.9,4.4,32.6,32.3,33
Norway,NO,2010,"4,891,301",1.27,16.1,1.96,81,3.3,1,51.3,28.5,22.8,38.8,39.6,37.9
Oman,OM,2010,"2,962,837",1.98,9.6,2.87,74,25.4,1.23,52.6,47.9,4.6,24,22.1,25.5
Pakistan,PK,2010,"188,341,201",2.44,244.3,4.39,65.9,92.7,1.05,75.4,68.1,7.3,20.4,20.4,20.3
Palau,PW,2010,"20,840",0.32,45.4,1.73,71.3,17.6,1.13,39.5,30.8,8.8,32.6,33,32.4
Panama,PA,2010,"3,481,393",1.45,46.8,2.43,76.5,19.4,1.02,56.2,44.6,11.6,27.6,27.9,27.3
Papua New Guinea,PG,2010,"7,064,435",2.62,15.6,4.38,66.1,56.1,1.04,73.1,67.9,5.2,20.1,20.1,20.1
Paraguay,PY,2010,"6,372,088",1.31,16,2.16,75.9,38.7,1.01,54.7,45.3,9.3,25,25.2,24.8
Peru,PE,2010,"29,347,898",0.57,22.9,2.64,75,19.9,0.99,56.6,46.9,9.7,25.6,26.1,25.1
Philippines,PH,2010,"93,745,810",1.75,314.4,3.21,70.3,32.1,1.01,64.8,57.9,6.9,22.6,23,22.1
Poland,PL,2010,"38,616,395",0.07,126.9,1.37,76.2,5.9,0.94,39.8,20.8,19,38.1,40,36.3
Portugal,PT,2010,"10,650,026",-0.01,116.4,1.34,79.5,3.2,0.92,49.5,23.2,26.3,40.1,42.2,38.1
Puerto Rico,PR,2010,"3,721,525",-1.1,419.6,1.62,79.2,8.7,0.92,52.1,29.7,22.4,37,38.7,35.2
Qatar,QA,2010,"1,719,867",8.8,148.4,1.98,77.5,11.7,3.13,16,15.1,0.9,31.8,27.7,32.8
Romania,RO,2010,"20,532,547",-0.68,89.3,1.48,73.9,11.6,0.95,47,22.7,24.3,39.6,41,38
Russia,RU,2010,"143,493,100",0,8.8,1.6,69.1,9.6,0.86,39.4,20.9,18.5,38.5,41.6,35.5
Rwanda,RW,2010,"9,923,423",2.66,402.3,4.68,61.7,64.1,0.94,83.8,79.4,4.4,18.4,19.2,17.5
Saint Barthelemy,BL,2010,"7,405",-0.55,296.2,1.63,78.6,9.9,1.14,42.8,27.1,15.6,39.8,39.6,40
"Saint Helena, Ascension, and Tristan da Cunha",SH,2010,"7,682",0.44,19.5,1.56,78.4,28.8,1.03,42.4,25.5,16.9,38.4,38.3,38.5
Saint Kitts and Nevis,KN,2010,"49,888",0.83,191.1,1.79,74.2,19.7,1,44.4,33.4,11,31.6,31.6,31.6
Saint Lucia,LC,2010,"160,619",0.38,265,1.82,76,17,0.96,49.1,35.1,14,30.3,31.4,29.2
Saint Martin,MF,2010,"30,218",1.32,559.6,1.82,78.6,9.9,0.93,48.5,39.9,8.6,30.8,31.6,29.7
Saint Pierre and Miquelon,PM,2010,"5,976",-0.9,24.7,1.54,80.2,10.6,0.98,48.7,25.6,23.1,42.1,42.5,41.8
Saint Vincent and the Grenadines,VC,2010,"104,102",-0.35,267.6,1.94,73.5,24.5,1.03,49.3,37.6,11.8,29.5,29.4,29.6
Samoa,WS,2010,"192,001",0.61,68.1,3.32,72.1,29.1,1.06,70.1,61.3,8.8,21.6,21.8,21.5
San Marino,SM,2010,"31,467",1.1,515.9,1.45,82.5,8.4,0.94,52.5,25.6,26.9,42.2,42.9,41.4
Sao Tome and Principe,ST,2010,"175,718",2.1,182.3,5.21,62.8,87.1,0.99,92.7,86.3,6.4,17.4,17.9,16.9
Saudi Arabia,SA,2010,"27,962,740",3.33,13,2.59,73.9,18.2,1.27,46,42.4,3.6,25.9,24,27.4
Senegal,SN,2010,"12,667,027",3.08,65.8,5.32,65.5,66.4,0.96,89.4,83.9,5.5,17.5,18.4,16.7
Serbia,RS,2010,"7,233,391",-0.51,93.4,1.43,74,7.8,0.95,46.5,22.2,24.2,41.3,43,39.7
Seychelles,SC,2010,"88,053",0.94,193.5,1.92,72.3,21.3,1.03,41.5,31.6,9.9,31.9,32.4,31.4
Sierra Leone,SL,2010,"6,121,737",3.17,85.5,5.09,50.5,161.2,0.96,87.2,81.4,5.8,17.8,18.2,17.3
Singapore,SG,2010,"5,189,542",1.18,"7,319.5",1.15,83.2,2.3,0.98,35.2,25.5,9.7,33.1,33.5,32.6
Sint Maarten,SX,2010,"37,896",1.65,"1,114.6",2.12,78.8,9.4,0.97,34.4,28,6.4,38.3,38.8,37.7
Slovakia,SK,2010,"5,426,036",0.11,112.8,1.46,75.4,7.1,0.94,38.9,21.3,17.6,37.5,39.4,35.8
Slovenia,SI,2010,"2,084,182",0.15,103.4,1.56,79.4,4.5,0.99,43.7,19.8,23.9,41.7,43.6,39.9
Solomon Islands,SB,2010,"555,439",2.24,19.8,3.67,73.9,33.2,1.04,72.2,65.2,6.9,20.8,21,20.7
Somalia,SO,2010,"12,417,058",2.6,19.8,7.17,49.5,178.3,1.01,102.9,98.1,4.9,15.7,16,15.3
South Africa,ZA,2010,"51,838,789",0.88,42.7,2.44,63.5,50.8,0.98,48.4,40.1,8.3,25.8,26.3,25.4
South Sudan,SS,2010,"9,765,126",6.04,15.2,6.22,53.9,129,1.05,99.3,94.5,4.7,16.2,16.3,16.1
Spain,ES,2010,"46,412,492",0.13,93,1.4,81.8,3.9,0.97,46.9,21.9,25,40.2,41.5,38.9
Sri Lanka,LK,2010,"20,687,382",0.18,320.1,2.25,73.2,11.7,0.96,50,38.7,11.3,29.9,30.7,29
Sudan,SD,2010,"34,983,893",2.02,18.8,5.52,63.4,79.4,1.03,96.8,90.4,6.4,17,17.2,16.7
Suriname,SR,2010,"535,243",2.09,3.4,2.16,70.2,45.6,0.98,52.2,43.4,8.8,26.8,27.5,26.1
Sweden,SE,2010,"9,432,308",0.8,23,1.97,81.5,3.2,0.99,54.1,25.3,28.8,40.9,42,39.8
Switzerland,CH,2010,"7,937,497",1.69,198.5,1.46,82.1,4.8,0.97,46.5,22.3,24.2,41.2,42.1,40.3
Syria,SY,2010,"22,223,250",2.34,119.6,3.7,74.8,15.2,1.05,70.4,64.7,5.7,20.8,20.8,20.7
Tajikistan,TJ,2010,"7,477,049",2.43,52.8,3.58,67.5,47.8,1,61.9,56.1,5.8,22.2,22.5,21.9
Tanzania,TZ,2010,"44,153,740",3.01,49.8,5.11,60,75,1,89.4,83.9,5.6,17.6,17.9,17.4
Thailand,TH,2010,"66,271,488",0.61,129.7,1.58,73.5,13.3,0.96,39.7,27.5,12.2,34.8,35.7,33.9
Timor-Leste,TL,2010,"1,078,728",2.22,72.5,5.26,62.5,79.3,1.01,85,77.8,7.2,18.5,19.1,18
Togo,TG,2010,"6,178,252",2.76,113.6,4.82,65.5,89.4,0.96,78.8,72.4,6.4,19.5,20.1,18.9
Tonga,TO,2010,"105,623",0.3,147.3,3.75,75.3,18,1.01,77.3,66.6,10.6,21.2,21.7,20.8
Trinidad and Tobago,TT,2010,"1,321,279",0.53,257.7,1.75,73,24.5,1.01,41.1,29.1,12,32,32.3,31.7
Tunisia,TN,2010,"10,525,963",1.15,67.8,2.3,74.1,17.5,1,44.8,34.7,10.1,29,29.6,28.5
Turkey,TR,2010,"74,647,083",1.07,97,2.18,73.1,30.2,1.02,50.1,40.6,9.5,28.2,28.6,27.8
Turkmenistan,TM,2010,"4,940,152",1.13,10.5,2.19,68.2,61.4,0.98,47.5,41.3,6.2,24.9,25.4,24.5
Turks and Caicos Islands,TC,2010,"43,214",3.87,45.6,1.7,81.7,12.7,1.02,37,31.4,5.6,30,29.6,30.4
Tuvalu,TV,2010,"10,479",0.67,403,3.14,64.5,63.1,0.97,57.6,49,8.6,23.8,26,22.3
Uganda,UG,2010,"31,002,201",2.8,157.3,6.26,60.4,77.9,0.95,114,108.3,5.6,14.7,15.4,14.1
Ukraine,UA,2010,"45,768,171",-0.4,79,1.44,70,10.9,0.86,42,20.1,21.9,39.3,42.7,36.1
United Arab Emirates,AE,2010,"8,020,877",3.36,95.9,1.57,77.4,7.9,2.86,17.8,17,0.8,31.3,27.1,32.6
United Kingdom,GB,2010,"62,502,490",0.81,258.3,2.01,80.5,5.1,0.99,51,26.3,24.6,39.8,40.9,38.7
United States,US,2010,"309,327,143",--,33.8,--,--,--,0.97,49,29.5,19.5,37.2,38.5,35.9
Uruguay,UY,2010,"3,342,522",0.45,19.1,1.98,75.9,10.5,0.94,56.4,35,21.4,34,35.5,32.5
Uzbekistan,UZ,2010,"28,677,730",1.59,67.4,2.39,73.7,27.1,1,50.4,43.3,7.1,24.7,25.2,24.2
Vanuatu,VU,2010,"245,053",2.23,20.1,3.79,71.3,23.4,1.01,74.6,68.7,5.8,20,20.3,19.7
Venezuela,VE,2010,"28,663,205",1.46,32.5,2.49,74.1,17.4,0.99,54.3,45.8,8.5,25.9,26.5,25.2
Vietnam,VN,2010,"90,458,607",1.23,291.7,2,73.8,23.8,0.99,45.8,37.5,8.3,27.2,28.2,26.3
"Virgin Islands, British",VG,2010,"29,629",2.51,196.2,1.2,77.6,19.3,0.93,33.4,24.5,8.9,34.5,34.5,34.4
"Virgin Islands, U.S.",VI,2010,"108,357",-0.07,311.4,2.3,77.8,10.4,0.92,52.5,33,19.5,38.2,38.9,37.5
Wallis and Futuna,WF,2010,"15,331",0.32,108,1.84,77.8,5.8,1.04,49.7,38.6,11.1,27.6,28.7,26.8
Yemen,YE,2010,"24,014,212",2.7,45.5,4.95,65.5,60,1.01,86.9,81.1,5.8,17.8,18.1,17.5
Zambia,ZM,2010,"13,646,916",3.14,18.4,5.53,60.3,80.1,1,95.6,90.6,5,16.6,16.8,16.5
Zimbabwe,ZW,2010,"13,222,536",0.44,34.2,4.11,54.9,81.2,0.95,77.1,70.3,6.7,19.7,20.2,19.1
Gaza Strip,XG,2010,"1,509,928",3.34,"4,194.2",5.45,72.6,24.5,1.03,101.4,96.5,4.9,15.8,16.1,15.6
Kosovo,XK,2010,"1,814,820",0.57,166.7,2.29,69.9,50.3,1.06,51.8,41.8,10,26.2,26.6,25.8
Taiwan,TW,2010,"23,110,964",0.17,716.4,0.9,79.3,5.7,1.01,36.8,21.8,15,37.1,37.7,36.5
West Bank,XW,2010,"2,408,929",2.03,427.1,3.83,74,22.8,1.04,76.6,70.5,6.1,19.2,19.4,19.1
 -> 2011,,,--,--,--,--,--,--,--,--,--,--,--,--,--
 -> 2011 -> World,,,"7,030,358,583",--,53.3,--,--,--,1.01,53,40.9,12,--,--,--
Afghanistan,AF,2011,"34,363,270",3.1,52.7,6.17,62.1,81.6,1.04,98.3,93.2,5.1,16.2,16.3,16.2
Albania,AL,2011,"2,823,845",-0.79,103.1,1.47,76.1,17.6,0.96,48.4,32.5,15.8,30.5,31.7,29.2
Algeria,DZ,2011,"36,659,361",1.97,15.4,2.83,75.9,28.4,1.03,48.3,41,7.3,26.4,26.6,26.1
American Samoa,AS,2011,"55,055",-0.92,278.1,3.4,72.7,15.3,1.01,62.3,55,7.3,22.8,23.3,22.4
Andorra,AD,2011,"84,888",0.36,181.4,1.35,82.9,4.3,1.07,40.1,21.9,18.3,40.6,40.3,40.8
Angola,AO,2011,"23,294,607",4.34,18.7,6.28,58,115.9,0.95,102.1,97.3,4.8,15.9,16.3,15.4
Anguilla,AI,2011,"15,073",2.16,165.6,1.73,80.5,5.1,0.94,46.5,35.1,11.4,33.3,34.6,32
Antigua and Barbuda,AG,2011,"87,764",1.26,198.1,2.05,74.6,23.4,0.91,48.3,38.3,10.1,30.3,31.7,28.7
Argentina,AR,2011,"41,800,777",1.05,15.3,2.38,76.4,13.7,0.97,56.9,39.8,17.1,30.5,31.6,29.5
Armenia,AM,2011,"3,069,561",-0.08,108.8,1.63,73.4,17.5,0.92,42.7,27.9,14.8,32.6,34.8,30.4
Aruba,AW,2011,"106,062",1.44,589.2,1.84,75.5,17.9,0.9,42,26.2,15.9,38.3,40,36.4
Australia,AU,2011,"22,183,001",1.63,2.9,1.92,81.7,4.6,0.99,47.8,28,19.8,37,37.9,36.1
Austria,AT,2011,"8,475,092",0.37,102.8,1.43,81,4.3,0.95,48,21.4,26.7,42.5,43.4,41.6
Azerbaijan,AZ,2011,"9,470,313",1.54,114.6,2.38,73.7,13.9,0.98,41.8,32.9,8.9,28.9,30.7,27.3
"Bahamas, The",BS,2011,"355,259",1.67,35.5,1.91,74.2,15.1,0.88,53.8,45.3,8.5,26.7,26.7,26.7
Bahrain,BH,2011,"1,214,703",2.81,"1,598.3",1.88,78.2,14.6,1.54,29.9,26.6,3.4,30.9,28.1,32.2
Bangladesh,BD,2011,"148,179,747",1.09,"1,138.4",2.36,71.8,49,0.99,58.1,49.9,8.2,24.3,24.8,23.7
Barbados,BB,2011,"290,926",0.45,676.6,1.71,76.4,14.7,0.94,40.2,26.4,13.8,36.8,37.8,35.7
Belarus,BY,2011,"9,662,547",-0.17,47.6,1.47,71.1,6.3,0.87,40.3,20.8,19.5,38.8,41.8,35.7
Belgium,BE,2011,"10,962,547",0.92,362.1,1.82,80.4,4.3,0.96,52.4,25.7,26.6,41.2,42.3,40
Belize,BZ,2011,"330,560",2.13,14.5,2.65,73.2,18.1,1,63.9,57.2,6.7,22.2,22.3,22
Benin,BJ,2011,"9,485,681",3.31,85.7,5.62,58.2,111.7,0.95,97.2,92.6,4.6,16.3,16.9,15.7
Bermuda,BM,2011,"68,757",0.59,"1,273.3",1.98,80.5,3.2,0.94,49.4,26.9,22.5,42.1,43.8,40.2
Bhutan,BT,2011,"768,958",1.23,20,2.2,67.4,58.7,1.09,53.5,45.1,8.4,24.5,23.9,25
Bolivia,BO,2011,"10,211,406",1.83,9.4,3.17,70.8,39.4,1,67.2,58.5,8.6,22.5,23,21.9
Bosnia and Herzegovina,BA,2011,"3,878,884",-0.21,75.8,1.13,75.9,6.4,0.95,37.4,20.3,17.2,39.5,40.8,38.3
Botswana,BW,2011,"2,011,047",1.66,3.5,2.9,59.2,50.8,0.94,66,58,8.1,22.4,23.3,21.5
Brazil,BR,2011,"199,602,770",0.88,23.9,1.76,73.8,21.2,0.98,46.7,36.5,10.3,29.5,30.3,28.8
Brunei,BN,2011,"401,603",1.71,76.3,1.86,76,15.2,1,40.8,35.9,4.9,28.4,28.6,28.3
Bulgaria,BG,2011,"7,350,505",-0.56,67.8,1.46,73.5,11.7,0.96,46.2,20.7,25.5,41.2,43.3,39.2
Burkina Faso,BF,2011,"16,099,086",2.94,58.8,5.71,58.8,112.8,0.94,98.7,92.1,6.6,16.6,17.6,15.7
Burma,MM,2011,"51,941,910",1.11,79.5,2.45,65.6,59.3,0.97,51.1,43.4,7.7,26.6,27.2,25.9
Burundi,BI,2011,"9,439,776",3.03,367.6,6.1,62.1,81.8,0.98,94.1,89.1,5,16.9,17.3,16.5
Cabo Verde,CV,2011,"515,773",1.43,127.9,2.49,70.6,37.5,0.94,61.3,52.4,8.9,22.7,23.5,21.9
Cambodia,KH,2011,"14,488,675",1.11,82.1,2.8,67.3,55.3,0.93,56.5,50.5,6,22.9,23.7,22.2
Cameroon,CM,2011,"21,481,851",2.72,45.4,5.04,56.9,105.7,0.99,88.1,82.6,5.5,17.7,17.9,17.5
Canada,CA,2011,"34,591,851",1.08,3.8,1.6,82.5,5.3,0.98,45.7,23.9,21.8,40.3,41.2,39.3
Cayman Islands,KY,2011,"51,296",2.3,194.3,1.87,80.2,10.9,0.96,40.5,26.7,13.8,38.8,39.2,38.3
Central African Republic,CF,2011,"4,779,344",2.14,7.7,4.63,50.2,150.2,0.98,82.3,75.5,6.8,18.9,19.5,18.3
Chad,TD,2011,"12,438,622",3.74,9.9,6.59,54.5,143.5,0.97,105.8,100.9,4.8,15.4,16.1,14.8
Chile,CL,2011,"16,857,170",0.89,22.7,1.89,78.3,8.7,0.97,44.9,31.5,13.4,32.4,33.7,31.1
China,CN,2011,"1,347,688,290",0.64,144.5,1.7,75.4,14.5,1.05,36.6,24.6,12,35.4,36.1,34.6
Colombia,CO,2011,"44,100,903",0.64,42.5,2.04,75.8,17.7,0.96,51.4,40.5,10.9,27.9,29,26.9
Comoros,KM,2011,"726,117",2.18,324.9,4.26,63.7,98.3,0.95,85.9,78.8,7.1,18.8,19.4,18.1
Congo (Brazzaville),CG,2011,"4,429,094",3.36,13,4.69,70,60.7,1,81.5,74.6,6.9,19.3,19.6,19.1
Congo (Kinshasa),CD,2011,"75,337,546",3.55,33.2,6.68,56.7,113.7,0.99,96.1,91.2,4.9,16.5,16.6,16.3
Cook Islands,CK,2011,"11,094",-3.21,47,2.39,74.7,24.2,1.07,53.7,38.2,15.4,32.6,33.1,31.9
Costa Rica,CR,2011,"4,585,733",1.43,89.8,1.9,78.1,10.5,1.01,44.4,35,9.5,29.3,29.8,28.8
C“te d'Ivoire,CI,2011,"21,964,859",2.34,69.1,5.01,56.9,102.8,1.02,83.8,79.3,4.4,18.2,18.1,18.4
Croatia,HR,2011,"4,403,676",-0.32,78.7,1.38,76.9,5.1,0.93,45.7,22,23.7,41.3,43.5,39.3
Cuba,CU,2011,"11,256,134",0.05,102.5,1.77,78.4,6.2,1,44,25.3,18.7,39,39.8,38.2
Cura‡ao,CW,2011,"144,696",0.84,325.9,2.1,77.4,10.7,0.92,50.2,31.3,18.9,36.5,39.6,32.8
Cyprus,CY,2011,"1,120,567",1.62,121.3,1.45,77.8,11.6,1.05,36.2,22,14.2,34.8,36.5,33.4
Czechia,CZ,2011,"10,573,222",0.18,136.9,1.41,77.8,3.3,0.96,43.6,20.8,22.8,39.8,41.5,38.4
Denmark,DK,2011,"5,570,463",0.37,131.3,1.76,79.7,4,0.98,53.5,27.3,26.2,40.8,41.7,39.9
Djibouti,DJ,2011,"755,961",2.24,32.6,2.71,61.2,81.1,0.86,61.9,56.7,5.3,21.6,23,20.1
Dominica,DM,2011,"73,371",0.21,97.7,2.07,76.7,15,1.02,50.2,34.3,15.9,30.9,31.3,30.5
Dominican Republic,DO,2011,"9,576,493",1.21,198.2,2.48,69.4,32.8,1.03,55.9,48.1,7.8,25,25.1,24.9
Ecuador,EC,2011,"15,205,119",1.46,61.2,2.76,78.2,17.4,0.98,65.6,54.1,11.5,24.5,25.2,23.8
Egypt,EG,2011,"83,638,527",2.54,84,3.59,71.4,27.8,1.05,60.7,54.8,5.8,23.2,23.3,23.1
El Salvador,SV,2011,"6,041,050",0.51,291.5,2.32,72.6,18.4,0.93,60.7,50.6,10.1,23.8,25.4,22.3
Equatorial Guinea,GQ,2011,"1,037,891",5.11,37,5.03,62.6,114.2,1.03,79.5,71,8.5,20.5,20.8,20.2
Eritrea,ER,2011,"5,486,164",1.95,54.3,4.59,63.4,76.1,0.97,84.6,77.7,6.9,18.7,19.2,18.3
Estonia,EE,2011,"1,297,236",-0.45,30.6,1.63,75.7,3.1,0.86,49.1,22.9,26.3,40.6,44.1,37.2
Eswatini,SZ,2011,"1,023,891",0.61,59.5,3.11,50.6,91.2,0.9,64.4,58.5,5.9,21.1,21.7,20.4
Ethiopia,ET,2011,"84,413,527",2.89,77,4.71,62.6,79.3,1,80.5,74.9,5.5,19,19.1,18.9
Faroe Islands,FO,2011,"49,261",0.43,35.4,2.42,79.6,8.8,1.09,55.6,32.6,23,37.2,37.9,36.6
Fiji,FJ,2011,"882,747",0.79,48.3,2.61,71.2,22.3,1.03,51.6,43.6,8.1,27,27.2,26.9
Finland,FI,2011,"5,379,679",0.49,17.7,1.83,80.3,3,0.96,52.3,25.1,27.2,42.2,43.8,40.5
France,FR,2011,"65,313,096",0.48,102,2.07,81.8,4.6,0.96,55.6,29.1,26.5,40.1,41.6,38.7
French Polynesia,PF,2011,"271,653",1.04,71,2.02,76.2,15.4,1.05,45.7,36.1,9.6,29.5,29.4,29.5
Gabon,GA,2011,"1,684,612",3.17,6.5,3.98,63.3,68.1,1.05,77.8,70.5,7.3,19.4,19.4,19.3
"Gambia, The",GM,2011,"1,803,765",3.01,178.2,5.33,63.6,75.3,0.98,89.4,84.9,4.5,17.3,17.7,16.8
Georgia,GE,2011,"4,938,340",0.67,70.9,1.8,74.9,20,0.91,48.5,25.9,22.6,37.3,39.9,34.6
Germany,DE,2011,"81,759,269",0.06,234.5,1.37,80.6,4.1,0.97,51.4,20.2,31.2,44.9,46,43.8
Ghana,GH,2011,"25,269,204",2.67,111.1,4.25,64.5,66.6,0.95,76.7,69,7.7,20.3,21.1,19.5
Gibraltar,GI,2011,"28,840",0.26,"4,120.0",1.99,79.5,8,1.04,51.1,30.1,21,33.6,33.9,33.3
Greece,GR,2011,"11,017,574",-0.44,84.3,1.41,80.3,3.9,0.96,52.4,22.5,29.9,41.8,43.1,40.6
Greenland,GL,2011,"57,626",0.04,0,2.13,70.2,14,1.11,42.5,31.8,10.7,33.5,31.9,35
Grenada,GD,2011,"108,483",0.57,315.4,2.18,73.4,16,1.02,52.3,38.6,13.6,28.4,28.3,28.4
Guam,GU,2011,"163,950",0.35,301.4,2.93,76,14.1,1.06,55,44.4,10.7,28.5,29.2,27.9
Guatemala,GT,2011,"14,518,609",2.09,135.5,3.42,70,43.5,0.99,70.9,64.2,6.7,20.6,21.1,20
Guernsey,GG,2011,"65,116",0.47,834.8,1.54,82.7,4.1,0.99,46.9,21.9,25,42.3,43.2,41.3
Guinea,GN,2011,"9,824,572",2.64,40,5.1,58.1,108.1,1,84.3,77.6,6.7,18.8,19.1,18.6
Guinea-Bissau,GW,2011,"1,551,423",2.3,55.2,4.98,56.7,109.3,0.94,89.8,84.2,5.6,17.6,18.2,16.9
Guyana,GY,2011,"786,354",-0.08,4,2.35,69.4,36.5,1.04,62.2,54.4,7.8,24.2,24.3,24.1
Haiti,HT,2011,"9,696,602",1.25,351.8,3.4,61.3,79.4,0.97,68.3,61.8,6.4,20.9,21.2,20.7
Honduras,HN,2011,"8,141,710",1.84,72.8,2.9,72.2,22,0.96,71.5,64.2,7.3,20.9,21.6,20.2
Hong Kong,HK,2011,"7,030,206",0.1,"6,551.9",1.2,82.5,3.7,0.88,34.1,16.2,17.9,42,41.9,42.3
Hungary,HU,2011,"9,972,181",-0.28,111.3,1.24,74.9,5.9,0.91,46.4,21.7,24.7,40.3,42.8,37.9
Iceland,IS,2011,"318,851",0.35,3.2,2.03,82.4,2.8,1.01,49.9,31.1,18.8,35.2,35.8,34.6
India,IN,2011,"1,236,352,295",1.26,415.8,2.44,67.6,54.9,1.07,54.8,46.1,8.7,25.6,26.3,25
Indonesia,ID,2011,"249,274,297",1.2,137.6,2.45,70.3,32.8,1,52.9,43.7,9.2,27.9,28.4,27.3
Iran,IR,2011,"75,847,197",0.94,49.5,1.75,73.1,21.1,1.03,40.3,33.3,7,27.3,27.5,27.1
Iraq,IQ,2011,"30,094,641",3.68,68.8,4.36,69.5,34.7,1.01,77.2,72.5,4.7,19.5,19.8,19.2
Ireland,IE,2011,"4,630,972",0.43,67.2,2,80.7,4,0.99,49,31.6,17.5,34.8,35.1,34.6
Isle of Man,IM,2011,"84,597",0.89,147.9,1.96,80.3,5.8,0.99,53.1,25.4,27.7,42.5,43.3,41.8
Israel,IL,2011,"7,520,566",1.84,349.8,3.07,81.7,4.4,1.01,62,45.7,16.3,29.1,29.9,28.4
Italy,IT,2011,"61,092,001",0.42,207.7,1.35,81.9,3.9,0.93,51.6,20.9,30.7,43.5,44.7,42.3
Jamaica,JM,2011,"2,832,881",-0.22,261.6,2.2,72.8,17.7,0.98,58.9,46.8,12,25.9,26.5,25.3
Japan,JP,2011,"127,491,357",-0.19,349.8,1.39,82.6,3.4,0.95,58.1,21.6,36.5,45,46.5,43.7
Jersey,JE,2011,"94,074",0.8,811,1.64,80.8,5.3,0.97,45.4,24.1,21.3,40.1,41.4,38.6
Jordan,JO,2011,"6,962,850",2.35,78.4,3.51,73.4,20.6,1.07,67.2,61.3,5.9,21.4,21.3,21.6
Kazakhstan,KZ,2011,"17,329,165",1.38,6.4,2.57,69.4,26.7,0.93,44.9,35.1,9.8,29,30.7,27.5
Kenya,KE,2011,"40,688,367",3.02,71.5,4.33,65.8,50.1,0.99,85.8,79.5,6.3,18.3,18.7,17.9
Kiribati,KI,2011,"100,912",1.23,124.4,2.78,64.3,54.9,0.97,60.1,54.1,6,22.5,23.4,21.7
"Korea, North",KP,2011,"24,515,604",0.57,203.6,2.01,69.6,30.2,0.94,46,32.6,13.4,32.7,34.5,31.1
"Korea, South",KR,2011,"50,052,970",0.61,516.4,1.27,81.3,3.9,1,36.8,21.2,15.6,38.6,39.8,37.5
Kuwait,KW,2011,"2,595,865",1.99,145.7,2.65,77.1,11,1.43,38.5,35.8,2.7,28.5,26.2,29.8
Kyrgyzstan,KG,2011,"5,450,689",0.79,28.4,2.76,69.1,37.2,0.96,52.5,45,7.6,24.9,25.9,24.1
Laos,LA,2011,"6,509,965",1.76,28.2,3.1,64.7,64.8,0.99,68.4,62.1,6.2,20.9,21.2,20.6
Latvia,LV,2011,"2,076,493",-1.44,33.4,1.31,73.3,7.7,0.85,47.5,20.9,26.6,41.5,44.9,38.1
Lebanon,LB,2011,"4,969,535",0.84,485.8,2.36,76.7,9.7,0.97,52.6,44.1,8.5,27.3,28.3,26.4
Lesotho,LS,2011,"2,011,400",0.87,66.3,3.37,50.8,101.8,0.97,68.2,59.6,8.6,22.4,22.7,21.9
Liberia,LR,2011,"3,926,131",5.4,40.8,5.12,58.8,97.1,1,88.1,82.9,5.1,17.8,17.9,17.7
Libya,LY,2011,"6,082,221",-12.05,3.5,3.36,67.2,23.6,1.08,55.1,49,6.1,25.1,24.9,25.2
Liechtenstein,LI,2011,"36,422",0.79,227.6,1.69,81.4,5.4,0.98,43.8,23.2,20.6,41.3,42.2,40.5
Lithuania,LT,2011,"3,015,010",-1.72,48.1,1.53,73.7,5.9,0.85,49.9,22.7,27.2,41.5,44.6,38.3
Luxembourg,LU,2011,"520,556",2.46,201.3,1.58,81.6,3.5,0.99,47.7,26,21.7,39.4,40.1,38.6
Macau,MO,2011,"574,719",0.98,"20,525.7",1,84.5,5.6,0.92,30.4,19.8,10.6,36.2,35.6,36.9
Madagascar,MG,2011,"21,383,273",2.71,36.8,4.53,64.6,70.7,1,81.1,75.5,5.7,18.7,18.9,18.5
Malawi,MW,2011,"15,490,125",3.07,164.6,5.1,67.6,83.7,0.96,94.2,87.7,6.4,17.1,17.3,16.9
Malaysia,MY,2011,"29,558,924",1.44,89.9,2.15,75.3,8.1,1.06,47.7,39.9,7.8,26.6,26.7,26.5
Maldives,MV,2011,"394,953",-0.16,"1,325.3",1.81,74.5,43.1,1.37,34.3,28.7,5.6,26.2,25.3,26.7
Mali,ML,2011,"14,993,806",3.38,12.3,6.47,57.8,134,0.95,106.7,100.2,6.5,15.7,16.3,15.1
Malta,MT,2011,"418,933",0.61,"1,325.7",1.45,80.9,7.4,0.99,45.6,21.8,23.7,40.4,41.8,39
Marshall Islands,MH,2011,"67,075",1.94,370.6,3.44,71.6,34.4,1.04,69.7,64.5,5.2,22,21.9,22
Mauritania,MR,2011,"3,358,103",2.6,3.3,5.45,66.7,58.9,0.96,93.6,86.5,7.1,17.6,18.1,17
Mauritius,MU,2011,"1,285,619",0.19,633.3,1.44,73.6,15.7,0.97,39.7,29.1,10.6,33,33.8,32.2
Mexico,MX,2011,"115,945,440",1.48,59.6,2.31,74.8,16.1,0.96,54,44.9,9.1,26.1,26.9,25.3
"Micronesia, Federated States of",FM,2011,"106,741",-0.32,152.1,2.74,71.4,34.9,0.99,57.4,52.7,4.7,22.7,23.3,22.2
Moldova,MD,2011,"3,914,098",-0.17,119,1.27,69.1,17,0.93,36.5,22.8,13.8,34.5,36.5,32.5
Monaco,MC,2011,"30,547",-0.11,"15,273.5",1.46,89.7,2,0.95,64,20.5,43.5,49.2,50.2,48.3
Mongolia,MN,2011,"2,829,989",1.75,1.8,2.61,68,30.6,0.97,44.9,39,5.8,25.9,26.6,25.2
Montenegro,ME,2011,"622,433",-0.05,46.3,1.65,76.3,5.5,0.98,47.7,28.8,18.9,36.6,38,35.1
Montserrat,MS,2011,"5,140",0.45,50.4,1.24,73.2,17.3,1,50,40.3,9.7,29.7,30.1,29.2
Morocco,MA,2011,"32,661,194",1.2,45.6,2.55,70.5,32.6,0.99,53.8,45,8.8,26.1,26.5,25.6
Mozambique,MZ,2011,"23,654,009",2.86,30.1,5.9,50.7,138.5,0.96,95.5,89.5,6,16.9,17.7,16.1
Namibia,NA,2011,"2,213,938",1.42,2.7,3.69,61.2,68.3,0.95,75.7,68.3,7.4,20.1,20.8,19.4
Nauru,NR,2011,"9,290",0.57,442.4,3.08,64.3,12.6,0.97,53,50.6,2.4,24.2,24.5,23.8
Nepal,NP,2011,"27,079,235",1.59,188.9,2.57,69.2,43.1,0.92,66.5,59.1,7.5,21.4,22.5,20.1
Netherlands,NL,2011,"16,651,538",0.45,491.3,1.76,81.1,4.3,0.98,50,26,24,41.2,42,40.4
New Caledonia,NC,2011,"256,293",1.53,14,2.07,76.8,10.8,1.01,48.7,37,11.7,30.1,30.7,29.6
New Zealand,NZ,2011,"4,306,933",0.68,16.3,2.18,80.9,5.2,0.99,51.4,31.4,20,36.9,37.8,36.1
Nicaragua,NI,2011,"5,736,404",1.44,47.8,2.26,72.8,23.5,0.97,57.4,50.5,6.8,22.7,23.5,21.9
Niger,NE,2011,"16,204,920",3.71,12.8,7.9,55.2,135.7,0.98,121.1,115,6.1,14.1,14.5,13.8
Nigeria,NG,2011,"170,376,418",2.66,187.1,5.38,55.1,125.2,1.02,89.3,83.4,5.8,17.8,18,17.6
North Macedonia,MK,2011,"2,084,928",0.2,82,1.44,74.9,8.3,0.99,41.5,25.4,16.2,35.9,36.9,34.9
Northern Mariana Islands,MP,2011,"53,535",-0.28,113.4,2.96,74,18.1,1.14,47.9,43.2,4.7,33.3,33.3,33.4
Norway,NO,2011,"4,955,374",1.33,16.3,1.9,81.2,2.9,1,51.5,28.2,23.3,38.9,39.7,38
Oman,OM,2011,"3,022,429",2.01,9.8,2.87,74.3,24.7,1.22,51.7,47,4.7,24.2,22.5,25.7
Pakistan,PK,2011,"192,744,405",2.19,250,4.33,66.1,90.5,1.05,74.7,67.4,7.3,20.5,20.6,20.5
Palau,PW,2011,"20,904",0.3,45.5,1.73,71.6,17.3,1.13,38.4,29.5,8.9,32.8,33.3,32.5
Panama,PA,2011,"3,535,640",1.64,47.6,2.61,77.2,18.9,1.02,55.9,44,11.9,27.8,28.2,27.5
Papua New Guinea,PG,2011,"7,252,293",2.63,16,4.38,66.3,54.7,1.04,72.6,67.3,5.3,20.2,20.3,20.2
Paraguay,PY,2011,"6,455,204",1.28,16.2,2.11,76.1,37.9,1.01,52.8,43.3,9.5,25.5,25.7,25.3
Peru,PE,2011,"29,512,778",0.55,23.1,2.59,75.3,19,0.99,56.1,46.1,10,26,26.6,25.5
Philippines,PH,2011,"95,333,272",1.61,319.7,3.14,70.4,31.6,1.01,64.2,57.3,7,22.7,23.2,22.3
Poland,PL,2011,"38,631,804",0.01,127,1.29,76.6,5.5,0.94,40,20.7,19.3,38.4,40.3,36.7
Portugal,PT,2011,"10,634,486",-0.29,116.3,1.36,80,3.7,0.92,50,23.1,26.9,40.5,42.6,38.5
Puerto Rico,PR,2011,"3,679,461",-1.17,414.9,1.61,79.1,9.1,0.92,52.4,29.1,23.3,37.5,39.3,35.7
Qatar,QA,2011,"1,849,788",5.87,159.7,1.96,77.7,11.5,3.22,15.5,14.6,0.9,32,27.9,33.1
Romania,RO,2011,"20,389,656",-0.72,88.7,1.41,74.7,11,0.95,47.4,22.7,24.7,40,41.5,38.4
Russia,RU,2011,"143,533,961",0.06,8.8,1.58,69.7,9.3,0.86,39.4,21.3,18.2,38.6,41.7,35.6
Rwanda,RW,2011,"10,200,568",2.84,413.5,4.56,62.2,58.7,0.94,83.1,78.8,4.3,18.5,19.3,17.6
Saint Barthelemy,BL,2011,"7,366",-0.49,294.6,1.63,78.7,9.8,1.14,43.9,27,16.9,40.5,40.3,40.6
"Saint Helena, Ascension, and Tristan da Cunha",SH,2011,"7,715",0.4,19.6,1.57,78.6,28.2,1.03,42.9,25.2,17.7,39,38.8,39.1
Saint Kitts and Nevis,KN,2011,"50,300",0.82,192.7,1.79,74.4,19.3,1,43.8,32.7,11.1,32.1,32,32.1
Saint Lucia,LC,2011,"161,219",0.37,266,1.81,76.2,16.7,0.96,48,33.8,14.2,30.9,32,29.8
Saint Martin,MF,2011,"30,599",1.18,566.6,1.82,78.7,9.8,0.93,49,39.9,9,31,31.9,30
Saint Pierre and Miquelon,PM,2011,"5,921",-0.93,24.5,1.54,80.3,10.5,0.98,49.3,25.3,23.9,42.8,43.1,42.4
Saint Vincent and the Grenadines,VC,2011,"103,747",-0.33,266.7,1.92,73.8,23.9,1.03,48.2,36.3,11.9,30.1,30,30.2
Samoa,WS,2011,"193,161",0.6,68.5,3.22,72.4,28.6,1.05,68.3,59.5,8.8,22,22.1,21.8
San Marino,SM,2011,"31,804",1.04,521.4,1.46,82.6,8.2,0.94,52.7,25.4,27.3,42.6,43.3,41.7
Sao Tome and Principe,ST,2011,"179,397",2.04,186.1,5.08,63.2,85.2,0.99,91.4,85.3,6.2,17.4,17.9,17
Saudi Arabia,SA,2011,"28,789,008",2.51,13.4,2.52,74.1,17.8,1.28,44.9,41.3,3.7,26.4,24.5,28
Senegal,SN,2011,"13,063,965",3.1,67.9,5.3,66,63.4,0.96,89.2,83.7,5.5,17.6,18.5,16.7
Serbia,RS,2011,"7,195,769",-0.53,92.9,1.38,74.2,7,0.95,45.8,21.9,23.9,41.5,43.1,39.9
Seychelles,SC,2011,"88,879",0.93,195.3,1.91,72.7,20.7,1.04,40.6,30.7,9.9,32.4,32.9,31.9
Sierra Leone,SL,2011,"6,318,517",3.16,88.2,5,51.3,153.9,0.96,86.6,80.9,5.7,17.8,18.3,17.4
Singapore,SG,2011,"5,252,194",1.22,"7,407.9",1.2,83.5,2.3,0.98,34.6,24.7,10,33.5,34,33
Sint Maarten,SX,2011,"38,520",1.62,"1,132.9",2.11,78.8,9.4,0.97,34.3,27.2,7.1,38.8,39.4,38.2
Slovakia,SK,2011,"5,433,273",0.16,112.9,1.48,76,6.2,0.94,39.2,21.3,17.9,37.9,39.8,36.2
Slovenia,SI,2011,"2,088,442",0.25,103.6,1.55,79.8,4.4,0.99,44.3,20.1,24.2,42,43.9,40.2
Solomon Islands,SB,2011,"567,889",2.19,20.3,3.59,74.2,32.5,1.04,70.9,63.9,7,21.1,21.2,20.9
Somalia,SO,2011,"12,531,295",-0.75,20,7.13,31.4,341.2,1.01,101.6,97,4.6,15.8,16.2,15.5
South Africa,ZA,2011,"52,373,434",1.18,43.1,2.44,64.7,45.8,0.98,48.3,39.9,8.4,26.2,26.7,25.8
South Sudan,SS,2011,"10,308,739",4.82,16,6.14,54.2,126.8,1.05,98.9,94.2,4.7,16.2,16.3,16.2
Spain,ES,2011,"46,466,588",0.1,93.1,1.38,81.9,3.8,0.97,47.7,22.2,25.5,40.7,41.9,39.4
Sri Lanka,LK,2011,"20,724,619",0.18,320.7,2.26,73.8,11.1,0.96,50.6,38.8,11.7,30.3,31.2,29.4
Sudan,SD,2011,"35,683,115",1.94,19.2,5.4,63.5,78.6,1.02,96.2,90,6.2,17,17.2,16.8
Suriname,SR,2011,"545,352",1.65,3.5,2.12,70.9,43.9,0.98,51.2,42.5,8.7,27.2,27.9,26.5
Sweden,SE,2011,"9,503,419",0.71,23.2,1.89,81.7,2.6,0.99,55.1,25.6,29.5,40.9,42,39.9
Switzerland,CH,2011,"8,027,848",0.58,200.7,1.45,82.5,4.3,0.98,46.7,22.2,24.6,41.4,42.3,40.5
Syria,SY,2011,"22,633,830",1.33,121.8,3.6,73.4,16.1,1.05,69.1,63.5,5.6,21,21.1,20.9
Tajikistan,TJ,2011,"7,667,389",2.59,54.2,3.69,67.9,45.3,1,62.2,56.6,5.6,22.4,22.7,22.1
Tanzania,TZ,2011,"45,431,991",2.7,51.3,5.07,61,71.5,1,89.1,83.5,5.6,17.6,17.9,17.4
Thailand,TH,2011,"66,668,257",0.59,130.5,1.57,73.9,12.7,0.96,39.2,26.8,12.5,35.3,36.2,34.4
Timor-Leste,TL,2011,"1,102,641",2.16,74.1,5.05,62.9,76.8,1.01,83.6,76.6,7,18.7,19.4,18.2
Togo,TG,2011,"6,351,967",2.78,116.8,4.77,66,86.7,0.96,78.9,72.5,6.4,19.6,20.2,19
Tonga,TO,2011,"105,907",0.24,147.7,3.65,75.5,17.7,1.01,76.2,65.4,10.8,21.4,21.9,21
Trinidad and Tobago,TT,2011,"1,327,925",0.47,259,1.7,73.3,23.9,1.01,41.7,29.2,12.5,32.4,32.7,32.2
Tunisia,TN,2011,"10,647,377",1.15,68.5,2.3,74.3,17.2,1,44.9,34.7,10.2,29.4,29.9,28.9
Turkey,TR,2011,"75,438,570",1.04,98,2.15,73.3,29.5,1.02,49.6,40,9.6,28.6,29,28.2
Turkmenistan,TM,2011,"4,996,408",1.13,10.6,2.16,68.5,59.9,0.98,46,39.9,6.1,25.4,25.8,25
Turks and Caicos Islands,TC,2011,"44,842",3.53,47.3,1.7,81.5,12.9,1.02,36.6,30.9,5.7,30.5,30.1,30.9
Tuvalu,TV,2011,"10,552",0.7,405.8,3.11,64.8,61.6,0.97,56.1,47.7,8.4,24.1,26.1,22.7
Uganda,UG,2011,"31,878,849",2.78,161.7,6.1,61.6,72.6,0.95,113.2,107.6,5.6,14.8,15.5,14.1
Ukraine,UA,2011,"45,603,516",-0.32,78.7,1.47,70.7,10.8,0.86,42,20.3,21.7,39.5,42.8,36.3
United Arab Emirates,AE,2011,"8,302,211",3.53,99.3,1.59,77.6,7.5,2.82,17.9,17.1,0.8,31.8,27.6,33.1
United Kingdom,GB,2011,"62,994,194",0.76,260.4,2,80.9,5.1,0.99,51.4,26.4,25,39.9,41.1,38.8
United States,US,2011,"311,583,481",0.73,34,--,--,--,0.97,49,29.3,19.8,37.3,38.6,36
Uruguay,UY,2011,"3,357,303",0.44,19.2,1.94,76,12.5,0.94,55.6,34.3,21.3,34.2,35.8,32.7
Uzbekistan,UZ,2011,"29,122,051",1.48,68.5,2.3,73.7,27.2,1,49.2,42.2,7,25.1,25.7,24.6
Vanuatu,VU,2011,"250,504",2.17,20.6,3.68,71.6,22.7,1.01,73.3,67.4,5.9,20.3,20.6,19.9
Venezuela,VE,2011,"29,080,672",1.43,33,2.47,74.3,16.7,0.99,53.8,45.1,8.7,26.2,26.9,25.6
Vietnam,VN,2011,"91,568,196",1.21,295.3,1.99,73.9,23.4,0.99,45.1,36.8,8.2,27.7,28.7,26.8
"Virgin Islands, British",VG,2011,"30,376",2.47,201.2,1.21,77.8,18.9,0.93,33.4,24.1,9.3,34.8,34.8,34.7
"Virgin Islands, U.S.",VI,2011,"108,290",-0.06,311.2,2.16,78.3,9.5,0.92,53.8,33,20.8,38.7,39.3,37.9
Wallis and Futuna,WF,2011,"15,380",0.32,108.3,1.81,78.1,5.6,1.04,49,37.4,11.6,28.3,29.3,27.5
Yemen,YE,2011,"24,683,183",2.8,46.8,4.8,65.7,58.7,1.01,85.7,79.9,5.8,18,18.3,17.7
Zambia,ZM,2011,"14,082,110",3.14,18.9,5.39,61,76.6,1,95.1,90,5,16.7,16.8,16.6
Zimbabwe,ZW,2011,"13,268,320",0.25,34.3,4.08,57,75.5,0.94,77.2,70.4,6.8,19.7,20.3,19.1
Gaza Strip,XG,2011,"1,560,230",3.22,"4,334.0",5.2,72.8,23.8,1.03,99.5,94.7,4.8,16,16.3,15.8
Kosovo,XK,2011,"1,825,340",0.59,167.7,2.24,70.2,48,1.06,51.2,41.1,10.1,26.6,27,26.2
Taiwan,TW,2011,"23,161,597",0.27,718,1.07,79.2,5.8,1.01,35.9,20.8,15.1,37.7,38.3,37
West Bank,XW,2011,"2,458,151",2.02,435.8,3.77,74.2,22.4,1.04,75.1,69.1,6,19.5,19.7,19.3
 -> 2012,,,--,--,--,--,--,--,--,--,--,--,--,--,--
 -> 2012 -> World,,,"7,115,478,142",--,54,--,--,--,1.01,52.9,40.7,12.2,--,--,--
Afghanistan,AF,2012,"35,435,822",3.05,54.3,5.97,62.6,78.6,1.04,96.5,91.5,5.1,16.4,16.5,16.3
Albania,AL,2012,"2,803,284",-0.68,102.3,1.5,75.8,18,0.96,47.1,31.1,16,30.9,32.1,29.7
Algeria,DZ,2012,"37,412,252",2.1,15.7,3,76.2,27.7,1.03,49,41.5,7.5,26.6,26.9,26.4
American Samoa,AS,2012,"54,476",-1.2,275.1,3.13,73,15,1.01,61.4,53.9,7.6,23.1,23.6,22.7
Andorra,AD,2012,"85,164",0.29,182,1.36,82.9,4.3,1.07,40.9,22,18.9,41.2,40.9,41.4
Angola,AO,2012,"24,343,260",4.46,19.5,6.26,58.8,108.7,0.95,102.7,97.9,4.8,15.8,16.2,15.3
Anguilla,AI,2012,"15,400",2.13,169.2,1.73,80.6,5.1,0.93,46.2,34.7,11.5,33.6,35.1,32.1
Antigua and Barbuda,AG,2012,"88,872",1.25,200.6,2.04,74.9,22.7,0.9,47.4,37.1,10.2,30.6,32,29
Argentina,AR,2012,"42,232,039",1,15.4,2.3,76.6,12.9,0.98,56.8,39.6,17.3,30.8,31.8,29.7
Armenia,AM,2012,"3,067,011",-0.09,108.7,1.63,73.6,17.1,0.93,42.3,27.5,14.8,32.9,35.1,30.9
Aruba,AW,2012,"107,587",1.42,597.7,1.84,75.7,17.5,0.9,42.1,25.7,16.3,38.5,40.2,36.6
Australia,AU,2012,"22,563,165",1.77,2.9,1.94,82,4.1,0.99,48.6,28.1,20.5,37.1,38,36.2
Austria,AT,2012,"8,512,510",0.51,103.3,1.44,81,4.2,0.95,48.2,21.2,27,42.9,43.8,41.9
Azerbaijan,AZ,2012,"9,614,435",1.49,116.4,2.34,73.8,13.8,0.98,42.1,33.3,8.8,29.1,30.9,27.6
"Bahamas, The",BS,2012,"360,865",1.46,36.1,1.74,74.3,14.8,0.88,52.3,43.8,8.5,26.7,26.6,26.7
Bahrain,BH,2012,"1,248,334",2.65,"1,642.5",1.86,78.3,14.4,1.54,29.6,26.2,3.4,31.1,28.4,32.5
Bangladesh,BD,2012,"149,790,601",1.07,"1,150.7",2.32,72.1,47.8,0.98,56.7,48.3,8.4,24.7,25.2,24.1
Barbados,BB,2012,"292,221",0.44,679.6,1.71,76.6,14.5,0.94,40.2,26.2,14,37.2,38.2,36.1
Belarus,BY,2012,"9,653,837",-0.01,47.6,1.58,72.3,4.6,0.87,40.7,21.2,19.6,39,42,35.9
Belgium,BE,2012,"11,058,153",0.82,365.2,1.79,80.3,4.6,0.97,52.9,25.9,27,41.2,42.4,40.1
Belize,BZ,2012,"337,544",2.06,14.8,2.59,73.4,17.4,1,62.5,55.8,6.7,22.5,22.7,22.4
Benin,BJ,2012,"9,804,697",3.31,88.6,5.63,58.4,109.8,0.95,96.5,91.9,4.6,16.4,16.9,15.8
Bermuda,BM,2012,"69,154",0.56,"1,280.6",1.97,80.6,3.2,0.94,50,26.7,23.3,42.4,44.2,40.4
Bhutan,BT,2012,"778,358",1.2,20.3,2.13,68,55.4,1.09,52.3,43.8,8.5,25,24.4,25.5
Bolivia,BO,2012,"10,397,215",1.78,9.6,3.1,71.2,37.2,1,66.5,57.8,8.8,22.7,23.2,22.2
Bosnia and Herzegovina,BA,2012,"3,870,640",-0.21,75.6,1.16,76.1,6.2,0.95,37,19.5,17.5,40,41.3,38.7
Botswana,BW,2012,"2,044,538",1.64,3.6,2.84,60,48.2,0.94,64.7,56.7,8.1,22.7,23.7,21.7
Brazil,BR,2012,"201,350,896",0.86,24.1,1.75,74.2,20.3,0.97,46.2,35.6,10.6,30,30.8,29.2
Brunei,BN,2012,"408,471",1.69,77.6,1.85,76.2,14.8,1,40.1,35,5.1,28.7,28.9,28.5
Bulgaria,BG,2012,"7,308,614",-0.58,67.4,1.45,73.7,11,0.96,47.1,21,26.1,41.4,43.5,39.4
Burkina Faso,BF,2012,"16,599,642",3.18,60.6,5.58,59.3,109.3,0.94,98.4,91.9,6.5,16.7,17.7,15.7
Burma,MM,2012,"52,509,160",1.07,80.3,2.4,66.1,56,0.97,50.5,42.7,7.8,26.8,27.5,26.1
Burundi,BI,2012,"9,748,109",3.4,379.6,5.95,62.7,77.9,0.98,93.8,88.8,5,16.9,17.3,16.6
Cabo Verde,CV,2012,"523,159",1.41,129.7,2.44,70.9,36.6,0.94,59.1,50.6,8.6,23.1,23.9,22.3
Cambodia,KH,2012,"14,648,510",1.08,83,2.71,67.7,53,0.93,56.1,50,6.1,23.3,24.1,22.6
Cameroon,CM,2012,"22,073,688",2.72,46.7,4.96,57.4,101.5,0.99,87.5,82,5.5,17.8,18,17.6
Canada,CA,2012,"34,985,093",1.18,3.8,1.63,82.6,5.5,0.98,46.5,23.9,22.6,40.4,41.4,39.5
Cayman Islands,KY,2012,"52,475",2.25,198.8,1.87,80.3,10.8,0.95,40.7,26.4,14.3,39,39.6,38.5
Central African Republic,CF,2012,"4,881,023",2.08,7.8,4.57,50.6,147.9,0.98,81.5,74.8,6.7,19,19.6,18.5
Chad,TD,2012,"12,899,944",3.55,10.2,6.52,54.9,140.2,0.97,105.9,101.1,4.8,15.4,16,14.8
Chile,CL,2012,"17,006,786",0.87,22.9,1.88,78.5,8.5,0.97,44.7,30.9,13.7,32.7,34,31.5
China,CN,2012,"1,356,727,626",0.69,145.5,1.81,75.8,13.4,1.05,37,24.6,12.4,35.7,36.5,34.8
Colombia,CO,2012,"44,381,863",0.63,42.7,2.01,76.2,17.1,0.96,50.8,39.5,11.3,28.3,29.4,27.2
Comoros,KM,2012,"741,756",2.08,331.9,4.09,64,96.3,0.95,84.9,77.8,7.1,18.9,19.5,18.3
Congo (Brazzaville),CG,2012,"4,548,126",1.97,13.3,4.56,70.4,58.7,1,81.4,74.5,6.9,19.4,19.6,19.2
Congo (Kinshasa),CD,2012,"77,998,458",3.39,34.4,6.53,57.1,110.4,1,96.1,91.2,4.9,16.5,16.6,16.3
Cook Islands,CK,2012,"10,746",-3.16,45.5,2.35,74.9,23.7,1.07,52.4,36.5,15.9,33.4,33.9,32.8
Costa Rica,CR,2012,"4,651,136",1.4,91.1,1.88,78.4,10,1.01,44,34.2,9.7,29.7,30.2,29.2
C“te d'Ivoire,CI,2012,"22,560,147",3,70.9,4.94,57.5,99.4,1.02,83.6,79.1,4.5,18.3,18.1,18.4
Croatia,HR,2012,"4,389,754",-0.32,78.4,1.41,77.1,4.4,0.93,45.7,21.6,24.1,41.5,43.7,39.5
Cuba,CU,2012,"11,253,978",-0.09,102.5,1.69,78.3,5.8,1,44.4,25.2,19.2,39.5,40.3,38.6
Cura‡ao,CW,2012,"145,841",0.74,328.5,2.09,77.6,10.5,0.92,50.4,30.9,19.5,36.4,39.8,32.7
Cyprus,CY,2012,"1,138,183",1.57,123.2,1.45,78,11.4,1.05,36.2,21.7,14.5,35.1,36.8,33.7
Czechia,CZ,2012,"10,587,913",0.1,137.1,1.44,78,3.2,0.96,45.2,21.3,23.9,40.1,41.7,38.8
Denmark,DK,2012,"5,592,472",0.42,131.8,1.73,80,3.9,0.98,54.2,27.1,27.1,41,41.9,40.1
Djibouti,DJ,2012,"773,220",2.28,33.4,2.63,61.6,79.2,0.86,60.2,54.9,5.3,22,23.4,20.4
Dominica,DM,2012,"73,523",0.2,97.9,2.06,76.9,14.8,1.02,49.6,33.6,15.9,31.4,31.7,31
Dominican Republic,DO,2012,"9,691,122",1.17,200.6,2.44,69.6,32,1.03,55.1,47.1,8,25.3,25.4,25.2
Ecuador,EC,2012,"15,431,709",1.5,62.1,2.68,78.6,16.7,0.98,64.9,53.2,11.7,24.8,25.5,24.1
Egypt,EG,2012,"85,806,339",2.58,86.2,3.65,71.7,26.6,1.05,61.4,55.5,5.9,23.3,23.4,23.2
El Salvador,SV,2012,"6,095,746",1.29,294.2,2.29,72.9,17.4,0.93,59.1,49,10.2,24.2,25.7,22.7
Equatorial Guinea,GQ,2012,"1,091,653",4.99,38.9,4.96,62.7,113.4,1.04,79.3,70.8,8.5,20.6,20.8,20.3
Eritrea,ER,2012,"5,587,486",1.71,55.3,4.48,63.8,74.4,0.97,83.3,76.4,6.9,18.8,19.3,18.3
Estonia,EE,2012,"1,291,752",-0.39,30.5,1.59,75.8,4.6,0.87,50.2,23.3,26.9,40.9,44.3,37.5
Eswatini,SZ,2012,"1,031,550",0.89,60,3.03,51.7,85.8,0.9,64.3,58.4,6,21.4,22,20.7
Ethiopia,ET,2012,"86,859,533",2.83,79.2,4.66,63.3,75.2,1,80.1,74.6,5.6,19.1,19.2,18.9
Faroe Islands,FO,2012,"49,476",0.44,35.5,2.4,79.8,8.7,1.09,55.5,32.1,23.4,37.4,38.1,36.9
Fiji,FJ,2012,"889,592",0.76,48.7,2.58,71.5,21.7,1.03,51.4,43.1,8.4,27.4,27.6,27.2
Finland,FI,2012,"5,405,387",0.47,17.8,1.81,80.4,2.8,0.97,53.7,25.3,28.4,42.3,44,40.6
France,FR,2012,"65,634,194",0.5,102.5,2.07,81.7,4.6,0.96,56.7,29.3,27.4,40.4,41.9,38.9
French Polynesia,PF,2012,"274,454",1.01,71.7,2,76.4,15.1,1.05,45.4,35.5,9.9,29.9,29.9,29.9
Gabon,GA,2012,"1,743,383",3.68,6.8,3.86,64.1,65,1.06,76.7,69.6,7.2,19.5,19.4,19.5
"Gambia, The",GM,2012,"1,858,289",2.94,183.6,5.19,63.9,73.7,0.98,88.5,83.9,4.7,17.4,17.9,17
Georgia,GE,2012,"4,950,269",-0.18,71,1.77,75.3,19.5,0.91,48.4,26,22.5,37.4,40,34.7
Germany,DE,2012,"81,862,920",0.2,234.8,1.4,80.8,4.1,0.97,51.3,20,31.3,45.3,46.3,44.2
Ghana,GH,2012,"25,944,002",2.6,114,4.22,65,63.4,0.95,76.6,68.9,7.6,20.4,21.2,19.6
Gibraltar,GI,2012,"28,916",0.26,"4,130.9",1.98,79.6,7.9,1.04,51.8,29.9,21.9,33.8,34.2,33.5
Greece,GR,2012,"10,948,200",-0.82,83.8,1.37,80.2,3.5,0.96,53.4,22.6,30.7,42.3,43.6,41
Greenland,GL,2012,"57,648",0.04,0,2.11,70.5,13.7,1.11,42.3,31.2,11.1,33.5,32,35
Grenada,GD,2012,"109,088",0.55,317.1,2.15,73.6,15.7,1.02,51.7,37.9,13.8,28.9,28.8,28.9
Guam,GU,2012,"164,643",0.49,302.7,3.19,75.6,14.1,1.06,55.4,44.3,11.1,28.6,29.3,27.9
Guatemala,GT,2012,"14,823,189",2.06,138.3,3.34,70.2,42.5,0.99,69.6,62.8,6.8,20.8,21.4,20.3
Guernsey,GG,2012,"65,413",0.44,838.6,1.54,82.7,4.1,0.99,47.6,21.8,25.7,42.6,43.5,41.6
Guinea,GN,2012,"10,083,975",2.58,41,5.09,58.7,103.9,1,84.3,77.5,6.8,18.9,19.1,18.6
Guinea-Bissau,GW,2012,"1,587,214",2.26,56.4,4.92,57.3,104.5,0.94,89.5,83.9,5.6,17.6,18.2,16.9
Guyana,GY,2012,"786,193",0.04,4,2.31,69.6,35.6,1.04,60.2,52.4,7.9,24.6,24.7,24.5
Haiti,HT,2012,"9,831,579",1.51,356.7,3.31,61.9,76.7,0.97,66.9,60.5,6.4,21.2,21.4,20.9
Honduras,HN,2012,"8,291,180",1.8,74.1,2.85,72.6,21,0.96,69.8,62.4,7.4,21.2,21.9,20.4
Hong Kong,HK,2012,"7,050,104",0.47,"6,570.5",1.16,82.6,3.7,0.87,34.8,16.3,18.5,42.4,42.4,42.3
Hungary,HU,2012,"9,944,323",-0.28,111,1.34,74.8,5.9,0.91,46.6,21.6,25.1,40.6,43,38.3
Iceland,IS,2012,"320,531",0.71,3.2,2.04,82.8,2.7,1.01,50.3,31,19.3,35.5,36.1,34.8
India,IN,2012,"1,251,839,015",1.23,421,2.41,68.1,52,1.07,54,45.1,8.9,25.9,26.6,25.3
Indonesia,ID,2012,"252,247,464",1.17,139.2,2.43,70.5,31.5,1,52.4,43.2,9.2,28.1,28.7,27.6
Iran,IR,2012,"76,681,210",1.25,50.1,1.83,73.3,20.7,1.03,40.2,33.2,7,27.8,28.1,27.6
Iraq,IQ,2012,"31,447,457",5.08,71.9,4.22,69.7,33.4,1.02,76.2,71.5,4.7,19.6,19.9,19.3
Ireland,IE,2012,"4,651,890",0.47,67.5,1.96,80.8,3.9,0.99,50.2,32.1,18.2,35.2,35.5,35
Isle of Man,IM,2012,"85,339",0.86,149.2,1.96,80.5,5.7,0.99,54,25.4,28.6,42.8,43.5,42.1
Israel,IL,2012,"7,660,949",1.86,356.4,3.13,81.7,4.3,1.01,62.5,45.9,16.6,29.2,29.9,28.6
Italy,IT,2012,"61,303,175",0.27,208.4,1.34,81.8,4,0.93,52.1,21,31.2,43.8,45,42.7
Jamaica,JM,2012,"2,827,200",-0.19,261,2.18,73,17.2,0.98,57.9,45.7,12.2,26.3,26.9,25.7
Japan,JP,2012,"127,250,763",-0.19,349.1,1.41,83.1,3.1,0.95,59.6,21.6,38,45.3,46.8,44
Jersey,JE,2012,"94,826",0.79,817.5,1.64,81,5.2,0.97,45.5,23.8,21.8,40,41.5,38.2
Jordan,JO,2012,"7,077,343",0.93,79.7,3.46,73.6,20.1,1.07,66.2,60.2,6,21.7,21.6,21.8
Kazakhstan,KZ,2012,"17,571,722",1.4,6.5,2.61,69.9,25.6,0.93,45.6,35.8,9.8,29.2,30.9,27.6
Kenya,KE,2012,"41,835,954",2.55,73.5,4.2,66.1,49,0.99,84.8,78.6,6.3,18.4,18.8,18
Kiribati,KI,2012,"102,153",1.21,126,2.71,64.6,53.6,0.96,58.2,52.2,6,22.9,23.8,22.1
"Korea, North",KP,2012,"24,655,256",0.57,204.8,1.99,70.1,28.2,0.94,45.8,32.1,13.7,33,34.7,31.4
"Korea, South",KR,2012,"50,317,324",0.45,519.2,1.31,81.5,3.8,1,36.8,20.5,16.3,39.2,40.4,38
Kuwait,KW,2012,"2,646,670",1.89,148.5,2.61,77.3,10.8,1.43,38.4,35.5,2.9,28.6,26.4,29.9
Kyrgyzstan,KG,2012,"5,496,560",0.89,28.7,2.73,69.4,36.4,0.96,52.6,45.1,7.5,25.2,26.1,24.3
Laos,LA,2012,"6,625,013",1.74,28.7,3.03,65.2,61.8,0.99,66.9,60.7,6.2,21.2,21.5,20.9
Latvia,LV,2012,"2,051,103",-1.02,32.9,1.41,73.4,7.1,0.85,48,21.1,26.9,41.9,45.3,38.4
Lebanon,LB,2012,"5,070,715",3.17,495.7,2.35,76.8,9.3,0.97,52,43.7,8.3,27.4,28.4,26.6
Lesotho,LS,2012,"2,028,871",0.86,66.8,3.33,51.6,99.2,0.97,68.5,59.9,8.6,22.4,22.9,22
Liberia,LR,2012,"4,075,598",2.14,42.3,5,59.2,94.7,1,86.4,81.2,5.2,17.8,17.9,17.7
Libya,LY,2012,"5,790,189",2.57,3.3,3.43,75,17.5,1.07,56.8,50.6,6.2,25.1,25,25.3
Liechtenstein,LI,2012,"36,713",0.8,229.5,1.69,81.5,5.3,0.98,44.7,23.2,21.5,41.7,42.7,40.8
Lithuania,LT,2012,"2,973,157",-1.07,47.4,1.58,74,4.7,0.85,50.3,22.7,27.7,42,45.2,38.7
Luxembourg,LU,2012,"533,061",2.29,206.1,1.63,81.8,4.1,1,47.3,25.6,21.7,39.4,40.1,38.6
Macau,MO,2012,"580,391",0.98,"20,728.2",1.03,84.5,5.6,0.91,30.5,19.4,11,36.7,36.1,37.4
Madagascar,MG,2012,"21,967,795",2.68,37.8,4.45,64.9,69.2,1,80.1,74.4,5.7,18.9,19,18.7
Malawi,MW,2012,"15,966,179",2.99,169.7,4.88,68.3,79.6,0.96,93.1,86.6,6.5,17.3,17.5,17.1
Malaysia,MY,2012,"29,982,958",1.41,91.2,2.09,75.7,7.7,1.06,46.7,38.7,7.9,27,27.1,26.9
Maldives,MV,2012,"394,347",-0.14,"1,323.3",1.79,74.7,42.1,1.34,33.9,28.2,5.6,26.5,25.8,26.9
Mali,ML,2012,"15,408,711",2.1,12.6,6.42,58.2,128.7,0.95,106.5,100.1,6.4,15.7,16.3,15.1
Malta,MT,2012,"422,121",0.9,"1,335.8",1.43,80.9,6,0.99,46.5,21.6,25,40.6,42,39.3
Marshall Islands,MH,2012,"68,358",1.85,377.7,3.37,71.9,33.6,1.04,68.8,63.5,5.3,22.3,22.3,22.3
Mauritania,MR,2012,"3,477,015",4.33,3.4,5.42,67,57.1,0.97,93.7,86.6,7.1,17.5,18.1,16.9
Mauritius,MU,2012,"1,288,493",0.26,634.7,1.44,73.7,15.6,0.97,39.3,28.4,10.9,33.5,34.4,32.7
Mexico,MX,2012,"117,627,103",1.4,60.5,2.25,74.9,15.8,0.96,53.4,44.1,9.2,26.5,27.2,25.6
"Micronesia, Federated States of",FM,2012,"106,384",-0.35,151.5,2.68,71.7,34,0.99,56.2,51.3,4.9,23.1,23.7,22.6
Moldova,MD,2012,"3,907,889",-0.15,118.8,1.28,69.2,16.9,0.93,36,22.5,13.6,34.8,36.8,32.8
Monaco,MC,2012,"30,523",-0.05,"15,261.5",1.47,89.7,2,0.95,65.9,20.4,45.4,49.6,50.7,48.7
Mongolia,MN,2012,"2,881,567",1.86,1.9,2.74,68.6,28,0.97,45.3,39.5,5.8,26.2,26.9,25.5
Montenegro,ME,2012,"622,079",-0.06,46.2,1.72,76.4,5.7,0.98,47.7,28.5,19.2,36.9,38.4,35.4
Montserrat,MS,2012,"5,163",0.47,50.6,1.25,73.4,16.7,1,48,38.9,9.1,30.2,30.7,29.7
Morocco,MA,2012,"33,052,739",1.18,46.1,2.52,70.8,31.1,0.99,53.3,44.4,8.9,26.4,26.9,25.9
Mozambique,MZ,2012,"24,329,701",2.77,30.9,5.74,51.2,133.1,0.96,96,90,6,16.8,17.6,16.1
Namibia,NA,2012,"2,249,415",1.76,2.7,3.65,61.7,64.4,0.95,75.1,67.7,7.4,20.2,21,19.5
Nauru,NR,2012,"9,343",0.56,444.9,3.03,64.7,12.4,0.97,52.3,49.8,2.5,24.6,25,24.1
Nepal,NP,2012,"27,501,219",1.5,191.8,2.48,69.5,41.6,0.93,63.9,56.4,7.5,21.8,23,20.7
Netherlands,NL,2012,"16,713,096",0.29,493.1,1.73,81,4.4,0.98,51.1,26,25.1,41.6,42.3,40.8
New Caledonia,NC,2012,"260,190",1.49,14.2,2.04,76.9,10.6,1,48.1,36.2,12,30.5,31,29.9
New Zealand,NZ,2012,"4,336,624",0.69,16.4,2.18,81.2,5,1,52.1,31.4,20.7,37.1,38,36.3
Nicaragua,NI,2012,"5,818,040",1.39,48.5,2.21,73,22.9,0.96,55.8,48.9,6.9,23.1,24,22.3
Niger,NE,2012,"16,842,453",4,13.3,7.8,55.9,130.8,0.98,121.1,115.1,6.1,14.1,14.5,13.8
Nigeria,NG,2012,"174,931,760",2.62,192.1,5.3,55.7,120.7,1.02,89,83.1,5.9,17.8,18,17.7
North Macedonia,MK,2012,"2,089,228",0.22,82.1,1.49,74.7,11.2,0.99,41.1,24.8,16.3,36.2,37.2,35.2
Northern Mariana Islands,MP,2012,"53,405",-0.21,113.1,3.15,74.3,17.7,1.14,48,42.8,5.2,33.6,33.7,33.4
Norway,NO,2012,"5,021,107",1.31,16.5,1.87,81.4,3.1,1.01,51.7,28,23.8,38.9,39.8,38.1
Oman,OM,2012,"3,084,018",2.03,10,2.86,74.5,24.1,1.22,51.1,46.3,4.8,24.5,22.8,25.9
Pakistan,PK,2012,"197,077,122",2.26,255.7,4.26,66.4,88.5,1.05,74,66.7,7.3,20.7,20.7,20.6
Palau,PW,2012,"20,966",0.3,45.7,1.72,71.9,16.9,1.12,37.5,28.5,9,33,33.6,32.6
Panama,PA,2012,"3,594,589",1.66,48.4,2.66,77,20.3,1.02,55.6,43.4,12.2,28.1,28.4,27.7
Papua New Guinea,PG,2012,"7,445,397",2.63,16.4,4.37,66.5,53.4,1.04,72.1,66.8,5.3,20.3,20.4,20.3
Paraguay,PY,2012,"6,537,669",1.26,16.5,2.06,76.3,37.1,1.01,51.1,41.4,9.6,25.9,26.2,25.7
Peru,PE,2012,"29,666,146",0.49,23.2,2.54,75.6,18.1,0.98,55.7,45.3,10.4,26.5,27,25.9
Philippines,PH,2012,"96,862,023",1.58,324.9,3.07,70.4,31.1,1.01,63.7,56.6,7.1,22.9,23.4,22.4
Poland,PL,2012,"38,632,423",-0.01,127,1.29,76.9,5.5,0.94,40.6,20.7,19.9,38.7,40.6,37
Portugal,PT,2012,"10,591,764",-0.52,115.8,1.29,79.9,3.9,0.92,50.3,23,27.3,40.9,43,39
Puerto Rico,PR,2012,"3,636,205",-1.19,410,1.55,79.1,9.9,0.92,52.8,28.4,24.3,38.1,39.8,36.2
Qatar,QA,2012,"1,952,262",4.94,168.5,1.94,77.9,11.2,3.29,15.4,14.5,0.9,32.2,27.9,33.2
Romania,RO,2012,"20,252,280",-0.63,88.1,1.48,74.8,10.7,0.95,47.9,22.7,25.2,40.4,42,38.8
Russia,RU,2012,"143,645,489",0.1,8.8,1.69,70.1,9.2,0.86,40.3,21.9,18.4,38.7,41.7,35.8
Rwanda,RW,2012,"10,505,340",3.04,425.9,4.45,62.6,53.8,0.95,82.3,78.1,4.2,18.5,19.4,17.5
Saint Barthelemy,BL,2012,"7,331",-0.45,293.2,1.63,78.9,9.6,1.14,44.9,26.8,18.1,41.1,41,41.3
"Saint Helena, Ascension, and Tristan da Cunha",SH,2012,"7,745",0.37,19.7,1.57,78.8,27.7,1.03,43.3,24.9,18.4,39.5,39.4,39.6
Saint Kitts and Nevis,KN,2012,"50,707",0.8,194.3,1.79,74.7,18.9,1,43,31.9,11.1,32.6,32.5,32.6
Saint Lucia,LC,2012,"161,811",0.36,267,1.8,76.5,16.3,0.95,47.1,32.6,14.5,31.6,32.7,30.4
Saint Martin,MF,2012,"30,943",1.05,573,1.82,78.9,9.7,0.93,49.4,40,9.5,31.3,32.2,30.2
Saint Pierre and Miquelon,PM,2012,"5,865",-0.97,24.2,1.55,80.4,10.5,0.97,50.2,25.1,25.1,43.4,43.7,43.1
Saint Vincent and the Grenadines,VC,2012,"103,410",-0.32,265.8,1.89,74.1,23.3,1.03,47.3,35.2,12.1,30.7,30.6,30.8
Samoa,WS,2012,"194,318",0.6,68.9,3.13,72.7,28,1.05,66.6,57.8,8.8,22.4,22.5,22.2
San Marino,SM,2012,"32,127",0.98,526.7,1.46,82.7,8.2,0.94,52.9,25.1,27.8,42.9,43.6,42
Sao Tome and Principe,ST,2012,"183,044",1.98,189.9,4.94,63.6,83.3,1,90,84,6,17.5,18,17.1
Saudi Arabia,SA,2012,"29,493,088",2.33,13.7,2.44,74.3,17.5,1.29,44.4,40.6,3.8,27,24.9,28.7
Senegal,SN,2012,"13,470,240",3.03,70,5.21,66.4,60.5,0.96,89,83.4,5.5,17.7,18.6,16.8
Serbia,RS,2012,"7,159,029",-0.49,92.4,1.43,74.4,6.9,0.95,45.9,21.8,24,41.6,43.3,40.1
Seychelles,SC,2012,"89,698",0.91,197.1,1.9,73,20.2,1.04,39.9,30,9.9,32.9,33.4,32.4
Sierra Leone,SL,2012,"6,519,000",3.09,91,4.91,52.3,145.4,0.97,86,80.4,5.6,17.9,18.3,17.4
Singapore,SG,2012,"5,318,078",1.28,"7,500.8",1.29,83.8,2.3,0.99,34.7,24.1,10.6,33.9,34.5,33.3
Sint Maarten,SX,2012,"39,143",1.59,"1,151.3",2.1,78.8,9.4,0.97,34.2,26.4,7.8,39.3,39.9,38.6
Slovakia,SK,2012,"5,440,777",0.12,113.1,1.37,76.2,6.6,0.94,39.6,21.4,18.3,38.3,40.2,36.6
Slovenia,SI,2012,"2,092,758",0.16,103.9,1.56,79.8,4.3,0.99,45.4,20.5,24.9,42.3,44.2,40.5
Solomon Islands,SB,2012,"580,328",2.14,20.7,3.51,74.4,31.8,1.04,69.6,62.5,7.1,21.3,21.5,21.2
Somalia,SO,2012,"12,682,838",3.13,20.2,7.09,48.8,183.4,1.01,100.1,95.9,4.2,15.9,16.2,15.5
South Africa,ZA,2012,"52,995,725",1.19,43.6,2.43,65.8,41.4,0.98,48.4,39.8,8.6,26.6,27.1,26.2
South Sudan,SS,2012,"10,776,233",4.06,16.7,6.07,54.5,124.7,1.04,98.1,93.4,4.7,16.3,16.3,16.3
Spain,ES,2012,"46,444,355",-0.2,93.1,1.36,81.9,3.7,0.97,48.5,22.4,26,41.2,42.4,40
Sri Lanka,LK,2012,"20,758,316",0.15,321.2,2.26,74.4,10.5,0.95,51.2,39,12.2,30.8,31.7,29.9
Sudan,SD,2012,"36,431,189",2.21,19.6,5.28,63.6,77.8,1.02,95.2,89.2,6.1,17.1,17.3,16.9
Suriname,SR,2012,"554,290",1.6,3.6,2.19,70.2,45.6,0.98,50,41.3,8.6,27.6,28.4,26.9
Sweden,SE,2012,"9,573,255",0.76,23.3,1.89,81.7,3.1,1,56.1,25.9,30.2,41,42.1,40
Switzerland,CH,2012,"8,077,542",0.66,202,1.48,82.6,4.1,0.98,47.2,22.1,25.1,41.7,42.6,40.8
Syria,SY,2012,"22,432,681",-3.14,120.7,3.5,67.6,19.3,1.04,67.8,62.1,5.7,21.3,21.4,21.2
Tajikistan,TJ,2012,"7,872,533",2.69,55.6,3.8,68.4,42.9,1.01,62.6,57.2,5.4,22.5,22.9,22.2
Tanzania,TZ,2012,"46,738,456",2.96,52.8,5.03,61.9,68.1,1,88.7,83.1,5.6,17.7,17.9,17.5
Thailand,TH,2012,"67,045,539",0.54,131.2,1.56,74.4,12.1,0.96,38.9,26.1,12.8,35.8,36.7,34.9
Timor-Leste,TL,2012,"1,126,414",2.1,75.7,4.84,63.3,74.4,1,82.1,75.2,6.9,19,19.6,18.3
Togo,TG,2012,"6,531,832",2.8,120.1,4.73,66.6,84.1,0.96,79.2,72.6,6.5,19.7,20.3,19.1
Tonga,TO,2012,"106,134",0.19,148,3.55,75.6,17.4,1.01,74.9,64,10.9,21.6,22.1,21.2
Trinidad and Tobago,TT,2012,"1,334,316",0.49,260.2,1.76,73.5,23.4,1.01,42.3,29.3,13,32.9,33.2,32.6
Tunisia,TN,2012,"10,772,441",1.19,69.3,2.4,74.5,16.8,1,45.2,34.9,10.3,29.8,30.3,29.3
Turkey,TR,2012,"76,335,994",1.32,99.2,2.13,73.6,28.7,1.02,49.2,39.3,9.8,29,29.4,28.6
Turkmenistan,TM,2012,"5,053,286",1.13,10.8,2.14,68.8,58.5,0.98,45,38.9,6.1,25.9,26.3,25.4
Turks and Caicos Islands,TC,2012,"46,379",3.22,48.9,1.7,81.4,13.1,1.02,36.3,30.5,5.7,31,30.6,31.3
Tuvalu,TV,2012,"10,627",0.73,408.7,3.08,65.1,60.1,0.97,54.8,46.6,8.3,24.4,26.2,23.1
Uganda,UG,2012,"32,815,387",3.01,166.5,6.07,62.7,67.7,0.94,112.4,106.9,5.5,14.9,15.6,14.2
Ukraine,UA,2012,"45,491,540",-0.17,78.5,1.55,70.9,10.3,0.86,42.2,20.5,21.7,39.6,42.8,36.4
United Arab Emirates,AE,2012,"8,606,553",3.67,102.9,1.64,77.8,7.2,2.8,18.1,17.2,0.9,32.3,28.1,33.5
United Kingdom,GB,2012,"63,448,099",0.68,262.3,2,81,4.8,0.99,52.5,26.6,25.9,40.1,41.2,38.9
United States,US,2012,"313,877,662",0.72,34.3,--,--,--,0.97,49.7,29.2,20.6,37.4,38.8,36.1
Uruguay,UY,2012,"3,372,304",0.46,19.3,1.99,75.9,12.3,0.94,54.8,33.6,21.2,34.5,36,32.9
Uzbekistan,UZ,2012,"29,557,133",1.48,69.5,2.27,73.8,27,1,48.5,41.5,7,25.5,26.1,25
Vanuatu,VU,2012,"255,930",2.12,21,3.57,72,22.1,1.01,72,66,6,20.5,20.9,20.2
Venezuela,VE,2012,"29,486,420",1.34,33.4,2.45,74.2,16.9,0.99,53.4,44.4,8.9,26.6,27.2,25.9
Vietnam,VN,2012,"92,697,293",1.24,299,2.05,74,23,0.99,44.5,36.3,8.2,28.2,29.1,27.2
"Virgin Islands, British",VG,2012,"31,126",2.41,206.1,1.23,77.9,18.6,0.93,33.2,23.6,9.7,35.1,35.1,35
"Virgin Islands, U.S.",VI,2012,"108,188",-0.13,310.9,2.06,78.5,10,0.92,55,32.8,22.2,39.2,39.8,38.3
Wallis and Futuna,WF,2012,"15,429",0.32,108.7,1.79,78.3,5.5,1.04,48.7,36.5,12.1,28.9,29.8,28.2
Yemen,YE,2012,"25,372,292",2.71,48.1,4.66,65.7,58.7,1.01,84.6,78.9,5.7,18.2,18.5,17.8
Zambia,ZM,2012,"14,518,489",2.97,19.5,5.25,61.7,73.4,1,94.4,89.4,5,16.8,16.9,16.7
Zimbabwe,ZW,2012,"13,322,711",0.57,34.4,4.06,58.9,70.4,0.94,77.3,70.3,6.9,19.7,20.4,19
Gaza Strip,XG,2012,"1,610,287",3.1,"4,473.0",4.95,73,23.2,1.03,97.5,92.7,4.8,16.2,16.5,16
Kosovo,XK,2012,"1,836,167",0.6,168.7,2.19,70.5,45.8,1.06,50.7,40.6,10.2,26.9,27.4,26.6
Taiwan,TW,2012,"23,238,660",0.4,720.4,1.27,79.5,5.6,1,35.3,20,15.3,38.2,38.8,37.5
West Bank,XW,2012,"2,508,080",2.01,444.7,3.7,74.4,22,1.04,73.6,67.7,6,19.7,19.9,19.6
 -> 2013,,,--,--,--,--,--,--,--,--,--,--,--,--,--
 -> 2013 -> World,,,"7,201,963,539",--,54.6,--,--,--,1.01,53,40.5,12.5,--,--,--
Afghanistan,AF,2013,"36,521,128",2.98,56,5.76,63,75.7,1.04,94.7,89.6,5.1,16.6,16.6,16.5
Albania,AL,2013,"2,786,300",-0.54,101.7,1.51,76.3,17.2,0.95,46.1,29.9,16.2,31.4,32.6,30.1
Algeria,DZ,2013,"38,187,612",2.01,16,2.92,76.5,27,1.03,50,42.3,7.7,26.9,27.2,26.7
American Samoa,AS,2013,"53,808",-1.27,271.8,3.1,73.7,14,1.01,60.9,53,7.9,23.6,24,23.1
Andorra,AD,2013,"85,389",0.23,182.5,1.37,82.9,4.3,1.07,41.6,22,19.6,41.8,41.5,42
Angola,AO,2013,"25,437,739",4.34,20.4,6.24,59.6,102,0.95,103.2,98.5,4.8,15.7,16.2,15.2
Anguilla,AI,2013,"15,728",2.09,172.8,1.73,80.8,5,0.93,46,34.2,11.8,33.9,35.4,32.3
Antigua and Barbuda,AG,2013,"89,990",1.25,203.1,2.03,75.2,22.1,0.9,46.6,36.2,10.4,30.9,32.3,29.2
Argentina,AR,2013,"42,660,024",1.01,15.6,2.34,76.6,12.9,0.98,56.8,39.4,17.4,31,32.1,29.8
Armenia,AM,2013,"3,064,086",-0.1,108.6,1.63,73.9,16.8,0.93,42.1,27.3,14.8,33.3,35.4,31.3
Aruba,AW,2013,"109,110",1.39,606.2,1.84,76,17.1,0.9,42.3,25.4,16.9,38.7,40.4,36.8
Australia,AU,2013,"22,946,421",1.6,3,1.89,82.3,4.3,0.99,49.2,28.2,21,37.2,38.1,36.3
Austria,AT,2013,"8,561,432",0.64,103.8,1.44,81.2,4.2,0.96,48.5,21,27.5,43.1,44.1,42.1
Azerbaijan,AZ,2013,"9,752,254",1.36,118,2.22,74,13.6,0.99,42.5,33.6,8.8,29.4,31.1,27.9
"Bahamas, The",BS,2013,"365,757",1.24,36.5,1.57,74.4,14.6,0.87,50.7,42.2,8.5,26.7,26.6,26.8
Bahrain,BH,2013,"1,281,297",2.56,"1,685.9",1.83,78.5,14.1,1.54,29.2,25.8,3.5,31.4,28.6,32.8
Bangladesh,BD,2013,"151,383,334",1.05,"1,163.0",2.29,72.4,46.6,0.98,55.3,46.7,8.6,25.1,25.6,24.5
Barbados,BB,2013,"293,480",0.42,682.5,1.71,76.8,14.2,0.94,40.3,26,14.4,37.5,38.6,36.4
Belarus,BY,2013,"9,655,326",0.05,47.6,1.63,72.7,4.7,0.87,41.5,21.7,19.8,39.1,42.2,36.1
Belgium,BE,2013,"11,134,255",0.55,367.7,1.75,80.5,4.3,0.97,53.5,26,27.5,41.4,42.5,40.2
Belize,BZ,2013,"344,402",1.97,15.1,2.52,73.5,16.8,0.99,61.1,54.4,6.7,22.9,23,22.7
Benin,BJ,2013,"10,134,506",3.31,91.6,5.64,58.7,107.9,0.95,95.8,91.2,4.6,16.4,17,15.9
Bermuda,BM,2013,"69,537",0.54,"1,287.7",1.96,80.7,3.1,0.95,50.6,26.5,24.1,42.6,44.5,40.6
Bhutan,BT,2013,"787,669",1.18,20.5,2.07,68.6,52.2,1.09,51.1,42.5,8.6,25.5,24.9,26
Bolivia,BO,2013,"10,581,190",1.73,9.8,3.02,71.6,35.1,1,65.9,56.9,9,23,23.5,22.5
Bosnia and Herzegovina,BA,2013,"3,861,516",-0.26,75.4,1.11,76.4,6.8,0.95,36.6,18.8,17.8,40.5,41.8,39.1
Botswana,BW,2013,"2,078,279",1.63,3.7,2.77,60.8,45.8,0.94,63.5,55.4,8.1,23.1,24,22
Brazil,BR,2013,"203,079,584",0.85,24.3,1.74,74.5,19.5,0.97,45.6,34.7,10.9,30.4,31.3,29.6
Brunei,BN,2013,"415,374",1.67,78.9,1.83,76.5,14.6,0.99,39.6,34.2,5.3,29,29.3,28.8
Bulgaria,BG,2013,"7,267,962",-0.53,67,1.44,74.2,10.4,0.96,48,21.4,26.6,41.6,43.7,39.6
Burkina Faso,BF,2013,"17,110,640",2.89,62.5,5.46,59.8,106,0.94,97.8,91.4,6.5,16.8,17.7,15.8
Burma,MM,2013,"53,020,809",0.87,81.1,2.34,66.6,52.9,0.97,49.8,42,7.8,27.1,27.8,26.4
Burundi,BI,2013,"10,068,783",3.08,392.1,5.81,63.3,74.3,0.98,93.4,88.4,5,17,17.3,16.6
Cabo Verde,CV,2013,"530,549",1.39,131.6,2.39,71.2,35.7,0.94,57.1,48.9,8.2,23.6,24.4,22.8
Cambodia,KH,2013,"14,807,531",1.08,83.9,2.68,68.1,50.9,0.93,55.9,49.7,6.2,23.7,24.5,23
Cameroon,CM,2013,"22,689,999",2.79,48,4.87,57.8,97.5,0.99,87,81.4,5.5,17.9,18.1,17.7
Canada,CA,2013,"35,397,406",1.17,3.9,1.6,82.7,5.7,0.98,47.3,24,23.3,40.6,41.6,39.6
Cayman Islands,KY,2013,"53,657",2.21,203.2,1.86,80.5,10.6,0.95,41.1,26.2,14.9,39.3,39.8,38.7
Central African Republic,CF,2013,"4,938,250",0.27,7.9,4.52,50.9,145.6,0.98,80.8,74.2,6.5,19.1,19.7,18.5
Chad,TD,2013,"13,385,231",3.83,10.6,6.45,55.4,137,0.97,105.9,101.1,4.8,15.4,16,14.8
Chile,CL,2013,"17,154,068",0.85,23.1,1.86,78.8,8.3,0.97,44.5,30.4,14.1,33,34.3,31.8
China,CN,2013,"1,365,719,156",0.63,146.4,1.7,76.2,12.4,1.05,37.4,24.7,12.8,36,36.9,35.1
Colombia,CO,2013,"44,640,800",0.54,43,1.98,76.6,16.6,0.96,50.3,38.6,11.6,28.7,29.8,27.6
Comoros,KM,2013,"756,978",1.98,338.7,3.93,64.4,94.4,0.95,83.7,76.5,7.2,19.1,19.7,18.4
Congo (Brazzaville),CG,2013,"4,633,864",1.77,13.6,4.43,70.5,57.5,1,81.2,74.3,6.9,19.5,19.8,19.3
Congo (Kinshasa),CD,2013,"80,747,292",3.53,35.6,6.39,57.6,107.2,1,96.1,91.3,4.8,16.5,16.7,16.3
Cook Islands,CK,2013,"10,414",-3.1,44.1,2.31,75.2,23.2,1.07,51.5,35.1,16.4,34.2,34.7,33.7
Costa Rica,CR,2013,"4,712,629",1.23,92.3,1.8,78.8,9.5,1.01,43.6,33.5,10.1,30.1,30.7,29.6
C“te d'Ivoire,CI,2013,"23,233,504",2.89,73.1,4.88,58.1,96.2,1.02,83.3,78.8,4.5,18.3,18.2,18.4
Croatia,HR,2013,"4,375,160",-0.35,78.2,1.36,77.5,5,0.93,45.8,21.3,24.6,41.7,43.8,39.7
Cuba,CU,2013,"11,249,060",0.01,102.4,1.71,78.3,5.7,1,44.6,24.9,19.8,39.9,40.8,39
Cura‡ao,CW,2013,"146,844",0.63,330.7,2.09,77.8,10.3,0.92,50.8,30.7,20.1,36.2,39.9,32.7
Cyprus,CY,2013,"1,155,556",1.53,125,1.46,78.2,11.2,1.05,36.4,21.5,14.9,35.4,37.1,34.1
Czechia,CZ,2013,"10,591,394",-0.04,137.1,1.44,78.2,3.1,0.96,46.7,21.7,25,40.5,42,39.2
Denmark,DK,2013,"5,617,172",0.47,132.4,1.67,80.2,4.1,0.99,54.7,26.8,27.9,41.2,42.1,40.3
Djibouti,DJ,2013,"790,955",2.26,34.1,2.55,62,77.3,0.86,58.7,53.3,5.4,22.4,23.7,20.8
Dominica,DM,2013,"73,674",0.21,98.1,2.06,77,14.7,1.02,49.1,33.1,16,31.8,32.2,31.4
Dominican Republic,DO,2013,"9,803,276",1.13,202.9,2.4,69.8,31.2,1.03,54.4,46.2,8.2,25.6,25.7,25.5
Ecuador,EC,2013,"15,659,275",1.43,63.1,2.6,79.2,16.2,0.98,64.1,52.3,11.9,25.1,25.8,24.3
Egypt,EG,2013,"88,110,608",2.72,88.5,3.71,72,26,1.05,62.2,56.2,6.1,23.3,23.4,23.2
El Salvador,SV,2013,"6,189,809",1.77,298.7,2.26,73.1,16.4,0.93,57.6,47.4,10.2,24.5,26,23
Equatorial Guinea,GQ,2013,"1,146,895",4.88,40.9,4.89,62.8,112.7,1.05,78.9,70.4,8.5,20.6,20.9,20.5
Eritrea,ER,2013,"5,687,507",1.84,56.3,4.38,64.1,72.8,0.97,82.1,75.2,6.9,18.9,19.4,18.5
Estonia,EE,2013,"1,287,036",-0.34,30.4,1.55,76.6,3.2,0.87,51.3,23.8,27.6,41.2,44.6,37.7
Eswatini,SZ,2013,"1,040,730",0.89,60.5,2.96,52.9,80.7,0.9,64.1,58.1,6,21.7,22.3,21
Ethiopia,ET,2013,"89,335,550",2.79,81.5,4.61,63.9,71.3,1,79.8,74.2,5.6,19.1,19.3,19
Faroe Islands,FO,2013,"49,701",0.46,35.7,2.39,79.9,8.6,1.09,55.7,31.7,23.9,37.6,38.3,37.1
Fiji,FJ,2013,"896,215",0.73,49,2.54,71.8,21.2,1.03,51.3,42.6,8.7,27.7,27.9,27.6
Finland,FI,2013,"5,430,351",0.46,17.9,1.75,80.7,2.7,0.97,55.1,25.5,29.6,42.4,44.1,40.6
France,FR,2013,"65,972,844",0.53,103,2.05,82,4.4,0.96,57.8,29.5,28.3,40.7,42.2,39.2
French Polynesia,PF,2013,"277,207",0.98,72.4,1.97,76.6,14.9,1.05,45.1,34.8,10.2,30.3,30.3,30.3
Gabon,GA,2013,"1,808,969",3.7,7,3.8,64.8,62.1,1.07,75.9,68.8,7,19.6,19.5,19.6
"Gambia, The",GM,2013,"1,913,150",2.88,189,5.05,64.2,72.1,0.98,87.6,82.8,4.8,17.6,18,17.1
Georgia,GE,2013,"4,946,331",0.03,71,1.86,72.3,24.6,0.91,48.7,26.2,22.5,37.5,40.1,34.7
Germany,DE,2013,"82,056,877",0.28,235.3,1.41,80.7,4.1,0.97,51.5,19.9,31.6,45.6,46.7,44.5
Ghana,GH,2013,"26,635,950",2.66,117.1,4.2,65.5,60.4,0.94,76.4,68.8,7.6,20.5,21.4,19.6
Gibraltar,GI,2013,"28,992",0.26,"4,141.7",1.97,79.6,7.9,1.04,52.4,29.8,22.6,34.1,34.4,33.8
Greece,GR,2013,"10,872,247",-0.57,83.2,1.31,80.8,4.1,0.95,54.3,22.8,31.5,42.7,44,41.5
Greenland,GL,2013,"57,672",0.04,0,2.08,70.9,13.4,1.11,42.2,30.8,11.4,33.5,32.1,35
Grenada,GD,2013,"109,675",0.53,318.8,2.12,73.8,15.4,1.02,51.3,37.3,14,29.4,29.4,29.4
Guam,GU,2013,"165,313",0.32,303.9,2.93,76.2,10.6,1.06,55.7,44.2,11.5,28.6,29.3,28
Guatemala,GT,2013,"15,125,716",1.98,141.2,3.26,70.5,41.6,0.99,68.4,61.5,6.9,21.1,21.7,20.6
Guernsey,GG,2013,"65,689",0.41,842.2,1.54,82.7,4.1,0.99,48.4,21.8,26.6,42.9,43.8,41.8
Guinea,GN,2013,"10,351,170",2.65,42.1,5.08,59.3,99.9,1,84,77.2,6.8,18.9,19.1,18.6
Guinea-Bissau,GW,2013,"1,624,312",2.36,57.8,4.91,57.9,99.9,0.95,89.2,83.6,5.6,17.6,18.3,17
Guyana,GY,2013,"786,248",-0.03,4,2.26,69.8,34.8,1.04,58,50,8,25,25.1,24.9
Haiti,HT,2013,"9,972,869",1.34,361.9,3.22,62.5,74.2,0.97,65.5,59.1,6.4,21.4,21.7,21.2
Honduras,HN,2013,"8,437,580",1.7,75.4,2.81,72.9,20.1,0.95,68.2,60.7,7.5,21.5,22.3,20.7
Hong Kong,HK,2013,"7,082,123",0.44,"6,600.3",1.17,82.7,3.7,0.87,35.6,16.3,19.3,42.8,42.9,42.6
Hungary,HU,2013,"9,919,643",-0.22,110.7,1.34,75.3,5.8,0.92,47.2,21.6,25.7,40.8,43.3,38.7
Iceland,IS,2013,"323,744",1.29,3.2,2.04,82.9,2.7,1.01,50.9,31,19.9,35.7,36.4,35
India,IN,2013,"1,267,220,075",1.21,426.2,2.37,68.6,48.8,1.06,53.2,44.2,9,26.2,26.9,25.6
Indonesia,ID,2013,"255,144,559",1.12,140.8,2.38,70.8,30.3,1,51.8,42.6,9.2,28.4,29,27.8
Iran,IR,2013,"77,668,796",1.31,50.7,1.91,73.5,20.3,1.03,40.3,33.3,7,28.3,28.6,28.1
Iraq,IQ,2013,"32,911,448",4.04,75.2,4.08,69.5,32.3,1.02,75.1,70.3,4.8,19.8,20.1,19.5
Ireland,IE,2013,"4,677,112",0.61,67.9,1.9,81.1,4.1,0.99,51.2,32.3,18.8,35.7,35.9,35.5
Isle of Man,IM,2013,"86,058",0.82,150.5,1.95,80.6,5.6,0.99,54.7,25.4,29.3,43.1,43.8,42.4
Israel,IL,2013,"7,803,834",1.84,363,3.1,82.1,4.1,1.01,62.9,46,16.9,29.3,30,28.7
Italy,IT,2013,"61,433,746",0.16,208.9,1.31,82.3,3.8,0.93,52.7,20.9,31.7,44.2,45.3,43.1
Jamaica,JM,2013,"2,822,413",-0.15,260.6,2.16,73.2,16.7,0.98,57,44.6,12.4,26.7,27.3,26
Japan,JP,2013,"127,038,622",-0.14,348.5,1.43,83.3,3,0.95,61.6,21.7,39.9,45.7,47.1,44.4
Jersey,JE,2013,"95,578",0.79,823.9,1.64,81.1,5.1,0.97,45.8,23.5,22.3,39.8,41.6,37.7
Jordan,JO,2013,"7,845,361",18.74,88.3,3.2,73.8,19.7,1.09,66,60.1,5.8,21.7,21.5,21.9
Kazakhstan,KZ,2013,"17,820,975",1.42,6.6,2.6,71,23.8,0.93,46.8,36.7,10.1,29.4,31,27.9
Kenya,KE,2013,"42,889,189",2.43,75.4,4.08,66.4,47.9,0.99,83.6,77.4,6.2,18.5,18.9,18.1
Kiribati,KI,2013,"103,386",1.19,127.5,2.63,65,52.4,0.96,56.4,50.3,6.1,23.3,24.1,22.4
"Korea, North",KP,2013,"24,796,379",0.57,205.9,1.96,70.6,26.2,0.94,45.7,31.6,14,33.2,34.9,31.6
"Korea, South",KR,2013,"50,556,996",0.51,521.6,1.19,82,3.6,1,36.9,19.9,16.9,39.8,41,38.5
Kuwait,KW,2013,"2,695,800",1.79,151.3,2.57,77.5,10.7,1.42,38.3,35.3,3,28.8,26.6,30
Kyrgyzstan,KG,2013,"5,547,741",0.97,28.9,2.71,69.7,35.6,0.96,52.8,45.4,7.5,25.4,26.4,24.5
Laos,LA,2013,"6,740,794",1.72,29.2,2.96,65.6,58.9,0.99,65.5,59.2,6.2,21.5,21.8,21.3
Latvia,LV,2013,"2,029,430",-1.1,32.6,1.49,73.8,6.9,0.85,48.9,21.6,27.3,42.2,45.6,38.7
Lebanon,LB,2013,"5,546,122",14.25,542.1,2.34,76.9,9.2,0.98,52.6,44.6,8.1,27.2,28,26.5
Lesotho,LS,2013,"2,046,245",0.84,67.4,3.3,52.6,94.7,0.97,68.7,60,8.7,22.5,23,22
Liberia,LR,2013,"4,169,342",2.41,43.3,4.88,59.6,92.4,1,85,79.7,5.3,17.9,18,17.9
Libya,LY,2013,"5,950,347",2.88,3.4,3.43,75.2,16.9,1.07,57.6,51.3,6.2,25.3,25.1,25.5
Liechtenstein,LI,2013,"37,010",0.81,231.3,1.69,81.6,5.3,0.98,45.6,23.2,22.5,42.1,43.1,41.1
Lithuania,LT,2013,"2,943,071",-0.97,47,1.58,74.1,4.6,0.85,50.6,22.6,28,42.4,45.6,38.9
Luxembourg,LU,2013,"545,475",2.32,210.9,1.61,82.4,3.9,1,47.1,25.3,21.8,39.4,40.1,38.6
Macau,MO,2013,"586,116",0.98,"20,932.7",1.05,84.5,5.6,0.91,30.8,19.3,11.5,37.2,36.7,37.8
Madagascar,MG,2013,"22,561,376",2.65,38.8,4.36,65.3,67.8,1,79,73.3,5.7,19,19.2,18.8
Malawi,MW,2013,"16,443,231",2.9,174.8,4.66,69,75.7,0.96,91.8,85.4,6.5,17.4,17.6,17.2
Malaysia,MY,2013,"30,399,783",1.35,92.5,2.03,75.7,7.9,1.06,45.7,37.5,8.2,27.4,27.5,27.3
Maldives,MV,2013,"393,812",-0.13,"1,321.5",1.78,74.9,41.1,1.32,33.6,27.9,5.7,26.8,26.3,27.1
Mali,ML,2013,"15,814,633",3.09,13,6.37,58.7,125,0.95,106.4,100,6.4,15.7,16.3,15
Malta,MT,2013,"426,039",0.94,"1,348.2",1.38,81.8,7,1,47.7,21.4,26.2,40.8,42.2,39.5
Marshall Islands,MH,2013,"69,610",1.78,384.6,3.29,72.2,32.8,1.04,67.6,62,5.5,22.5,22.5,22.5
Mauritania,MR,2013,"3,605,689",2.96,3.5,5.39,67.3,55.4,0.97,93.5,86.4,7.1,17.5,18,16.9
Mauritius,MU,2013,"1,291,247",0.17,636.1,1.34,74.1,14,0.97,39,27.7,11.4,34.1,34.9,33.2
Mexico,MX,2013,"119,228,748",1.31,61.3,2.2,75,15.7,0.96,52.9,43.4,9.5,26.8,27.6,26
"Micronesia, Federated States of",FM,2013,"105,995",-0.38,151,2.61,72,33.2,0.99,55.1,50,5,23.5,24.1,22.9
Moldova,MD,2013,"3,901,481",-0.18,118.6,1.24,69.2,16.9,0.93,35.9,22.3,13.6,35,37.1,33.1
Monaco,MC,2013,"30,519",0.02,"15,259.5",1.47,89.6,2,0.95,67.8,20.4,47.4,50.1,51.1,49.2
Mongolia,MN,2013,"2,938,112",2.03,1.9,3.01,69.2,25.7,0.97,46.2,40.4,5.9,26.4,27.2,25.7
Montenegro,ME,2013,"621,603",-0.09,46.2,1.74,76.6,5.1,0.98,47.7,28.2,19.5,37.3,38.7,35.8
Montserrat,MS,2013,"5,187",0.46,50.9,1.26,73.7,16,1,47.9,38.8,9.2,30.8,31.3,30.3
Morocco,MA,2013,"33,440,544",1.15,46.7,2.5,71.2,29.6,0.99,52.9,43.9,9,26.8,27.3,26.3
Mozambique,MZ,2013,"25,009,061",2.73,31.8,5.58,51.8,127.9,0.96,96.2,90.3,5.9,16.8,17.6,16
Namibia,NA,2013,"2,292,948",2.07,2.8,3.57,62.3,60.8,0.95,74.2,66.9,7.3,20.4,21.2,19.6
Nauru,NR,2013,"9,396",0.55,447.4,2.98,65,12.2,0.97,52,49.3,2.7,24.9,25.4,24.5
Nepal,NP,2013,"27,907,012",1.43,194.7,2.4,69.8,40.1,0.93,61.5,54,7.5,22.3,23.4,21.2
Netherlands,NL,2013,"16,762,211",0.29,494.6,1.69,81.2,4.4,0.98,51.9,25.9,26.1,41.9,42.7,41.1
New Caledonia,NC,2013,"264,052",1.46,14.4,2.02,77.1,10.5,1,47.7,35.4,12.3,30.8,31.4,30.2
New Zealand,NZ,2013,"4,377,391",1.18,16.5,2.08,81.7,4.5,1,52.6,31.3,21.3,37.3,38.2,36.4
Nicaragua,NI,2013,"5,898,160",1.35,49.2,2.16,73.3,22.3,0.96,54.4,47.5,7,23.6,24.4,22.8
Niger,NE,2013,"17,505,864",3.73,13.8,7.7,56.5,126,0.98,120.9,114.8,6.1,14.2,14.5,13.8
Nigeria,NG,2013,"179,546,969",2.59,197.1,5.21,56.3,116.3,1.02,88.5,82.6,5.9,17.9,18.1,17.7
North Macedonia,MK,2013,"2,094,132",0.25,82.3,1.47,75.2,11.2,0.99,41,24.3,16.7,36.5,37.6,35.5
Northern Mariana Islands,MP,2013,"53,260",-0.34,112.8,2.95,74.5,17.4,1.14,48.1,42.4,5.7,33.8,34.1,33.4
Norway,NO,2013,"5,082,802",1.14,16.7,1.8,81.7,2.9,1.01,52,27.8,24.2,39,39.8,38.2
Oman,OM,2013,"3,147,449",2.04,10.2,2.86,74.8,23.4,1.21,50.6,45.7,4.9,24.8,23.2,26
Pakistan,PK,2013,"201,581,954",2.26,261.5,4.2,66.8,86.3,1.05,73.3,66,7.2,20.8,20.9,20.8
Palau,PW,2013,"21,029",0.3,45.8,1.72,72.2,16.5,1.11,37,27.8,9.2,33.1,33.9,32.7
Panama,PA,2013,"3,654,178",1.63,49.2,2.57,77.3,20.6,1.01,55.4,42.9,12.5,28.3,28.6,27.9
Papua New Guinea,PG,2013,"7,643,865",2.63,16.9,4.37,66.7,52.1,1.04,71.8,66.4,5.4,20.5,20.5,20.4
Paraguay,PY,2013,"6,619,307",1.23,16.7,2.01,76.5,36.3,1.01,49.7,39.8,9.8,26.4,26.6,26.2
Peru,PE,2013,"29,806,584",0.45,23.3,2.5,75.8,17.3,0.98,55.4,44.7,10.7,26.9,27.4,26.3
Philippines,PH,2013,"98,448,417",1.67,330.2,3.02,70.5,30.6,1.01,62.9,55.8,7.1,23.1,23.6,22.6
Poland,PL,2013,"38,613,020",-0.09,126.9,1.26,77.1,5.4,0.94,41.5,20.8,20.7,39.1,40.9,37.4
Portugal,PT,2013,"10,534,203",-0.57,115.2,1.22,80.2,3.6,0.91,50.7,22.7,27.9,41.4,43.4,39.5
Puerto Rico,PR,2013,"3,589,468",-1.4,404.7,1.49,79.7,7.8,0.92,53.2,27.7,25.4,38.7,40.4,36.7
Qatar,QA,2013,"2,043,293",4.19,176.4,1.93,78.1,11.1,3.34,15.3,14.4,0.9,32.4,28,33.4
Romania,RO,2013,"20,136,346",-0.52,87.6,1.62,75.2,9.6,0.95,48.5,22.8,25.7,40.8,42.4,39.2
Russia,RU,2013,"143,786,233",0.1,8.8,1.71,70.6,8.9,0.86,41.3,22.6,18.7,38.9,41.8,35.9
Rwanda,RW,2013,"10,831,401",3.07,439.1,4.33,63,49.4,0.95,81.5,77.3,4.2,18.4,19.4,17.6
Saint Barthelemy,BL,2013,"7,299",-0.43,292,1.63,79,9.5,1.13,46,26.5,19.5,41.8,41.7,41.9
"Saint Helena, Ascension, and Tristan da Cunha",SH,2013,"7,772",0.34,19.7,1.57,78.9,27.1,1.02,43.8,24.6,19.2,40,39.9,40.2
Saint Kitts and Nevis,KN,2013,"51,111",0.79,195.8,1.78,74.9,18.4,1,42.3,31.1,11.2,33.1,33,33.2
Saint Lucia,LC,2013,"162,391",0.35,268,1.78,76.8,16,0.95,46.5,31.7,14.9,32.2,33.3,31.1
Saint Martin,MF,2013,"31,248",0.92,578.7,1.81,79,9.5,0.93,50,40,10,31.5,32.4,30.5
Saint Pierre and Miquelon,PM,2013,"5,808",-0.96,24,1.55,80.5,10.4,0.97,51.2,24.9,26.3,44.1,44.4,43.7
Saint Vincent and the Grenadines,VC,2013,"103,092",-0.3,265,1.87,74.4,22.8,1.03,46.4,34.2,12.3,31.3,31.2,31.4
Samoa,WS,2013,"195,471",0.59,69.3,3.03,72.9,27.3,1.05,64.9,56,8.8,22.7,22.9,22.6
San Marino,SM,2013,"32,435",0.93,531.7,1.47,82.8,8.1,0.94,53,24.8,28.2,43.2,44,42.3
Sao Tome and Principe,ST,2013,"186,659",1.93,193.6,4.81,63.9,81.4,1,88.3,82.5,5.8,17.7,18.1,17.2
Saudi Arabia,SA,2013,"30,162,427",2.17,14,2.36,74.6,17.1,1.29,43.8,39.9,3.9,27.5,25.3,29.3
Senegal,SN,2013,"13,885,937",3.05,72.1,5.13,66.9,57.8,0.96,88.7,83.1,5.5,17.7,18.6,16.8
Serbia,RS,2013,"7,124,084",-0.49,92,1.41,74.8,7,0.95,46.2,21.8,24.4,41.8,43.4,40.3
Seychelles,SC,2013,"90,508",0.89,198.9,1.89,73.3,19.6,1.05,39.4,29.5,9.9,33.4,33.9,32.9
Sierra Leone,SL,2013,"6,723,830",3.1,93.9,4.79,53.3,137.4,0.97,85.4,79.9,5.5,18,18.4,17.5
Singapore,SG,2013,"5,383,565",1.17,"7,593.2",1.19,84.1,2.2,0.99,34.8,23.7,11.2,34.3,34.9,33.7
Sint Maarten,SX,2013,"39,763",1.55,"1,169.5",2.09,78.8,9.4,0.97,34.3,25.8,8.6,39.7,40.4,39
Slovakia,SK,2013,"5,446,591",0.09,113.2,1.37,76.5,6.5,0.94,40.2,21.3,18.9,38.7,40.6,37
Slovenia,SI,2013,"2,095,553",0.11,104,1.53,80.1,4.2,0.99,46.5,20.9,25.7,42.6,44.5,40.9
Solomon Islands,SB,2013,"592,741",2.09,21.2,3.44,74.7,31.1,1.04,68.3,61.2,7.1,21.6,21.8,21.4
Somalia,SO,2013,"13,146,170",4.03,21,7.05,54.3,143.3,1,99.6,95.6,4,15.9,16.2,15.6
South Africa,ZA,2013,"53,509,160",0.74,44.1,2.43,66.6,38.8,0.97,48.6,39.8,8.8,27,27.4,26.6
South Sudan,SS,2013,"11,187,790",3.45,17.4,6.03,54.4,122.6,1.04,96.8,92.2,4.6,16.4,16.3,16.4
Spain,ES,2013,"46,290,810",-0.47,92.8,1.32,82.4,3.3,0.96,49.4,22.6,26.8,41.7,42.9,40.6
Sri Lanka,LK,2013,"20,831,730",0.56,322.3,2.33,74.9,9.9,0.95,51.8,39.2,12.7,31.2,32.1,30.2
Sudan,SD,2013,"37,257,113",2.28,20,5.17,64,76.1,1.02,94,88,6,17.1,17.3,17
Suriname,SR,2013,"562,748",1.43,3.6,2.12,71.1,43,0.98,48.7,40.1,8.6,28.1,28.8,27.3
Sweden,SE,2013,"9,647,647",0.79,23.5,1.87,81.9,3.1,1,57.2,26.3,30.8,41.1,42.1,40.1
Switzerland,CH,2013,"8,140,760",0.9,203.5,1.48,82.6,4.4,0.98,47.6,22,25.6,42,42.8,41.1
Syria,SY,2013,"21,064,653",-9.65,113.3,3.4,64.2,21.8,1.03,66.4,60.3,6.1,21.6,21.8,21.5
Tajikistan,TJ,2013,"8,086,840",2.69,57.1,3.8,68.8,40.6,1.01,63.1,57.8,5.2,22.6,23,22.3
Tanzania,TZ,2013,"48,155,512",3.01,54.4,4.99,62.8,64.9,1,88.3,82.8,5.6,17.8,18,17.5
Thailand,TH,2013,"67,413,873",0.56,132,1.55,74.8,11.5,0.96,38.8,25.5,13.3,36.3,37.2,35.4
Timor-Leste,TL,2013,"1,150,015",2.04,77.3,4.63,63.6,72,1,80.5,73.7,6.8,19.2,19.9,18.5
Togo,TG,2013,"6,715,494",2.74,123.5,4.68,67,81.6,0.96,79.4,72.8,6.6,19.8,20.5,19.2
Tonga,TO,2013,"106,304",0.13,148.3,3.46,75.8,17.1,1.01,73.5,62.6,10.9,21.8,22.3,21.4
Trinidad and Tobago,TT,2013,"1,340,855",0.49,261.5,1.79,73.8,22.9,1.01,43.1,29.5,13.6,33.3,33.6,33
Tunisia,TN,2013,"10,901,720",1.2,70.2,2.4,74.8,16.5,0.99,45.8,35.3,10.5,30.2,30.7,29.6
Turkey,TR,2013,"77,341,642",1.3,100.5,2.1,73.9,28,1.02,48.8,38.7,10,29.4,29.8,29
Turkmenistan,TM,2013,"5,110,940",1.14,10.9,2.12,69.1,57.1,0.98,44.3,38.1,6.2,26.3,26.7,25.9
Turks and Caicos Islands,TC,2013,"47,820",2.91,50.4,1.7,81.3,13.3,1.02,36,30.2,5.8,31.5,31.1,31.8
Tuvalu,TV,2013,"10,707",0.78,411.8,3.06,65.5,58.7,0.97,54,45.7,8.3,24.7,26.3,23.4
Uganda,UG,2013,"33,809,510",2.96,171.5,6.04,63.7,63.2,0.94,111.5,106.1,5.4,14.9,15.7,14.2
Ukraine,UA,2013,"45,388,613",-0.28,78.3,1.51,71.1,10.1,0.86,42.7,20.9,21.8,39.8,43,36.6
United Arab Emirates,AE,2013,"8,930,981",3.73,106.8,1.66,77.9,6.9,2.79,18.2,17.3,1,32.8,28.5,34
United Kingdom,GB,2013,"63,872,733",0.66,264,1.89,81,4.5,0.99,53.3,26.7,26.6,40.2,41.3,39.1
United States,US,2013,"316,059,947",0.7,34.5,--,--,--,0.97,50.3,29,21.2,37.6,38.9,36.2
Uruguay,UY,2013,"3,388,303",0.49,19.4,2.01,76.4,11.7,0.94,54.2,33.1,21.2,34.7,36.2,33.1
Uzbekistan,UZ,2013,"30,025,857",1.66,70.6,2.36,74.3,25.9,1,48.2,41.2,7,25.9,26.5,25.4
Vanuatu,VU,2013,"261,325",2.06,21.4,3.47,72.3,21.5,1.01,70.6,64.5,6.1,20.8,21.1,20.4
Venezuela,VE,2013,"29,886,014",1.35,33.9,2.42,74.2,17.1,0.99,53,43.8,9.2,26.9,27.6,26.3
Vietnam,VN,2013,"93,859,918",1.25,302.7,2.1,74.1,22.6,0.99,44.3,36,8.2,28.6,29.6,27.6
"Virgin Islands, British",VG,2013,"31,878",2.36,211.1,1.24,78.1,18.3,0.93,33.3,23.2,10.1,35.4,35.5,35.3
"Virgin Islands, U.S.",VI,2013,"108,041",-0.14,310.5,2.08,78.7,9.8,0.92,56.2,32.6,23.6,39.6,40.3,38.6
Wallis and Futuna,WF,2013,"15,478",0.32,109,1.77,78.6,5.4,1.05,48.4,35.8,12.6,29.6,30.5,28.9
Yemen,YE,2013,"26,051,911",2.58,49.3,4.51,65.7,58.7,1.01,83.5,77.9,5.6,18.4,18.7,18
Zambia,ZM,2013,"14,964,352",3.08,20.1,5.18,62.4,70.3,1,93.7,88.7,5,16.9,17,16.7
Zimbabwe,ZW,2013,"13,504,275",2.13,34.9,4.04,60.7,65.7,0.93,77,70.1,6.9,19.7,20.5,18.9
Gaza Strip,XG,2013,"1,660,336",3.02,"4,612.0",4.77,73.2,22.5,1.03,95.8,91.1,4.7,16.5,16.8,16.2
Kosovo,XK,2013,"1,847,268",0.61,169.7,2.16,70.8,43.7,1.06,50.5,40.2,10.3,27.3,27.8,27
Taiwan,TW,2013,"23,311,860",0.23,722.6,1.07,80,5.2,1,35.2,19.5,15.7,38.6,39.4,37.9
West Bank,XW,2013,"2,559,579",2.06,453.8,3.72,74.6,21.6,1.04,72.2,66.3,5.9,20,20.2,19.8
 -> 2014,,,--,--,--,--,--,--,--,--,--,--,--,--,--
 -> 2014 -> World,,,"7,288,380,944",--,55.3,--,--,--,1.01,53.1,40.4,12.7,--,--,--
Afghanistan,AF,2014,"37,677,454",3.25,57.8,5.6,63.5,72.9,1.04,92.9,87.8,5.1,16.8,16.9,16.7
Albania,AL,2014,"2,772,713",-0.44,101.2,1.51,76.5,16.9,0.95,45.4,28.9,16.5,31.8,33,30.5
Algeria,DZ,2014,"38,979,603",2.1,16.4,3.05,76.8,26.3,1.03,51.2,43.3,7.9,27.2,27.5,26.9
American Samoa,AS,2014,"53,078",-1.47,268.1,2.92,74.5,13.2,1.01,60.3,52,8.3,24,24.5,23.6
Andorra,AD,2014,"85,563",0.18,182.8,1.38,82.9,4.3,1.06,42.1,21.7,20.4,42.4,42.2,42.6
Angola,AO,2014,"26,577,321",4.43,21.3,6.22,60.4,95.7,0.94,103.6,98.9,4.8,15.7,16.1,15.2
Anguilla,AI,2014,"16,058",2.06,176.5,1.73,80.9,5,0.92,45.8,33.8,12,34.2,35.8,32.4
Antigua and Barbuda,AG,2014,"91,115",1.24,205.7,2.02,75.5,21.5,0.9,46.2,35.5,10.7,31.1,32.6,29.4
Argentina,AR,2014,"43,079,830",0.95,15.7,2.25,76.9,12.6,0.98,56.8,39.1,17.6,31.2,32.3,30
Armenia,AM,2014,"3,060,577",-0.13,108.5,1.64,74.1,16.4,0.93,42.1,27.2,14.9,33.7,35.8,31.8
Aruba,AW,2014,"110,627",1.37,614.6,1.84,76.2,16.8,0.9,42.8,25.3,17.5,38.8,40.6,37
Australia,AU,2014,"23,292,143",1.4,3,1.81,82.2,4.1,0.99,49.8,28.3,21.5,37.2,38.1,36.4
Austria,AT,2014,"8,626,595",0.88,104.6,1.46,81.7,4,0.96,48.8,21,27.8,43.4,44.3,42.3
Azerbaijan,AZ,2014,"9,881,865",1.28,119.6,2.18,74,13.6,0.99,42.9,34,8.8,29.7,31.4,28.2
"Bahamas, The",BS,2014,"370,158",1.16,37,1.69,74.5,14.3,0.87,49.2,40.6,8.6,26.8,26.7,27
Bahrain,BH,2014,"1,314,023",2.48,"1,729.0",1.81,78.6,13.9,1.54,28.9,25.4,3.5,31.6,28.8,33
Bangladesh,BD,2014,"152,955,073",1.02,"1,175.0",2.25,72.6,45.5,0.98,54,45.2,8.8,25.5,26.1,24.9
Barbados,BB,2014,"294,700",0.41,685.3,1.7,77,14,0.94,40.6,25.8,14.8,37.9,39,36.8
Belarus,BY,2014,"9,663,837",0.13,47.6,1.66,73.3,4.4,0.87,42.4,22.2,20.2,39.3,42.4,36.3
Belgium,BE,2014,"11,200,337",0.63,369.9,1.73,81.1,4.1,0.97,54.1,26.2,27.9,41.5,42.6,40.3
Belize,BZ,2014,"351,150",1.91,15.4,2.46,73.6,16.1,0.99,59.7,52.9,6.7,23.2,23.4,23
Benin,BJ,2014,"10,479,345",3.38,94.7,5.66,58.9,106.1,0.96,95,90.4,4.6,16.5,17.1,15.9
Bermuda,BM,2014,"69,906",0.52,"1,294.6",1.95,80.9,3.1,0.95,51.3,26.4,24.9,42.8,44.8,40.8
Bhutan,BT,2014,"796,913",1.16,20.8,2.02,69.1,49.3,1.09,50,41.4,8.6,25.9,25.4,26.4
Bolivia,BO,2014,"10,762,990",1.68,9.9,2.95,72,33.2,1,65.2,56,9.1,23.3,23.8,22.8
Bosnia and Herzegovina,BA,2014,"3,851,170",-0.28,75.2,1.11,76.7,5.9,0.95,36.4,18.2,18.2,41,42.3,39.6
Botswana,BW,2014,"2,112,235",1.61,3.7,2.71,61.5,43.5,0.94,62.3,54.2,8.1,23.4,24.4,22.4
Brazil,BR,2014,"204,830,402",0.87,24.5,1.78,74.8,18.7,0.97,45.1,33.8,11.2,30.9,31.7,30.1
Brunei,BN,2014,"422,308",1.64,80.2,1.82,76.7,14.3,0.99,39.2,33.5,5.6,29.3,29.6,29
Bulgaria,BG,2014,"7,228,135",-0.57,66.6,1.44,74.3,10.3,0.96,48.9,21.6,27.3,41.8,44,39.9
Burkina Faso,BF,2014,"17,615,511",2.93,64.3,5.31,60.3,102.7,0.95,96.8,90.4,6.4,16.8,17.8,15.8
Burma,MM,2014,"53,515,920",0.98,81.9,2.29,67,51.3,0.97,49.2,41.3,7.9,27.4,28.2,26.7
Burundi,BI,2014,"10,379,547",3,404.2,5.66,63.9,70.8,0.98,92.8,87.8,5,17,17.4,16.7
Cabo Verde,CV,2014,"537,942",1.38,133.4,2.34,71.5,34.9,0.94,55.3,47.4,7.9,24.1,24.9,23.3
Cambodia,KH,2014,"14,966,008",1.05,84.8,2.64,68.4,48.9,0.93,55.9,49.5,6.4,24.2,24.9,23.4
Cameroon,CM,2014,"23,398,896",3.36,49.5,4.84,58.3,93.6,0.99,86.6,81.1,5.6,18,18.2,17.7
Canada,CA,2014,"35,759,495",0.87,3.9,1.61,82.8,5.7,0.98,48,24,24.1,40.7,41.8,39.7
Cayman Islands,KY,2014,"54,841",2.16,207.7,1.86,80.7,10.4,0.95,41.6,26,15.6,39.5,40.1,38.9
Central African Republic,CF,2014,"4,910,238",-1.41,7.9,4.46,51.2,143.3,0.98,80.5,74,6.5,19.1,19.8,18.4
Chad,TD,2014,"13,887,656",3.54,11,6.34,55.8,133.9,0.97,105.7,100.8,4.8,15.4,16,14.9
Chile,CL,2014,"17,298,936",0.83,23.3,1.84,79,8.2,0.97,44.4,29.9,14.5,33.3,34.6,32.2
China,CN,2014,"1,374,339,848",0.63,147.4,1.71,76.5,11.5,1.05,38,24.8,13.2,36.3,37.2,35.3
Colombia,CO,2014,"44,901,421",0.63,43.2,1.97,76.9,16.1,0.96,49.8,37.8,12,29.1,30.2,27.9
Comoros,KM,2014,"771,754",1.89,345.3,3.76,64.7,92.5,0.95,82.2,75,7.3,19.3,19.9,18.6
Congo (Brazzaville),CG,2014,"4,740,537",2.77,13.9,4.37,70.6,56.3,0.99,81.1,74.1,7,19.6,19.8,19.4
Congo (Kinshasa),CD,2014,"83,589,544",3.39,36.9,6.24,58.1,104.2,1,96.1,91.2,4.8,16.5,16.7,16.4
Cook Islands,CK,2014,"10,100",-3.02,42.8,2.27,75.4,22.7,1.07,50.6,33.7,16.8,35,35.4,34.5
Costa Rica,CR,2014,"4,771,560",1.26,93.5,1.82,79.1,9.1,1.01,43.3,32.8,10.4,30.6,31.1,30.1
C“te d'Ivoire,CI,2014,"23,910,228",2.86,75.2,4.82,58.7,93.2,1.02,82.9,78.3,4.6,18.4,18.2,18.5
Croatia,HR,2014,"4,356,748",-0.49,77.8,1.37,77.7,5.5,0.93,46.4,21.1,25.2,42,44.1,40
Cuba,CU,2014,"11,252,725",0.06,102.5,1.68,78.1,5.6,1,44.8,24.6,20.3,40.4,41.3,39.4
Cura‡ao,CW,2014,"147,702",0.53,332.7,2.08,77.9,10.2,0.92,51.5,30.7,20.7,36.1,39.9,32.8
Cyprus,CY,2014,"1,172,653",1.48,126.9,1.46,78.3,11,1.05,36.7,21.4,15.3,35.7,37.4,34.4
Czechia,CZ,2014,"10,602,468",0.24,137.3,1.51,78.8,3,0.97,48.1,22.1,26,40.9,42.3,39.7
Denmark,DK,2014,"5,647,207",0.6,133.1,1.69,80.6,4.6,0.99,55,26.5,28.5,41.4,42.3,40.5
Djibouti,DJ,2014,"808,876",2.23,34.9,2.47,62.4,75.5,0.85,57.1,51.7,5.4,22.7,24.1,21.1
Dominica,DM,2014,"73,824",0.2,98.3,2.05,77.1,14.5,1.02,48.9,32.7,16.1,32.3,32.7,31.9
Dominican Republic,DO,2014,"9,912,674",1.09,205.1,2.37,70.1,30.5,1.03,53.6,45.3,8.3,25.9,26.1,25.8
Ecuador,EC,2014,"15,880,468",1.38,63.9,2.56,79.7,15.8,0.98,63.4,51.3,12.1,25.3,26.1,24.6
Egypt,EG,2014,"90,487,244",2.6,90.9,3.77,72.3,25.4,1.05,63.2,56.9,6.2,23.4,23.5,23.3
El Salvador,SV,2014,"6,251,109",0.21,301.7,2.16,73.4,15.9,0.93,56.2,45.9,10.3,24.9,26.4,23.4
Equatorial Guinea,GQ,2014,"1,203,614",4.77,42.9,4.82,62.9,112,1.07,78.4,69.9,8.5,20.7,20.9,20.6
Eritrea,ER,2014,"5,773,286",1.16,57.2,4.27,64.4,71.2,0.97,81.3,74.4,6.9,19.1,19.5,18.6
Estonia,EE,2014,"1,283,526",-0.21,30.3,1.56,76.5,3.8,0.87,52.6,24.3,28.3,41.4,44.8,38
Eswatini,SZ,2014,"1,049,981",0.88,61,2.88,53.9,76.1,0.9,63.9,57.8,6,22,22.7,21.2
Ethiopia,ET,2014,"91,946,018",2.96,83.8,4.57,64.5,67.6,1,79.5,73.9,5.6,19.2,19.4,19.1
Faroe Islands,FO,2014,"49,938",0.49,35.8,2.38,80,8.5,1.09,56.2,31.6,24.6,37.7,38.4,37.1
Fiji,FJ,2014,"902,596",0.69,49.4,2.51,72.1,20.6,1.03,51.4,42.3,9,28.1,28.3,27.9
Finland,FI,2014,"5,453,238",0.39,17.9,1.71,81,2.7,0.97,56.5,25.7,30.8,42.4,44.2,40.6
France,FR,2014,"66,293,132",0.44,103.5,2.06,82.5,4.2,0.96,58.8,29.6,29.2,40.9,42.4,39.3
French Polynesia,PF,2014,"279,909",0.96,73.1,1.95,76.8,14.6,1.05,44.8,34.2,10.6,30.7,30.8,30.7
Gabon,GA,2014,"1,874,420",3.41,7.3,3.74,65.5,59.3,1.07,75,68.1,6.9,19.7,19.6,19.8
"Gambia, The",GM,2014,"1,968,298",2.81,194.5,4.91,64.5,70.5,0.98,86.6,81.6,4.9,17.8,18.2,17.3
Georgia,GE,2014,"4,953,609",0.27,71.1,2.31,72.6,24.1,0.92,49.2,26.7,22.5,37.4,40.1,34.6
Germany,DE,2014,"82,375,634",0.5,236.3,1.47,81.3,3.9,0.97,51.8,19.9,32,45.9,47,44.8
Ghana,GH,2014,"27,349,575",2.63,120.2,4.18,66,57.6,0.94,76.4,68.9,7.5,20.6,21.4,19.7
Gibraltar,GI,2014,"29,066",0.25,"4,152.3",1.97,79.7,7.8,1.04,53.4,29.9,23.5,34.4,34.7,34.1
Greece,GR,2014,"10,801,129",-0.75,82.7,1.32,80.9,4.4,0.95,55.1,22.9,32.2,43.2,44.5,41.9
Greenland,GL,2014,"57,696",0.04,0,2.06,71.3,13.1,1.1,42.2,30.5,11.7,33.6,32.3,34.9
Grenada,GD,2014,"110,239",0.5,320.5,2.09,74,15.1,1.03,51.4,37,14.3,29.9,29.9,29.9
Guam,GU,2014,"165,864",0.35,304.9,3.02,75.8,10,1.06,56,44,12,28.7,29.4,28
Guatemala,GT,2014,"15,425,047",1.94,143.9,3.18,70.8,40.7,0.99,67.2,60.3,7,21.4,22,20.9
Guernsey,GG,2014,"65,946",0.38,845.5,1.55,82.7,4.1,0.99,49.2,21.7,27.5,43.2,44.2,42.1
Guinea,GN,2014,"10,631,947",2.7,43.3,5.08,59.9,96,1,83.8,76.9,6.9,18.9,19.1,18.7
Guinea-Bissau,GW,2014,"1,663,149",2.37,59.1,4.91,58.4,95.4,0.95,88.9,83.2,5.6,17.7,18.3,17
Guyana,GY,2014,"785,674",-0.12,4,2.22,69.9,33.9,1.04,55.7,47.6,8.1,25.4,25.5,25.2
Haiti,HT,2014,"10,099,756",1.19,366.5,3.13,63,71.8,0.97,64.2,57.8,6.4,21.7,21.9,21.5
Honduras,HN,2014,"8,561,345",1.21,76.5,2.76,73.2,19.7,0.95,66.5,58.9,7.6,21.9,22.6,21.1
Hong Kong,HK,2014,"7,112,284",0.41,"6,628.4",1.17,82.8,3.7,0.87,36.6,16.5,20.1,43.2,43.4,42.8
Hungary,HU,2014,"9,917,924",0.19,110.7,1.41,75.4,5.7,0.92,48.1,21.7,26.4,41.1,43.5,39.2
Iceland,IS,2014,"327,872",1.25,3.3,2.03,82.9,2.7,1.01,51.4,31,20.4,35.8,36.5,35.2
India,IN,2014,"1,282,483,039",1.19,431.3,2.33,69.1,45.9,1.06,52.4,43.2,9.2,26.5,27.2,25.9
Indonesia,ID,2014,"257,934,026",1.06,142.4,2.33,71,29.1,1,51.2,42,9.2,28.7,29.3,28.1
Iran,IR,2014,"78,790,170",1.55,51.4,1.99,73.7,19.9,1.03,40.7,33.6,7.1,28.8,29.1,28.6
Iraq,IQ,2014,"33,992,998",2.45,77.7,3.94,68.7,31.2,1.02,74.1,69.3,4.9,19.9,20.3,19.6
Ireland,IE,2014,"4,711,554",0.86,68.4,1.87,81.4,3.9,0.99,51.9,32.4,19.5,36.1,36.3,35.9
Isle of Man,IM,2014,"86,751",0.78,151.7,1.94,80.8,5.6,1,55.3,25.4,30,43.4,44.1,42.6
Israel,IL,2014,"7,948,689",1.84,369.8,3.13,82.2,4,1.01,63.4,46.1,17.3,29.4,30.1,28.8
Italy,IT,2014,"61,504,156",0.07,209.1,1.3,82.6,3.7,0.93,53.2,20.9,32.4,44.6,45.7,43.5
Jamaica,JM,2014,"2,818,580",-0.12,260.2,2.14,73.4,16.2,0.98,56.1,43.6,12.5,27.1,27.7,26.4
Japan,JP,2014,"126,845,084",-0.16,348,1.42,83.6,2.9,0.94,63.7,21.8,41.9,46,47.4,44.7
Jersey,JE,2014,"96,330",0.78,830.4,1.64,81.3,5.1,0.97,46.1,23.4,22.7,39.4,41.5,37.1
Jordan,JO,2014,"8,998,365",9.29,101.3,3.16,74.1,19.3,1.11,65.3,59.7,5.6,21.7,21.4,22
Kazakhstan,KZ,2014,"18,075,103",1.41,6.7,2.66,71.7,21.3,0.93,48.2,37.8,10.4,29.6,31.2,28.1
Kenya,KE,2014,"43,937,648",2.41,77.2,3.95,66.7,46.9,0.99,82.2,76,6.2,18.7,19.1,18.3
Kiribati,KI,2014,"104,608",1.16,129,2.56,65.3,51.2,0.96,54.7,48.5,6.2,23.6,24.5,22.8
"Korea, North",KP,2014,"24,939,114",0.58,207.1,1.94,71.1,24.4,0.94,45.5,31.2,14.3,33.4,35.1,31.9
"Korea, South",KR,2014,"50,839,247",0.61,524.5,1.2,82.5,3.6,1,36.9,19.3,17.5,40.4,41.7,39.1
Kuwait,KW,2014,"2,743,334",1.7,154,2.53,77.7,10.5,1.42,38.2,35.1,3.1,28.9,26.8,30.1
Kyrgyzstan,KG,2014,"5,603,761",1.04,29.2,2.68,70,34.8,0.96,53.1,45.6,7.5,25.7,26.7,24.7
Laos,LA,2014,"6,857,083",1.7,29.7,2.89,66.1,56.2,0.99,63.9,57.7,6.2,21.9,22.1,21.6
Latvia,LV,2014,"2,010,565",-0.77,32.3,1.61,73.8,5,0.85,50.1,22.1,27.9,42.6,45.9,38.9
Lebanon,LB,2014,"6,114,048",5.65,597.7,2.33,76.9,9,0.98,53.1,45.2,7.9,27,27.5,26.4
Lesotho,LS,2014,"2,063,598",0.85,68,3.25,53.5,90.4,0.97,68.7,59.9,8.8,22.6,23.1,22
Liberia,LR,2014,"4,265,488",2.15,44.3,4.75,57.4,91.3,1,83.6,78.3,5.4,18.1,18.1,18
Libya,LY,2014,"6,100,968",2.13,3.5,3.43,69.3,19.2,1.07,58.4,52.1,6.3,25.4,25.2,25.6
Liechtenstein,LI,2014,"37,314",0.82,233.2,1.69,81.7,5.3,0.99,46.5,23.1,23.4,42.4,43.5,41.3
Lithuania,LT,2014,"2,917,750",-0.76,46.5,1.63,74.6,5.1,0.85,51,22.6,28.4,42.7,45.9,39.1
Luxembourg,LU,2014,"558,429",2.38,215.9,1.55,82.9,3.7,1,46.9,25,21.9,39.4,40.1,38.7
Macau,MO,2014,"591,872",0.97,"21,138.3",1.07,84.5,5.6,0.91,31.4,19.4,12,37.6,37.3,38.2
Madagascar,MG,2014,"23,163,364",2.62,39.8,4.28,65.6,66.3,1,78.1,72.4,5.7,19.2,19.4,19
Malawi,MW,2014,"16,920,106",2.82,179.8,4.44,69.7,72,0.96,90.4,83.9,6.5,17.6,17.8,17.4
Malaysia,MY,2014,"30,819,786",1.39,93.8,2.09,75.5,8.5,1.06,44.9,36.5,8.4,27.8,27.9,27.7
Maldives,MV,2014,"393,335",-0.12,"1,319.9",1.76,75.2,40.1,1.29,33.5,27.7,5.8,27.1,26.8,27.3
Mali,ML,2014,"16,319,381",3.19,13.4,6.33,59.1,121.4,0.95,106.2,99.9,6.3,15.7,16.3,15
Malta,MT,2014,"430,028",0.92,"1,360.8",1.43,82,5.6,1,49,21.4,27.6,41,42.4,39.7
Marshall Islands,MH,2014,"70,832",1.71,391.3,3.22,72.5,32.1,1.04,66.3,60.5,5.8,22.7,22.7,22.7
Mauritania,MR,2014,"3,707,062",2.59,3.6,5.37,67.6,53.7,0.97,92.9,85.9,7,17.5,18.1,16.9
Mauritius,MU,2014,"1,293,747",0.22,637.3,1.33,75.5,13.9,0.96,38.8,26.9,11.9,34.6,35.5,33.8
Mexico,MX,2014,"120,751,101",1.23,62.1,2.15,74.9,15.8,0.96,52.5,42.7,9.7,27.3,28.1,26.4
"Micronesia, Federated States of",FM,2014,"105,566",-0.43,150.4,2.55,72.3,32.4,0.98,54.1,48.9,5.2,23.9,24.5,23.3
Moldova,MD,2014,"3,881,027",-0.87,118,1.23,69.3,16.8,0.93,36.3,22.2,14.2,35.4,37.5,33.5
Monaco,MC,2014,"30,535",0.09,"15,267.5",1.48,89.6,2,0.95,69.2,20.4,48.9,50.6,51.6,49.8
Mongolia,MN,2014,"2,998,335",2.03,1.9,3.12,69.7,23.5,0.97,47.4,41.5,5.9,26.6,27.4,25.9
Montenegro,ME,2014,"620,897",-0.14,46.2,1.78,76.6,5.7,0.98,48,27.9,20.1,37.6,39.1,36.1
Montserrat,MS,2014,"5,211",0.48,51.1,1.26,73.9,15.5,1,31,23,8,31.4,32,30.9
Morocco,MA,2014,"33,823,667",1.13,47.2,2.47,71.5,28.2,0.99,52.6,43.5,9.1,27.2,27.6,26.7
Mozambique,MZ,2014,"25,695,578",2.68,32.7,5.42,52.3,122.8,0.96,96.3,90.3,5.9,16.8,17.5,16
Namibia,NA,2014,"2,340,618",2.04,2.8,3.5,62.8,57.4,0.95,73.1,66,7.1,20.6,21.3,19.8
Nauru,NR,2014,"9,446",0.53,449.8,2.93,65.3,11.9,0.97,52.2,49.3,2.9,25.3,25.8,24.9
Nepal,NP,2014,"28,291,654",1.31,197.4,2.31,70.1,38.7,0.94,59.4,51.8,7.6,22.8,23.8,21.7
Netherlands,NL,2014,"16,822,334",0.42,496.3,1.72,81.6,4.3,0.98,52.6,25.6,26.9,42.2,43,41.3
New Caledonia,NC,2014,"267,874",1.42,14.7,1.99,77.3,10.3,1,47.3,34.7,12.6,31.1,31.7,30.5
New Zealand,NZ,2014,"4,442,509",1.77,16.8,1.99,81.4,4.7,1,52.9,31.1,21.8,37.3,38.2,36.3
Nicaragua,NI,2014,"5,976,874",1.31,49.8,2.11,73.6,21.8,0.96,53.1,46.1,7,24,24.8,23.2
Niger,NE,2014,"18,176,446",3.78,14.3,7.6,56.9,123.5,0.98,120.4,114.4,6,14.2,14.6,13.9
Nigeria,NG,2014,"184,193,052",2.52,202.2,5.13,56.9,112,1.02,87.9,81.9,5.9,17.9,18.2,17.7
North Macedonia,MK,2014,"2,099,581",0.27,82.6,1.5,75.3,10.8,0.99,41.1,24,17.1,36.9,37.9,35.9
Northern Mariana Islands,MP,2014,"53,069",-0.38,112.4,2.89,74.7,17,1.14,48.2,42,6.3,33.9,34.4,33.4
Norway,NO,2014,"5,140,118",1.11,16.9,1.77,82.1,2.9,1.01,52.2,27.6,24.6,39.1,39.9,38.3
Oman,OM,2014,"3,212,578",2.05,10.4,2.86,75,22.9,1.2,50.3,45.3,5,25,23.5,26.2
Pakistan,PK,2014,"206,054,670",2.13,267.3,4.1,67.1,84.1,1.04,72.5,65.3,7.2,21,21,20.9
Palau,PW,2014,"21,093",0.31,46,1.71,72.5,16.2,1.11,36.9,27.5,9.5,33.3,34.2,32.8
Panama,PA,2014,"3,716,141",1.74,50,2.59,77.6,18.9,1.01,55.4,42.6,12.8,28.5,28.9,28.2
Papua New Guinea,PG,2014,"7,847,820",2.63,17.3,4.37,66.9,50.8,1.04,71.5,66,5.5,20.6,20.6,20.5
Paraguay,PY,2014,"6,699,944",1.2,16.9,1.96,76.7,35.5,1.01,48.5,38.6,10,26.9,27.1,26.7
Peru,PE,2014,"29,936,720",0.42,23.4,2.47,76.1,16.5,0.98,55.2,44.1,11,27.3,27.9,26.7
Philippines,PH,2014,"100,125,736",1.71,335.8,2.96,70.6,30.1,1.01,62.1,54.9,7.2,23.3,23.8,22.8
Poland,PL,2014,"38,579,185",-0.08,126.8,1.29,77.3,5.3,0.94,42.4,20.9,21.6,39.5,41.3,37.8
Portugal,PT,2014,"10,477,254",-0.51,114.5,1.24,80.6,3.5,0.91,51,22.5,28.6,41.9,43.9,40
Puerto Rico,PR,2014,"3,534,091",-1.72,398.5,1.43,79.5,7.4,0.92,53.5,27,26.5,39.3,41.1,37.4
Qatar,QA,2014,"2,124,222",3.59,183.3,1.93,78.3,10.9,3.37,15.4,14.4,1,32.6,28,33.7
Romania,RO,2014,"20,016,775",-0.68,87.1,1.56,75.3,9.3,0.95,49.6,23,26.6,41.1,42.8,39.6
Russia,RU,2014,"143,933,363",0.11,8.8,1.75,70.7,8.9,0.86,42.4,23.3,19.1,39,42,36.1
Rwanda,RW,2014,"11,148,366",2.7,451.9,4.22,63.3,45.3,0.95,80.8,76.5,4.2,18.5,19.4,17.7
Saint Barthelemy,BL,2014,"7,268",-0.4,290.7,1.63,79.2,9.4,1.13,47,26.1,20.9,42.4,42.3,42.5
"Saint Helena, Ascension, and Tristan da Cunha",SH,2014,"7,797",0.32,19.8,1.58,79.1,26.6,1.02,44.2,24.2,20,40.6,40.4,40.7
Saint Kitts and Nevis,KN,2014,"51,512",0.78,197.4,1.78,75.2,18,1,41.6,30.3,11.4,33.6,33.4,33.7
Saint Lucia,LC,2014,"162,956",0.34,268.9,1.77,77,15.6,0.95,46.2,31,15.3,32.8,34,31.7
Saint Martin,MF,2014,"31,514",0.78,583.6,1.81,79.2,9.4,0.93,50.5,40,10.5,31.8,32.7,30.8
Saint Pierre and Miquelon,PM,2014,"5,751",-1.01,23.8,1.56,80.5,10.3,0.97,52.3,24.6,27.7,44.7,45.1,44.4
Saint Vincent and the Grenadines,VC,2014,"102,791",-0.29,264.2,1.84,74.6,22.2,1.03,45.7,33.2,12.5,31.9,31.8,32.1
Samoa,WS,2014,"196,617",0.58,69.7,2.94,73.2,26.9,1.05,63.3,54.5,8.9,23.1,23.4,22.9
San Marino,SM,2014,"32,729",0.88,536.5,1.48,82.9,8,0.94,53.1,24.4,28.7,43.6,44.4,42.6
Sao Tome and Principe,ST,2014,"190,241",1.87,197.3,4.67,64.3,79.6,1,86.5,80.9,5.6,17.8,18.3,17.4
Saudi Arabia,SA,2014,"30,801,971",2.03,14.3,2.29,74.8,16.7,1.29,43.3,39.2,4.1,28,25.7,29.9
Senegal,SN,2014,"14,315,564",3.05,74.4,5.05,67.4,55.2,0.96,88.4,82.8,5.6,17.8,18.7,16.9
Serbia,RS,2014,"7,089,319",-0.49,91.5,1.44,74.8,6.7,0.95,46.9,21.9,25,42,43.6,40.5
Seychelles,SC,2014,"91,306",0.87,200.7,1.88,73.7,19,1.05,39,29,10,33.9,34.4,33.4
Sierra Leone,SL,2014,"6,934,399",3.07,96.8,4.68,54.2,129.9,0.97,84.8,79.4,5.5,18,18.5,17.6
Singapore,SG,2014,"5,447,896",1.2,"7,683.9",1.25,84.4,2.2,0.99,35.1,23.3,11.8,34.7,35.4,34.1
Sint Maarten,SX,2014,"40,380",1.52,"1,187.6",2.08,78.8,9.4,0.98,34.8,25.4,9.4,40.1,40.9,39.4
Slovakia,SK,2014,"5,451,848",0.1,113.3,1.4,77,6.3,0.94,40.9,21.4,19.5,39.2,41,37.5
Slovenia,SI,2014,"2,097,580",0.09,104.1,1.56,80.7,4,0.99,47.8,21.3,26.5,42.9,44.8,41.2
Solomon Islands,SB,2014,"605,109",2.04,21.6,3.36,74.9,30.4,1.04,67,59.8,7.2,21.9,22.1,21.7
Somalia,SO,2014,"13,680,143",3.94,21.8,7.01,54.8,138.8,1,99,95.2,3.8,15.9,16.2,15.6
South Africa,ZA,2014,"54,051,691",1.27,44.5,2.43,67.3,36.5,0.97,48.9,39.9,9,27.3,27.7,27
South Sudan,SS,2014,"11,266,497",-2.03,17.5,5.7,46.7,123.7,1.04,94.9,90.3,4.6,16.6,16.5,16.6
Spain,ES,2014,"46,151,087",-0.14,92.5,1.37,82.5,3.5,0.96,50.3,22.8,27.5,42.3,43.5,41.1
Sri Lanka,LK,2014,"20,834,529",-0.53,322.4,2.28,75.4,9.4,0.95,52.6,39.4,13.2,31.7,32.6,30.7
Sudan,SD,2014,"38,252,912",2.99,20.5,5.1,64.4,74.4,1.02,92.4,86.6,5.9,17.2,17.4,17.1
Suriname,SR,2014,"570,919",1.45,3.7,2.18,70.9,43.8,0.98,47.6,39,8.6,28.5,29.2,27.7
Sweden,SE,2014,"9,736,574",1.04,23.7,1.87,82.2,2.6,1,58.1,26.8,31.4,41.1,42.2,40.1
Switzerland,CH,2014,"8,212,709",0.86,205.3,1.52,83,4.4,0.98,48,21.9,26.1,42.2,43.1,41.3
Syria,SY,2014,"19,469,277",-5.95,104.7,3.3,63,23,1.02,65.3,58.6,6.7,22,22.2,21.8
Tajikistan,TJ,2014,"8,304,941",2.64,58.7,3.8,69.2,38.4,1.01,63.5,58.3,5.2,22.8,23.2,22.5
Tanzania,TZ,2014,"49,701,381",3.31,56.1,4.96,63.7,61.8,1,87.9,82.3,5.6,17.8,18.1,17.6
Thailand,TH,2014,"67,760,535",0.47,132.6,1.54,75.2,11,0.96,38.8,25.1,13.8,36.8,37.7,35.8
Timor-Leste,TL,2014,"1,173,398",1.98,78.9,4.42,64,69.8,1,79.1,72.3,6.8,19.4,20.2,18.7
Togo,TG,2014,"6,902,009",2.74,126.9,4.63,67.5,79.2,0.96,79.6,72.8,6.7,19.9,20.6,19.2
Tonga,TO,2014,"106,416",0.08,148.4,3.36,76,16.8,1.01,72,61.1,10.9,22.1,22.6,21.7
Trinidad and Tobago,TT,2014,"1,347,437",0.49,262.8,1.83,74,22.4,1.01,43.8,29.7,14.1,33.8,34.1,33.5
Tunisia,TN,2014,"11,032,489",1.19,71,2.4,75,16.1,0.99,46.7,35.9,10.7,30.5,31,29.9
Turkey,TR,2014,"78,354,942",1.31,101.8,2.08,74.1,27.3,1.02,48.4,38.2,10.2,29.8,30.2,29.4
Turkmenistan,TM,2014,"5,169,200",1.13,11,2.1,69.5,55.7,0.98,43.8,37.5,6.3,26.8,27.2,26.4
Turks and Caicos Islands,TC,2014,"49,157",2.61,51.9,1.7,81.2,13.5,1.02,35.8,29.9,5.9,31.9,31.6,32.3
Tuvalu,TV,2014,"10,792",0.8,415.1,3.03,65.8,57.3,0.97,53.6,45.2,8.4,25,26.5,23.8
Uganda,UG,2014,"34,909,711",3.44,177.1,6.01,64.7,59,0.94,110.5,105.2,5.4,15,15.8,14.3
Ukraine,UA,2014,"44,939,342",-1.72,77.6,1.51,71.2,10.1,0.86,43.8,21.5,22.4,39.9,43.1,36.8
United Arab Emirates,AE,2014,"9,170,474",1.59,109.7,1.66,78.1,6.6,2.74,18.6,17.5,1,33.2,28.9,34.4
United Kingdom,GB,2014,"64,346,449",0.82,266,1.87,81.3,4.5,0.99,53.9,26.8,27.1,40.2,41.3,39.1
United States,US,2014,"318,386,329",0.75,34.8,--,--,--,0.97,50.8,28.9,21.9,37.7,39,36.3
Uruguay,UY,2014,"3,405,072",0.5,19.5,1.99,76.8,10.4,0.94,53.7,32.6,21.2,34.9,36.4,33.3
Uzbekistan,UZ,2014,"30,540,354",1.73,71.8,2.48,74.5,25.7,1,48.4,41.3,7.1,26.3,26.9,25.7
Vanuatu,VU,2014,"266,682",2,21.9,3.36,72.7,20.9,1,69.3,63.1,6.2,21.1,21.4,20.7
Venezuela,VE,2014,"30,200,922",0.75,34.2,2.41,74.2,17.3,0.99,52.8,43.2,9.5,27.3,27.9,26.6
Vietnam,VN,2014,"95,031,568",1.23,306.5,2.09,74.3,22.2,0.99,44.2,35.9,8.3,29,30,28
"Virgin Islands, British",VG,2014,"32,631",2.31,216.1,1.25,78.3,18,0.92,33.5,22.9,10.6,35.7,35.8,35.6
"Virgin Islands, U.S.",VI,2014,"107,882",-0.15,310,2.09,78.8,9.7,0.92,57.4,32.6,24.8,40,40.8,39
Wallis and Futuna,WF,2014,"15,527",0.32,109.3,1.76,78.8,5.2,1.05,47.6,34.6,13,30.2,31.1,29.5
Yemen,YE,2014,"26,734,619",2.6,50.6,4.44,65.7,58.7,1.01,82.5,76.9,5.6,18.5,18.9,18.2
Zambia,ZM,2014,"15,433,003",3.09,20.8,5.11,63.1,67.3,1,93,88,5,17,17.1,16.8
Zimbabwe,ZW,2014,"13,791,770",2.08,35.7,4.02,61.4,63.2,0.93,76.4,69.6,6.8,19.8,20.5,19
Gaza Strip,XG,2014,"1,709,702",2.84,"4,749.2",4.59,70.3,25,1.03,94,89.3,4.7,16.7,17,16.4
Kosovo,XK,2014,"1,858,674",0.62,170.7,2.13,71.1,41.7,1.06,49.8,39.4,10.3,27.8,28.2,27.4
Taiwan,TW,2014,"23,369,760",0.27,724.4,1.17,79.8,5.3,1,35.3,19,16.3,39.1,39.9,38.4
West Bank,XW,2014,"2,613,511",2.11,463.4,3.74,74.7,21.2,1.04,71.1,65.2,5.9,20.2,20.4,20
 -> 2015,,,--,--,--,--,--,--,--,--,--,--,--,--,--
 -> 2015 -> World,,,"7,373,934,264",--,56,--,--,--,1.01,53.2,40.2,13,--,--,--
Afghanistan,AF,2015,"38,887,370",3.08,59.6,5.33,63.9,70.2,1.03,91.2,86.1,5.1,17,17.1,17
Albania,AL,2015,"2,759,679",-0.5,100.7,1.39,75.8,18,0.95,44.8,28,16.8,32.2,33.5,30.9
Algeria,DZ,2015,"39,806,186",2.1,16.7,3.11,77.1,25.6,1.03,52.7,44.5,8.2,27.4,27.7,27.1
American Samoa,AS,2015,"52,268",-1.61,264,2.93,72.3,15.7,1.01,59,50.3,8.6,24.5,25,24.1
Andorra,AD,2015,"85,690",0.12,183.1,1.38,83,4.3,1.06,42.5,21.4,21.1,43,42.8,43.2
Angola,AO,2015,"27,668,801",3.64,22.2,6.14,61.1,89.8,0.94,103.7,99,4.8,15.6,16.1,15.1
Anguilla,AI,2015,"16,390",2.03,180.1,1.73,81.1,4.9,0.92,45.3,33,12.2,34.4,36.1,32.6
Antigua and Barbuda,AG,2015,"92,246",1.23,208.2,2.02,75.8,20.9,0.9,45.6,34.6,11,31.4,32.9,29.7
Argentina,AR,2015,"43,469,332",0.86,15.9,2.16,76.8,12.7,0.98,56.6,38.8,17.8,31.4,32.5,30.2
Armenia,AM,2015,"3,056,294",-0.15,108.4,1.64,74.4,16.1,0.94,42.4,27.1,15.2,34.2,36.1,32.3
Aruba,AW,2015,"112,135",1.34,623,1.84,76.4,16.4,0.9,43.5,25.3,18.2,39,40.8,37.2
Australia,AU,2015,"23,618,255",1.39,3.1,1.82,82.1,3.9,0.99,50.4,28.4,22,37.3,38.2,36.5
Austria,AT,2015,"8,721,680",1.31,105.8,1.48,81.3,4.1,0.96,48.9,20.9,28,43.4,44.4,42.4
Azerbaijan,AZ,2015,"10,006,766",1.23,121.1,2.12,75,12.9,0.99,43.5,34.5,9,30,31.7,28.5
"Bahamas, The",BS,2015,"374,257",1.05,37.4,1.57,74.6,14,0.87,48,39.3,8.7,27,26.9,27.1
Bahrain,BH,2015,"1,346,509",2.4,"1,771.7",1.78,78.8,13.8,1.54,28.6,25,3.6,31.9,29.1,33.3
Bangladesh,BD,2015,"154,500,279",0.99,"1,186.9",2.21,72.9,44.4,0.98,53,44,9,25.9,26.5,25.2
Barbados,BB,2015,"295,878",0.39,688.1,1.7,77.2,13.8,0.94,41,25.6,15.4,38.3,39.4,37.2
Belarus,BY,2015,"9,678,951",0.18,47.7,1.69,73.9,3.7,0.87,43.5,22.7,20.7,39.5,42.6,36.5
Belgium,BE,2015,"11,270,368",0.62,372.2,1.69,81,3.9,0.97,54.6,26.3,28.3,41.6,42.8,40.4
Belize,BZ,2015,"358,099",2.01,15.7,2.4,73.7,15.5,0.99,58.3,51.5,6.8,23.6,23.8,23.4
Benin,BJ,2015,"10,841,374",3.41,98,5.67,59.4,103.2,0.96,94.2,89.7,4.6,16.6,17.2,16
Bermuda,BM,2015,"70,260",0.49,"1,301.1",1.95,81,3.1,0.95,52.1,26.3,25.8,43,45.1,40.9
Bhutan,BT,2015,"806,078",1.13,21,1.97,69.6,46.5,1.09,48.9,40.2,8.7,26.4,25.9,26.9
Bolivia,BO,2015,"10,942,240",1.63,10.1,2.88,72.4,31.4,1,64.4,55.1,9.3,23.6,24.1,23.1
Bosnia and Herzegovina,BA,2015,"3,839,124",-0.35,75,1.11,76.4,7,0.95,36.7,17.8,18.8,41.5,42.8,40
Botswana,BW,2015,"2,146,296",1.59,3.8,2.64,62.3,41.4,0.93,61.2,53.1,8.2,23.8,24.8,22.8
Brazil,BR,2015,"206,626,819",0.88,24.7,1.8,75.1,17.9,0.97,44.6,33,11.6,31.3,32.2,30.5
Brunei,BN,2015,"429,258",1.62,81.5,1.8,76.9,14,0.98,38.8,32.9,5.9,29.6,30,29.3
Bulgaria,BG,2015,"7,186,710",-0.58,66.2,1.45,74.4,10.3,0.95,49.8,21.8,28,42.1,44.2,40.2
Burkina Faso,BF,2015,"18,134,977",2.89,66.2,5.16,60.7,99.6,0.95,95.6,89.3,6.3,16.9,17.9,16
Burma,MM,2015,"54,046,611",0.99,82.7,2.23,67.4,49.9,0.97,48.6,40.7,7.9,27.7,28.5,26.9
Burundi,BI,2015,"10,576,586",0.78,411.9,5.52,64.4,68.4,0.98,92.1,87,5.1,17.1,17.5,16.8
Cabo Verde,CV,2015,"545,302",1.34,135.2,2.29,71.8,34.1,0.94,54,46.1,7.9,24.5,25.4,23.7
Cambodia,KH,2015,"15,168,983",1.64,85.9,2.61,68.8,46.9,0.93,56,49.5,6.5,24.6,25.3,23.8
Cameroon,CM,2015,"24,155,633",3.02,51.1,4.81,59,90.8,0.99,86.3,80.7,5.6,18,18.3,17.7
Canada,CA,2015,"36,080,407",0.91,4,1.59,82.9,5.3,0.98,48.9,24,24.9,40.9,42,39.9
Cayman Islands,KY,2015,"56,027",2.12,212.2,1.86,80.8,10.2,0.95,42.3,25.9,16.3,39.7,40.3,39.1
Central African Republic,CF,2015,"4,900,242",1,7.9,4.41,51.5,141.1,0.99,80.1,73.7,6.5,19.1,20,18.3
Chad,TD,2015,"14,349,217",3,11.4,6.23,56.2,130.8,0.97,105.1,100.3,4.8,15.5,16.1,14.9
Chile,CL,2015,"17,458,860",1.01,23.5,1.83,79.3,8,0.97,44.5,29.6,14.9,33.7,34.9,32.6
China,CN,2015,"1,382,290,295",0.52,148.2,1.58,76.9,10.6,1.05,38.9,25,13.9,36.6,37.6,35.6
Colombia,CO,2015,"45,166,122",0.55,43.5,1.97,77.3,15.6,0.96,49.5,37.1,12.4,29.5,30.6,28.3
Comoros,KM,2015,"786,044",1.79,351.7,3.6,65,90.6,0.94,80.5,73.2,7.3,19.5,20.2,18.8
Congo (Brazzaville),CG,2015,"4,866,928",2.5,14.3,4.32,70.7,55.1,0.99,80.8,73.7,7,19.7,19.9,19.5
Congo (Kinshasa),CD,2015,"86,458,286",3.36,38.1,6.09,58.5,101.2,1,96,91.2,4.8,16.5,16.7,16.4
Cook Islands,CK,2015,"9,802",-2.96,41.5,2.23,75.6,22.3,1.07,50.1,32.6,17.5,35.8,36.2,35.3
Costa Rica,CR,2015,"4,832,170",1.27,94.6,1.81,79.4,8.7,1.01,43,32.2,10.8,31,31.6,30.6
C“te d'Ivoire,CI,2015,"24,593,914",2.78,77.3,4.76,59.3,90.2,1.02,82.4,77.8,4.6,18.4,18.3,18.5
Croatia,HR,2015,"4,328,678",-0.8,77.3,1.31,77.2,4.8,0.93,47.2,21.1,26.1,42.3,44.3,40.3
Cuba,CU,2015,"11,250,645",-0.1,102.4,1.73,77.9,5.8,0.99,45.1,24.3,20.7,40.8,41.8,39.7
Cura‡ao,CW,2015,"148,412",0.43,334.3,2.07,78.1,10,0.92,52.4,30.9,21.6,36,39.9,33
Cyprus,CY,2015,"1,189,441",1.43,128.7,1.46,78.5,10.8,1.05,37.1,21.4,15.7,36.1,37.7,34.8
Czechia,CZ,2015,"10,623,181",0.15,137.5,1.56,78.6,3,0.97,49.6,22.6,27,41.3,42.7,40.1
Denmark,DK,2015,"5,688,232",0.85,134,1.71,80.7,4.1,0.99,55.2,26.2,29,41.5,42.5,40.6
Djibouti,DJ,2015,"826,935",2.19,35.7,2.39,62.8,73.7,0.85,55.7,50.2,5.5,23.1,24.5,21.5
Dominica,DM,2015,"73,968",0.19,98.5,2.04,77.2,14.4,1.02,48.8,32.5,16.3,32.8,33.2,32.3
Dominican Republic,DO,2015,"10,019,060",1.05,207.3,2.33,70.3,29.7,1.03,53,44.4,8.5,26.2,26.4,26.1
Ecuador,EC,2015,"16,097,174",1.34,64.8,2.53,80.2,15.3,0.98,62.6,50.3,12.3,25.6,26.4,24.8
Egypt,EG,2015,"92,844,967",2.54,93.3,3.77,72.6,24.8,1.05,64.1,57.7,6.4,23.4,23.5,23.3
El Salvador,SV,2015,"6,276,675",0.6,302.9,2.06,73.7,15.3,0.93,54.9,44.4,10.5,25.4,26.9,23.9
Equatorial Guinea,GQ,2015,"1,261,803",4.67,45,4.75,63,111.3,1.08,77.6,69.2,8.5,20.8,20.9,20.8
Eritrea,ER,2015,"5,829,912",0.79,57.7,4.16,64.7,69.6,0.97,81,74,7,19.2,19.7,18.8
Estonia,EE,2015,"1,282,730",0.08,30.3,1.62,77,3.5,0.87,53.7,24.7,29,41.6,45,38.2
Eswatini,SZ,2015,"1,059,240",0.87,61.6,2.8,54.9,71.7,0.9,63.5,57.4,6,22.3,23,21.5
Ethiopia,ET,2015,"94,627,302",2.79,86.3,4.49,65.1,64.1,1,79.1,73.4,5.7,19.3,19.5,19.2
Faroe Islands,FO,2015,"50,187",0.51,36,2.37,80.2,8.4,1.09,56.8,31.5,25.3,37.7,38.4,37.1
Fiji,FJ,2015,"908,719",0.66,49.7,2.47,72.4,20.1,1.03,51.6,42.2,9.4,28.4,28.6,28.3
Finland,FI,2015,"5,471,478",0.28,18,1.65,81.3,2.1,0.97,57.7,25.8,31.9,42.5,44.3,40.7
France,FR,2015,"66,561,235",0.37,103.9,2.02,82.2,4.3,0.96,59.8,29.7,30.1,41.2,42.7,39.5
French Polynesia,PF,2015,"282,554",0.93,73.8,1.92,77,14.3,1.05,44.5,33.5,11,31.2,31.2,31.1
Gabon,GA,2015,"1,937,851",3.25,7.5,3.68,66.2,56.6,1.08,74.1,67.2,6.8,19.9,19.7,20
"Gambia, The",GM,2015,"2,023,672",2.74,200,4.77,64.8,69,0.98,85.5,80.4,5.1,17.9,18.4,17.5
Georgia,GE,2015,"4,967,831",0.3,71.3,2.31,72.8,23.7,0.92,50.4,27.6,22.8,37.3,40,34.5
Germany,DE,2015,"83,106,944",1.27,238.4,1.5,81,4,0.97,52.3,20,32.3,46.1,47.2,44.9
Ghana,GH,2015,"28,062,643",2.52,123.3,4.05,66.5,54.9,0.95,76.3,68.8,7.5,20.6,21.5,19.7
Gibraltar,GI,2015,"29,137",0.24,"4,162.4",1.96,79.7,7.8,1.04,54.2,30,24.2,34.6,34.9,34.3
Greece,GR,2015,"10,728,157",-0.61,82.1,1.35,80.6,4.4,0.94,55.8,22.8,33,43.7,45,42.4
Greenland,GL,2015,"57,719",0.04,0,2.03,71.6,12.8,1.1,42.5,30.4,12.1,33.7,32.4,34.9
Grenada,GD,2015,"110,779",0.48,322,2.06,74.2,14.9,1.03,51.4,36.8,14.6,30.4,30.5,30.4
Guam,GU,2015,"166,404",0.3,305.9,3.04,75.4,15.5,1.06,56.2,43.7,12.5,28.8,29.5,28.1
Guatemala,GT,2015,"15,720,815",1.86,146.7,3.1,71,39.8,0.99,66.2,59.2,7.1,21.7,22.3,21.2
Guernsey,GG,2015,"66,187",0.35,848.6,1.55,82.7,4,0.99,50.1,21.7,28.3,43.4,44.5,42.3
Guinea,GN,2015,"10,924,380",2.73,44.5,5.07,60.5,92.3,1,83.6,76.7,6.9,18.9,19.2,18.7
Guinea-Bissau,GW,2015,"1,703,262",2.4,60.6,4.91,59,91.2,0.95,88.5,82.9,5.6,17.7,18.3,17
Guyana,GY,2015,"785,140",-0.02,4,2.18,70.1,33.1,1.04,53.5,45.1,8.4,25.7,25.9,25.6
Haiti,HT,2015,"10,307,863",2.87,374,3.04,63.4,69.4,0.97,62.8,56.4,6.4,22,22.3,21.8
Honduras,HN,2015,"8,684,795",1.65,77.6,2.72,73.4,19.4,0.95,64.8,57,7.8,22.2,23,21.4
Hong Kong,HK,2015,"7,140,437",0.38,"6,654.6",1.18,82.8,3.7,0.87,37.8,16.7,21.1,43.6,44,43
Hungary,HU,2015,"10,002,058",1.5,111.6,1.44,75.3,5.8,0.93,49.4,22.2,27.2,41.6,43.8,39.8
Iceland,IS,2015,"331,919",1.21,3.3,2.02,83,2.7,1.01,51.9,31,20.9,36,36.7,35.5
India,IN,2015,"1,297,588,343",1.16,436.4,2.3,69.5,43.3,1.06,51.7,42.3,9.4,26.9,27.5,26.3
Indonesia,ID,2015,"260,617,061",1.01,143.9,2.28,71.2,28,1,50.5,41.3,9.2,28.9,29.6,28.3
Iran,IR,2015,"79,939,283",1.35,52.2,1.98,73.9,19.5,1.03,41.1,33.9,7.2,29.3,29.5,29.1
Iraq,IQ,2015,"34,813,806",2.32,79.6,3.8,69.3,30.1,1.02,73.2,68.3,4.9,20.1,20.5,19.8
Ireland,IE,2015,"4,756,303",1.03,69,1.83,81.6,3.9,0.99,52.4,32.4,20,36.5,36.7,36.3
Isle of Man,IM,2015,"87,418",0.75,152.8,1.94,80.9,5.5,1,56.1,25.5,30.7,43.6,44.4,42.9
Israel,IL,2015,"8,095,117",1.81,376.6,3.12,82.1,4.1,1.01,63.9,46.2,17.7,29.5,30.1,28.9
Italy,IT,2015,"61,512,589",-0.05,209.1,1.28,82,3.9,0.93,53.6,20.8,32.9,45,46.1,43.9
Jamaica,JM,2015,"2,815,763",-0.08,260,2.12,73.6,15.8,0.98,55.3,42.6,12.7,27.5,28.1,26.8
Japan,JP,2015,"126,656,703",-0.13,347.5,1.45,83.8,2.8,0.94,65.5,21.9,43.6,46.4,47.7,45.1
Jersey,JE,2015,"97,084",0.78,836.9,1.65,81.4,5,0.97,46.5,23.4,23.1,39,41.3,36.6
Jordan,JO,2015,"9,677,380",5.4,109,3.17,74.3,18.9,1.12,64.2,58.7,5.5,21.9,21.5,22.2
Kazakhstan,KZ,2015,"18,329,222",1.38,6.8,2.65,72.4,19.4,0.93,49.8,39,10.8,29.8,31.4,28.3
Kenya,KE,2015,"44,998,747",2.37,79.1,3.83,66.9,46,0.99,80.6,74.5,6.1,18.8,19.2,18.5
Kiribati,KI,2015,"105,813",1.13,130.5,2.48,65.6,50,0.96,53.1,46.8,6.3,24,24.9,23.1
"Korea, North",KP,2015,"25,084,039",0.58,208.3,1.92,71.6,23.5,0.94,45.4,30.7,14.6,33.7,35.3,32.1
"Korea, South",KR,2015,"51,105,064",0.44,527.3,1.24,82.8,3.4,1,36.9,18.8,18.1,41,42.3,39.6
Kuwait,KW,2015,"2,789,302",1.62,156.5,2.49,77.9,10.3,1.41,38.2,35,3.2,29.1,27,30.2
Kyrgyzstan,KG,2015,"5,664,323",1.11,29.5,2.66,70.3,34,0.96,53.6,45.9,7.7,26,27,25
Laos,LA,2015,"6,973,535",1.67,30.2,2.82,66.5,53.6,0.99,62.4,56.1,6.2,22.2,22.5,21.9
Latvia,LV,2015,"1,994,309",-0.86,32,1.66,74.2,4.9,0.85,51.4,22.7,28.6,42.8,46.2,39.1
Lebanon,LB,2015,"6,258,586",-0.9,611.8,2.32,77,8.9,0.98,52.6,44.6,8,27.2,27.7,26.7
Lesotho,LS,2015,"2,080,628",0.8,68.5,3.2,54.3,86.3,0.97,68.6,59.6,9,22.6,23.2,22.1
Liberia,LR,2015,"4,367,286",2.56,45.3,4.68,60.3,88,1,82.5,77,5.5,18.3,18.3,18.2
Libya,LY,2015,"6,227,706",1.98,3.5,3.39,69.9,18.5,1.06,59.1,52.8,6.4,25.5,25.3,25.7
Liechtenstein,LI,2015,"37,625",0.84,235.2,1.69,81.7,5.2,0.99,47.1,22.9,24.3,42.7,43.8,41.5
Lithuania,LT,2015,"2,890,293",-1.13,46.1,1.71,74.8,5.3,0.85,51.6,22.7,29,43,46.2,39.3
Luxembourg,LU,2015,"571,709",2.33,221.1,1.52,83,3.1,1.01,46.6,24.6,22,39.4,40.1,38.8
Macau,MO,2015,"597,628",0.96,"21,343.9",1.09,84.5,5.6,0.91,32.1,19.5,12.6,38.1,37.8,38.6
Madagascar,MG,2015,"23,772,723",2.58,40.9,4.2,65.9,64.9,1,77.3,71.5,5.8,19.4,19.6,19.2
Malawi,MW,2015,"17,398,794",2.76,184.9,4.29,70.3,68.4,0.96,88.9,82.4,6.5,17.8,18,17.6
Malaysia,MY,2015,"31,241,608",1.33,95.1,2.03,75.5,8.3,1.05,44.6,35.9,8.7,28.2,28.3,28.1
Maldives,MV,2015,"392,899",-0.11,"1,318.5",1.74,75.4,39.2,1.26,33.7,27.8,5.9,27.5,27.4,27.6
Mali,ML,2015,"16,834,385",3.02,13.8,6.22,59.5,117.9,0.95,105.9,99.6,6.3,15.7,16.3,15.1
Malta,MT,2015,"434,537",1.16,"1,375.1",1.45,81.9,6.7,1,50.1,21.4,28.7,41.2,42.6,39.9
Marshall Islands,MH,2015,"72,028",1.64,397.9,3.15,72.8,31.3,1.04,65.2,59.1,6,22.8,22.8,22.7
Mauritania,MR,2015,"3,815,324",3.16,3.7,5.34,67.9,52.1,0.97,92.3,85.3,7,17.5,18.1,16.9
Mauritius,MU,2015,"1,296,195",0.16,638.5,1.27,75.7,13.4,0.96,38.6,26,12.6,35.2,36.1,34.3
Mexico,MX,2015,"122,200,093",1.15,62.9,2.1,74.7,16.3,0.96,52.1,42,10,27.7,28.5,26.8
"Micronesia, Federated States of",FM,2015,"105,097",-0.47,149.7,2.49,72.6,31.7,0.98,53.3,47.8,5.5,24.3,25,23.7
Moldova,MD,2015,"3,847,644",-0.86,117,1.22,69.3,16.7,0.93,37,22,14.9,36,38,34
Monaco,MC,2015,"30,573",0.16,"15,286.5",1.49,89.5,2,0.95,70.7,20.2,50.5,51.1,52.1,50.3
Mongolia,MN,2015,"3,057,670",1.89,2,3.01,70.2,21.5,0.97,48.7,42.7,6,26.9,27.7,26.1
Montenegro,ME,2015,"619,723",-0.24,46.1,1.77,76.5,3.1,0.98,48.4,27.7,20.8,38,39.5,36.5
Montserrat,MS,2015,"5,236",0.46,51.3,1.27,74.1,15,1,31.9,23.7,8.2,32,32.5,31.4
Morocco,MA,2015,"34,207,410",1.13,47.7,2.45,71.8,27,0.99,52.3,43.1,9.2,27.5,28,27.1
Mozambique,MZ,2015,"26,386,824",2.63,33.6,5.27,52.9,118,0.96,96.1,90.2,5.9,16.8,17.5,16.1
Namibia,NA,2015,"2,388,566",2.01,2.9,3.43,63.3,54.2,0.95,72,65,7,20.8,21.5,20
Nauru,NR,2015,"9,494",0.52,452.1,2.88,65.7,11.7,0.97,52.6,49.5,3.1,25.7,26.2,25.2
Nepal,NP,2015,"28,645,436",1.18,199.8,2.23,69.6,41.5,0.94,57.4,49.8,7.7,23.2,24.3,22.2
Netherlands,NL,2015,"16,897,098",0.46,498.5,1.67,81.4,3.9,0.98,53,25.4,27.6,42.4,43.3,41.5
New Caledonia,NC,2015,"271,652",1.38,14.9,1.97,77.5,10.1,1,46.9,34,12.9,31.4,32.1,30.8
New Zealand,NZ,2015,"4,525,113",1.91,17.1,2.06,81.6,4.6,1,52.9,30.8,22.1,37.1,38.1,36.2
Nicaragua,NI,2015,"6,054,280",1.27,50.5,2.07,73.9,21.2,0.96,52,44.8,7.1,24.5,25.3,23.7
Niger,NE,2015,"18,889,021",3.91,14.9,7.5,57.3,121.1,0.98,119.7,113.7,6,14.3,14.6,14
Nigeria,NG,2015,"188,830,820",2.45,207.3,5.05,57.5,107.9,1.02,87.1,81.2,6,18,18.2,17.8
North Macedonia,MK,2015,"2,105,107",0.26,82.8,1.47,75.3,9.6,1,41.1,23.6,17.5,37.2,38.3,36.2
Northern Mariana Islands,MP,2015,"52,863",-0.4,112,2.86,75,16.6,1.14,48.2,41.3,6.9,33.9,34.6,33.3
Norway,NO,2015,"5,192,607",0.93,17.1,1.74,82.3,2.9,1.01,52.4,27.4,25,39.2,40.1,38.4
Oman,OM,2015,"3,279,258",2.06,10.6,2.85,75.2,22.3,1.2,50.1,45,5.1,25.2,23.8,26.4
Pakistan,PK,2015,"210,462,259",2.11,273,3.99,67.4,82.1,1.04,71.8,64.6,7.2,21.1,21.2,21
Palau,PW,2015,"21,159",0.32,46.1,1.71,72.8,15.8,1.1,36.9,27.1,9.9,33.4,34.5,33
Panama,PA,2015,"3,783,321",1.85,50.9,2.59,78.2,17.4,1.01,55.5,42.3,13.2,28.8,29.2,28.4
Papua New Guinea,PG,2015,"8,057,405",2.64,17.8,4.37,67.1,49.5,1.04,71.4,65.8,5.6,20.7,20.7,20.6
Paraguay,PY,2015,"6,779,440",1.16,17.1,1.91,76.9,34.8,1.01,47.6,37.5,10.2,27.4,27.6,27.2
Peru,PE,2015,"30,056,046",0.38,23.5,2.43,76.4,15.8,0.98,55,43.6,11.4,27.8,28.3,27.2
Philippines,PH,2015,"101,817,421",1.64,341.5,2.9,70.6,29.7,1.01,61.3,53.9,7.3,23.6,24.1,23.1
Poland,PL,2015,"38,541,785",-0.11,126.7,1.29,77.5,5.3,0.94,43.5,21,22.5,39.9,41.6,38.2
Portugal,PT,2015,"10,433,546",-0.32,114.1,1.31,80.5,3.6,0.91,51.3,22.1,29.2,42.4,44.3,40.5
Puerto Rico,PR,2015,"3,472,858",-1.78,391.6,1.32,80.5,7.3,0.91,53.8,26.1,27.7,40,41.7,38.1
Qatar,QA,2015,"2,196,122",3.08,189.5,1.92,78.5,10.7,3.39,15.5,14.5,1,32.8,28.1,33.9
Romania,RO,2015,"19,873,138",-0.77,86.4,1.64,75.2,8.9,0.95,50.8,23.2,27.7,41.5,43.2,40.1
Russia,RU,2015,"144,071,341",0.08,8.8,1.78,71.2,8.7,0.87,43.9,24.1,19.8,39.2,42.1,36.3
Rwanda,RW,2015,"11,375,693",1.35,461.2,4.1,63.7,41.6,0.95,79.8,75.6,4.2,18.7,19.5,17.9
Saint Barthelemy,BL,2015,"7,240",-0.37,289.6,1.63,79.4,9.3,1.13,47.9,25.6,22.3,43,43,43
"Saint Helena, Ascension, and Tristan da Cunha",SH,2015,"7,820",0.28,19.8,1.58,79.2,26,1.02,44.5,23.8,20.7,41.1,41,41.2
Saint Kitts and Nevis,KN,2015,"51,909",0.76,198.9,1.78,75.4,17.7,1,41.2,29.6,11.6,34.1,33.9,34.2
Saint Lucia,LC,2015,"163,507",0.33,269.8,1.76,77.3,15.3,0.95,46,30.3,15.8,33.5,34.6,32.4
Saint Martin,MF,2015,"31,740",0.65,587.8,1.81,79.4,9.3,0.93,51,40,11.1,32,33,31.1
Saint Pierre and Miquelon,PM,2015,"5,692",-1.04,23.5,1.56,80.6,10.2,0.96,53.6,24.4,29.1,45.4,45.7,45
Saint Vincent and the Grenadines,VC,2015,"102,504",-0.27,263.5,1.82,74.9,21.7,1.03,45,32.2,12.8,32.5,32.3,32.7
Samoa,WS,2015,"197,752",0.57,70.1,2.84,73.4,26.6,1.04,61.8,52.9,8.9,23.5,23.8,23.3
San Marino,SM,2015,"33,010",0.83,541.1,1.48,83,7.9,0.94,53.2,24,29.1,43.9,44.7,42.9
Sao Tome and Principe,ST,2015,"193,789",1.82,201,4.54,64.7,77.9,1,84.5,79,5.4,18,18.5,17.6
Saudi Arabia,SA,2015,"31,415,279",1.91,14.6,2.23,75,16.4,1.3,42.7,38.5,4.2,28.5,26.1,30.5
Senegal,SN,2015,"14,753,625",2.98,76.6,4.97,67.8,52.8,0.96,87.9,82.3,5.6,17.9,18.8,17
Serbia,RS,2015,"7,052,916",-0.54,91,1.44,74.6,6.8,0.95,47.7,22,25.6,42.2,43.8,40.7
Seychelles,SC,2015,"92,085",0.84,202.4,1.87,74,18.5,1.05,38.5,28.4,10.1,34.4,34.9,33.9
Sierra Leone,SL,2015,"7,150,013",3.05,99.8,4.56,55.1,122.9,0.97,84.2,78.9,5.4,18.1,18.5,17.7
Singapore,SG,2015,"5,512,966",1.17,"7,775.7",1.24,84.7,2.1,0.99,35.3,22.8,12.5,35.1,35.8,34.4
Sint Maarten,SX,2015,"40,993",1.49,"1,205.7",2.07,78.8,9.4,0.98,35.6,25.2,10.4,40.5,41.3,39.7
Slovakia,SK,2015,"5,456,999",0.09,113.4,1.43,76.7,6.4,0.95,41.8,21.5,20.3,39.6,41.4,37.9
Slovenia,SI,2015,"2,099,132",0.06,104.2,1.56,80.8,2.1,0.99,49.3,21.7,27.6,43.2,45.1,41.6
Solomon Islands,SB,2015,"617,418",1.99,22.1,3.28,75.1,29.8,1.04,65.7,58.4,7.2,22.2,22.4,22
Somalia,SO,2015,"14,195,921",3.47,22.6,6.97,55.4,134.5,1,98.1,94.5,3.6,15.9,16.2,15.7
South Africa,ZA,2015,"54,726,254",1.21,45.1,2.43,68,34.3,0.97,49.4,40.2,9.2,27.7,28,27.4
South Sudan,SS,2015,"11,177,737",0.46,17.3,5.34,45.3,132.3,1.04,92.5,88,4.5,16.8,16.7,16.8
Spain,ES,2015,"46,117,462",-0.01,92.4,1.39,82.3,3.2,0.96,50.8,22.8,28,42.8,44,41.7
Sri Lanka,LK,2015,"20,899,161",1.15,323.4,2.22,75.9,8.9,0.95,53.2,39.3,13.8,32.1,33.1,31
Sudan,SD,2015,"39,395,587",2.9,21.2,5.04,64.7,72.7,1.02,90.7,85,5.7,17.4,17.5,17.2
Suriname,SR,2015,"579,104",1.4,3.7,2.1,71.6,41.6,0.98,46.8,38.1,8.6,28.9,29.7,28
Sweden,SE,2015,"9,838,542",1.04,24,1.83,82.2,3,1,58.9,27.2,31.7,41.1,42.2,40.1
Switzerland,CH,2015,"8,282,143",0.83,207.1,1.53,82.8,4.5,0.98,48.5,21.9,26.5,42.4,43.3,41.5
Syria,SY,2015,"18,415,482",-5.15,99.1,3.2,65,22.2,1.01,64.2,57.1,7.1,22.4,22.7,22.1
Tajikistan,TJ,2015,"8,525,261",2.6,60.2,3.8,69.5,37.4,1.01,64.3,59.1,5.2,22.9,23.3,22.5
Tanzania,TZ,2015,"51,343,315",3.2,58,4.92,64.5,58.9,1,87.5,81.9,5.6,17.9,18.1,17.6
Thailand,TH,2015,"68,067,372",0.43,133.2,1.53,75.6,10.5,0.96,39.1,24.8,14.3,37.3,38.2,36.3
Timor-Leste,TL,2015,"1,196,486",1.92,80.4,4.21,64.3,67.6,1,76.8,70.1,6.7,19.6,20.4,18.9
Togo,TG,2015,"7,092,156",2.7,130.4,4.58,68,76.8,0.96,79.6,72.8,6.8,19.9,20.6,19.2
Tonga,TO,2015,"106,470",0.02,148.5,3.26,76.2,16.5,1.01,70.4,59.5,10.8,22.4,22.9,22
Trinidad and Tobago,TT,2015,"1,353,620",0.42,264,1.78,74.3,21.9,1.01,44.6,29.8,14.8,34.2,34.5,33.9
Tunisia,TN,2015,"11,161,137",1.13,71.8,2.34,75.2,15.8,0.99,47.6,36.6,11,30.9,31.4,30.3
Turkey,TR,2015,"79,368,631",1.27,103.1,2.05,74.4,26.6,1.01,48,37.6,10.5,30.2,30.6,29.7
Turkmenistan,TM,2015,"5,228,010",1.13,11.1,2.09,69.8,54.3,0.98,43.6,37.1,6.5,27.2,27.7,26.8
Turks and Caicos Islands,TC,2015,"50,386",2.33,53.1,1.7,81,13.7,1.02,35.8,29.8,6,32.4,32.1,32.8
Tuvalu,TV,2015,"10,879",0.81,418.4,3,66.2,55.9,0.97,53.5,44.9,8.7,25.2,26.7,24.1
Uganda,UG,2015,"36,111,900",3.33,183.2,5.98,65.6,55.2,0.94,109.4,104.1,5.3,15.1,15.9,14.3
Ukraine,UA,2015,"44,409,198",-0.65,76.7,1.52,71.2,10.1,0.86,44.9,22.1,22.9,40.1,43.3,36.9
United Arab Emirates,AE,2015,"9,308,415",1.4,111.3,1.64,78.2,6.3,2.66,19,17.9,1.1,33.6,29.2,34.9
United Kingdom,GB,2015,"64,868,357",0.8,268.1,1.85,81,4.5,0.99,54.3,26.9,27.4,40.2,41.3,39.1
United States,US,2015,"320,738,994",0.71,35,--,--,--,0.97,51.3,28.8,22.5,37.8,39.1,36.4
Uruguay,UY,2015,"3,421,830",0.49,19.6,2.01,76.7,10.2,0.94,53.4,32.2,21.2,35.1,36.7,33.4
Uzbekistan,UZ,2015,"31,081,613",1.78,73.1,2.52,74.7,25.2,1,48.9,41.7,7.3,26.6,27.2,26
Vanuatu,VU,2015,"271,992",1.94,22.3,3.25,73,20.3,1,67.9,61.5,6.3,21.4,21.8,21
Venezuela,VE,2015,"30,482,975",1.11,34.6,2.4,73.5,21.1,0.99,52.6,42.7,9.9,27.6,28.3,27
Vietnam,VN,2015,"96,197,851",1.21,310.2,2.1,74.4,21.8,1,44.3,35.7,8.5,29.4,30.4,28.4
"Virgin Islands, British",VG,2015,"33,384",2.26,221.1,1.26,78.4,17.7,0.92,33.7,22.6,11,36,36.1,35.8
"Virgin Islands, U.S.",VI,2015,"107,712",-0.16,309.5,2.11,79,9.5,0.92,58.7,32.6,26.1,40.4,41.2,39.3
Wallis and Futuna,WF,2015,"15,576",0.32,109.7,1.75,79.1,5.1,1.05,46.9,33.4,13.5,30.8,31.7,30.2
Yemen,YE,2015,"27,415,166",2.43,51.9,4.37,63.1,73.2,1.01,81.5,75.9,5.5,18.7,19.1,18.4
Zambia,ZM,2015,"15,914,626",3.06,21.4,5.04,63.7,64.4,1,92.2,87.2,5,17.1,17.2,16.9
Zimbabwe,ZW,2015,"14,072,188",1.94,36.4,3.91,62,60.7,0.93,75.7,69,6.7,19.8,20.6,19
Gaza Strip,XG,2015,"1,759,231",2.87,"4,886.8",4.41,73.7,20.9,1.03,92.1,87.4,4.7,16.9,17.2,16.6
Kosovo,XK,2015,"1,870,354",0.63,171.8,2.09,71.3,39.7,1.06,48.9,38.5,10.4,28.2,28.6,27.8
Taiwan,TW,2015,"23,428,727",0.24,726.2,1.18,80.2,5.1,0.99,35.5,18.5,17,39.6,40.4,38.9
West Bank,XW,2015,"2,669,874",2.16,473.4,3.76,74.9,20.8,1.04,70.2,64.3,5.9,20.4,20.6,20.2
 -> 2016,,,--,--,--,--,--,--,--,--,--,--,--,--,--
 -> 2016 -> World,,,"7,458,545,351",--,56.6,--,--,--,1.01,53.3,40,13.3,--,--,--
Afghanistan,AF,2016,"39,975,437",2.45,61.3,5.1,63.3,67.1,1.03,89.6,84.5,5.1,17.3,17.3,17.2
Albania,AL,2016,"2,747,324",-0.39,100.3,1.35,76.6,16.8,0.95,44.3,27.2,17.2,32.7,34,31.3
Algeria,DZ,2016,"40,652,703",2.11,17.1,3.18,77.4,24.9,1.03,54.2,45.7,8.5,27.6,27.9,27.3
American Samoa,AS,2016,"51,397",-1.75,259.6,2.82,72.8,15.2,1,57.8,48.9,9,25,25.5,24.6
Andorra,AD,2016,"85,771",0.07,183.3,1.39,83,4.3,1.06,42.8,21,21.8,43.7,43.5,43.8
Angola,AO,2016,"28,686,034",3.58,23,6.07,61.8,84.3,0.95,103.4,98.6,4.8,15.7,16.2,15.2
Anguilla,AI,2016,"16,723",2,183.8,1.73,81.2,4.8,0.91,44.7,32.3,12.4,34.7,36.4,32.8
Antigua and Barbuda,AG,2016,"93,387",1.23,210.8,2.01,76.1,20.3,0.9,45.1,33.8,11.3,31.7,33.2,29.9
Argentina,AR,2016,"43,817,799",0.74,16,2.07,76.3,13.3,0.98,56.4,38.4,18,31.6,32.8,30.4
Armenia,AM,2016,"3,051,140",-0.18,108.2,1.64,74.6,15.7,0.94,42.8,27.1,15.7,34.6,36.5,32.8
Aruba,AW,2016,"113,633",1.32,631.3,1.84,76.6,16.1,0.9,44.3,25.4,18.9,39.2,41,37.4
Australia,AU,2016,"23,980,152",1.65,3.1,1.83,82.4,3.8,0.99,51,28.5,22.5,37.4,38.3,36.5
Austria,AT,2016,"8,814,708",0.81,106.9,1.5,81.8,3.9,0.95,49.1,21,28.1,43.5,44.5,42.4
Azerbaijan,AZ,2016,"10,124,248",1.1,122.5,2.04,75,12.9,0.99,44.1,34.9,9.2,30.4,32.1,28.9
"Bahamas, The",BS,2016,"378,215",1.06,37.8,1.5,74.9,13.8,0.87,46.6,37.7,8.9,27.2,27.1,27.4
Bahrain,BH,2016,"1,378,755",2.33,"1,814.2",1.76,78.9,13.5,1.54,28.4,24.7,3.7,32.1,29.3,33.5
Bangladesh,BD,2016,"156,085,586",1.05,"1,199.1",2.19,73.2,43.3,0.97,52.1,42.9,9.2,26.3,26.9,25.6
Barbados,BB,2016,"297,009",0.37,690.7,1.7,77.4,13.5,0.94,41.5,25.5,16.1,38.6,39.7,37.5
Belarus,BY,2016,"9,690,871",0.07,47.8,1.7,74.2,4.1,0.87,44.5,23.3,21.2,39.7,42.8,36.7
Belgium,BE,2016,"11,339,362",0.6,374.5,1.67,81.4,3.7,0.97,55,26.3,28.7,41.7,42.9,40.5
Belize,BZ,2016,"365,797",2.25,16,2.36,74,15,0.99,57,50.1,6.9,23.9,24.1,23.7
Benin,BJ,2016,"11,219,731",3.45,101.4,5.69,59.8,100.3,0.96,93.5,88.9,4.6,16.7,17.2,16.1
Bermuda,BM,2016,"70,601",0.47,"1,307.4",1.94,81.1,3.1,0.95,52.9,26.2,26.7,43.2,45.3,41
Bhutan,BT,2016,"815,165",1.11,21.2,1.93,70.2,43.8,1.08,47.9,39.2,8.7,26.9,26.4,27.4
Bolivia,BO,2016,"11,118,038",1.56,10.3,2.79,72.8,29.6,1,63.6,54.1,9.5,23.9,24.3,23.4
Bosnia and Herzegovina,BA,2016,"3,826,739",-0.3,74.8,1.14,77,6.9,0.95,37,17.6,19.4,41.9,43.3,40.5
Botswana,BW,2016,"2,180,441",1.57,3.8,2.6,62.8,39.9,0.93,60.2,51.9,8.2,24.2,25.2,23.1
Brazil,BR,2016,"208,323,342",0.76,24.9,1.7,75.4,17.2,0.97,44.2,32.2,12,31.8,32.6,30.9
Brunei,BN,2016,"436,222",1.6,82.9,1.79,77.1,13.7,0.98,38.7,32.4,6.3,30,30.3,29.5
Bulgaria,BG,2016,"7,144,269",-0.6,65.9,1.46,74.5,10.1,0.95,50.5,21.9,28.6,42.4,44.4,40.6
Burkina Faso,BF,2016,"18,661,751",2.84,68.2,5.02,61.2,96.5,0.95,93.2,87.1,6.1,17,18,16.1
Burma,MM,2016,"54,553,017",0.88,83.5,2.2,67.8,48.4,0.97,48.1,40.1,8,28,28.8,27.2
Burundi,BI,2016,"10,720,731",1.92,417.5,5.45,64.9,66.1,0.98,91.3,86.1,5.2,17.2,17.6,16.9
Cabo Verde,CV,2016,"552,644",1.33,137,2.26,72.1,33.2,0.94,52.8,44.9,7.9,25,25.8,24.2
Cambodia,KH,2016,"15,416,146",1.59,87.3,2.58,69.1,45.1,0.93,56.1,49.4,6.7,25,25.7,24.2
Cameroon,CM,2016,"24,874,070",2.85,52.6,4.78,59.7,88.1,0.99,85.8,80.2,5.6,18.1,18.4,17.8
Canada,CA,2016,"36,415,408",0.93,4,1.58,83,5.2,0.98,49.8,24.1,25.7,41.1,42.2,40
Cayman Islands,KY,2016,"57,214",2.08,216.7,1.85,81,10,0.95,43,25.8,17.2,39.9,40.6,39.2
Central African Republic,CF,2016,"4,970,639",1.84,8,4.36,52.2,138.5,0.99,79.3,73,6.4,19.2,20.1,18.4
Chad,TD,2016,"14,820,349",3.45,11.8,6.12,56.6,127.4,0.98,104.4,99.5,4.8,15.6,16.1,15
Chile,CL,2016,"17,647,710",1.14,23.7,1.76,79.6,7.8,0.97,44.6,29.2,15.4,34.1,35.3,33
China,CN,2016,"1,390,038,765",0.59,149,1.69,77.1,9.9,1.05,39.6,25.2,14.4,36.9,37.9,35.9
Colombia,CO,2016,"45,425,599",0.6,43.7,1.97,77.7,15.1,0.96,49.2,36.4,12.8,29.9,31,28.7
Comoros,KM,2016,"799,921",1.72,357.9,3.47,65.3,88.8,0.94,78.4,71.1,7.3,19.8,20.4,19.1
Congo (Brazzaville),CG,2016,"4,995,732",2.73,14.6,4.27,70.9,54.1,0.99,80.4,73.4,7.1,19.8,20,19.6
Congo (Kinshasa),CD,2016,"89,429,985",3.4,39.4,6.03,59,98,1,95.9,91,4.8,16.6,16.7,16.4
Cook Islands,CK,2016,"9,520",-2.88,40.3,2.21,75.8,21.9,1.07,49.6,31.7,18,36.5,36.9,36.1
Costa Rica,CR,2016,"4,894,270",1.29,95.9,1.75,79.8,8.3,1.01,42.8,31.5,11.3,31.5,32,31
C“te d'Ivoire,CI,2016,"25,296,819",2.85,79.5,4.7,59.9,87.4,1.01,81.9,77.2,4.7,18.5,18.4,18.6
Croatia,HR,2016,"4,293,125",-0.85,76.7,1.34,77.9,4.8,0.93,48.1,21.1,26.9,42.5,44.6,40.6
Cuba,CU,2016,"11,231,143",-0.25,102.3,1.64,78.2,5.3,0.99,45.3,24.1,21.2,41.2,42.3,40.1
Cura‡ao,CW,2016,"149,042",0.42,335.7,2.06,78.3,9.8,0.92,53.3,30.9,22.4,36,39.8,33.3
Cyprus,CY,2016,"1,205,878",1.38,130.5,1.46,78.6,10.7,1.05,37.6,21.4,16.2,36.4,38,35.2
Czechia,CZ,2016,"10,643,453",0.24,137.8,1.62,79.1,3.5,0.97,51,23.1,28,41.7,43,40.5
Denmark,DK,2016,"5,733,361",0.73,135.1,1.79,80.8,3.8,0.99,55.5,26,29.4,41.6,42.6,40.7
Djibouti,DJ,2016,"845,173",2.17,36.5,2.35,63.2,72,0.85,54.4,48.8,5.6,23.5,24.9,21.8
Dominica,DM,2016,"74,103",0.18,98.7,2.04,77.3,14.2,1.02,49,32.3,16.6,33.2,33.7,32.7
Dominican Republic,DO,2016,"10,123,067",1.02,209.5,2.31,70.6,29,1.03,52.3,43.5,8.8,26.6,26.7,26.4
Ecuador,EC,2016,"16,309,320",1.28,65.7,2.49,80.8,14.9,0.98,61.9,49.3,12.6,25.9,26.7,25.1
Egypt,EG,2016,"95,228,450",2.53,95.7,3.77,72.8,24.2,1.05,65.1,58.4,6.7,23.4,23.4,23.3
El Salvador,SV,2016,"6,313,453",0.57,304.7,1.95,74,14.7,0.92,53.6,42.9,10.7,25.8,27.4,24.3
Equatorial Guinea,GQ,2016,"1,321,456",4.57,47.1,4.68,63.1,110.6,1.09,76.8,68.4,8.4,20.9,20.9,21
Eritrea,ER,2016,"5,876,981",0.82,58.2,4.07,65,68.1,0.97,80.4,73.4,7,19.4,19.9,19
Estonia,EE,2016,"1,283,112",-0.02,30.3,1.64,77,2.9,0.88,54.8,25.2,29.6,41.8,45.2,38.4
Eswatini,SZ,2016,"1,068,502",0.87,62.1,2.74,55.7,67.9,0.9,62.9,56.9,6.1,22.6,23.4,21.8
Ethiopia,ET,2016,"97,276,892",2.74,88.7,4.42,65.6,61.1,1,78.6,72.9,5.7,19.4,19.6,19.3
Faroe Islands,FO,2016,"50,447",0.53,36.2,2.36,80.3,8.3,1.09,57.2,31.4,25.9,37.7,38.4,37.2
Fiji,FJ,2016,"914,582",0.63,50,2.44,72.6,19.6,1.03,51.8,42,9.8,28.8,28.9,28.6
Finland,FI,2016,"5,487,043",0.29,18.1,1.57,81.3,2.2,0.97,58.7,25.9,32.9,42.5,44.4,40.9
France,FR,2016,"66,809,791",0.38,104.3,1.98,82.5,4.2,0.96,60.6,29.7,30.9,41.4,43,39.7
French Polynesia,PF,2016,"285,143",0.9,74.5,1.9,77.2,14,1.05,44.2,32.8,11.4,31.6,31.7,31.5
Gabon,GA,2016,"1,999,879",3.06,7.8,3.63,66.8,54.1,1.08,73,66.2,6.8,20.1,19.8,20.3
"Gambia, The",GM,2016,"2,079,245",2.68,205.5,4.62,65.3,67.5,0.98,84.3,79.1,5.2,18.1,18.6,17.7
Georgia,GE,2016,"4,978,150",0.11,71.4,2.24,72.6,24.2,0.92,51.7,28.6,23.1,37.2,40,34.4
Germany,DE,2016,"83,823,029",0.45,240.4,1.59,81.4,3.9,0.97,52.9,20.2,32.6,46.1,47.3,45
Ghana,GH,2016,"28,769,102",2.45,126.4,3.93,67,52.3,0.95,76.2,68.7,7.5,20.7,21.6,19.7
Gibraltar,GI,2016,"29,206",0.23,"4,172.3",1.95,79.8,7.7,1.04,55.1,30.1,24.9,34.9,35.2,34.6
Greece,GR,2016,"10,703,982",0.16,81.9,1.4,80.8,4.4,0.94,56.5,23,33.5,44,45.3,42.7
Greenland,GL,2016,"57,738",0.03,0,2.01,72,12.5,1.1,43,30.4,12.6,33.8,32.6,35
Grenada,GD,2016,"111,300",0.46,323.5,2.04,74.4,14.6,1.03,51.4,36.5,15,31,31,30.9
Guam,GU,2016,"166,897",0.29,306.8,3,75.7,15,1.06,56.2,43.2,13,28.8,29.6,28.2
Guatemala,GT,2016,"16,007,802",1.76,149.4,3.02,71.3,38.9,0.99,65.3,58.1,7.2,22,22.6,21.5
Guernsey,GG,2016,"66,411",0.33,851.4,1.56,82.8,4,0.99,50.9,21.8,29.1,43.6,44.8,42.5
Guinea,GN,2016,"11,224,749",2.7,45.7,5.04,61.1,89.4,1,83.4,76.4,7,19,19.2,18.7
Guinea-Bissau,GW,2016,"1,745,159",2.46,62.1,4.88,59.8,88.3,0.95,88.2,82.5,5.7,17.7,18.4,17.1
Guyana,GY,2016,"784,880",-0.05,4,2.16,70.3,31.9,1.04,51.4,42.7,8.6,26,26.2,25.9
Haiti,HT,2016,"10,545,382",1.7,382.6,2.96,63.8,67.1,0.97,61.4,54.9,6.5,22.4,22.6,22.1
Honduras,HN,2016,"8,804,368",1.09,78.7,2.67,73.7,19,0.95,63,55.1,7.9,22.6,23.4,21.8
Hong Kong,HK,2016,"7,166,455",0.35,"6,678.9",1.19,82.9,3.6,0.87,39,16.8,22.1,44,44.5,43.2
Hungary,HU,2016,"10,078,984",0.04,112.5,1.49,75.7,5.6,0.95,50.7,22.5,28.1,42,44,40.3
Iceland,IS,2016,"335,881",1.17,3.4,2.01,83,2.7,1.01,52.6,31.1,21.5,36.3,36.9,35.7
India,IN,2016,"1,312,486,077",1.13,441.4,2.26,70,40.9,1.06,51,41.5,9.5,27.2,27.9,26.6
Indonesia,ID,2016,"263,204,105",0.97,145.3,2.23,71.5,26.9,1,50,40.6,9.3,29.2,29.8,28.6
Iran,IR,2016,"81,004,837",1.3,52.9,1.97,74.1,19.2,1.03,41.5,34.1,7.4,29.8,30,29.6
Iraq,IQ,2016,"35,580,015",2.04,81.4,3.72,69.7,29,1.02,72.2,67.2,5,20.3,20.7,20
Ireland,IE,2016,"4,808,974",1.17,69.8,1.79,81.7,3.5,0.99,52.7,32.3,20.5,36.9,37.1,36.7
Isle of Man,IM,2016,"88,060",0.71,154,1.93,81.1,5.4,1,56.9,25.6,31.3,43.9,44.7,43.1
Israel,IL,2016,"8,242,458",1.8,383.4,3.11,82.4,3.9,1.01,64.4,46.3,18.1,29.6,30.2,28.9
Italy,IT,2016,"61,499,222",0,209.1,1.27,82.7,3.6,0.93,54,20.7,33.3,45.4,46.5,44.3
Jamaica,JM,2016,"2,814,150",-0.03,259.8,2.11,73.8,15.3,0.98,54.4,41.6,12.9,27.8,28.5,27.1
Japan,JP,2016,"126,461,255",-0.17,347,1.44,84,2.7,0.95,67,21.9,45,46.7,48.1,45.4
Jersey,JE,2016,"97,836",0.77,843.4,1.65,81.6,4.9,0.97,47,23.6,23.4,38.4,41.1,36.2
Jordan,JO,2016,"10,040,615",2.03,113.1,3.18,74.6,18.4,1.12,63,57.4,5.5,22.2,21.7,22.5
Kazakhstan,KZ,2016,"18,580,056",1.34,6.9,2.69,72.8,17.3,0.93,51.4,40.1,11.3,30,31.6,28.5
Kenya,KE,2016,"46,016,541",2.11,80.9,3.75,67.2,45.1,0.99,79.2,73.1,6.1,19.1,19.4,18.7
Kiribati,KI,2016,"107,010",1.12,131.9,2.43,66,48.9,0.95,51.8,45.5,6.3,24.3,25.2,23.5
"Korea, North",KP,2016,"25,232,058",0.59,209.6,1.91,72.1,22.6,0.95,44.5,30.2,14.3,33.9,35.5,32.4
"Korea, South",KR,2016,"51,316,953",0.39,529.5,1.17,83.2,3.4,1,36.8,18.3,18.5,41.6,42.9,40.1
Kuwait,KW,2016,"2,833,699",1.54,159,2.45,78,10.1,1.41,38.1,34.7,3.4,29.2,27.2,30.3
Kyrgyzstan,KG,2016,"5,726,765",1.08,29.9,2.64,70.6,33.2,0.96,54.4,46.4,7.9,26.3,27.3,25.2
Laos,LA,2016,"7,089,918",1.64,30.7,2.75,66.8,52.4,0.99,60.9,54.6,6.2,22.5,22.8,22.3
Latvia,LV,2016,"1,976,319",-0.95,31.7,1.7,74.3,4.9,0.85,52.5,23.3,29.2,43.1,46.5,39.3
Lebanon,LB,2016,"6,203,409",-0.87,606.4,2.37,77,8.8,0.98,52,43.7,8.2,27.5,28,27.1
Lesotho,LS,2016,"2,097,505",0.82,69.1,3.16,55.2,82.4,0.97,68.2,59.2,9.1,22.7,23.3,22.2
Liberia,LR,2016,"4,472,638",2.21,46.4,4.61,60.7,85.8,1,81.3,75.8,5.5,18.5,18.6,18.4
Libya,LY,2016,"6,351,165",1.94,3.6,3.35,69.8,18,1.06,59.8,53.4,6.4,25.6,25.4,25.7
Liechtenstein,LI,2016,"37,938",0.82,237.1,1.69,81.8,5.2,0.99,47.8,22.7,25,42.9,44.1,41.7
Lithuania,LT,2016,"2,853,614",-1.43,45.5,1.7,74.8,5.4,0.85,52.6,23,29.6,43.4,46.6,39.5
Luxembourg,LU,2016,"584,119",1.97,225.9,1.46,83.4,4.5,1.01,46.4,24.3,22.1,39.4,40.1,38.8
Macau,MO,2016,"603,350",0.95,"21,548.2",1.11,84.6,5.6,0.91,33,19.7,13.3,38.6,38.4,38.9
Madagascar,MG,2016,"24,388,331",2.54,41.9,4.12,66.3,63.6,1,76.5,70.7,5.8,19.6,19.8,19.4
Malawi,MW,2016,"17,881,060",2.71,190.1,4.16,70.7,66.3,0.96,87.3,80.8,6.5,18.1,18.3,17.8
Malaysia,MY,2016,"31,647,285",1.25,96.3,1.95,75.5,8,1.05,44.2,35.3,9,28.6,28.7,28.5
Maldives,MV,2016,"392,506",-0.09,"1,317.1",1.73,75.6,38.4,1.23,34,28,6,27.9,27.9,27.9
Mali,ML,2016,"17,352,082",3.03,14.2,6.11,59.9,114.5,0.95,105.4,99.2,6.2,15.7,16.4,15.1
Malta,MT,2016,"442,019",2.24,"1,398.8",1.47,82.5,6,1.01,51,21.5,29.5,41.2,42.6,40
Marshall Islands,MH,2016,"73,203",1.59,404.4,3.09,73,30.5,1.04,64.2,57.9,6.3,22.9,22.9,22.8
Mauritania,MR,2016,"3,934,848",3.01,3.8,5.31,68.2,50.5,0.97,91.3,84.4,6.9,17.6,18.2,17
Mauritius,MU,2016,"1,298,178",0.15,639.5,1.31,75.8,12,0.96,38.6,25.2,13.4,35.8,36.8,34.9
Mexico,MX,2016,"123,576,658",1.09,63.6,2.04,74.8,16.1,0.96,51.6,41.3,10.3,28.1,29,27.2
"Micronesia, Federated States of",FM,2016,"104,597",-0.49,149,2.45,72.8,30.9,0.98,52.5,46.7,5.8,24.8,25.4,24.1
Moldova,MD,2016,"3,801,856",-1.54,115.6,1.2,69.7,16.3,0.93,37.7,22,15.7,36.5,38.6,34.6
Monaco,MC,2016,"30,632",0.23,"15,316.0",1.49,89.5,2,0.95,72.4,20,52.4,51.7,52.7,50.8
Mongolia,MN,2016,"3,114,427",1.79,2,2.95,70.7,19.7,0.97,50.1,43.9,6.2,27.1,27.9,26.3
Montenegro,ME,2016,"618,126",-0.27,46,1.84,76.5,3.9,0.98,48.8,27.5,21.3,38.3,39.8,36.8
Montserrat,MS,2016,"5,260",0.44,51.6,1.28,74.4,14.4,1,28.7,20.8,7.9,32.6,33.1,32.1
Morocco,MA,2016,"34,591,211",1.1,48.3,2.42,72.1,26.4,0.99,52.1,42.6,9.4,27.9,28.3,27.4
Mozambique,MZ,2016,"27,087,330",2.61,34.4,5.23,53.4,113.4,0.97,95.8,90,5.8,16.8,17.5,16.1
Namibia,NA,2016,"2,436,731",1.98,3,3.36,63.7,51.2,0.96,70.7,63.8,6.9,21,21.7,20.2
Nauru,NR,2016,"9,542",0.51,454.4,2.84,66,11.5,0.97,51.9,48.4,3.5,26.1,26.6,25.6
Nepal,NP,2016,"28,983,737",1.17,202.2,2.18,70.7,35.9,0.95,55.7,47.9,7.8,23.7,24.7,22.7
Netherlands,NL,2016,"16,987,697",0.61,501.2,1.67,81.5,4.1,0.99,53.2,25,28.2,42.6,43.5,41.5
New Caledonia,NC,2016,"275,393",1.35,15.1,1.95,77.7,10,1,46.6,33.3,13.3,31.7,32.4,31
New Zealand,NZ,2016,"4,614,016",1.98,17.4,1.94,82,4.2,1,53,30.6,22.4,37,38,36.1
Nicaragua,NI,2016,"6,130,450",1.23,51.1,2.03,74.1,20.7,0.96,50.9,43.6,7.3,25,25.8,24.2
Niger,NE,2016,"19,637,375",3.87,15.5,7.4,57.7,118.6,0.98,118.7,112.7,6,14.4,14.7,14.1
Nigeria,NG,2016,"193,466,758",2.4,212.4,4.98,58.1,104.4,1.02,86.3,80.4,6,18.1,18.3,17.9
North Macedonia,MK,2016,"2,110,184",0.22,83,1.47,75.5,9.4,1,41.2,23.2,17.9,37.5,38.6,36.5
Northern Mariana Islands,MP,2016,"52,653",-0.4,111.6,2.83,75.2,16.3,1.14,47.5,40.1,7.5,33.8,34.6,33.1
Norway,NO,2016,"5,238,793",0.84,17.2,1.72,82.4,2.6,1.01,52.8,27.3,25.5,39.3,40.2,38.5
Oman,OM,2016,"3,347,125",2.04,10.8,2.84,75.5,21.8,1.19,50.1,44.8,5.2,25.5,24.1,26.6
Pakistan,PK,2016,"214,750,792",1.93,278.6,3.91,67.8,79.9,1.04,71,63.8,7.2,21.3,21.4,21.2
Palau,PW,2016,"21,228",0.33,46.2,1.71,73,15.5,1.1,36.8,26.5,10.3,33.6,34.8,33.1
Panama,PA,2016,"3,850,896",1.7,51.8,2.54,78.3,18.8,1.01,55.6,41.9,13.7,29.1,29.4,28.7
Papua New Guinea,PG,2016,"8,270,958",2.6,18.3,4.31,67.5,48.3,1.03,71.3,65.6,5.7,20.8,20.9,20.7
Paraguay,PY,2016,"6,859,115",1.17,17.3,1.91,77.1,34.1,1.01,46.8,36.5,10.4,27.9,28.1,27.7
Peru,PE,2016,"30,166,474",0.36,23.6,2.4,76.6,15,0.98,54.8,43.1,11.8,28.2,28.8,27.6
Philippines,PH,2016,"103,351,132",1.35,346.6,2.84,70.7,29.2,1.01,60.6,53.1,7.5,23.8,24.3,23.3
Poland,PL,2016,"38,514,598",-0.03,126.6,1.36,77.8,5.2,0.94,44.7,21.2,23.5,40.3,42,38.6
Portugal,PT,2016,"10,400,888",-0.31,113.7,1.36,80.5,3.9,0.9,51.5,21.7,29.7,42.8,44.7,40.9
Puerto Rico,PR,2016,"3,411,561",-1.78,384.7,1.24,80.6,7.2,0.91,54.1,25.2,28.9,40.7,42.5,38.8
Qatar,QA,2016,"2,259,867",2.65,195.1,1.92,78.6,10.5,3.41,15.6,14.5,1.1,33,28.1,34.1
Romania,RO,2016,"19,722,552",-0.76,85.8,1.72,75.6,8.1,0.95,52.2,23.5,28.7,42,43.6,40.6
Russia,RU,2016,"144,133,052",0,8.8,1.76,71.6,8.5,0.87,45.3,24.8,20.5,39.4,42.3,36.5
Rwanda,RW,2016,"11,603,005",2.6,470.4,3.98,64,40.7,0.95,78.8,74.6,4.2,18.8,19.6,18.1
Saint Barthelemy,BL,2016,"7,215",-0.35,288.6,1.63,79.5,9.1,1.13,48.9,25.1,23.9,43.6,43.6,43.6
"Saint Helena, Ascension, and Tristan da Cunha",SH,2016,"7,841",0.26,19.9,1.58,79.4,25.5,1.02,44.9,23.5,21.4,41.5,41.4,41.7
Saint Kitts and Nevis,KN,2016,"52,301",0.74,200.4,1.78,75.7,17.3,1,40.9,29,11.9,34.6,34.4,34.7
Saint Lucia,LC,2016,"164,047",0.33,270.7,1.75,77.5,15,0.95,46,29.7,16.3,34.2,35.3,33
Saint Martin,MF,2016,"31,937",0.59,591.4,1.81,79.5,9.1,0.93,51.6,39.9,11.6,32.3,33.2,31.4
Saint Pierre and Miquelon,PM,2016,"5,632",-1.08,23.3,1.56,80.7,10.2,0.96,54.8,24,30.8,46,46.4,45.6
Saint Vincent and the Grenadines,VC,2016,"102,235",-0.25,262.8,1.81,75.1,21.2,1.04,44.5,31.4,13.1,33.1,32.9,33.2
Samoa,WS,2016,"198,891",0.58,70.5,2.77,73.7,25.7,1.04,60.3,51.3,9,24,24.2,23.7
San Marino,SM,2016,"33,279",0.79,545.6,1.49,83.1,7.8,0.94,53.2,23.6,29.5,44.2,45.1,43.1
Sao Tome and Principe,ST,2016,"197,293",1.76,204.7,4.4,65,76.2,1,82.4,77.1,5.3,18.3,18.7,17.9
Saudi Arabia,SA,2016,"32,003,091",1.8,14.9,2.16,75.3,16.1,1.3,42.1,37.8,4.3,29,26.5,31.1
Senegal,SN,2016,"15,197,269",2.94,78.9,4.89,68.1,51.6,0.96,87.4,81.8,5.6,17.9,18.8,17.1
Serbia,RS,2016,"7,015,855",-0.52,90.6,1.44,75.2,6,0.95,48.4,22.1,26.3,42.4,43.9,40.9
Seychelles,SC,2016,"92,847",0.81,204.1,1.86,74.3,18,1.06,38.1,27.9,10.2,34.9,35.4,34.4
Sierra Leone,SL,2016,"7,369,799",3,102.9,4.45,55.9,116.3,0.97,83.6,78.3,5.3,18.2,18.6,17.8
Singapore,SG,2016,"5,576,352",1.12,"7,865.1",1.2,85,2.1,0.99,35.5,22.4,13.1,35.6,36.3,34.8
Sint Maarten,SX,2016,"41,604",1.47,"1,223.6",2.06,78.8,9.4,0.98,36.7,25.2,11.5,40.8,41.7,39.9
Slovakia,SK,2016,"5,463,996",0.17,113.6,1.5,77.2,6.1,0.95,42.9,21.7,21.2,40,41.8,38.4
Slovenia,SI,2016,"2,100,642",0.08,104.2,1.57,81.2,2.6,0.99,50.7,22,28.7,43.6,45.4,42
Solomon Islands,SB,2016,"629,689",1.95,22.5,3.22,75.3,29.2,1.04,64.4,57.1,7.3,22.5,22.7,22.3
Somalia,SO,2016,"14,743,982",4.09,23.5,6.93,56,130.3,1,97.5,93.9,3.6,16,16.3,15.8
South Africa,ZA,2016,"55,372,293",1.14,45.6,2.43,68.6,32.2,0.97,50,40.6,9.5,28,28.3,27.8
South Sudan,SS,2016,"10,977,098",-4.12,17,5.34,44.3,140.9,1.04,89.1,84.6,4.5,17.1,17,17.2
Spain,ES,2016,"46,159,139",0.19,92.5,1.4,82.7,3.3,0.96,51.3,22.8,28.5,43.3,44.5,42.2
Sri Lanka,LK,2016,"21,023,123",0.04,325.3,2.2,76.1,8.7,0.95,53.4,39,14.4,32.4,33.5,31.3
Sudan,SD,2016,"40,560,911",2.93,21.8,4.98,65.1,71.1,1.02,88.9,83.2,5.7,17.5,17.7,17.3
Suriname,SR,2016,"587,114",1.35,3.8,2.04,72.1,40.2,0.98,46,37.3,8.8,29.2,30.1,28.4
Sweden,SE,2016,"9,961,459",1.44,24.3,1.84,82.4,3,1.01,59.5,27.6,31.9,41,42.1,40
Switzerland,CH,2016,"8,354,268",0.91,208.9,1.55,83.3,3.9,0.98,49,22,26.9,42.6,43.4,41.7
Syria,SY,2016,"17,807,789",-1.5,95.8,3.14,65.3,22.5,1,63.3,55.9,7.4,22.7,23,22.4
Tajikistan,TJ,2016,"8,747,810",2.56,61.8,3.8,69.8,36.4,1.01,65.1,59.9,5.2,23,23.3,22.6
Tanzania,TZ,2016,"53,004,112",3.17,59.8,4.88,65.3,55.5,1,87,81.4,5.6,17.9,18.2,17.7
Thailand,TH,2016,"68,346,863",0.39,133.8,1.53,76,10,0.96,39.4,24.5,14.9,37.8,38.7,36.8
Timor-Leste,TL,2016,"1,219,273",1.86,82,4.05,64.6,66.2,0.99,75.5,68.6,6.8,19.9,20.7,19.1
Togo,TG,2016,"7,280,496",2.54,133.9,4.53,68.6,74.3,0.97,79.5,72.6,6.9,20,20.7,19.3
Tonga,TO,2016,"106,472",-0.02,148.5,3.18,76.3,16.3,1.01,68.8,58,10.8,22.7,23.2,22.3
Trinidad and Tobago,TT,2016,"1,359,247",0.41,265.1,1.8,74.5,21.4,1.01,45.2,29.8,15.4,34.7,35,34.4
Tunisia,TN,2016,"11,284,841",1.07,72.6,2.29,75.4,15.5,0.99,48.5,37.1,11.4,31.2,31.8,30.6
Turkey,TR,2016,"80,232,150",0.9,104.2,2.03,74.7,25.9,1.01,47.7,36.9,10.8,30.6,31,30.1
Turkmenistan,TM,2016,"5,287,253",1.12,11.3,2.08,70.1,53,0.98,43.5,36.8,6.7,27.7,28.1,27.2
Turks and Caicos Islands,TC,2016,"51,555",2.26,54.4,1.7,80.9,13.9,1.02,35.8,29.6,6.2,32.9,32.6,33.3
Tuvalu,TV,2016,"10,969",0.84,421.9,2.98,66.5,54.6,0.97,53.8,44.8,9,25.5,26.9,24.5
Uganda,UG,2016,"37,534,321",4.37,190.4,5.89,66.2,53,0.94,107.7,102.5,5.2,15.3,16.1,14.5
Ukraine,UA,2016,"44,161,657",-0.47,76.2,1.48,71.5,9.9,0.86,46,22.6,23.4,40.3,43.5,37.2
United Arab Emirates,AE,2016,"9,432,801",1.26,112.8,1.7,78.4,6.2,2.58,19.5,18.3,1.2,34,29.5,35.3
United Kingdom,GB,2016,"65,344,284",0.67,270.1,1.82,81.2,4.5,0.99,54.7,27,27.7,40.2,41.3,39.1
United States,US,2016,"323,071,755",0.69,35.3,--,--,--,0.97,51.8,28.7,23.1,37.9,39.2,36.6
Uruguay,UY,2016,"3,436,857",0.39,19.6,1.93,76.3,10.6,0.94,53,31.8,21.2,35.2,36.9,33.5
Uzbekistan,UZ,2016,"31,630,582",1.72,74.4,2.49,75,24.7,1,49.6,42,7.5,26.9,27.5,26.3
Vanuatu,VU,2016,"277,264",1.9,22.7,3.16,73.3,19.7,1,66.5,60,6.4,21.7,22.1,21.3
Venezuela,VE,2016,"30,757,956",0.69,34.9,2.38,72.7,25.7,0.99,52.5,42.2,10.3,28,28.6,27.3
Vietnam,VN,2016,"97,355,565",1.18,314,2.09,74.5,21.4,1,44.4,35.6,8.8,29.8,30.9,28.8
"Virgin Islands, British",VG,2016,"34,138",2.21,226.1,1.28,78.6,17.4,0.92,34,22.4,11.6,36.3,36.4,36.1
"Virgin Islands, U.S.",VI,2016,"107,516",-0.2,309,2.09,79.2,9.4,0.92,60.1,32.8,27.3,40.7,41.6,39.7
Wallis and Futuna,WF,2016,"15,625",0.31,110,1.74,79.3,5,1.05,46.6,32.7,13.9,31.5,32.3,30.9
Yemen,YE,2016,"28,102,357",2.52,53.2,4.3,63.7,70.2,1.01,80.4,74.9,5.5,18.9,19.3,18.5
Zambia,ZM,2016,"16,408,846",3.06,22.1,4.97,64.1,62.1,1,91.3,86.3,5,17.2,17.3,17
Zimbabwe,ZW,2016,"14,382,989",2.42,37.2,3.81,62.6,58.4,0.94,75.1,68.4,6.7,19.9,20.7,19.1
Gaza Strip,XG,2016,"1,809,738",2.79,"5,027.0",4.23,73.9,20.5,1.03,90,85.2,4.7,17.1,17.5,16.9
Kosovo,XK,2016,"1,882,352",0.65,172.9,2.06,71.8,36.7,1.06,48.2,37.7,10.5,28.6,29,28.3
Taiwan,TW,2016,"23,480,200",0.2,727.8,1.17,80,5.2,0.99,35.9,18.1,17.8,40.2,40.9,39.4
West Bank,XW,2016,"2,728,669",2.2,483.8,3.77,75.1,20.5,1.04,69.5,63.7,5.9,20.6,20.8,20.4
 -> 2017,,,--,--,--,--,--,--,--,--,--,--,--,--,--
 -> 2017 -> World,,,"7,541,702,475",--,57.2,--,--,--,1.01,53.5,39.9,13.6,--,--,--
Afghanistan,AF,2017,"40,967,179",2.45,62.8,5.1,62.7,65.9,1.03,88.7,83.5,5.1,17.5,17.6,17.4
Albania,AL,2017,"2,737,197",-0.35,99.9,1.31,76.4,17.1,0.94,44,26.4,17.6,33.2,34.5,31.7
Algeria,DZ,2017,"41,506,194",2.05,17.4,3.16,77.6,24.3,1.03,55.7,46.9,8.8,27.8,28.1,27.5
American Samoa,AS,2017,"50,468",-1.9,254.9,2.7,73.3,14.7,1,56.8,47.5,9.3,25.6,26,25.1
Andorra,AD,2017,"85,811",0.02,183.4,1.4,83,4.3,1.06,43,20.6,22.5,44.3,44.2,44.5
Angola,AO,2017,"29,731,341",3.58,23.8,6,62.3,82.4,0.95,102.7,98,4.8,15.7,16.2,15.2
Anguilla,AI,2017,"17,057",1.96,187.4,1.73,81.4,4.8,0.91,44.7,32,12.8,34.9,36.8,33
Antigua and Barbuda,AG,2017,"94,537",1.22,213.4,2,76.4,19.8,0.9,45,33.4,11.7,32,33.6,30.1
Argentina,AR,2017,"44,134,394",0.7,16.1,1.98,76.9,12.6,0.98,56.1,37.9,18.2,31.8,33,30.7
Armenia,AM,2017,"3,045,086",-0.21,108,1.64,74.9,15.4,0.94,43.4,27.1,16.2,35.1,36.9,33.3
Aruba,AW,2017,"115,121",1.29,639.6,1.83,76.9,15.7,0.9,45.2,25.5,19.7,39.3,41.1,37.6
Australia,AU,2017,"24,370,179",1.57,3.2,1.74,82.6,3.8,0.99,51.5,28.5,23,37.4,38.3,36.4
Austria,AT,2017,"8,875,046",0.55,107.6,1.49,81.7,4,0.95,49.5,21.1,28.4,43.6,44.6,42.6
Azerbaijan,AZ,2017,"10,227,206",0.92,123.8,1.87,75.3,12.7,1,44.8,35.3,9.5,30.8,32.5,29.4
"Bahamas, The",BS,2017,"382,237",1.06,38.2,1.42,75.2,13.6,0.87,45.4,36.3,9.2,27.5,27.4,27.6
Bahrain,BH,2017,"1,410,746",2.26,"1,856.2",1.75,79,13.3,1.54,28.2,24.4,3.8,32.3,29.6,33.8
Bangladesh,BD,2017,"157,720,078",1.03,"1,211.6",2.17,73.4,42.3,0.97,51.3,41.9,9.5,26.7,27.4,26
Barbados,BB,2017,"298,086",0.35,693.2,1.7,77.5,13.3,0.94,42.2,25.3,16.8,39,40.1,37.8
Belarus,BY,2017,"9,687,585",-0.13,47.7,1.52,74.5,3.7,0.87,45.5,23.8,21.8,39.9,43,37
Belgium,BE,2017,"11,407,279",0.59,376.8,1.64,81.5,4.2,0.97,55.5,26.3,29.1,41.7,42.9,40.5
Belize,BZ,2017,"373,544",1.95,16.4,2.31,74.3,14.4,0.99,55.9,48.9,7,24.3,24.5,24
Benin,BJ,2017,"11,612,447",3.43,105,5.64,60.2,97.5,0.96,92.8,88.3,4.5,16.8,17.3,16.2
Bermuda,BM,2017,"70,928",0.45,"1,313.5",1.93,81.2,3.1,0.95,53.9,26.2,27.7,43.3,45.5,41.1
Bhutan,BT,2017,"824,209",1.1,21.5,1.9,70.6,41.3,1.08,47,38.2,8.8,27.4,26.9,27.9
Bolivia,BO,2017,"11,289,476",1.5,10.4,2.71,73.1,28.9,1,62.7,53,9.7,24.2,24.6,23.8
Bosnia and Herzegovina,BA,2017,"3,814,656",-0.34,74.5,1.16,77,7.1,0.95,37.4,17.4,20,42.4,43.8,40.9
Botswana,BW,2017,"2,214,659",1.55,3.9,2.56,63.3,38.5,0.93,59.2,50.8,8.3,24.5,25.6,23.5
Brazil,BR,2017,"209,969,058",0.81,25.1,1.78,75.7,16.4,0.97,43.8,31.5,12.4,32.2,33.1,31.3
Brunei,BN,2017,"443,198",1.58,84.2,1.78,77.3,13.4,0.97,38.6,31.9,6.7,30.3,30.7,29.8
Bulgaria,BG,2017,"7,100,884",-0.62,65.5,1.46,74.7,10,0.95,51.2,22,29.1,42.7,44.7,40.9
Burkina Faso,BF,2017,"19,189,088",2.73,70.1,4.87,61.7,93.6,0.95,91.2,85.1,6.1,17.2,18.1,16.4
Burma,MM,2017,"54,717,434",-0.27,83.7,2.17,68.2,47,0.97,47.5,39.3,8.2,28.4,29.2,27.5
Burundi,BI,2017,"10,951,667",2.34,426.5,5.38,65.4,63.8,0.99,90.6,85.2,5.4,17.4,17.7,17
Cabo Verde,CV,2017,"560,017",1.32,138.9,2.24,72.4,32.5,0.94,51.9,43.9,8,25.5,26.3,24.7
Cambodia,KH,2017,"15,660,221",1.55,88.7,2.54,69.5,43.3,0.93,56.1,49.2,6.9,25.4,26.1,24.6
Cameroon,CM,2017,"25,555,473",2.56,54.1,4.75,60.4,85.4,0.99,85.2,79.6,5.6,18.2,18.5,17.9
Canada,CA,2017,"36,742,281",0.85,4,1.55,83,5.2,0.98,50.7,24.2,26.5,41.3,42.4,40.2
Cayman Islands,KY,2017,"58,401",2.03,221.2,1.85,81.2,9.8,0.95,43.9,25.8,18.1,40.1,40.7,39.4
Central African Republic,CF,2017,"5,041,175",0.98,8.1,4.3,52.8,136,0.99,78.4,72.2,6.2,19.3,20.2,18.5
Chad,TD,2017,"15,326,202",3.27,12.2,6.01,57,124,0.98,103.3,98.5,4.8,15.7,16.2,15.2
Chile,CL,2017,"17,870,826",1.37,24,1.81,79.8,7.6,0.97,44.7,28.9,15.8,34.5,35.7,33.4
China,CN,2017,"1,398,073,753",0.56,149.9,1.7,77.3,9.2,1.05,40.8,25.5,15.2,37.2,38.3,36.1
Colombia,CO,2017,"45,744,428",0.8,44,1.96,78,14.6,0.96,49.1,35.8,13.3,30.3,31.4,29.1
Comoros,KM,2017,"813,477",1.65,364,3.34,65.7,87,0.94,76.2,68.9,7.3,20,20.7,19.4
Congo (Brazzaville),CG,2017,"5,132,168",2.67,15,4.22,71.2,53.1,1,80,72.9,7.1,19.9,20.1,19.7
Congo (Kinshasa),CD,2017,"92,453,955",3.26,40.8,5.96,59.5,94.9,1,95.8,90.9,4.8,16.6,16.8,16.4
Cook Islands,CK,2017,"9,253",-2.8,39.2,2.19,76,21.4,1.07,49.4,30.8,18.5,37.2,37.5,36.9
Costa Rica,CR,2017,"4,954,649",1.17,97,1.72,80.1,7.9,1.01,42.8,31,11.8,32,32.5,31.5
C“te d'Ivoire,CI,2017,"26,013,431",2.74,81.8,4.6,60.5,84.7,1.01,81.2,76.5,4.7,18.6,18.5,18.7
Croatia,HR,2017,"4,250,536",-1.15,75.9,1.33,77.7,4.9,0.93,49.1,21.3,27.8,42.8,44.9,40.9
Cuba,CU,2017,"11,212,688",-0.08,102.1,1.63,77.7,5.3,0.99,45.5,23.9,21.6,41.6,42.7,40.3
Cura‡ao,CW,2017,"149,658",0.41,337.1,2.04,78.5,9.7,0.92,54,30.8,23.2,36.1,39.7,33.6
Cyprus,CY,2017,"1,221,929",1.33,132.2,1.47,78.8,10.6,1.05,38.2,21.5,16.7,36.8,38.3,35.6
Czechia,CZ,2017,"10,671,559",0.29,138.1,1.67,79,3.3,0.97,52.5,23.5,28.9,42.1,43.4,40.9
Denmark,DK,2017,"5,770,783",0.57,136,1.75,81.1,4.3,0.99,55.8,25.9,29.9,41.8,42.7,40.8
Djibouti,DJ,2017,"863,611",2.14,37.3,2.31,63.6,70.4,0.84,53.2,47.5,5.7,23.9,25.3,22.2
Dominica,DM,2017,"74,228",0.16,98.8,2.03,77.4,14.1,1.02,49.2,32.2,17,33.7,34.1,33.2
Dominican Republic,DO,2017,"10,225,318",0.99,211.6,2.3,70.9,28.3,1.03,51.7,42.7,9,26.9,27,26.7
Ecuador,EC,2017,"16,529,880",1.4,66.6,2.46,81.3,14.5,0.98,61.1,48.3,12.8,26.1,26.9,25.3
Egypt,EG,2017,"97,583,808",2.36,98,3.59,73.1,23.6,1.06,65.9,59,6.9,23.3,23.4,23.2
El Salvador,SV,2017,"6,357,771",0.83,306.8,1.85,74.3,14.2,0.92,52.4,41.5,10.8,26.3,27.8,24.8
Equatorial Guinea,GQ,2017,"1,381,721",4.35,49.3,4.62,63.2,109.9,1.1,75.8,67.4,8.4,21.1,20.9,21.2
Eritrea,ER,2017,"5,926,231",0.85,58.7,3.99,65.3,66.7,0.97,78.9,71.9,7,19.7,20.1,19.2
Estonia,EE,2017,"1,284,707",0.27,30.3,1.64,77.5,3,0.88,55.8,25.6,30.2,41.9,45.3,38.6
Eswatini,SZ,2017,"1,077,731",0.85,62.6,2.69,56.5,64.4,0.9,62.3,56.3,6.1,22.9,23.7,22
Ethiopia,ET,2017,"99,977,612",2.74,91.2,4.35,66.1,58.2,1,78.1,72.3,5.8,19.5,19.7,19.3
Faroe Islands,FO,2017,"50,722",0.56,36.4,2.35,80.4,8.2,1.08,57.7,31.3,26.4,37.7,38.3,37.2
Fiji,FJ,2017,"920,176",0.59,50.4,2.41,72.9,19.1,1.03,51.9,41.7,10.2,29.1,29.3,28.9
Finland,FI,2017,"5,500,610",0.21,18.1,1.5,81.4,2.6,0.97,59.7,25.9,33.8,42.6,44.5,41.1
France,FR,2017,"67,094,479",0.47,104.8,1.95,82.5,4.2,0.96,61.3,29.6,31.7,41.5,43.2,39.8
French Polynesia,PF,2017,"287,678",0.87,75.2,1.88,77.4,13.8,1.05,44,32.2,11.8,32.1,32.2,31.9
Gabon,GA,2017,"2,060,138",2.89,8,3.57,67.4,51.6,1.08,71.8,65.1,6.7,20.3,20,20.5
"Gambia, The",GM,2017,"2,134,985",2.61,211,4.48,65.7,66,0.98,83,77.7,5.3,18.3,18.8,17.9
Georgia,GE,2017,"4,985,761",0.19,71.5,2.14,73.3,22.8,0.92,52.9,29.5,23.4,37.2,40,34.4
Germany,DE,2017,"84,123,624",0.26,241.3,1.57,81.5,3.9,0.97,53.6,20.5,33.1,46.3,47.5,45.1
Ghana,GH,2017,"29,479,431",2.43,129.6,3.88,67.4,51,0.95,75.9,68.5,7.5,20.7,21.6,19.8
Gibraltar,GI,2017,"29,273",0.23,"4,181.9",1.94,79.8,7.7,1.03,56,30.4,25.6,35.1,35.5,34.8
Greece,GR,2017,"10,698,002",-0.27,81.9,1.36,80.8,4.4,0.95,57.2,23.2,34,44.3,45.7,42.9
Greenland,GL,2017,"57,755",0.03,0,1.99,72.4,12.2,1.09,43.4,30.2,13.1,33.9,32.7,35.1
Grenada,GD,2017,"111,800",0.44,325,2.02,74.6,14.3,1.03,51.6,36.2,15.3,31.6,31.6,31.5
Guam,GU,2017,"167,357",0.26,307.6,2.96,76,14.6,1.06,56.5,43.1,13.4,28.9,29.7,28.3
Guatemala,GT,2017,"16,289,862",1.74,152,2.95,71.6,38.1,0.99,64.5,57.2,7.4,22.3,22.9,21.8
Guernsey,GG,2017,"66,621",0.31,854.1,1.56,82.8,4,0.99,51.7,22,29.7,43.8,45,42.7
Guinea,GN,2017,"11,534,259",2.74,46.9,5.01,61.6,86.6,1,83,76,7,19,19.2,18.8
Guinea-Bissau,GW,2017,"1,788,559",2.45,63.6,4.85,60.6,85.4,0.95,87.7,82.1,5.7,17.8,18.4,17.2
Guyana,GY,2017,"784,722",0.01,4,2.14,70.6,30.8,1.04,49.5,40.5,9,26.2,26.4,26.1
Haiti,HT,2017,"10,714,691",1.49,388.8,2.88,64.1,64.8,0.97,60.2,53.7,6.5,22.7,22.9,22.5
Honduras,HN,2017,"8,922,364",1.57,79.7,2.63,73.9,18.7,0.95,61.2,53.2,8,23,23.8,22.1
Hong Kong,HK,2017,"7,190,300",0.32,"6,701.1",1.19,83,3.6,0.87,40.2,17.1,23.1,44.4,45,43.5
Hungary,HU,2017,"10,074,518",-0.13,112.4,1.49,75.6,5.7,0.95,51.5,22.6,28.9,42.4,44.3,40.7
Iceland,IS,2017,"339,755",1.13,3.4,2,83.1,2.7,1.01,53.3,31.3,22.1,36.5,37.1,36
India,IN,2017,"1,327,127,431",1.09,446.4,2.21,70.6,38.5,1.07,50.4,40.6,9.7,27.6,28.2,27
Indonesia,ID,2017,"265,708,968",0.93,146.7,2.19,71.7,26.3,1,49.4,40,9.5,29.5,30.1,28.8
Iran,IR,2017,"82,046,494",1.25,53.6,1.97,74.3,18.8,1.03,41.9,34.3,7.6,30.3,30.5,30.1
Iraq,IQ,2017,"36,345,459",2.22,83.1,3.64,70.1,27.9,1.01,71.2,66,5.1,20.5,20.9,20.2
Ireland,IE,2017,"4,860,044",0.94,70.6,1.74,82.1,3.5,0.99,52.9,32,20.9,37.3,37.5,37.2
Isle of Man,IM,2017,"88,678",0.68,155,1.92,81.2,5.4,1,57.4,25.7,31.8,44.1,44.9,43.2
Israel,IL,2017,"8,391,005",1.78,390.3,3.1,82.6,3.8,1.01,64.9,46.4,18.5,29.6,30.3,29
Italy,IT,2017,"61,498,899",0,209.1,1.25,82.4,3.8,0.93,54.2,20.5,33.7,45.8,46.9,44.7
Jamaica,JM,2017,"2,813,518",-0.01,259.8,2.1,74.2,14.9,0.98,53.7,40.7,13.1,28.2,28.9,27.5
Japan,JP,2017,"126,215,286",-0.22,346.3,1.43,84.1,2.7,0.95,68.1,21.9,46.2,47.1,48.5,45.8
Jersey,JE,2017,"98,586",0.76,849.9,1.65,81.8,4.9,0.97,47.8,23.9,23.9,38,40.6,36
Jordan,JO,2017,"10,247,507",2.05,115.4,3.19,74.8,18,1.12,61.6,56,5.6,22.5,22,22.9
Kazakhstan,KZ,2017,"18,823,798",1.27,7,2.64,73.4,15.7,0.94,53,41.2,11.8,30.3,31.9,28.8
Kenya,KE,2017,"47,037,366",2.28,82.6,3.67,67.4,44.3,0.99,77.6,71.6,6.1,19.3,19.7,18.9
Kiribati,KI,2017,"108,212",1.12,133.4,2.39,66.3,47.8,0.95,50.9,44.5,6.4,24.7,25.6,23.9
"Korea, North",KP,2017,"25,382,625",0.6,210.8,1.9,72.6,21.7,0.95,43.8,29.7,14.1,34.1,35.7,32.6
"Korea, South",KR,2017,"51,508,826",0.35,531.5,1.05,83.5,3.2,1,37.4,17.9,19.5,42.2,43.5,40.7
Kuwait,KW,2017,"2,876,506",1.46,161.4,2.4,78.2,10,1.4,38,34.5,3.5,29.3,27.4,30.4
Kyrgyzstan,KG,2017,"5,788,175",1.05,30.2,2.61,70.9,32.5,0.96,55.1,46.9,8.2,26.5,27.6,25.5
Laos,LA,2017,"7,205,428",1.59,31.2,2.68,67.1,51.2,0.99,59.6,53.3,6.3,22.9,23.2,22.6
Latvia,LV,2017,"1,959,030",-0.8,31.5,1.66,74.4,4.8,0.85,53.7,23.9,29.8,43.3,46.7,39.5
Lebanon,LB,2017,"6,162,360",-0.46,602.4,2.39,77.1,8.7,0.98,51.6,43,8.6,27.8,28.2,27.4
Lesotho,LS,2017,"2,114,641",0.81,69.7,3.11,56,78.6,0.97,67.7,58.5,9.2,22.8,23.4,22.2
Liberia,LR,2017,"4,575,927",2.35,47.5,4.53,61.1,83.7,1,80.3,74.7,5.6,18.7,18.8,18.7
Libya,LY,2017,"6,483,076",2.17,3.7,3.3,71.9,17.1,1.05,60.2,53.8,6.4,25.7,25.5,25.8
Liechtenstein,LI,2017,"38,245",0.8,239,1.69,81.9,5.1,0.99,48.5,22.7,25.8,43.2,44.5,41.7
Lithuania,LT,2017,"2,813,786",-1.39,44.9,1.65,75.7,3.6,0.86,53.6,23.4,30.3,43.8,47.1,39.8
Luxembourg,LU,2017,"596,116",2.09,230.5,1.44,82.8,4.2,1.01,46.1,24.1,22.1,39.5,40.1,38.9
Macau,MO,2017,"609,011",0.92,"21,750.4",1.13,84.6,5.5,0.91,33.9,19.9,14.1,39.1,39,39.3
Madagascar,MG,2017,"25,009,416",2.49,43,4.03,66.6,62.2,1,75.7,69.8,5.9,19.8,20,19.6
Malawi,MW,2017,"18,365,567",2.64,195.2,4.02,71,64.2,0.96,85.6,79.1,6.5,18.3,18.5,18.1
Malaysia,MY,2017,"32,040,544",1.22,97.5,1.92,75.5,8.4,1.05,43.9,34.6,9.3,29,29.1,28.9
Maldives,MV,2017,"392,156",-0.09,"1,316.0",1.73,75.8,37.5,1.2,34.5,28.3,6.1,28.3,28.4,28.2
Mali,ML,2017,"17,885,069",3.02,14.7,6.01,60.3,111.2,0.95,104.9,98.7,6.2,15.8,16.4,15.1
Malta,MT,2017,"454,673",3.39,"1,438.8",1.36,82.2,6.2,1.01,51.4,21.6,29.8,41.1,42.3,39.9
Marshall Islands,MH,2017,"74,361",1.55,410.8,3.03,73.3,29.8,1.03,63.2,56.6,6.7,23,23.1,23
Mauritania,MR,2017,"4,058,999",3.2,3.9,5.28,68.5,49,0.97,90.4,83.6,6.9,17.7,18.3,17.1
Mauritius,MU,2017,"1,300,376",0.19,640.6,1.36,76.2,13.3,0.96,38.7,24.5,14.1,36.4,37.4,35.4
Mexico,MX,2017,"124,883,590",1.02,64.2,1.99,74.8,16,0.96,51.2,40.6,10.6,28.6,29.5,27.6
"Micronesia, Federated States of",FM,2017,"104,072",-0.52,148.3,2.41,73.1,30.2,0.98,51.7,45.7,6,25.2,25.9,24.5
Moldova,MD,2017,"3,740,498",-1.72,113.7,1.19,70.1,15.9,0.92,38.6,22,16.6,37.1,39.2,35.2
Monaco,MC,2017,"30,711",0.29,"15,355.5",1.5,89.4,2,0.95,73.7,19.6,54,52.3,53.3,51.3
Mongolia,MN,2017,"3,167,777",1.61,2,2.79,71.2,18,0.97,51.3,45,6.4,27.4,28.3,26.6
Montenegro,ME,2017,"616,284",-0.33,45.8,1.83,76.7,3.9,0.98,49.2,27.4,21.9,38.6,40.1,37.1
Montserrat,MS,2017,"5,283",0.44,51.8,1.28,74.6,13.9,1,29,21.1,7.9,33.2,33.8,32.6
Morocco,MA,2017,"34,968,788",1.07,48.8,2.4,72.3,25.8,0.99,51.9,42.2,9.7,28.2,28.7,27.8
Mozambique,MZ,2017,"27,809,390",2.65,35.4,5.2,53.9,108.9,0.97,95.5,89.7,5.8,16.8,17.5,16.1
Namibia,NA,2017,"2,485,060",1.95,3,3.29,64.2,48.5,0.96,69.4,62.6,6.8,21.2,21.9,20.5
Nauru,NR,2017,"9,590",0.5,456.7,2.8,66.3,11.4,0.97,51.2,47.4,3.8,26.4,26.9,25.9
Nepal,NP,2017,"29,313,646",1.09,204.5,2.12,71,35,0.95,54.2,46.3,7.9,24.2,25.2,23.2
Netherlands,NL,2017,"17,089,200",0.59,504.2,1.63,81.6,4.2,0.99,53.5,24.7,28.8,42.6,43.6,41.5
New Caledonia,NC,2017,"279,106",1.33,15.3,1.93,77.8,9.8,1,46.4,32.8,13.6,32,32.8,31.3
New Zealand,NZ,2017,"4,700,525",1.74,17.8,1.89,81.8,4.4,1,53.2,30.5,22.8,37,37.9,36.1
Nicaragua,NI,2017,"6,205,440",1.2,51.7,1.99,74.4,20.2,0.96,50,42.5,7.4,25.5,26.3,24.7
Niger,NE,2017,"20,388,375",3.64,16.1,7.3,58.1,116.2,0.98,117.5,111.6,5.9,14.5,14.8,14.2
Nigeria,NG,2017,"198,312,085",2.54,217.7,4.92,58.7,101.1,1.02,85.4,79.4,6,18.2,18.5,18
North Macedonia,MK,2017,"2,114,687",0.2,83.1,1.48,75.7,9.3,1,41.4,23.1,18.4,37.9,38.9,36.9
Northern Mariana Islands,MP,2017,"52,448",-0.39,111.1,2.79,75.4,16,1.14,47.1,39.1,8,33.6,34.4,32.8
Norway,NO,2017,"5,279,516",0.71,17.4,1.63,82.6,2.8,1.02,53.2,27.2,25.9,39.4,40.3,38.6
Oman,OM,2017,"3,415,807",2.02,11,2.82,75.7,21.4,1.19,50.1,44.8,5.3,25.7,24.4,26.8
Pakistan,PK,2017,"219,176,700",2.15,284.3,3.83,68.1,77.9,1.04,70.2,62.9,7.3,21.5,21.6,21.4
Palau,PW,2017,"21,301",0.35,46.4,1.71,73.3,15.2,1.09,36.9,26.1,10.8,33.8,35.1,33.2
Panama,PA,2017,"3,932,333",2.48,52.9,2.52,78.5,18.5,1.01,55.3,41.4,13.9,29.4,29.7,29
Papua New Guinea,PG,2017,"8,486,694",2.56,18.7,4.24,67.8,47.1,1.03,71.2,65.4,5.8,20.9,21,20.8
Paraguay,PY,2017,"6,940,221",1.18,17.5,1.9,77.3,33.3,1.01,46.2,35.6,10.7,28.4,28.6,28.2
Peru,PE,2017,"30,282,393",0.41,23.7,2.36,76.9,14.6,0.98,54.6,42.5,12.1,28.7,29.3,28
Philippines,PH,2017,"104,862,154",1.55,351.7,2.79,70.8,28.7,1.01,59.9,52.2,7.6,24,24.5,23.5
Poland,PL,2017,"38,504,942",-0.02,126.6,1.45,77.8,5.2,0.94,46.1,21.5,24.6,40.7,42.4,39
Portugal,PT,2017,"10,370,571",-0.28,113.4,1.38,80.8,3.2,0.9,51.7,21.4,30.3,43.3,45.2,41.4
Puerto Rico,PR,2017,"3,352,108",-1.74,378,1.22,80.8,7.1,0.91,54.5,24.4,30.2,41.5,43.2,39.6
Qatar,QA,2017,"2,316,205",2.28,199.9,1.91,78.8,10.3,3.41,15.8,14.6,1.2,33.2,28.1,34.3
Romania,RO,2017,"19,558,508",-0.92,85.1,1.83,75.6,7.9,0.95,53.7,23.9,29.8,42.5,44,41.1
Russia,RU,2017,"144,157,561",0.03,8.8,1.62,72.4,8.1,0.87,46.5,25.3,21.2,39.6,42.5,36.8
Rwanda,RW,2017,"11,899,254",2.45,482.4,3.87,64.3,39.8,0.96,77.9,73.6,4.3,19,19.8,18.3
Saint Barthelemy,BL,2017,"7,191",-0.32,287.6,1.63,79.7,9,1.13,49.7,24.4,25.2,44.2,44.2,44.1
"Saint Helena, Ascension, and Tristan da Cunha",SH,2017,"7,859",0.23,19.9,1.59,79.6,25,1.02,45.5,23.1,22.4,42,41.9,42.1
Saint Kitts and Nevis,KN,2017,"52,687",0.73,201.9,1.78,75.9,16.9,1,41,28.6,12.4,35,34.8,35.3
Saint Lucia,LC,2017,"164,584",0.33,271.6,1.75,77.8,14.7,0.95,46.2,29.2,17,34.8,36,33.7
Saint Martin,MF,2017,"32,117",0.53,594.8,1.81,79.7,9,0.93,52.1,39.8,12.3,32.6,33.5,31.7
Saint Pierre and Miquelon,PM,2017,"5,571",-1.08,23,1.57,80.8,10.1,0.96,55.8,23.8,32,46.7,47.1,46.3
Saint Vincent and the Grenadines,VC,2017,"101,985",-0.24,262.2,1.8,75.4,20.7,1.04,44.2,30.6,13.6,33.7,33.5,33.8
Samoa,WS,2017,"200,056",0.59,70.9,2.7,73.9,25.1,1.04,58.8,49.7,9.1,24.4,24.7,24.1
San Marino,SM,2017,"33,536",0.75,549.8,1.5,83.2,7.7,0.94,53.1,23.3,29.8,44.4,45.4,43.3
Sao Tome and Principe,ST,2017,"200,744",1.71,208.2,4.25,65.4,74.5,1,80.3,75.1,5.2,18.5,18.9,18.1
Saudi Arabia,SA,2017,"32,567,388",1.7,15.1,2.11,75.5,15.7,1.3,41.6,37.1,4.5,29.5,26.8,31.6
Senegal,SN,2017,"15,652,205",2.96,81.3,4.81,68.4,50.4,0.96,86.8,81.1,5.7,18,18.9,17.2
Serbia,RS,2017,"6,978,391",-0.56,90.1,1.46,74.9,6.2,0.95,48.9,22,26.9,42.6,44.1,41.1
Seychelles,SC,2017,"93,595",0.79,205.7,1.85,74.6,17.5,1.06,37.7,27.4,10.4,35.3,35.9,34.8
Sierra Leone,SL,2017,"7,591,774",2.93,106,4.33,56.8,110.1,0.98,82.9,77.7,5.2,18.3,18.7,17.9
Singapore,SG,2017,"5,637,272",1.06,"7,951.0",1.16,85.2,2.1,0.99,35.8,22,13.8,36,36.8,35.2
Sint Maarten,SX,2017,"42,212",1.44,"1,241.5",2.05,78.8,9.4,0.98,38.1,25.4,12.7,41.1,42.1,40
Slovakia,SK,2017,"5,472,430",0.14,113.8,1.54,77.2,6.2,0.95,44.2,22,22.1,40.5,42.2,38.8
Slovenia,SI,2017,"2,101,987",0.05,104.3,1.61,81.1,2.3,0.99,52.2,22.4,29.8,43.9,45.7,42.3
Solomon Islands,SB,2017,"641,944",1.91,22.9,3.16,75.6,28.6,1.04,63.1,55.7,7.4,22.8,23,22.6
Somalia,SO,2017,"15,298,005",3.3,24.4,6.89,51.3,145.8,1,97,93.5,3.4,16.1,16.4,15.8
South Africa,ZA,2017,"56,019,667",1.19,46.1,2.43,69.2,30.3,0.97,50.7,41,9.7,28.4,28.6,28.1
South Sudan,SS,2017,"10,507,302",-4.64,16.3,5.34,43.1,152.3,1.05,84.7,80.2,4.5,17.6,17.4,17.8
Spain,ES,2017,"46,268,801",0.29,92.7,1.37,82.7,3.3,0.96,51.6,22.7,28.9,43.8,44.9,42.7
Sri Lanka,LK,2017,"21,012,393",-0.14,325.1,2.19,76.4,8.5,0.94,53.9,38.9,15.1,32.9,34,31.7
Sudan,SD,2017,"41,818,056",3.17,22.5,4.91,65.4,69.5,1.01,87,81.5,5.6,17.7,17.9,17.5
Suriname,SR,2017,"595,019",1.33,3.8,1.99,72.9,37.9,0.98,45.2,36.3,8.9,29.6,30.4,28.7
Sweden,SE,2017,"10,094,338",1.21,24.6,1.77,82.5,2.8,1.01,60,27.9,32.1,40.9,42,39.8
Switzerland,CH,2017,"8,418,657",0.63,210.5,1.54,83.3,4.1,0.98,49.6,22.2,27.4,42.8,43.7,41.9
Syria,SY,2017,"17,463,180",-2.42,93.9,3.07,67.5,21.7,0.99,62.5,54.9,7.5,23,23.4,22.6
Tajikistan,TJ,2017,"8,972,304",2.51,63.4,3.8,70.2,35.5,1.01,65.9,60.6,5.4,22.9,23.4,22.5
Tanzania,TZ,2017,"54,587,507",2.72,61.6,4.87,66.1,52.3,1,86.5,80.9,5.6,18,18.3,17.8
Thailand,TH,2017,"68,607,190",0.38,134.3,1.53,76.4,9.5,0.96,39.8,24.2,15.6,38.3,39.3,37.3
Timor-Leste,TL,2017,"1,241,776",1.8,83.5,3.89,64.9,64.8,0.99,73.7,66.8,7,20.1,21,19.4
Togo,TG,2017,"7,471,768",2.64,137.4,4.48,69.2,72,0.97,79.3,72.3,7,20,20.8,19.3
Tonga,TO,2017,"106,428",-0.06,148.4,3.1,76.5,16,1.01,67.3,56.5,10.9,23,23.5,22.6
Trinidad and Tobago,TT,2017,"1,364,964",0.43,266.2,1.68,74.7,20.9,1.01,45.9,29.8,16,35.1,35.5,34.8
Tunisia,TN,2017,"11,403,062",1.01,73.4,2.23,75.7,15.1,0.99,49.4,37.6,11.9,31.6,32.2,31
Turkey,TR,2017,"80,808,069",0.53,105,2.01,74.9,25.3,1.01,47.3,36.2,11.1,31,31.5,30.5
Turkmenistan,TM,2017,"5,346,603",1.11,11.4,2.07,70.4,51.7,0.98,43.5,36.5,7,28.1,28.6,27.7
Turks and Caicos Islands,TC,2017,"52,711",2.18,55.6,1.7,80.8,14.1,1.02,35.9,29.4,6.4,33.4,33.1,33.7
Tuvalu,TV,2017,"11,061",0.84,425.4,2.95,66.8,53.3,0.97,54.4,44.9,9.5,25.8,27.1,24.8
Uganda,UG,2017,"39,184,992",4.24,198.8,5.8,66.7,50.9,0.94,105.5,100.5,5,15.5,16.3,14.6
Ukraine,UA,2017,"43,940,088",-0.54,75.8,1.38,71.8,9.7,0.86,47,23.1,23.9,40.6,43.7,37.4
United Arab Emirates,AE,2017,"9,543,192",1.07,114.2,1.69,78.6,6.1,2.5,20,18.7,1.3,34.4,29.7,35.7
United Kingdom,GB,2017,"65,783,069",0.67,271.9,1.76,81.3,4.4,0.99,55.1,27.2,28,40.1,41.2,39.1
United States,US,2017,"325,122,128",0.58,35.5,--,--,--,0.97,52.4,28.6,23.8,38,39.3,36.8
Uruguay,UY,2017,"3,448,835",0.31,19.7,1.76,76.9,8.8,0.94,52.6,31.4,21.2,35.4,37.1,33.7
Uzbekistan,UZ,2017,"32,171,245",1.67,75.6,2.46,74.9,24.9,1,50.1,42.4,7.8,27.2,27.9,26.6
Vanuatu,VU,2017,"282,505",1.85,23.2,3.07,73.7,19.2,1,65.1,58.5,6.6,22,22.4,21.6
Venezuela,VE,2017,"30,650,761",-1.39,34.7,2.35,71.9,29.8,0.99,52.2,41.5,10.7,28.4,29.1,27.7
Vietnam,VN,2017,"98,482,273",1.12,317.6,2.04,74.6,21,1,44.3,35.4,8.9,30.2,31.3,29.2
"Virgin Islands, British",VG,2017,"34,893",2.16,231.1,1.29,78.7,17.1,0.92,34.4,22.3,12.1,36.6,36.7,36.4
"Virgin Islands, U.S.",VI,2017,"107,281",-0.24,308.3,2.08,79.3,9.3,0.92,61.2,32.9,28.4,41,41.9,40
Wallis and Futuna,WF,2017,"15,673",0.31,110.4,1.73,79.6,4.9,1.06,46.5,32,14.4,32.1,32.9,31.5
Yemen,YE,2017,"28,810,349",2.46,54.6,4.23,63.7,71,1.01,79.3,73.9,5.4,19.1,19.5,18.7
Zambia,ZM,2017,"16,920,529",3.09,22.8,4.9,64.5,59.9,1,90.3,85.4,5,17.3,17.5,17.1
Zimbabwe,ZW,2017,"14,735,230",2.42,38.1,3.7,63.2,56.1,0.94,74.4,67.9,6.6,20,20.8,19.2
Gaza Strip,XG,2017,"1,860,123",2.7,"5,167.0",4.05,74.2,20.1,1.03,87.7,82.9,4.8,17.4,17.7,17.1
Kosovo,XK,2017,"1,894,666",0.66,174,2.02,72.2,33.9,1.06,47.7,37,10.7,29.1,29.5,28.8
Taiwan,TW,2017,"23,520,367",0.14,729.1,1.13,80.4,5,0.99,36.7,17.9,18.8,40.7,41.5,39.9
West Bank,XW,2017,"2,789,902",2.24,494.7,3.79,75.3,20.1,1.04,69,63.2,5.9,20.8,21,20.6
 -> 2018,,,--,--,--,--,--,--,--,--,--,--,--,--,--
 -> 2018 -> World,,,"7,623,689,178",--,57.8,--,--,--,1.01,53.7,39.7,14,--,--,--
Afghanistan,AF,2018,"41,996,269",2.51,64.4,5.1,62.8,63.6,1.03,87.7,82.5,5.2,17.7,17.8,17.5
Albania,AL,2018,"2,728,521",-0.29,99.6,1.24,76.9,16.3,0.94,43.9,25.8,18.1,33.7,35.1,32.2
Algeria,DZ,2018,"42,343,850",1.95,17.8,3.1,77.8,23.7,1.03,57.1,47.9,9.1,27.9,28.2,27.7
American Samoa,AS,2018,"49,485",-2.04,249.9,2.58,73.8,14.2,1,55.8,46.1,9.7,26.2,26.7,25.7
Andorra,AD,2018,"85,813",-0.02,183.4,1.41,83,4.3,1.06,43.5,20.2,23.3,44.9,44.8,45.1
Angola,AO,2018,"30,794,171",3.45,24.7,5.93,62.7,80.6,0.95,102,97.2,4.8,15.8,16.3,15.3
Anguilla,AI,2018,"17,393",1.93,191.1,1.73,81.5,4.7,0.91,44.8,31.7,13.1,35.2,37,33.3
Antigua and Barbuda,AG,2018,"95,693",1.21,216,1.99,76.7,19.2,0.9,45.2,33.1,12.1,32.2,33.9,30.4
Argentina,AR,2018,"44,431,237",0.64,16.2,1.89,77.3,12.2,0.98,55.8,37.3,18.5,32.1,33.3,31
Armenia,AM,2018,"3,038,152",-0.24,107.7,1.64,75.1,15.1,0.94,43.9,27.1,16.8,35.6,37.4,33.9
Aruba,AW,2018,"116,596",1.26,647.8,1.83,77.1,15.4,0.9,46.2,25.7,20.5,39.5,41.2,37.8
Australia,AU,2018,"24,748,006",1.5,3.2,1.74,82.6,3.8,0.99,52,28.6,23.4,37.4,38.4,36.4
Austria,AT,2018,"8,917,973",0.41,108.2,1.44,81.9,3.9,0.95,49.9,21.1,28.7,43.8,44.8,42.7
Azerbaijan,AZ,2018,"10,315,182",0.79,124.8,1.76,75.6,12.5,1,45.2,35.4,9.8,31.3,32.9,29.8
"Bahamas, The",BS,2018,"386,325",1.07,38.6,1.42,75.5,13.5,0.87,44.4,35,9.5,27.8,27.8,27.9
Bahrain,BH,2018,"1,442,415",2.18,"1,897.9",1.73,79.2,13.2,1.54,28.1,24.1,4,32.5,29.8,34
Bangladesh,BD,2018,"159,341,784",1.01,"1,224.1",2.15,73.7,41.3,0.97,50.7,41,9.7,27.1,27.8,26.4
Barbados,BB,2018,"299,110",0.33,695.6,1.7,77.7,13.1,0.93,43,25.2,17.7,39.3,40.4,38.1
Belarus,BY,2018,"9,672,800",-0.17,47.7,1.43,74.6,3.3,0.87,46.4,24.1,22.3,40.2,43.2,37.3
Belgium,BE,2018,"11,475,428",0.6,379,1.61,81.6,4.3,0.97,55.9,26.4,29.6,41.8,43,40.6
Belize,BZ,2018,"380,601",1.8,16.7,2.27,74.7,13.9,0.99,54.9,47.7,7.2,24.6,24.9,24.4
Benin,BJ,2018,"12,016,866",3.41,108.6,5.6,60.6,94.8,0.96,92.4,87.8,4.5,16.9,17.4,16.3
Bermuda,BM,2018,"71,240",0.43,"1,319.3",1.93,81.4,3,0.95,54.9,26.2,28.7,43.5,45.7,41.2
Bhutan,BT,2018,"833,204",1.08,21.7,1.87,71.1,39,1.08,46.1,37.3,8.9,27.9,27.4,28.3
Bolivia,BO,2018,"11,456,219",1.43,10.6,2.63,73.3,28.2,1.01,61.7,51.8,9.9,24.5,25,24.1
Bosnia and Herzegovina,BA,2018,"3,801,627",-0.35,74.3,1.14,77.4,7,0.95,38.4,17.3,21.1,42.8,44.3,41.3
Botswana,BW,2018,"2,248,863",1.52,4,2.53,63.8,37.1,0.93,58.2,49.8,8.4,24.9,26,23.8
Brazil,BR,2018,"211,669,594",0.8,25.3,1.77,76,15.8,0.97,43.6,30.8,12.8,32.6,33.5,31.7
Brunei,BN,2018,"450,185",1.55,85.5,1.77,77.5,13.2,0.97,38.6,31.5,7.2,30.6,31.1,30.1
Bulgaria,BG,2018,"7,056,613",-0.63,65,1.47,74.8,9.9,0.95,51.8,22.2,29.6,43,44.9,41.2
Burkina Faso,BF,2018,"19,714,490",2.67,72,4.73,62.1,90.8,0.95,90.1,84.1,6,17.4,18.3,16.6
Burma,MM,2018,"54,899,145",0.93,84,2.13,68.6,45.6,0.97,47,38.6,8.4,28.7,29.6,27.9
Burundi,BI,2018,"11,221,770",2.53,437,5.31,65.9,61.7,0.99,89.8,84.3,5.5,17.5,17.8,17.2
Cabo Verde,CV,2018,"567,405",1.3,140.7,2.21,72.7,31.7,0.94,51,43,8,26,26.8,25.1
Cambodia,KH,2018,"15,900,821",1.5,90.1,2.51,69.9,42,0.94,56,49,7.1,25.8,26.5,25
Cameroon,CM,2018,"26,245,577",2.77,55.5,4.72,61,82.8,0.99,84.5,78.9,5.7,18.3,18.6,18
Canada,CA,2018,"37,074,185",0.94,4.1,1.55,83.1,5.2,0.98,51.6,24.3,27.3,41.5,42.6,40.3
Cayman Islands,KY,2018,"59,587",1.99,225.7,1.84,81.3,9.7,0.95,44.8,25.8,19,40.2,40.9,39.6
Central African Republic,CF,2018,"5,093,996",1.1,8.2,4.25,53.4,133.6,0.99,77.6,71.4,6.2,19.4,20.4,18.6
Chad,TD,2018,"15,832,084",3.23,12.6,5.9,57.5,120.8,0.98,102.1,97.3,4.8,15.8,16.3,15.3
Chile,CL,2018,"18,122,093",1.42,24.4,1.64,80.1,7.5,0.97,44.8,28.5,16.3,34.9,36,33.9
China,CN,2018,"1,404,459,395",0.35,150.6,1.47,77.5,8.5,1.05,41.8,25.8,16.1,37.5,38.6,36.5
Colombia,CO,2018,"46,674,420",3.2,44.9,1.96,78.3,14.2,0.96,49.2,35.4,13.8,30.6,31.8,29.5
Comoros,KM,2018,"826,707",1.58,369.9,3.21,66,85.2,0.94,73.8,66.5,7.4,20.4,21,19.7
Congo (Brazzaville),CG,2018,"5,263,105",2.38,15.4,4.16,71.4,52.1,1,79.3,72.2,7.1,20,20.2,19.7
Congo (Kinshasa),CD,2018,"95,484,274",3.2,42.1,5.9,60,92,1,95.7,90.9,4.8,16.6,16.8,16.5
Cook Islands,CK,2018,"9,001",-2.72,38.1,2.16,76.2,21,1.06,49.2,30.1,19.1,37.9,38.2,37.6
Costa Rica,CR,2018,"5,016,488",1.31,98.2,1.71,80.3,7.5,1.01,42.8,30.6,12.3,32.5,33,32
C“te d'Ivoire,CI,2018,"26,727,163",2.68,84,4.51,61,82.1,1.01,80.4,75.7,4.7,18.7,18.7,18.8
Croatia,HR,2018,"4,211,552",-0.69,75.2,1.38,77.9,5,0.93,50.4,21.5,28.9,43.1,45.1,41.1
Cuba,CU,2018,"11,200,972",-0.13,102,1.67,77.9,5.3,0.99,45.6,23.6,22,41.9,43.2,40.5
Cura‡ao,CW,2018,"150,255",0.39,338.4,2.03,78.6,9.5,0.92,54.8,30.7,24.1,36.3,39.6,33.8
Cyprus,CY,2018,"1,237,560",1.28,133.9,1.47,79,10.3,1.05,38.8,21.7,17.1,37.2,38.7,36
Czechia,CZ,2018,"10,707,049",0.37,138.6,1.69,79.1,3.2,0.97,53.8,24,29.8,42.5,43.7,41.2
Denmark,DK,2018,"5,799,631",0.43,136.7,1.73,81,4.1,0.99,56.1,25.8,30.3,41.9,42.9,40.9
Djibouti,DJ,2018,"882,202",2.12,38.1,2.27,63.9,68.8,0.84,52.3,46.5,5.7,24.3,25.7,22.5
Dominica,DM,2018,"74,342",0.15,99,2.03,77.5,13.9,1.02,49.6,32.1,17.5,34.1,34.6,33.7
Dominican Republic,DO,2018,"10,325,539",0.96,213.7,2.28,71.3,27.7,1.02,51.3,42,9.3,27.2,27.3,27.1
Ecuador,EC,2018,"16,868,883",2.65,67.9,2.42,81.5,14.2,0.98,60.4,47.3,13.1,26.4,27.2,25.6
Egypt,EG,2018,"99,834,881",2.2,100.3,3.43,73.4,23,1.06,66.5,59.3,7.2,23.3,23.4,23.3
El Salvador,SV,2018,"6,427,590",1.35,310.2,1.75,74.6,13.7,0.92,51.4,40.4,11,26.7,28.3,25.2
Equatorial Guinea,GQ,2018,"1,441,750",4.16,51.4,4.55,63.3,109.2,1.12,74.8,66.4,8.4,21.2,20.9,21.4
Eritrea,ER,2018,"5,978,076",0.89,59.2,3.9,65.6,65.3,0.97,76.9,69.9,7,19.9,20.4,19.4
Estonia,EE,2018,"1,289,300",0.44,30.4,1.72,77.7,2.6,0.89,56.6,26,30.6,42.1,45.5,38.8
Eswatini,SZ,2018,"1,086,857",0.83,63.2,2.63,57.2,61,0.9,61.6,55.5,6.1,23.2,24,22.2
Ethiopia,ET,2018,"102,694,422",2.62,93.7,4.28,66.6,55.5,1,77.4,71.6,5.8,19.6,19.8,19.4
Faroe Islands,FO,2018,"51,011",0.58,36.6,2.34,80.6,8.1,1.08,58,31.2,26.8,37.6,38.2,37.2
Fiji,FJ,2018,"925,481",0.56,50.6,2.37,73.2,18.7,1.03,51.9,41.3,10.6,29.5,29.7,29.3
Finland,FI,2018,"5,508,829",0.09,18.1,1.41,81.5,2.6,0.97,60.5,25.8,34.7,42.8,44.6,41.3
France,FR,2018,"67,370,049",0.35,105.2,1.93,82.7,4.1,0.96,62,29.5,32.4,41.7,43.4,40
French Polynesia,PF,2018,"290,153",0.84,75.8,1.87,77.6,13.5,1.05,44.1,31.8,12.3,32.5,32.7,32.3
Gabon,GA,2018,"2,118,701",2.72,8.2,3.52,68,49.2,1.08,70.5,63.8,6.7,20.5,20.2,20.8
"Gambia, The",GM,2018,"2,190,810",2.55,216.5,4.34,66,64.5,0.98,81.6,76.1,5.5,18.6,19,18.2
Georgia,GE,2018,"4,990,787",0.01,71.6,2.12,73.8,22,0.93,54.1,30.3,23.8,37.2,40,34.5
Germany,DE,2018,"84,333,044",0.24,241.9,1.58,81.5,3.9,0.98,54.3,20.7,33.7,46.5,47.7,45.2
Ghana,GH,2018,"30,197,001",2.38,132.7,3.84,67.8,49.7,0.95,75.6,68.2,7.5,20.8,21.7,19.9
Gibraltar,GI,2018,"29,338",0.22,"4,191.1",1.94,79.9,7.7,1.03,56.8,30.8,26.1,35.4,35.8,35
Greece,GR,2018,"10,668,856",-0.27,81.7,1.37,80.9,4.3,0.95,57.7,23.2,34.5,44.6,46,43.2
Greenland,GL,2018,"57,772",0.03,0,1.97,72.7,12,1.09,43.8,30.1,13.7,34,33,35.1
Grenada,GD,2018,"112,279",0.42,326.4,2,74.8,14.1,1.03,51.7,36,15.7,32.2,32.2,32.1
Guam,GU,2018,"167,773",0.24,308.4,2.92,76.4,14.2,1.06,57.1,43.2,14,29.1,29.9,28.4
Guatemala,GT,2018,"16,572,901",1.71,154.7,2.87,71.8,37.2,0.99,63.7,56.2,7.5,22.7,23.2,22.1
Guernsey,GG,2018,"66,819",0.28,856.7,1.57,82.8,4,0.99,52.2,22,30.2,44,45.2,42.8
Guinea,GN,2018,"11,855,333",2.75,48.2,4.98,62.1,83.9,1,82.7,75.6,7,19,19.3,18.8
Guinea-Bissau,GW,2018,"1,833,188",2.48,65.2,4.81,61.4,82.7,0.95,87.2,81.5,5.7,17.8,18.5,17.2
Guyana,GY,2018,"785,014",0.07,4,2.12,70.8,29.7,1.04,47.9,38.6,9.4,26.4,26.6,26.2
Haiti,HT,2018,"10,871,584",1.42,394.5,2.8,64.5,62.7,0.97,59.2,52.6,6.5,23,23.3,22.8
Honduras,HN,2018,"9,027,075",0.77,80.7,2.58,74.2,18.3,0.95,59.5,51.4,8.1,23.4,24.2,22.5
Hong Kong,HK,2018,"7,211,916",0.28,"6,721.3",1.2,83.1,3.6,0.87,41.8,17.6,24.3,44.8,45.5,43.7
Hungary,HU,2018,"10,062,551",-0.11,112.3,1.48,75.8,5.6,0.95,52.4,22.7,29.7,42.8,44.6,41.1
Iceland,IS,2018,"343,534",1.09,3.4,1.99,83.1,2.6,1.01,54.1,31.4,22.7,36.7,37.3,36.2
India,IN,2018,"1,341,470,939",1.06,451.2,2.15,71.2,36.3,1.07,49.7,39.8,9.9,27.9,28.6,27.3
Indonesia,ID,2018,"268,149,316",0.9,148,2.15,72,25.7,1,49,39.3,9.7,29.8,30.4,29.1
Iran,IR,2018,"83,058,935",1.2,54.2,1.96,74.5,18.5,1.03,42.3,34.4,7.8,30.8,31,30.5
Iraq,IQ,2018,"37,164,456",2.24,85,3.55,71.6,26.8,1.01,70,64.7,5.3,20.7,21.1,20.4
Ireland,IE,2018,"4,919,892",1.5,71.4,1.73,82.2,3.2,0.99,52.9,31.5,21.4,37.7,37.9,37.5
Isle of Man,IM,2018,"89,272",0.65,156.1,1.92,81.3,5.3,1,58,25.7,32.3,44.3,45.2,43.4
Israel,IL,2018,"8,540,601",1.76,397.3,3.09,82.8,3.7,1.01,65.3,46.4,18.9,29.7,30.3,29.1
Italy,IT,2018,"61,488,598",-0.03,209,1.21,82.8,3.6,0.93,54.3,20.3,34.1,46.2,47.2,45.1
Jamaica,JM,2018,"2,813,471",0.01,259.8,2.09,74.5,14.4,0.98,53.2,39.8,13.3,28.6,29.3,27.8
Japan,JP,2018,"125,918,130",-0.26,345.5,1.42,84.2,2.7,0.95,69,21.9,47.2,47.5,48.8,46.1
Jersey,JE,2018,"99,332",0.75,856.3,1.65,81.9,4.8,0.97,48.5,24.2,24.3,37.7,40.1,35.9
Jordan,JO,2018,"10,457,794",2.02,117.8,3.14,75,17.7,1.12,60.3,54.7,5.6,22.8,22.3,23.2
Kazakhstan,KZ,2018,"19,062,449",1.25,7.1,2.72,73.7,13.9,0.94,54.5,42.2,12.3,30.6,32.1,29
Kenya,KE,2018,"48,110,378",2.23,84.5,3.59,67.6,43.5,0.99,76,69.9,6.1,19.5,19.9,19.2
Kiribati,KI,2018,"109,418",1.1,134.9,2.34,66.6,46.7,0.95,50.2,43.6,6.6,25.1,25.9,24.2
"Korea, North",KP,2018,"25,533,961",0.59,212.1,1.88,73,20.8,0.95,43.4,29.4,14,34.4,36,32.9
"Korea, South",KR,2018,"51,694,923",0.37,533.4,0.98,83.6,3.2,1,37.7,17.5,20.2,42.7,44.2,41.3
Kuwait,KW,2018,"2,917,713",1.39,163.8,2.36,78.3,9.8,1.4,37.8,34.2,3.7,29.4,27.6,30.5
Kyrgyzstan,KG,2018,"5,848,221",1.02,30.5,2.59,71.2,31.7,0.96,55.7,47.2,8.5,26.8,27.9,25.7
Laos,LA,2018,"7,319,140",1.54,31.7,2.61,67.4,50.1,0.99,58.4,52.1,6.3,23.2,23.5,22.9
Latvia,LV,2018,"1,943,955",-0.74,31.2,1.57,74.5,3.7,0.86,54.7,24.3,30.4,43.5,47,39.6
Lebanon,LB,2018,"6,106,748",-1.36,596.9,2.4,77.1,8.6,0.98,51.4,42.4,9.1,28.1,28.5,27.6
Lesotho,LS,2018,"2,131,247",0.75,70.2,3.07,56.7,75.3,0.97,66.9,57.7,9.2,22.9,23.5,22.3
Liberia,LR,2018,"4,688,138",2.49,48.7,4.46,61.5,81.7,1,79.4,73.7,5.7,18.9,19,18.9
Libya,LY,2018,"6,621,675",2.07,3.8,3.26,72.8,16.4,1.05,60.4,54.1,6.4,25.7,25.6,25.8
Liechtenstein,LI,2018,"38,547",0.78,240.9,1.69,82,5.1,0.99,49.5,22.8,26.7,43.4,44.8,41.8
Lithuania,LT,2018,"2,786,925",-0.53,44.5,1.66,75.9,4.1,0.86,54.4,23.7,30.8,44.1,47.6,40
Luxembourg,LU,2018,"608,657",2.07,235.4,1.42,83.1,4.7,1.01,46,23.8,22.1,39.6,40.1,39
Macau,MO,2018,"614,577",0.9,"21,949.2",1.16,84.6,5.5,0.91,34.9,19.9,15,39.6,39.5,39.6
Madagascar,MG,2018,"25,635,410",2.45,44.1,3.95,66.9,60.9,1,74.9,68.9,6,20,20.2,19.8
Malawi,MW,2018,"18,851,278",2.58,200.4,3.89,71.3,62.2,0.96,83.9,77.3,6.5,18.5,18.8,18.3
Malaysia,MY,2018,"32,425,760",1.17,98.7,1.86,75.7,8.3,1.05,43.7,34.1,9.7,29.4,29.5,29.3
Maldives,MV,2018,"391,823",-0.08,"1,314.8",1.72,76,36.7,1.18,35,28.7,6.3,28.7,29,28.6
Mali,ML,2018,"18,429,576",2.98,15.1,5.9,60.8,107.8,0.95,104.3,98.1,6.2,15.8,16.5,15.2
Malta,MT,2018,"471,304",3.79,"1,491.5",1.33,82.3,6.2,1.03,51.2,21.5,29.7,40.8,42.1,39.7
Marshall Islands,MH,2018,"75,504",1.51,417.1,2.98,73.6,29.1,1.03,62.2,55.2,7,23.3,23.4,23.2
Mauritania,MR,2018,"4,191,615",3.23,4.1,5.25,68.8,47.9,0.97,89.6,82.8,6.8,17.8,18.4,17.2
Mauritius,MU,2018,"1,302,302",0.11,641.5,1.33,75.6,13.8,0.95,38.8,23.9,14.9,37,38,35.9
Mexico,MX,2018,"126,119,342",0.95,64.9,1.94,75,15.6,0.96,50.7,39.8,10.9,29,30,28.1
"Micronesia, Federated States of",FM,2018,"103,520",-0.55,147.5,2.37,73.4,29.5,0.97,51.1,44.8,6.4,25.6,26.3,24.9
Moldova,MD,2018,"3,680,426",-1.52,111.9,1.2,70.4,15.5,0.92,39.2,21.8,17.4,37.8,39.8,35.9
Monaco,MC,2018,"30,810",0.35,"15,405.0",1.5,89.4,2,0.94,75,19.2,55.8,52.9,53.9,51.8
Mongolia,MN,2018,"3,220,142",1.67,2.1,2.92,71.7,16.5,0.96,52.7,46.1,6.6,27.7,28.6,26.8
Montenegro,ME,2018,"614,229",-0.34,45.7,1.83,76.9,3.8,0.97,50,27.3,22.6,38.9,40.4,37.4
Montserrat,MS,2018,"5,306",0.42,52,1.29,74.8,13.5,1,28.4,20.4,8,33.9,34.4,33.1
Morocco,MA,2018,"35,339,189",1.04,49.3,2.38,72.6,25.2,0.99,51.8,41.8,10,28.6,29,28.1
Mozambique,MZ,2018,"28,556,573",2.66,36.3,5.12,54.6,105.8,0.97,95.2,89.4,5.8,16.8,17.5,16.2
Namibia,NA,2018,"2,533,465",1.91,3.1,3.21,64.6,45.8,0.96,68.1,61.4,6.7,21.4,22.2,20.7
Nauru,NR,2018,"9,638",0.49,459,2.76,66.7,11.2,0.97,51.4,47.1,4.2,26.7,27.2,26.2
Nepal,NP,2018,"29,622,964",1.01,206.6,2.07,71.3,34.2,0.95,52.9,44.8,8.1,24.7,25.7,23.7
Netherlands,NL,2018,"17,190,111",0.59,507.2,1.59,81.8,4,0.99,53.7,24.4,29.3,42.6,43.7,41.5
New Caledonia,NC,2018,"282,787",1.3,15.5,1.92,78,9.7,1,46.3,32.4,13.9,32.3,33.1,31.6
New Zealand,NZ,2018,"4,779,927",1.61,18.1,1.88,81.9,4.4,1,53.6,30.4,23.1,37,37.9,36.2
Nicaragua,NI,2018,"6,279,303",1.17,52.3,1.96,74.7,19.7,0.96,49.1,41.5,7.6,26,26.8,25.2
Niger,NE,2018,"21,151,821",3.71,16.7,7.2,58.5,113.8,0.98,116.3,110.4,5.9,14.6,14.9,14.3
Nigeria,NG,2018,"203,416,212",2.54,223.3,4.85,59.3,97.8,1.02,84.2,78.2,6,18.3,18.6,18.1
North Macedonia,MK,2018,"2,118,782",0.18,83.3,1.49,75.9,9.1,1,42.1,23.1,19,38.2,39.3,37.2
Northern Mariana Islands,MP,2018,"52,247",-0.39,110.7,2.76,75.6,15.6,1.14,47.3,38.5,8.8,33.4,34.4,32.4
Norway,NO,2018,"5,314,312",0.61,17.5,1.57,82.8,2.5,1.02,53.6,27.1,26.5,39.6,40.4,38.8
Oman,OM,2018,"3,485,106",2,11.3,2.8,75.9,20.9,1.18,50.2,44.8,5.4,25.9,24.6,27
Pakistan,PK,2018,"223,911,895",2.13,290.5,3.76,68.5,76,1.04,69.4,62,7.3,21.7,21.8,21.6
Palau,PW,2018,"21,376",0.36,46.6,1.7,73.6,14.9,1.08,37.1,25.6,11.4,34,35.4,33.3
Panama,PA,2018,"4,038,693",2.85,54.3,2.47,78.9,18.7,1.02,54.7,40.6,14.1,29.7,30.1,29.3
Papua New Guinea,PG,2018,"8,704,496",2.51,19.2,4.18,68.1,45.9,1.03,71.1,65.2,5.9,21,21.1,20.9
Paraguay,PY,2018,"7,022,461",1.18,17.7,1.9,77.5,32.6,1.01,45.8,34.8,11,28.9,29.1,28.7
Peru,PE,2018,"30,771,840",2.78,24,2.33,77.2,14.2,0.97,54.4,41.9,12.5,29.1,29.7,28.4
Philippines,PH,2018,"106,513,195",1.57,357.2,2.73,70.9,28.6,1.01,59,51.2,7.8,24.2,24.8,23.7
Poland,PL,2018,"38,485,708",-0.08,126.5,1.44,77.7,5.2,0.94,47.6,21.9,25.7,41,42.7,39.4
Portugal,PT,2018,"10,342,137",-0.27,113.1,1.39,80.9,3.2,0.9,51.9,21.1,30.8,43.7,45.6,41.9
Puerto Rico,PR,2018,"3,295,244",-1.69,371.5,1.21,80.9,7,0.9,55.1,23.6,31.5,42.2,43.9,40.3
Qatar,QA,2018,"2,365,810",1.96,204.2,1.91,79,10.1,3.41,16,14.7,1.2,33.4,28.2,34.6
Romania,RO,2018,"19,382,573",-0.89,84.3,1.89,75.8,7.2,0.95,55.3,24.5,30.9,43,44.4,41.6
Russia,RU,2018,"144,066,488",-0.16,8.8,1.58,72.6,8,0.87,47.6,25.6,22,39.9,42.7,37.1
Rwanda,RW,2018,"12,184,782",2.3,494,3.75,64.5,38.8,0.96,76.9,72.5,4.4,19.2,20,18.5
Saint Barthelemy,BL,2018,"7,169",-0.31,286.8,1.64,79.8,8.9,1.13,50.6,23.9,26.7,44.7,44.8,44.6
"Saint Helena, Ascension, and Tristan da Cunha",SH,2018,"7,875",0.19,20,1.59,79.7,24.4,1.02,45.9,22.8,23.1,42.5,42.4,42.5
Saint Kitts and Nevis,KN,2018,"53,067",0.71,203.3,1.77,76.1,16.5,1,41.3,28.3,13,35.5,35.3,35.8
Saint Lucia,LC,2018,"165,115",0.32,272.5,1.74,78,14.4,0.95,46.7,28.9,17.7,35.5,36.7,34.3
Saint Martin,MF,2018,"32,280",0.48,597.8,1.81,79.8,8.9,0.93,52.5,39.7,12.9,32.8,33.7,32
Saint Pierre and Miquelon,PM,2018,"5,509",-1.13,22.8,1.57,80.8,10,0.95,56.7,23.4,33.3,47.3,47.7,46.9
Saint Vincent and the Grenadines,VC,2018,"101,753",-0.22,261.6,1.78,75.7,20.2,1.04,44.1,29.9,14.2,34.3,34.1,34.4
Samoa,WS,2018,"201,245",0.6,71.3,2.64,74.2,24.3,1.04,57.4,48.2,9.2,24.8,25.1,24.5
San Marino,SM,2018,"33,782",0.71,553.8,1.5,83.3,7.6,0.94,53.2,23,30.2,44.7,45.7,43.5
Sao Tome and Principe,ST,2018,"204,138",1.65,211.8,4.11,65.7,72.8,1,78.2,73,5.2,18.8,19.2,18.4
Saudi Arabia,SA,2018,"33,119,193",1.66,15.4,2.07,75.7,15.4,1.3,41.1,36.4,4.7,29.9,27.2,32.1
Senegal,SN,2018,"16,102,843",2.72,83.6,4.73,68.7,49.3,0.96,86,80.3,5.7,18.1,19,17.3
Serbia,RS,2018,"6,940,138",-0.54,89.6,1.46,75.3,5.9,0.95,49.7,22,27.7,42.8,44.3,41.3
Seychelles,SC,2018,"94,327",0.77,207.3,1.85,75,17,1.06,37.4,26.8,10.6,35.8,36.4,35.3
Sierra Leone,SL,2018,"7,814,142",2.84,109.1,4.22,57.2,107.3,0.98,82.1,76.9,5.1,18.4,18.8,18
Singapore,SG,2018,"5,696,047",1.02,"8,033.9",1.14,85.5,2,0.99,36.3,21.8,14.6,36.5,37.3,35.6
Sint Maarten,SX,2018,"42,814",1.4,"1,259.2",2.04,78.8,9.4,0.98,39.7,25.8,13.9,41.3,42.3,40
Slovakia,SK,2018,"5,479,969",0.13,113.9,1.56,77.4,6.1,0.95,45.5,22.4,23.1,40.9,42.7,39.2
Slovenia,SI,2018,"2,109,491",0.67,104.7,1.6,81.4,2.3,1,53.6,22.7,30.9,44.2,46,42.6
Solomon Islands,SB,2018,"654,171",1.87,23.4,3.09,75.8,28,1.04,61.9,54.5,7.5,23.1,23.3,22.9
Somalia,SO,2018,"15,825,529",3.48,25.2,6.83,53.1,139.5,1,97,93.6,3.3,16.1,16.4,15.8
South Africa,ZA,2018,"56,687,475",1.18,46.7,2.42,69.8,28.5,0.97,51.4,41.4,10,28.7,29,28.5
South Sudan,SS,2018,"10,204,353",-1.16,15.8,5.34,42.6,156.7,1.06,81.1,76.6,4.5,18.1,17.8,18.4
Spain,ES,2018,"46,474,373",0.6,93.1,1.33,82.8,3.3,0.96,51.7,22.5,29.3,44.2,45.3,43.1
Sri Lanka,LK,2018,"21,110,598",1.07,326.6,2.19,76.6,8.4,0.94,54.1,38.4,15.7,33.2,34.4,31.9
Sudan,SD,2018,"43,111,301",2.93,23.2,4.85,65.8,68,1.01,85.3,79.7,5.5,17.9,18.1,17.7
Suriname,SR,2018,"602,789",1.27,3.9,1.98,72.3,39.7,0.98,44.6,35.5,9.2,29.9,30.8,29
Sweden,SE,2018,"10,210,063",1.07,24.9,1.75,82.6,2.6,1.01,60.4,28.1,32.2,40.7,41.9,39.7
Switzerland,CH,2018,"8,470,888",0.61,211.8,1.55,83.5,3.8,0.98,50.4,22.4,28,43,43.9,42.2
Syria,SY,2018,"17,738,965",5.49,95.4,3.01,68.9,21.4,0.99,61.9,54.4,7.5,23.2,23.6,22.7
Tajikistan,TJ,2018,"9,190,232",2.29,64.9,3.8,70.5,34.6,1.01,66.7,61.2,5.5,22.8,23.3,22.4
Tanzania,TZ,2018,"56,170,716",2.99,63.4,4.85,66.9,49.3,1,86,80.4,5.6,18.1,18.3,17.9
Thailand,TH,2018,"68,854,623",0.35,134.8,1.53,76.7,9.4,0.96,40.2,23.9,16.3,38.8,39.8,37.7
Timor-Leste,TL,2018,"1,263,919",1.74,85,3.73,65.2,63.5,0.99,72.4,65.3,7.1,20.4,21.3,19.7
Togo,TG,2018,"7,670,649",2.61,141,4.43,69.8,69.7,0.97,79,71.9,7.1,20.1,20.8,19.3
Tonga,TO,2018,"106,337",-0.11,148.3,3.03,76.7,15.7,1.01,66,55,11,23.4,23.9,23
Trinidad and Tobago,TT,2018,"1,389,734",3.14,271,1.64,75,20.5,1.01,46.2,29.8,16.4,35.4,35.8,35
Tunisia,TN,2018,"11,515,254",0.95,74.1,2.17,75.9,14.8,0.99,50.2,37.9,12.3,32,32.6,31.3
Turkey,TR,2018,"81,227,582",0.51,105.5,2,75.2,24.6,1.01,47,35.5,11.5,31.4,31.9,30.9
Turkmenistan,TM,2018,"5,405,799",1.09,11.5,2.06,70.7,50.5,0.98,43.7,36.4,7.3,28.5,29,28.1
Turks and Caicos Islands,TC,2018,"53,854",2.11,56.8,1.7,80.6,14.3,1.02,36,29.3,6.7,33.9,33.5,34.2
Tuvalu,TV,2018,"11,155",0.86,429,2.93,67.1,52.1,0.98,55,45.1,9.9,26.1,27.3,25.1
Uganda,UG,2018,"40,574,927",2.76,205.9,5.72,67.2,48.9,0.94,104.3,99.4,4.9,15.5,16.4,14.7
Ukraine,UA,2018,"43,780,461",-0.19,75.6,1.3,71.6,9.8,0.86,47.6,23.3,24.3,40.8,43.9,37.7
United Arab Emirates,AE,2018,"9,638,206",0.91,115.3,1.68,78.8,6,2.43,20.5,19,1.5,34.7,29.9,36.2
United Kingdom,GB,2018,"66,196,401",0.58,273.6,1.68,81.3,4.3,0.99,55.4,27.2,28.2,40.1,41.2,39.2
United States,US,2018,"326,838,199",0.49,35.7,--,--,--,0.97,53,28.5,24.5,38.2,39.5,36.9
Uruguay,UY,2018,"3,457,428",0.19,19.8,1.64,76.7,9.2,0.94,52.1,30.8,21.3,35.6,37.3,33.8
Uzbekistan,UZ,2018,"32,738,782",1.83,77,2.65,75.9,23.1,1,51,42.9,8.1,27.6,28.2,26.9
Vanuatu,VU,2018,"287,706",1.8,23.6,2.97,74,18.6,1,63.8,57,6.7,22.4,22.8,21.9
Venezuela,VE,2018,"29,626,035",-5.48,33.6,2.3,71,34.7,0.99,51.6,40.4,11.2,29,29.7,28.4
Vietnam,VN,2018,"99,578,720",1.09,321.1,2.05,74.7,20.7,1,44.4,35.2,9.2,30.6,31.7,29.6
"Virgin Islands, British",VG,2018,"35,646",2.11,236.1,1.3,78.9,16.8,0.91,35.2,22.5,12.7,36.9,37.1,36.6
"Virgin Islands, U.S.",VI,2018,"107,001",-0.29,307.5,2.06,79.5,9.1,0.91,62.3,32.8,29.4,41.3,42.2,40.2
Wallis and Futuna,WF,2018,"15,720",0.29,110.7,1.72,79.8,4.8,1.06,46.2,31.2,15,32.7,33.5,32.1
Yemen,YE,2018,"29,496,027",2.25,55.9,4.16,60.9,87.4,1.01,78.2,72.8,5.4,19.2,19.7,18.8
Zambia,ZM,2018,"17,445,061",3.02,23.5,4.83,64.9,57.8,1,89.2,84.2,4.9,17.4,17.6,17.2
Zimbabwe,ZW,2018,"15,085,455",2.28,39,3.68,63.8,55.2,0.94,74,67.4,6.6,20.2,21,19.4
Gaza Strip,XG,2018,"1,901,997",1.76,"5,283.3",3.88,74.4,19.6,1.03,85.5,80.7,4.8,17.7,18,17.4
Kosovo,XK,2018,"1,907,199",0.66,175.2,2,72.7,31.4,1.06,47.5,36.6,10.9,29.5,29.9,29.2
Taiwan,TW,2018,"23,542,883",0.05,729.8,1.06,80.3,5.1,0.98,37.6,17.7,19.9,41.2,42.1,40.4
West Bank,XW,2018,"2,853,597",2.28,506,3.81,75.5,19.8,1.04,68.7,62.8,5.9,21,21.1,20.8
 -> 2019,,,--,--,--,--,--,--,--,--,--,--,--,--,--
 -> 2019 -> World,,,"7,704,695,610",--,58.5,--,--,--,1.01,53.8,39.5,14.3,--,--,--
Afghanistan,AF,2019,"43,080,665",2.59,66.1,5.1,63.4,61.2,1.03,86.2,81,5.2,17.8,18,17.7
Albania,AL,2019,"2,716,362",-0.6,99.1,1.23,77.1,16,0.94,43.9,25.2,18.8,34.2,35.6,32.6
Algeria,DZ,2019,"43,163,934",1.89,18.1,3.1,78.1,23,1.03,58.2,48.7,9.5,28.1,28.4,27.9
American Samoa,AS,2019,"48,456",-2.17,244.7,2.47,74.3,13.7,1,54.5,44.4,10.1,26.8,27.3,26.3
Andorra,AD,2019,"85,782",-0.05,183.3,1.42,83,4.3,1.06,44,19.7,24.2,45.6,45.5,45.7
Angola,AO,2019,"31,864,246",3.38,25.6,5.86,63.1,78.8,0.95,101.2,96.3,4.8,15.9,16.4,15.4
Anguilla,AI,2019,"17,730",1.9,194.8,1.73,81.7,4.7,0.9,45.1,31.4,13.6,35.5,37.4,33.6
Antigua and Barbuda,AG,2019,"96,852",1.2,218.6,1.98,77,18.7,0.9,45.4,32.8,12.5,32.5,34.2,30.6
Argentina,AR,2019,"44,700,185",0.57,16.3,1.8,77.3,12.1,0.98,55.3,36.5,18.7,32.4,33.6,31.3
Armenia,AM,2019,"3,030,310",-0.27,107.4,1.64,75.4,14.8,0.95,44.6,27.1,17.5,36.1,37.8,34.5
Aruba,AW,2019,"118,056",1.23,655.9,1.83,77.3,15.1,0.9,47.2,25.8,21.4,39.7,41.4,38.1
Australia,AU,2019,"25,113,987",1.43,3.3,1.74,82.7,3.8,0.99,52.5,28.6,23.9,37.4,38.4,36.5
Austria,AT,2019,"8,957,493",0.47,108.6,1.42,82.2,3.8,0.95,50.3,21.2,29.1,43.9,44.9,42.9
Azerbaijan,AZ,2019,"10,397,396",0.8,125.8,1.83,75.9,12.3,1,45.5,35.3,10.2,31.8,33.4,30.3
"Bahamas, The",BS,2019,"390,496",1.08,39,1.43,75.7,13.3,0.87,43.8,34,9.9,28.3,28.3,28.4
Bahrain,BH,2019,"1,473,724",2.11,"1,939.1",1.71,79.3,12.9,1.54,27.9,23.8,4.2,32.7,30,34.2
Bangladesh,BD,2019,"160,947,649",0.99,"1,236.4",2.13,73.9,40.4,0.97,50.2,40.2,10,27.5,28.2,26.7
Barbados,BB,2019,"300,082",0.32,697.9,1.7,77.9,12.9,0.93,43.8,25.1,18.7,39.6,40.8,38.5
Belarus,BY,2019,"9,657,105",-0.15,47.6,1.43,74.7,3.2,0.87,47.3,24.4,22.9,40.5,43.5,37.6
Belgium,BE,2019,"11,547,430",0.65,381.4,1.59,82,4.1,0.97,56.3,26.3,30,41.8,43,40.7
Belize,BZ,2019,"386,709",1.39,17,2.22,74.9,13.6,0.99,53.9,46.5,7.4,25,25.3,24.8
Benin,BJ,2019,"12,432,985",3.39,112.4,5.56,61,92.1,0.97,92.2,87.6,4.6,16.9,17.5,16.4
Bermuda,BM,2019,"71,537",0.4,"1,324.8",1.92,81.5,3,0.95,56,26.2,29.9,43.6,45.9,41.2
Bhutan,BT,2019,"842,110",1.05,21.9,1.84,71.6,36.8,1.08,45.4,36.4,8.9,28.4,27.9,28.8
Bolivia,BO,2019,"11,620,835",1.42,10.7,2.54,73.6,27.6,1.01,60.7,50.6,10.1,24.9,25.3,24.4
Bosnia and Herzegovina,BA,2019,"3,787,254",-0.41,74,1.12,77.3,7.5,0.95,39.2,17.2,22,43.3,44.7,41.7
Botswana,BW,2019,"2,282,973",1.49,4,2.49,64.3,35.8,0.93,57.3,48.8,8.6,25.3,26.3,24.2
Brazil,BR,2019,"213,349,354",0.78,25.5,1.77,75.9,16.9,0.97,43.4,30.2,13.2,33,34,32.1
Brunei,BN,2019,"457,173",1.53,86.8,1.76,77.7,12.9,0.97,38.9,31.2,7.7,30.9,31.5,30.3
Bulgaria,BG,2019,"7,011,475",-0.65,64.6,1.48,74.9,9.8,0.95,52.4,22.2,30.1,43.4,45.2,41.6
Burkina Faso,BF,2019,"20,243,890",2.63,73.9,4.58,62.5,88,0.96,88.8,82.8,6,17.7,18.5,16.9
Burma,MM,2019,"55,426,484",0.98,84.8,2.1,69,44.3,0.97,46.8,38.1,8.6,29,29.9,28.2
Burundi,BI,2019,"11,519,643",2.71,448.6,5.24,66.4,59.6,0.99,88.9,83.3,5.6,17.6,18,17.3
Cabo Verde,CV,2019,"574,799",1.29,142.5,2.19,72.9,30.9,0.94,50.3,42.2,8.1,26.4,27.2,25.6
Cambodia,KH,2019,"16,129,716",1.36,91.4,2.42,70.3,40.7,0.94,55.8,48.6,7.2,26.1,26.9,25.3
Cameroon,CM,2019,"26,983,060",2.78,57.1,4.69,61.7,80.3,0.99,83.9,78.3,5.7,18.4,18.7,18.1
Canada,CA,2019,"37,426,197",0.95,4.1,1.51,83.4,5,0.98,52.5,24.3,28.2,41.6,42.7,40.5
Cayman Islands,KY,2019,"60,770",1.95,230.2,1.84,81.5,9.5,0.95,45.9,25.9,19.9,40.4,41.1,39.7
Central African Republic,CF,2019,"5,168,685",1.8,8.3,4.19,54,131.1,0.99,76.7,70.6,6.1,19.6,20.5,18.7
Chad,TD,2019,"16,348,657",3.19,13,5.79,57.9,117.6,0.98,100.8,96,4.8,15.9,16.4,15.4
Chile,CL,2019,"18,390,669",1.52,24.7,1.52,80.3,7.3,0.96,44.8,28.1,16.7,35.4,36.5,34.3
China,CN,2019,"1,408,718,003",0.25,151,1.38,77.7,7.9,1.05,42.8,25.8,17,37.9,39.1,37
Colombia,CO,2019,"47,829,703",1.71,46,1.96,78.4,13.9,0.96,49.3,35,14.3,31,32.2,29.8
Comoros,KM,2019,"839,591",1.51,375.7,3.08,66.3,83.5,0.94,71.3,63.9,7.4,20.7,21.3,20
Congo (Brazzaville),CG,2019,"5,388,825",2.34,15.8,4.11,71.6,51.2,1,78.6,71.4,7.2,20.1,20.3,19.8
Congo (Kinshasa),CD,2019,"98,580,816",3.19,43.5,5.83,60.5,89.1,1,95.6,90.8,4.8,16.6,16.8,16.5
Cook Islands,CK,2019,"8,763",-2.64,37.1,2.14,76.4,20.6,1.06,49.2,29.4,19.7,38.5,38.8,38.2
Costa Rica,CR,2019,"5,076,609",1.07,99.4,1.6,80.4,7.2,1.01,42.9,30.1,12.8,32.9,33.5,32.4
C“te d'Ivoire,CI,2019,"27,444,338",2.62,86.3,4.41,61.6,79.5,1.01,79.5,74.8,4.7,18.9,18.8,18.9
Croatia,HR,2019,"4,187,888",-0.43,74.8,1.37,78.2,4.4,0.93,51.5,21.6,29.9,43.4,45.4,41.4
Cuba,CU,2019,"11,164,169",-0.53,101.7,1.59,77.7,6.4,0.99,45.9,23.4,22.5,42.3,43.6,40.6
Cura‡ao,CW,2019,"150,827",0.37,339.7,2.01,78.8,9.4,0.92,55.7,30.7,24.9,36.5,39.5,34.1
Cyprus,CY,2019,"1,252,725",1.22,135.6,1.47,79.1,10.2,1.05,39.4,21.8,17.6,37.6,39,36.3
Czechia,CZ,2019,"10,748,990",0.41,139.2,1.69,79.3,3.1,0.97,54.9,24.4,30.6,42.8,44.1,41.6
Denmark,DK,2019,"5,820,359",0.28,137.2,1.7,81.4,3.4,0.99,56.5,25.6,30.8,42.1,43.1,41
Djibouti,DJ,2019,"900,897",2.08,38.9,2.23,64.3,67.2,0.84,51.2,45.4,5.8,24.6,26.1,22.8
Dominica,DM,2019,"74,442",0.12,99.1,2.02,77.6,13.8,1.02,50,32,18,34.6,35.1,34.1
Dominican Republic,DO,2019,"10,428,436",1.02,215.8,2.37,71.6,27,1.02,51,41.4,9.6,27.5,27.6,27.4
Ecuador,EC,2019,"17,264,296",2,69.5,2.39,81.8,13.9,0.98,59.6,46.2,13.4,26.7,27.5,25.9
Egypt,EG,2019,"101,973,865",2.04,102.4,3.27,73.6,22.4,1.06,66.9,59.3,7.5,23.4,23.5,23.3
El Salvador,SV,2019,"6,498,779",0.86,313.6,1.75,74.9,13.2,0.92,50.6,39.3,11.3,27.2,28.7,25.7
Equatorial Guinea,GQ,2019,"1,501,535",3.97,53.5,4.48,63.4,108.5,1.12,73.8,65.4,8.4,21.3,21,21.6
Eritrea,ER,2019,"6,032,338",0.92,59.7,3.82,65.9,63.9,0.97,75,68.1,7,20.1,20.6,19.6
Estonia,EE,2019,"1,294,178",0.31,30.5,1.72,78.1,2.2,0.89,57.4,26.3,31.1,42.2,45.6,39
Eswatini,SZ,2019,"1,095,839",0.81,63.7,2.58,57.9,57.9,0.9,60.7,54.6,6.1,23.5,24.4,22.4
Ethiopia,ET,2019,"105,307,253",2.4,96,4.21,66.7,54.2,1,76.7,70.8,5.9,19.7,19.9,19.5
Faroe Islands,FO,2019,"51,313",0.6,36.8,2.32,80.7,7.9,1.08,58.4,31.2,27.2,37.5,38,37.1
Fiji,FJ,2019,"930,476",0.52,50.9,2.34,73.5,18.2,1.03,51.9,40.9,11,29.8,30,29.6
Finland,FI,2019,"5,514,915",0.13,18.2,1.35,81.8,2.5,0.98,61.1,25.5,35.6,43,44.7,41.5
France,FR,2019,"67,600,653",0.34,105.6,1.91,82.9,4.1,0.96,62.6,29.4,33.1,41.8,43.5,40.1
French Polynesia,PF,2019,"292,560",0.81,76.4,1.85,77.8,13.3,1.05,44.3,31.4,12.9,33,33.2,32.8
Gabon,GA,2019,"2,175,439",2.56,8.4,3.46,68.5,47,1.08,69.1,62.5,6.7,20.8,20.4,21.1
"Gambia, The",GM,2019,"2,246,630",2.48,222,4.2,66.4,63.1,0.98,80.1,74.5,5.6,18.8,19.2,18.4
Georgia,GE,2019,"4,990,137",-0.03,71.6,2.01,74,21.8,0.93,55.1,31,24.2,37.3,40.1,34.6
Germany,DE,2019,"84,486,950",0.13,242.3,1.56,81.3,3.9,0.98,55.1,20.9,34.2,46.6,47.9,45.2
Ghana,GH,2019,"30,918,261",2.34,135.9,3.8,68.2,48.5,0.95,75.3,67.8,7.5,20.9,21.8,20
Gibraltar,GI,2019,"29,400",0.21,"4,200.0",1.93,79.9,7.7,1.03,57.5,31,26.5,35.7,36.1,35.2
Greece,GR,2019,"10,638,236",-0.3,81.4,1.37,81,4.3,0.95,58.1,23.1,35,44.9,46.4,43.4
Greenland,GL,2019,"57,787",0.02,0,1.96,73.1,11.7,1.09,44.3,30.1,14.3,34.2,33.2,35.1
Grenada,GD,2019,"112,735",0.39,327.7,1.98,75,13.8,1.03,51.6,35.5,16.1,32.7,32.8,32.7
Guam,GU,2019,"168,149",0.21,309.1,2.88,76.7,13.8,1.06,57.6,43.1,14.5,29.3,30,28.6
Guatemala,GT,2019,"16,856,499",1.68,157.3,2.8,72.1,36.4,0.99,62.9,55.2,7.7,23,23.6,22.4
Guernsey,GG,2019,"67,003",0.26,859,1.57,82.8,4,0.99,52.7,22.1,30.6,44.2,45.4,43
Guinea,GN,2019,"12,186,302",2.76,49.6,4.95,62.7,81.2,1,82.4,75.3,7.1,19.1,19.3,18.9
Guinea-Bissau,GW,2019,"1,879,337",2.5,66.8,4.78,62.1,80,0.95,86.7,81,5.7,17.9,18.5,17.3
Guyana,GY,2019,"785,685",0.11,4,2.1,71.1,28.7,1.04,46.8,37,9.8,26.6,26.8,26.5
Haiti,HT,2019,"11,024,764",1.38,400,2.72,64.8,60.6,0.97,58.2,51.6,6.6,23.4,23.6,23.1
Honduras,HN,2019,"9,057,496",-0.1,81,2.53,74.4,18,0.94,58,49.6,8.4,23.8,24.7,23
Hong Kong,HK,2019,"7,231,217",0.25,"6,739.3",1.2,83.2,3.6,0.87,43.7,18.2,25.5,45.2,46,44
Hungary,HU,2019,"10,052,971",-0.08,112.2,1.49,76,5.5,0.95,53.6,22.9,30.8,43.2,44.9,41.5
Iceland,IS,2019,"347,209",1.04,3.5,1.98,83.2,2.6,1.01,54.9,31.5,23.4,36.9,37.5,36.4
India,IN,2019,"1,355,597,153",1.04,455.9,2.13,71.5,35.4,1.07,49.1,38.9,10.2,28.3,28.9,27.7
Indonesia,ID,2019,"270,532,675",0.87,149.3,2.11,72.3,25.2,1,48.5,38.5,10,30.1,30.7,29.4
Iran,IR,2019,"84,038,757",1.15,54.9,1.95,74.7,18.1,1.03,42.6,34.5,8.1,31.3,31.5,31
Iraq,IQ,2019,"37,998,273",2.2,86.9,3.47,72.4,25.2,1.01,68.8,63.4,5.4,21,21.3,20.6
Ireland,IE,2019,"4,982,689",1.04,72.3,1.69,82.5,3.2,0.99,52.8,31,21.8,38.1,38.4,37.9
Isle of Man,IM,2019,"89,840",0.62,157.1,1.91,81.5,5.2,1,58.6,25.8,32.7,44.5,45.4,43.4
Israel,IL,2019,"8,689,128",1.69,404.2,3.01,82.7,3.7,1.01,65.6,46.4,19.2,29.8,30.4,29.2
Italy,IT,2019,"61,449,057",-0.1,208.9,1.17,83.1,3.5,0.93,54.5,20,34.5,46.6,47.6,45.6
Jamaica,JM,2019,"2,813,989",0.03,259.8,2.08,74.9,14,0.98,52.7,39,13.6,29,29.7,28.2
Japan,JP,2019,"125,555,208",-0.32,344.5,1.36,84.3,2.6,0.95,69.7,21.8,47.9,47.8,49.2,46.5
Jersey,JE,2019,"100,066",0.73,862.6,1.65,82.1,4.7,0.97,49.3,24.5,24.8,37.6,39.7,36
Jordan,JO,2019,"10,669,125",1.99,120.1,3.09,75.3,17.3,1.12,59.2,53.5,5.7,23.1,22.6,23.6
Kazakhstan,KZ,2019,"19,299,642",1.22,7.1,2.79,74,12.4,0.94,56,43.1,12.9,30.8,32.4,29.2
Kenya,KE,2019,"49,208,564",2.28,86.5,3.51,67.8,42.7,0.99,74.2,68.2,6,19.8,20.1,19.5
Kiribati,KI,2019,"110,622",1.09,136.4,2.3,66.9,45.6,0.95,49.6,42.8,6.8,25.5,26.3,24.6
"Korea, North",KP,2019,"25,684,705",0.58,213.3,1.87,73.5,20,0.95,43.2,29.1,14.1,34.7,36.2,33.2
"Korea, South",KR,2019,"51,813,097",0.09,534.6,0.92,84.2,3.2,1,38.1,17.1,21,43.3,44.9,41.8
Kuwait,KW,2019,"2,957,304",1.31,166,2.31,78.5,9.7,1.39,37.6,33.8,3.8,29.6,27.8,30.6
Kyrgyzstan,KG,2019,"5,906,824",0.98,30.8,2.56,71.5,31,0.96,56.2,47.4,8.8,27.1,28.3,25.9
Laos,LA,2019,"7,430,770",1.49,32.2,2.53,67.7,49,0.99,57.4,51,6.4,23.5,23.8,23.2
Latvia,LV,2019,"1,930,602",-0.64,31,1.57,75.2,4,0.86,55.4,24.6,30.8,43.7,47.2,39.7
Lebanon,LB,2019,"6,016,289",-1.63,588.1,2.36,77.2,8.5,0.97,51.5,41.8,9.7,28.3,28.8,27.8
Lesotho,LS,2019,"2,146,942",0.71,70.7,3.02,57.5,72.2,0.97,65.9,56.7,9.1,23,23.6,22.5
Liberia,LR,2019,"4,806,336",2.49,49.9,4.38,61.9,79.7,1,78.3,72.6,5.7,19.1,19.2,19
Libya,LY,2019,"6,757,971",2.01,3.8,3.22,76.4,14,1.05,60.5,54.1,6.4,25.8,25.6,25.9
Liechtenstein,LI,2019,"38,845",0.76,242.8,1.69,82.1,5.1,0.99,50.6,22.9,27.7,43.5,45,41.9
Lithuania,LT,2019,"2,779,519",0,44.3,1.65,76.3,3.7,0.87,54.8,23.8,31,44.2,47.9,40.1
Luxembourg,LU,2019,"621,476",2.1,240.3,1.37,83.5,5.1,1.01,45.9,23.7,22.2,39.6,40.1,39
Macau,MO,2019,"620,014",0.87,"22,143.4",1.18,84.6,5.5,0.91,35.9,19.9,16,40,40.1,39.9
Madagascar,MG,2019,"26,265,521",2.41,45.2,3.86,67.2,59.6,1,74,67.9,6.1,20.2,20.4,20
Malawi,MW,2019,"19,337,320",2.51,205.5,3.75,71.6,60.3,0.96,82,75.4,6.6,18.8,19,18.6
Malaysia,MY,2019,"32,800,591",1.13,99.8,1.82,75.7,8.3,1.05,43.6,33.6,10,29.8,29.9,29.7
Maldives,MV,2019,"391,483",-0.09,"1,313.7",1.72,76.2,35.9,1.15,35.6,29.1,6.5,29.2,29.6,29
Mali,ML,2019,"18,985,385",2.96,15.6,5.82,61.2,104.4,0.95,103.6,97.5,6.1,15.9,16.6,15.2
Malta,MT,2019,"490,736",4.28,"1,553.0",1.25,82.8,5.9,1.05,50.8,21.4,29.4,40.5,41.9,39.2
Marshall Islands,MH,2019,"76,632",1.46,423.4,2.92,73.9,28.4,1.03,61.1,53.7,7.3,23.6,23.7,23.5
Mauritania,MR,2019,"4,327,104",3.13,4.2,5.23,69.1,46.8,0.98,88.9,82.1,6.8,17.9,18.5,17.3
Mauritius,MU,2019,"1,303,751",0.12,642.2,1.34,75,14.3,0.95,38.9,23.2,15.7,37.5,38.6,36.4
Mexico,MX,2019,"127,294,489",0.9,65.5,1.88,75.6,14.3,0.96,50.1,38.9,11.2,29.5,30.4,28.5
"Micronesia, Federated States of",FM,2019,"102,937",-0.58,146.6,2.33,73.6,28.8,0.97,50.6,43.9,6.7,26,26.8,25.3
Moldova,MD,2019,"3,626,590",-1.43,110.3,1.21,70.8,15.2,0.92,39.6,21.4,18.2,38.4,40.5,36.6
Monaco,MC,2019,"30,929",0.41,"15,464.5",1.51,89.3,2,0.94,76.5,18.9,57.6,53.6,54.6,52.4
Mongolia,MN,2019,"3,274,408",1.67,2.1,2.99,72.2,15.1,0.96,54.3,47.4,6.9,28,28.9,26.9
Montenegro,ME,2019,"612,064",-0.36,45.5,1.82,77.1,3.8,0.97,50.8,27.4,23.4,39.3,40.7,37.8
Montserrat,MS,2019,"5,331",0.54,52.3,1.3,75.1,13,1,29.5,21,8.5,34.4,35.1,33.6
Morocco,MA,2019,"35,701,589",1,49.8,2.35,72.9,24.7,0.99,51.7,41.3,10.4,28.9,29.4,28.4
Mozambique,MZ,2019,"29,320,964",2.63,37.3,5.05,55.2,102.7,0.97,94.7,89,5.7,16.9,17.6,16.2
Namibia,NA,2019,"2,581,821",1.87,3.1,3.14,65,43.4,0.96,66.8,60.2,6.6,21.7,22.4,20.9
Nauru,NR,2019,"9,684",0.47,461.1,2.72,67,11,0.97,51.6,47,4.7,26.9,27.5,26.4
Nepal,NP,2019,"29,910,522",0.92,208.7,2.01,71.6,33.4,0.95,51.7,43.4,8.3,25.1,26.1,24.1
Netherlands,NL,2019,"17,303,793",0.73,510.5,1.57,82.1,4.2,0.99,53.9,24.1,29.8,42.5,43.7,41.4
New Caledonia,NC,2019,"286,430",1.27,15.7,1.9,78.2,9.5,1,46.3,32,14.2,32.6,33.4,31.9
New Zealand,NZ,2019,"4,854,803",1.5,18.4,1.88,82,4.3,1,53.9,30.4,23.5,37.1,37.9,36.3
Nicaragua,NI,2019,"6,352,079",1.14,52.9,1.93,74.9,19.2,0.96,48.5,40.6,7.9,26.5,27.3,25.7
Niger,NE,2019,"21,944,198",3.65,17.3,7.1,58.9,111.5,0.98,115,109.2,5.8,14.7,15,14.4
Nigeria,NG,2019,"208,640,307",2.53,229.1,4.79,59.8,94.6,1.02,83,77,6,18.5,18.7,18.2
North Macedonia,MK,2019,"2,122,376",0.16,83.4,1.49,76.1,8.9,1,42.7,23.1,19.6,38.6,39.7,37.6
Northern Mariana Islands,MP,2019,"52,048",-0.38,110.3,2.73,75.9,15.3,1.13,47.3,37.6,9.6,33.2,34.4,32.1
Norway,NO,2019,"5,350,073",0.73,17.6,1.54,83,2.6,1.02,53.8,26.8,27,39.8,40.6,39
Oman,OM,2019,"3,554,839",1.97,11.5,2.78,76.2,20.5,1.18,50.4,44.9,5.5,26.2,24.9,27.1
Pakistan,PK,2019,"228,674,451",2.08,296.6,3.68,68.8,74.1,1.04,68.6,61.2,7.4,21.9,21.9,21.8
Palau,PW,2019,"21,453",0.36,46.7,1.7,73.8,14.5,1.08,37.1,25,12.1,34.2,35.7,33.4
Panama,PA,2019,"4,139,538",2.09,55.7,2.45,79.3,18.8,1.02,54.2,39.9,14.3,30,30.4,29.7
Papua New Guinea,PG,2019,"8,924,209",2.47,19.7,4.11,68.5,44.8,1.03,71,65,6,21.1,21.2,21
Paraguay,PY,2019,"7,105,476",1.17,17.9,1.9,77.7,31.9,1.01,45.6,34.2,11.4,29.4,29.6,29.2
Peru,PE,2019,"31,452,824",1.62,24.6,2.29,77.5,13.9,0.97,54.1,41.3,12.8,29.4,30.1,28.8
Philippines,PH,2019,"108,205,565",1.58,362.9,2.67,70.9,28.4,1.01,58.1,50.2,7.9,24.5,25.1,24
Poland,PL,2019,"38,452,869",-0.09,126.4,1.44,77.8,5.2,0.94,49,22.2,26.9,41.4,43.1,39.8
Portugal,PT,2019,"10,314,630",-0.26,112.8,1.4,81,3.2,0.9,52.2,20.8,31.3,44.2,46.1,42.3
Puerto Rico,PR,2019,"3,241,261",-1.62,365.5,1.22,81.1,6.9,0.9,55.7,22.9,32.8,42.9,44.6,41
Qatar,QA,2019,"2,409,287",1.68,207.9,1.91,79.2,9.9,3.4,16.2,14.8,1.3,33.6,28.2,34.8
Romania,RO,2019,"19,196,073",-1.04,83.5,1.72,76.3,6.9,0.95,56.9,24.9,32.1,43.4,44.9,42.1
Russia,RU,2019,"143,877,288",-0.11,8.8,1.5,73.1,7.8,0.87,48.5,25.7,22.7,40.2,43,37.4
Rwanda,RW,2019,"12,458,371",2.15,505,3.64,64.8,38,0.96,75.6,71.1,4.5,19.4,20.2,18.7
Saint Barthelemy,BL,2019,"7,149",-0.28,286,1.64,80,8.8,1.13,51.8,23.4,28.3,45.2,45.4,45.1
"Saint Helena, Ascension, and Tristan da Cunha",SH,2019,"7,890",0.18,20,1.59,79.9,24,1.02,46.6,22.5,24.1,42.9,42.9,43
Saint Kitts and Nevis,KN,2019,"53,438",0.69,204.7,1.77,76.4,16.2,1,41.9,28.2,13.7,36,35.8,36.3
Saint Lucia,LC,2019,"165,634",0.31,273.3,1.74,78.2,14.1,0.95,47.2,28.6,18.6,36.2,37.3,35
Saint Martin,MF,2019,"32,427",0.43,600.5,1.81,80,8.7,0.92,53,39.5,13.5,33.1,33.9,32.2
Saint Pierre and Miquelon,PM,2019,"5,447",-1.16,22.5,1.58,80.9,10,0.95,57.7,23.1,34.7,48,48.4,47.5
Saint Vincent and the Grenadines,VC,2019,"101,537",-0.21,261,1.77,75.9,19.7,1.04,44.2,29.4,14.8,34.8,34.6,35
Samoa,WS,2019,"202,450",0.6,71.8,2.57,74.4,24.2,1.04,56.1,46.7,9.4,25.2,25.5,24.9
San Marino,SM,2019,"34,019",0.69,557.7,1.51,83.4,7.5,0.94,53.4,22.8,30.6,45,46,43.7
Sao Tome and Principe,ST,2019,"207,469",1.59,215.2,3.96,66.1,71.2,1,76,70.9,5.2,19.1,19.5,18.7
Saudi Arabia,SA,2019,"33,670,051",1.64,15.7,2.02,75.9,15.1,1.3,40.5,35.6,4.9,30.3,27.5,32.5
Senegal,SN,2019,"16,549,615",2.75,86,4.6,69.1,48.2,0.97,85.1,79.3,5.8,18.3,19.2,17.4
Serbia,RS,2019,"6,902,768",-0.54,89.1,1.49,75.3,5.7,0.95,50.4,21.9,28.5,43,44.5,41.5
Seychelles,SC,2019,"95,038",0.74,208.9,1.84,75.3,16.5,1.07,37.1,26.3,10.8,36.3,36.9,35.8
Sierra Leone,SL,2019,"8,035,721",2.75,112.2,4.11,57.7,104.5,0.98,81.1,76.1,5,18.6,19,18.1
Singapore,SG,2019,"5,753,597",0.99,"8,115.1",1.14,85.8,2,1,37,21.6,15.4,37,37.9,36.1
Sint Maarten,SX,2019,"43,408",1.36,"1,276.7",2.03,78.8,9.4,0.98,41.6,26.2,15.3,41.4,42.6,39.8
Slovakia,SK,2019,"5,487,346",0.14,114.1,1.57,77.8,5.9,0.95,46.7,22.7,24,41.3,43.1,39.6
Slovenia,SI,2019,"2,123,979",0.7,105.4,1.61,81.7,2.5,1.01,54.7,22.9,31.8,44.3,46.2,42.8
Solomon Islands,SB,2019,"666,359",1.83,23.8,3.03,76,27.4,1.04,60.7,53.2,7.5,23.5,23.6,23.3
Somalia,SO,2019,"16,406,484",3.73,26.2,6.77,56.9,124.5,1.01,97.5,94.2,3.3,16.1,16.4,15.8
South Africa,ZA,2019,"57,363,192",1.19,47.2,2.42,70.4,26.9,0.96,52.1,41.7,10.3,29.1,29.3,28.8
South Sudan,SS,2019,"10,280,050",2.63,16,5.65,52,122.1,1.06,79.4,74.9,4.5,18.4,18.1,18.7
Spain,ES,2019,"46,812,053",0.85,93.8,1.3,83.2,3.3,0.96,51.7,22.1,29.5,44.6,45.7,43.5
Sri Lanka,LK,2019,"21,247,368",0.22,328.8,2.18,76.9,8.2,0.94,54.2,37.9,16.3,33.5,34.7,32.1
Sudan,SD,2019,"44,337,528",2.69,23.8,4.79,66.1,66.5,1.01,83.5,78,5.5,18.1,18.3,17.9
Suriname,SR,2019,"610,507",1.27,3.9,2.03,72,40.5,0.98,44.2,34.9,9.4,30.2,31.1,29.4
Sweden,SE,2019,"10,311,555",0.91,25.1,1.7,83.1,2.5,1.01,60.7,28.2,32.4,40.7,41.8,39.7
Switzerland,CH,2019,"8,525,316",0.67,213.1,1.52,83.7,3.6,0.98,51.1,22.5,28.6,43.3,44.1,42.4
Syria,SY,2019,"18,584,688",3.86,100,2.96,73.5,19.6,0.99,61.5,54.2,7.3,23.3,23.8,22.8
Tajikistan,TJ,2019,"9,400,107",2.23,66.4,3.76,70.8,33.7,1.01,67.4,61.8,5.6,22.8,23.2,22.3
Tanzania,TZ,2019,"57,894,451",3.05,65.4,4.84,67.6,46.5,1,85.5,79.8,5.6,18.2,18.4,17.9
Thailand,TH,2019,"69,082,954",0.32,135.2,1.53,76.9,9.2,0.95,40.7,23.7,17,39.2,40.3,38.2
Timor-Leste,TL,2019,"1,285,560",1.66,86.4,3.58,65.5,62.2,0.99,71.7,64.4,7.3,20.7,21.6,19.9
Togo,TG,2019,"7,872,308",2.58,144.8,4.38,70.2,67,0.97,78.7,71.5,7.2,20.1,20.9,19.4
Tonga,TO,2019,"106,198",-0.15,148.1,2.95,76.9,15.4,1.01,64.6,53.5,11.1,23.8,24.2,23.3
Trinidad and Tobago,TT,2019,"1,405,423",-0.87,274.1,1.63,75.2,20,1.02,46.5,29.5,16.9,35.7,36.2,35.3
Tunisia,TN,2019,"11,620,878",0.88,74.8,2.12,76.1,14.5,0.99,51,38.2,12.9,32.3,33,31.7
Turkey,TR,2019,"81,628,106",0.48,106.1,1.98,75.4,24,1.01,46.7,34.8,11.9,31.9,32.4,31.4
Turkmenistan,TM,2019,"5,464,588",1.07,11.6,2.05,71,49.3,0.98,43.9,36.2,7.6,29,29.5,28.5
Turks and Caicos Islands,TC,2019,"54,982",2.04,58,1.7,80.5,14.5,1.02,36.2,29.2,7,34.3,34,34.6
Tuvalu,TV,2019,"11,252",0.87,432.8,2.9,67.4,50.8,0.98,55.6,45.3,10.3,26.4,27.5,25.4
Uganda,UG,2019,"41,830,731",3.33,212.2,5.63,67.7,47,0.94,103.6,98.7,4.9,15.6,16.4,14.8
Ukraine,UA,2019,"43,686,413",-0.24,75.4,1.23,71.8,9.7,0.86,48.2,23.4,24.8,41,44.1,38
United Arab Emirates,AE,2019,"9,720,156",0.78,116.3,1.67,79,5.9,2.36,20.9,19.3,1.6,35,30,36.6
United Kingdom,GB,2019,"66,603,767",0.65,275.3,1.62,81.6,4.5,0.99,55.6,27.1,28.5,40.2,41.1,39.3
United States,US,2019,"328,329,953",0.45,35.9,--,--,--,0.97,53.7,28.4,25.3,38.4,39.7,37.1
Uruguay,UY,2019,"3,462,421",0.1,19.8,1.53,76.6,9.3,0.95,51.6,30.2,21.4,35.8,37.6,34
Uzbekistan,UZ,2019,"33,363,072",1.95,78.4,2.84,76.5,21.9,1,52,43.6,8.4,27.9,28.5,27.2
Vanuatu,VU,2019,"292,858",1.75,24,2.88,74.3,18.1,0.99,62.5,55.6,6.9,22.7,23.1,22.3
Venezuela,VE,2019,"28,663,911",-1.05,32.5,2.28,71,34.7,0.99,51.1,39.3,11.8,29.6,30.3,29
Vietnam,VN,2019,"100,669,666",1.09,324.7,2.09,74.9,20.3,1,44.5,35,9.5,31,32.1,30
"Virgin Islands, British",VG,2019,"36,397",2.06,241,1.31,79.1,16.5,0.91,35.7,22.5,13.3,37.1,37.4,36.9
"Virgin Islands, U.S.",VI,2019,"106,669",-0.34,306.5,2.05,79.7,9,0.91,63.3,32.8,30.5,41.6,42.6,40.5
Wallis and Futuna,WF,2019,"15,765",0.29,111,1.72,80,4.7,1.06,46,30.5,15.5,33.3,34.1,32.7
Yemen,YE,2019,"30,185,065",2.37,57.2,4.09,62.4,79.9,1.01,77.1,71.7,5.4,19.4,19.8,19
Zambia,ZM,2019,"17,978,611",3,24.2,4.77,65.2,56.6,1,87.9,83,4.9,17.5,17.7,17.4
Zimbabwe,ZW,2019,"15,433,591",2.28,39.9,3.67,64.5,54.2,0.94,73.8,67.2,6.6,20.4,21.1,19.6
Gaza Strip,XG,2019,"1,935,117",1.69,"5,375.3",3.74,74.7,19.2,1.03,83.4,78.6,4.8,17.9,18.2,17.7
Kosovo,XK,2019,"1,919,978",0.67,176.4,1.97,73.1,29,1.06,47.3,36.2,11.1,30,30.3,29.7
Taiwan,TW,2019,"23,553,634",0.04,730.1,1.05,80.5,5,0.98,38.5,17.6,20.9,41.8,42.7,40.9
West Bank,XW,2019,"2,918,868",2.25,517.5,3.76,75.7,19.4,1.04,68.5,62.5,5.9,21.1,21.3,20.9
 -> 2020,,,--,--,--,--,--,--,--,--,--,--,--,--,--
 -> 2020 -> World,,,"7,784,569,440",--,59.1,--,--,--,1.01,53.9,39.2,14.7,--,--,--
Afghanistan,AF,2020,"44,213,498",2.6,67.8,5.1,62.9,58.9,1.03,84.9,79.6,5.2,17.9,18.1,17.7
Albania,AL,2020,"2,700,047",-0.6,98.5,1.22,74.7,19.9,0.94,44.2,24.7,19.5,34.7,36.2,33.1
Algeria,DZ,2020,"43,956,864",1.76,18.5,3.06,75.4,22.4,1.03,59.1,49.4,9.7,28.3,28.6,28
American Samoa,AS,2020,"47,392",-2.28,239.4,2.35,74.8,13.2,1,52.9,42.4,10.6,27.5,28,27
Andorra,AD,2020,"85,722",-0.08,183.2,1.43,83,4.3,1.05,44.5,19.3,25.2,46.2,46.1,46.3
Angola,AO,2020,"32,961,953",3.39,26.4,5.79,63.2,76.6,0.95,100.2,95.4,4.9,16,16.5,15.5
Anguilla,AI,2020,"18,066",1.87,198.5,1.73,81.8,4.6,0.9,45.4,31.2,14.2,35.8,37.7,33.8
Antigua and Barbuda,AG,2020,"98,012",1.19,221.2,1.97,77.3,18.1,0.89,45.6,32.6,13,32.8,34.5,30.8
Argentina,AR,2020,"44,915,858",0.4,16.4,1.68,76.3,13.2,0.98,54.6,35.6,18.9,32.8,33.9,31.6
Armenia,AM,2020,"3,021,483",-0.31,107.1,1.65,75.6,14.5,0.95,45.4,27.1,18.3,36.6,38.3,35.1
Aruba,AW,2020,"119,496",1.2,663.9,1.83,77.5,14.8,0.9,48.2,25.9,22.3,39.9,41.6,38.3
Australia,AU,2020,"25,467,706",1.37,3.3,1.74,82.7,3.7,0.99,52.9,28.6,24.3,37.5,38.5,36.5
Austria,AT,2020,"8,995,617",0.38,109.1,1.43,81.4,4.1,0.95,50.8,21.3,29.5,44,45.1,43
Azerbaijan,AZ,2020,"10,464,719",0.5,126.6,1.69,73.1,15.5,1,45.5,35,10.6,32.3,33.9,30.8
"Bahamas, The",BS,2020,"394,613",1.02,39.4,1.43,75.1,11.9,0.87,43.5,33.2,10.3,28.8,28.8,28.9
Bahrain,BH,2020,"1,504,665",2.04,"1,979.8",1.69,79.5,12.8,1.53,27.8,23.5,4.3,32.9,30.3,34.4
Bangladesh,BD,2020,"162,532,538",0.97,"1,248.6",2.11,74.2,39.4,0.97,49.8,39.5,10.3,27.9,28.7,27.1
Barbados,BB,2020,"301,001",0.3,700,1.7,78.1,12.7,0.93,44.8,25,19.8,39.9,41.1,38.8
Belarus,BY,2020,"9,636,175",-0.28,47.5,1.44,74.1,3.4,0.87,48.2,24.6,23.6,40.8,43.8,37.9
Belgium,BE,2020,"11,602,527",0.3,383.2,1.55,80.9,3.7,0.97,56.6,26.2,30.4,41.9,43,40.9
Belize,BZ,2020,"392,318",1.49,17.2,2.18,72.9,13.3,0.99,52.9,45.4,7.6,25.4,25.7,25.1
Benin,BJ,2020,"12,861,152",3.38,116.3,5.51,61.4,89.6,0.97,92.1,87.5,4.6,17,17.6,16.5
Bermuda,BM,2020,"71,818",0.38,"1,330.0",1.91,81.6,3,0.95,57.3,26.2,31.1,43.6,46,41.2
Bhutan,BT,2020,"850,853",1.02,22.2,1.82,71.6,36.8,1.08,44.7,35.6,9,28.8,28.4,29.3
Bolivia,BO,2020,"11,775,350",1.22,10.9,2.46,72.4,29.1,1.01,59.6,49.4,10.2,25.2,25.6,24.8
Bosnia and Herzegovina,BA,2020,"3,768,434",-0.59,73.6,1.1,76.5,6.9,0.95,40.1,17.1,23,43.7,45.2,42.1
Botswana,BW,2020,"2,316,910",1.46,4.1,2.45,64.8,34.5,0.93,56.5,47.8,8.7,25.7,26.7,24.5
Brazil,BR,2020,"214,752,313",0.53,25.7,1.6,74.4,19,0.97,43.2,29.6,13.6,33.5,34.4,32.5
Brunei,BN,2020,"464,145",1.5,88.2,1.75,77.9,12.7,0.96,39.2,31,8.2,31.2,31.8,30.6
Bulgaria,BG,2020,"6,965,462",-0.67,64.2,1.49,75,9.8,0.95,52.8,22.2,30.6,43.7,45.6,41.9
Burkina Faso,BF,2020,"20,770,317",2.51,75.9,4.44,63,85.4,0.96,87.3,81.4,5.9,17.9,18.8,17.1
Burma,MM,2020,"55,911,155",0.76,85.6,2.07,68.8,44.7,0.97,46.6,37.7,8.9,29.4,30.2,28.5
Burundi,BI,2020,"11,845,890",2.87,461.3,5.17,66.7,57.6,0.99,88,82.2,5.8,17.8,18.1,17.5
Cabo Verde,CV,2020,"582,153",1.26,144.3,2.16,73.2,30.2,0.95,49.8,41.5,8.3,26.9,27.7,26.1
Cambodia,KH,2020,"16,337,185",1.2,92.6,2.32,70.3,40.7,0.94,55.3,47.9,7.4,26.5,27.3,25.6
Cameroon,CM,2020,"27,743,599",2.78,58.7,4.66,62.3,77.9,0.99,83.3,77.6,5.7,18.5,18.8,18.2
Canada,CA,2020,"37,747,300",0.76,4.2,1.44,82.9,5.2,0.98,53.4,24.3,29.1,41.8,42.9,40.7
Cayman Islands,KY,2020,"61,952",1.91,234.7,1.83,81.6,9.3,0.95,46.9,26,21,40.6,41.2,39.9
Central African Republic,CF,2020,"5,262,642",1.8,8.4,4.14,54.6,128.7,0.99,75.8,69.8,6,19.7,20.6,18.9
Chad,TD,2020,"16,875,954",3.16,13.4,5.68,58.3,114.5,0.98,99.4,94.6,4.8,16.1,16.5,15.6
Chile,CL,2020,"18,578,364",0.52,25,1.4,79,6.3,0.96,44.8,27.6,17.3,35.9,37,34.9
China,CN,2020,"1,411,361,655",0.12,151.3,1.25,77.7,7.9,1.05,43.6,25.7,18,38.4,39.5,37.4
Colombia,CO,2020,"48,419,737",0.75,46.6,1.95,76.8,13.7,0.96,49.4,34.6,14.9,31.4,32.6,30.2
Comoros,KM,2020,"852,094",1.44,381.3,2.95,66.6,81.8,0.94,68.6,61.3,7.3,21.1,21.7,20.4
Congo (Brazzaville),CG,2020,"5,521,845",2.53,16.2,4.06,71.1,48.3,1,77.8,70.5,7.3,20.2,20.4,19.9
Congo (Kinshasa),CD,2020,"101,768,560",3.18,44.9,5.77,61,86.3,1,95.5,90.6,4.8,16.7,16.8,16.5
Cook Islands,CK,2020,"8,539",-2.55,36.2,2.12,76.6,20.1,1.06,49.4,28.9,20.4,39.1,39.3,38.8
Costa Rica,CR,2020,"5,122,939",0.75,100.3,1.44,79.2,8.8,1.01,42.8,29.5,13.3,33.5,34,32.9
C“te d'Ivoire,CI,2020,"28,166,938",2.58,88.6,4.32,62,77.9,1.01,78.5,73.7,4.8,19,19,19.1
Croatia,HR,2020,"4,167,943",-0.52,74.5,1.39,77.4,4.7,0.93,52.6,21.7,30.9,43.6,45.6,41.7
Cuba,CU,2020,"11,124,656",-0.18,101.3,1.55,77.7,6,0.99,46.3,23.3,22.9,42.5,44,40.7
Cura‡ao,CW,2020,"151,370",0.35,340.9,2,79,9.3,0.92,56.6,30.8,25.8,36.7,39.5,34.4
Cyprus,CY,2020,"1,267,376",1.17,137.1,1.48,79.3,10,1.05,40,21.9,18.1,38,39.4,36.7
Czechia,CZ,2020,"10,778,812",0.14,139.5,1.69,78.8,3,0.97,55.9,24.6,31.3,43.2,44.5,41.9
Denmark,DK,2020,"5,837,230",0.3,137.6,1.68,81.5,3.5,0.99,56.9,25.5,31.4,42.2,43.3,41.2
Djibouti,DJ,2020,"919,627",2.04,39.7,2.19,64.7,65.6,0.84,50.5,44.6,5.9,25,26.5,23.1
Dominica,DM,2020,"74,522",0.09,99.2,2.02,77.7,13.7,1.02,50.5,31.9,18.6,35.1,35.6,34.6
Dominican Republic,DO,2020,"10,516,103",0.65,217.6,2.09,69.6,30,1.02,50.6,40.7,9.9,27.8,28,27.7
Ecuador,EC,2020,"17,550,613",1.3,70.7,2.35,75.3,13.9,0.98,58.8,45.2,13.6,27,27.8,26.2
Egypt,EG,2020,"103,994,537",1.89,104.5,3.11,73.9,21.9,1.06,67.1,59.2,7.9,23.5,23.6,23.4
El Salvador,SV,2020,"6,560,403",1.03,316.6,1.75,74.7,13.4,0.92,49.9,38.4,11.5,27.7,29.2,26.1
Equatorial Guinea,GQ,2020,"1,561,062",3.81,55.7,4.41,63.5,107.8,1.13,72.7,64.3,8.4,21.4,21,21.8
Eritrea,ER,2020,"6,088,682",0.94,60.3,3.73,66.2,62.5,0.97,73.1,66.2,6.9,20.3,20.8,19.7
Estonia,EE,2020,"1,296,803",0.09,30.6,1.64,78.1,2,0.89,58.2,26.4,31.7,42.4,45.7,39.2
Eswatini,SZ,2020,"1,104,638",0.79,64.2,2.52,58.6,54.9,0.9,59.7,53.6,6.1,23.8,24.7,22.6
Ethiopia,ET,2020,"107,882,961",2.43,98.4,4.14,64.7,57.7,1,75.9,70,5.9,19.8,20,19.6
Faroe Islands,FO,2020,"51,624",0.61,37.1,2.31,80.8,7.8,1.08,58.8,31.2,27.6,37.3,37.7,37
Fiji,FJ,2020,"935,139",0.48,51.2,2.31,73.7,17.7,1.03,51.8,40.4,11.4,30.2,30.4,30
Finland,FI,2020,"5,522,887",0.16,18.2,1.38,81.8,2.3,0.98,61.7,25.3,36.4,43.3,44.9,41.7
France,FR,2020,"67,791,837",0.23,105.9,1.91,82.2,4.3,0.96,63.1,29.3,33.8,41.9,43.7,40.3
French Polynesia,PF,2020,"294,891",0.78,77.1,1.83,77.9,13,1.05,44.6,31.1,13.5,33.4,33.7,33.2
Gabon,GA,2020,"2,230,332",2.42,8.7,3.41,69,44.9,1.08,67.8,61.2,6.7,21,20.6,21.4
"Gambia, The",GM,2020,"2,302,355",2.42,227.5,4.06,66.8,61.7,0.98,78.6,72.8,5.8,19.1,19.5,18.6
Georgia,GE,2020,"4,997,628",0.33,71.7,1.97,73.3,23,0.93,56.2,31.5,24.7,37.4,40.2,34.8
Germany,DE,2020,"84,498,245",-0.1,242.3,1.57,81.1,4,0.98,55.9,21.1,34.8,46.6,48,45.2
Ghana,GH,2020,"31,643,281",2.3,139.1,3.76,68.7,47.3,0.95,74.8,67.3,7.5,21,21.9,20.1
Gibraltar,GI,2020,"29,459",0.19,"4,208.4",1.92,80,7.6,1.02,58.1,31.1,26.9,35.9,36.4,35.4
Greece,GR,2020,"10,604,841",-0.33,81.2,1.38,81.1,4.3,0.95,58.6,23,35.5,45.3,46.8,43.7
Greenland,GL,2020,"57,797",0.01,0,1.94,73.4,11.4,1.08,45,30.1,14.9,34.4,33.5,35.2
Grenada,GD,2020,"113,165",0.37,329,1.96,75.2,13.6,1.03,51.7,35.1,16.6,33.3,33.4,33.2
Guam,GU,2020,"168,489",0.19,309.7,2.84,77,13.4,1.06,58.1,43,15.1,29.4,30.2,28.7
Guatemala,GT,2020,"17,140,193",1.66,160,2.72,72.4,35.6,0.99,62,54.2,7.8,23.4,23.9,22.8
Guernsey,GG,2020,"67,173",0.24,861.2,1.57,82.8,4,0.99,53.1,22.1,31,44.4,45.6,43.1
Guinea,GN,2020,"12,527,271",2.76,51,4.92,63.2,78.7,1,82.2,75,7.1,19.1,19.4,18.9
Guinea-Bissau,GW,2020,"1,927,022",2.52,68.5,4.75,62.8,77.5,0.95,86,80.3,5.7,18,18.6,17.4
Guyana,GY,2020,"786,653",0.14,4,2.08,71.3,27.7,1.04,46.1,35.9,10.2,26.9,27,26.7
Haiti,HT,2020,"11,172,853",1.29,405.4,2.64,64.4,58.5,0.97,57.1,50.5,6.6,23.7,24,23.4
Honduras,HN,2020,"9,100,261",1.04,81.3,2.48,71.9,17.7,0.93,56.5,48,8.5,24.3,25.1,23.4
Hong Kong,HK,2020,"7,248,206",0.22,"6,755.1",1.21,83.2,3.6,0.86,45.5,18.6,26.8,45.6,46.5,44.2
Hungary,HU,2020,"10,026,575",-0.45,111.9,1.56,75.4,5.7,0.95,54.8,22.9,31.8,43.6,45.3,41.9
Iceland,IS,2020,"350,773",1,3.5,1.97,83.3,2.6,1,55.6,31.6,24,37.1,37.7,36.6
India,IN,2020,"1,369,541,070",1.01,460.6,2.13,70.5,34.4,1.06,48.5,38.2,10.3,28.6,29.3,28
Indonesia,ID,2020,"272,856,400",0.84,150.6,2.07,72.6,24.6,1,48.1,37.8,10.3,30.3,31,29.6
Iran,IR,2020,"84,982,541",1.09,55.5,1.94,74.9,17.8,1.03,42.8,34.4,8.4,31.8,32,31.5
Iraq,IQ,2020,"38,828,885",2.13,88.8,3.39,72.6,24.6,1.01,67.6,62,5.6,21.2,21.6,20.9
Ireland,IE,2020,"5,030,214",0.86,73,1.65,82.8,3.1,0.99,52.9,30.6,22.3,38.6,38.8,38.3
Isle of Man,IM,2020,"90,381",0.58,158,1.9,81.6,5.2,1.01,59.2,25.9,33.3,44.6,45.6,43.5
Israel,IL,2020,"8,829,355",1.51,410.7,2.9,82.4,3.8,1.01,65.8,46.3,19.5,29.9,30.5,29.3
Italy,IT,2020,"61,337,765",-0.26,208.5,1.19,81.6,4.1,0.93,54.5,19.7,34.9,47,48,46
Jamaica,JM,2020,"2,815,048",0.05,259.9,2.07,75.2,13.6,0.98,52.3,38.3,13.9,29.3,30.1,28.5
Japan,JP,2020,"125,135,727",-0.35,343.3,1.37,84.5,2.6,0.95,70.3,21.7,48.6,48.2,49.6,46.9
Jersey,JE,2020,"100,782",0.7,868.8,1.65,82.2,4.7,0.97,50.2,24.8,25.4,37.6,39.5,36.1
Jordan,JO,2020,"10,819,966",0.83,121.8,3.04,75.5,16.9,1.11,58,52.2,5.8,23.5,23,24
Kazakhstan,KZ,2020,"19,513,854",0.99,7.2,2.61,72.3,10.4,0.94,57.3,43.9,13.4,31.1,32.7,29.4
Kenya,KE,2020,"50,280,287",2.03,88.3,3.43,62.3,50.4,1,72.3,66.4,5.9,20.1,20.4,19.7
Kiribati,KI,2020,"111,814",1.06,137.9,2.25,67.3,44.6,0.94,48.9,42,6.9,25.8,26.7,24.9
"Korea, North",KP,2020,"25,829,413",0.54,214.5,1.85,73.4,20.1,0.95,43.3,29,14.4,34.9,36.4,33.4
"Korea, South",KR,2020,"51,880,480",0.17,535.3,0.84,84.4,2.8,1,39.2,16.8,22.4,43.9,45.5,42.4
Kuwait,KW,2020,"2,995,271",1.24,168.1,2.26,78.7,9.5,1.39,37.3,33.3,4,29.7,28,30.7
Kyrgyzstan,KG,2020,"5,963,777",0.94,31.1,2.54,71.8,30.3,0.96,56.6,47.4,9.1,27.4,28.6,26.1
Laos,LA,2020,"7,539,569",1.42,32.7,2.46,67.7,49,0.99,56.6,50.1,6.5,23.8,24.2,23.5
Latvia,LV,2020,"1,917,230",-0.75,30.8,1.51,75,4.3,0.86,56.1,24.8,31.3,43.9,47.5,39.9
Lebanon,LB,2020,"5,968,816",0.05,583.5,2.29,74.4,10,0.97,51.3,41.1,10.1,28.5,29,28
Lesotho,LS,2020,"2,162,195",0.7,71.2,2.98,58.2,69.2,0.98,64.7,55.7,9,23.2,23.7,22.6
Liberia,LR,2020,"4,933,811",2.74,51.2,4.31,61.6,77.9,1,77.2,71.4,5.8,19.3,19.4,19.2
Libya,LY,2020,"6,890,637",1.88,3.9,3.17,76.7,13.6,1.05,60.5,54,6.5,25.8,25.7,25.9
Liechtenstein,LI,2020,"39,137",0.74,244.6,1.69,82.2,5,0.99,51.6,23,28.6,43.7,45.3,42
Lithuania,LT,2020,"2,780,268",0.06,44.4,1.53,75.3,3.2,0.88,54.9,23.8,31.2,44.2,48.1,40.1
Luxembourg,LU,2020,"632,722",1.5,244.7,1.39,83,4.5,1.02,46,23.6,22.4,39.6,40.2,39.1
Macau,MO,2020,"625,295",0.83,"22,332.0",1.2,84.6,5.5,0.9,37.1,20,17.1,40.5,40.7,40.2
Madagascar,MG,2020,"26,898,646",2.36,46.3,3.78,67.6,58.3,1,73.1,66.9,6.2,20.4,20.6,20.2
Malawi,MW,2020,"19,822,929",2.45,210.7,3.62,71.9,58.4,0.96,80,73.4,6.6,19.1,19.3,18.8
Malaysia,MY,2020,"33,164,013",1.08,100.9,1.78,75.6,8.3,1.05,43.6,33.2,10.4,30.2,30.3,30.1
Maldives,MV,2020,"391,104",-0.1,"1,312.4",1.71,76.4,35.1,1.13,36.4,29.6,6.8,29.7,30.1,29.4
Mali,ML,2020,"19,552,681",2.93,16,5.72,61.6,101.2,0.95,102.9,96.8,6.1,16,16.7,15.3
Malta,MT,2020,"502,006",0.31,"1,588.6",1.25,82.1,6.3,1.07,51,21.3,29.7,40.6,42,39.3
Marshall Islands,MH,2020,"77,741",1.41,429.5,2.86,74.1,27.7,1.03,60,52.3,7.7,23.9,24,23.8
Mauritania,MR,2020,"4,467,255",3.24,4.3,5.15,69.4,45.8,0.98,88.2,81.4,6.8,18,18.6,17.4
Mauritius,MU,2020,"1,305,308",0.12,643,1.34,74.3,14.9,0.95,39,22.6,16.4,38,39.1,36.8
Mexico,MX,2020,"128,092,570",0.35,65.9,1.56,71,13.4,0.96,49.3,37.9,11.4,29.9,30.9,28.7
"Micronesia, Federated States of",FM,2020,"102,320",-0.62,145.8,2.29,73.9,28.1,0.97,50.1,43,7.1,26.5,27.2,25.7
Moldova,MD,2020,"3,587,186",-0.76,109.1,1.22,69.8,16.2,0.92,39.9,21,19,39,41,37.1
Monaco,MC,2020,"31,066",0.47,"15,533.0",1.52,89.3,2,0.94,78,18.5,59.6,54.2,55.4,52.9
Mongolia,MN,2020,"3,327,552",1.55,2.1,2.9,72.6,13.8,0.96,55.8,48.5,7.2,28.2,29.3,26.9
Montenegro,ME,2020,"609,786",-0.38,45.3,1.82,77.3,3.7,0.97,51.8,27.5,24.3,39.6,41.1,38.1
Montserrat,MS,2020,"5,359",0.52,52.5,1.3,75.3,12.5,1,28.9,20.4,8.5,34.9,35.7,34.1
Morocco,MA,2020,"36,055,311",0.97,50.3,2.33,73.1,24.1,1,51.7,40.9,10.8,29.2,29.7,28.8
Mozambique,MZ,2020,"30,097,734",2.6,38.3,4.97,55.9,99.8,0.97,94.2,88.5,5.7,17,17.6,16.3
Namibia,NA,2020,"2,627,111",1.61,3.2,3.07,60.7,47.1,0.96,65.6,59.1,6.5,21.9,22.6,21.1
Nauru,NR,2020,"9,728",0.43,463.2,2.68,67.3,10.8,0.97,52,46.9,5.2,27.1,27.7,26.5
Nepal,NP,2020,"30,175,326",0.84,210.5,1.96,71.8,32.6,0.96,50.6,42.1,8.5,25.6,26.6,24.6
Netherlands,NL,2020,"17,400,890",0.39,513.4,1.54,81.2,4.4,0.99,54.2,23.9,30.3,42.5,43.7,41.3
New Caledonia,NC,2020,"290,033",1.24,15.9,1.88,78.4,9.4,1,46.2,31.7,14.5,32.9,33.7,32.2
New Zealand,NZ,2020,"4,925,334",1.39,18.6,1.87,82.1,4.3,1,54.2,30.3,24,37.2,37.9,36.4
Nicaragua,NI,2020,"6,418,878",0.96,53.5,1.91,72.5,18.3,0.96,47.8,39.7,8,27,27.8,26.2
Niger,NE,2020,"22,759,615",3.65,18,7,59.3,109.3,0.98,113.8,108,5.8,14.8,15.1,14.5
Nigeria,NG,2020,"213,986,428",2.53,235,4.72,60.4,91.6,1.02,81.8,75.8,6,18.6,18.9,18.4
North Macedonia,MK,2020,"2,125,463",0.13,83.6,1.5,76.3,8.7,1,43.5,23.2,20.3,39,40,38
Northern Mariana Islands,MP,2020,"51,851",-0.38,109.9,2.69,76.1,15,1.13,47.5,36.8,10.7,32.9,34.2,31.8
Norway,NO,2020,"5,381,527",0.44,17.7,1.48,83.2,2.1,1.02,54.1,26.5,27.6,40,40.8,39.3
Oman,OM,2020,"3,624,823",1.93,11.7,2.76,76.4,20.1,1.18,50.7,45,5.6,26.4,25.2,27.3
Pakistan,PK,2020,"233,431,156",2.04,302.8,3.6,69.1,72.3,1.04,67.8,60.3,7.5,22.1,22.2,22
Palau,PW,2020,"21,532",0.37,46.9,1.7,74.1,14.2,1.07,37.3,24.6,12.7,34.4,36,33.5
Panama,PA,2020,"4,210,487",1.32,56.6,2.43,77.4,21.9,1.02,54.2,39.6,14.6,30.3,30.7,30
Papua New Guinea,PG,2020,"9,145,715",2.43,20.2,4.05,68.8,43.7,1.03,70.9,64.7,6.2,21.2,21.4,21.1
Paraguay,PY,2020,"7,188,930",1.16,18.1,1.89,77.9,31.3,1.01,45.5,33.7,11.8,29.9,30.1,29.7
Peru,PE,2020,"31,867,270",1.01,24.9,2.26,69.8,13.7,0.97,53.7,40.8,12.8,29.7,30.4,29
Philippines,PH,2020,"110,461,801",2.54,370.5,3.46,70.8,28.3,1.01,57.6,49.5,8.1,24.8,25.3,24.2
Poland,PL,2020,"38,375,246",-0.31,126.1,1.39,76.3,5.8,0.94,50.4,22.5,27.9,41.8,43.5,40.2
Portugal,PT,2020,"10,288,283",-0.25,112.5,1.41,81.1,3.2,0.9,52.4,20.5,31.9,44.7,46.5,42.8
Puerto Rico,PR,2020,"3,190,410",-1.55,359.7,1.22,81.3,6.8,0.9,56.4,22.2,34.2,43.6,45.3,41.7
Qatar,QA,2020,"2,447,179",1.44,211.2,1.9,79.3,9.8,3.39,16.4,15,1.4,33.8,28.2,35
Romania,RO,2020,"18,986,068",-1.16,82.6,1.69,74.8,7.1,0.94,58.4,25.1,33.3,43.9,45.3,42.5
Russia,RU,2020,"143,487,955",-0.44,8.8,1.51,71.3,8.6,0.87,49.4,25.8,23.6,40.5,43.3,37.8
Rwanda,RW,2020,"12,709,485",1.85,515.2,3.52,65.1,37.1,0.96,74.2,69.6,4.6,19.7,20.4,18.9
Saint Barthelemy,BL,2020,"7,131",-0.22,285.2,1.64,80.1,8.6,1.12,52.7,22.9,29.8,45.7,45.9,45.6
"Saint Helena, Ascension, and Tristan da Cunha",SH,2020,"7,903",0.16,20.1,1.6,80,23.5,1.01,47.4,22.3,25.1,43.4,43.4,43.4
Saint Kitts and Nevis,KN,2020,"53,799",0.66,206.1,1.77,76.6,15.8,1,42.8,28.3,14.5,36.6,36.3,36.8
Saint Lucia,LC,2020,"166,141",0.3,274.2,1.73,78.5,13.8,0.95,47.7,28.3,19.4,36.9,38,35.7
Saint Martin,MF,2020,"32,560",0.39,603,1.81,80.1,8.6,0.92,53.4,39.3,14.2,33.3,34.2,32.5
Saint Pierre and Miquelon,PM,2020,"5,384",-1.17,22.2,1.58,81,9.8,0.95,58.4,22.6,35.8,48.7,49.1,48.1
Saint Vincent and the Grenadines,VC,2020,"101,334",-0.19,260.5,1.76,76.2,19.3,1.04,44.5,28.9,15.6,35.4,35.2,35.6
Samoa,WS,2020,"203,662",0.6,72.2,2.5,74.7,23.7,1.04,54.9,45.3,9.6,25.6,26,25.3
San Marino,SM,2020,"34,247",0.65,561.4,1.51,83.5,7.4,0.94,53.6,22.6,31,45.2,46.3,43.9
Sao Tome and Principe,ST,2020,"210,728",1.53,218.6,3.82,66.4,69.7,1,73.8,68.7,5.2,19.4,19.8,19
Saudi Arabia,SA,2020,"34,223,743",1.62,15.9,1.99,76.2,14.8,1.3,39.9,34.9,5.1,30.8,27.9,33
Senegal,SN,2020,"17,005,241",2.68,88.3,4.48,69.4,47.1,0.97,84,78.2,5.8,18.4,19.3,17.6
Serbia,RS,2020,"6,856,660",-0.8,88.5,1.45,73.9,5.6,0.95,51.1,21.9,29.2,43.2,44.7,41.7
Seychelles,SC,2020,"95,726",0.71,210.4,1.83,75.6,16.1,1.07,37,25.8,11.2,36.7,37.3,36.2
Sierra Leone,SL,2020,"8,256,139",2.66,115.3,3.99,58.1,101.7,0.98,79.9,75,4.9,18.7,19.1,18.3
Singapore,SG,2020,"5,810,285",0.97,"8,195.0",1.14,86,2,1,37.6,21.4,16.3,37.5,38.4,36.5
Sint Maarten,SX,2020,"43,991",1.31,"1,293.9",2.02,78.8,9.4,0.98,43.4,26.7,16.8,41.3,42.8,39.8
Slovakia,SK,2020,"5,492,134",0.04,114.2,1.59,77,6.3,0.95,47.9,22.9,25,41.7,43.5,40
Slovenia,SI,2020,"2,138,010",0.61,106.1,1.59,80.8,2.4,1.01,55.7,23,32.6,44.6,46.4,43
Solomon Islands,SB,2020,"678,494",1.78,24.2,2.97,76.2,26.9,1.04,59.6,52,7.6,23.8,24,23.6
Somalia,SO,2020,"17,069,145",4.18,27.2,6.71,55.6,123.1,1.01,98.6,95.2,3.3,16,16.3,15.7
South Africa,ZA,2020,"58,012,938",1.07,47.8,2.42,68.2,29.8,0.96,52.6,42,10.6,29.4,29.5,29.2
South Sudan,SS,2020,"10,560,984",2.76,16.4,5.54,55.5,111.1,1.06,78.9,74.4,4.5,18.6,18.3,18.9
Spain,ES,2020,"47,041,387",0.13,94.3,1.24,82.1,3.1,0.95,51.5,21.7,29.8,45,46.1,43.9
Sri Lanka,LK,2020,"21,367,989",0.91,330.6,2.18,77.1,8.1,0.94,54.4,37.4,17,33.7,35,32.2
Sudan,SD,2020,"45,544,096",2.68,24.5,4.72,66.5,65,1.01,81.8,76.3,5.5,18.3,18.6,18.1
Suriname,SR,2020,"618,093",1.2,4,1.96,72.1,40.1,0.98,44,34.4,9.6,30.6,31.5,29.7
Sweden,SE,2020,"10,382,678",0.47,25.3,1.66,82.5,2.8,1.01,60.9,28.2,32.7,40.8,41.8,39.7
Switzerland,CH,2020,"8,585,698",0.74,214.7,1.52,83.1,4.2,0.99,51.7,22.7,29,43.5,44.3,42.7
Syria,SY,2020,"19,392,460",4.63,104.3,2.9,73.7,19.2,1,61.1,53.9,7.2,23.5,24,23
Tajikistan,TJ,2020,"9,603,246",2.05,67.9,3.72,68.5,32.8,1.01,68.1,62.3,5.8,22.7,23.2,22.3
Tanzania,TZ,2020,"59,673,327",3,67.4,4.83,68.3,43.8,1,85,79.3,5.6,18.3,18.5,18
Thailand,TH,2020,"69,291,926",0.29,135.6,1.54,77.2,9,0.95,41.2,23.4,17.8,39.7,40.7,38.6
Timor-Leste,TL,2020,"1,306,680",1.6,87.8,3.42,65.8,60.9,0.99,70.3,62.9,7.4,21.1,21.9,20.3
Togo,TG,2020,"8,076,517",2.54,148.5,4.33,70.6,64.4,0.97,78.1,70.8,7.3,20.2,21,19.5
Tonga,TO,2020,"106,010",-0.2,147.9,2.87,77,15.2,1.01,63.3,52,11.3,24.2,24.6,23.7
Trinidad and Tobago,TT,2020,"1,400,824",0.22,273.2,1.63,75.4,19.6,1.01,47.1,29.3,17.8,36.4,36.8,35.9
Tunisia,TN,2020,"11,719,458",0.81,75.4,2.06,76.3,14.2,0.99,51.7,38.3,13.4,32.7,33.4,32.1
Turkey,TR,2020,"82,009,212",0.45,106.6,1.96,75.7,23.4,1.01,46.4,34.1,12.3,32.3,32.9,31.8
Turkmenistan,TM,2020,"5,522,684",1.04,11.8,2.04,71.3,48.1,0.98,44.1,36.1,8,29.4,29.9,28.9
Turks and Caicos Islands,TC,2020,"56,095",1.97,59.2,1.7,80.4,14.7,1.02,36.3,29,7.3,34.7,34.4,35
Tuvalu,TV,2020,"11,350",0.86,436.5,2.88,67.8,49.6,0.98,56.2,45.6,10.7,26.7,27.8,25.7
Uganda,UG,2020,"43,249,944",3.34,219.4,5.54,68.2,45.2,0.94,102.4,97.6,4.8,15.7,16.5,14.9
Ukraine,UA,2020,"43,508,029",-0.58,75.1,1.22,71.2,10.1,0.86,48.5,23.4,25.2,41.3,44.4,38.3
United Arab Emirates,AE,2020,"9,792,173",0.69,117.1,1.66,79.2,5.8,2.31,21.3,19.5,1.8,35.2,30,37
United Kingdom,GB,2020,"67,022,855",0.61,277,1.62,81.7,4.4,0.99,55.7,27,28.7,40.3,41.1,39.5
United States,US,2020,"331,526,933",--,36.2,--,--,--,0.98,53.7,28.4,25.2,38.5,39.6,37.5
Uruguay,UY,2020,"3,466,026",0.11,19.8,1.46,77.5,8.6,0.95,51.1,29.6,21.5,36.1,37.9,34.3
Uzbekistan,UZ,2020,"34,014,838",1.92,80,2.97,75.4,24.3,1.01,53.2,44.5,8.7,28.1,28.8,27.4
Vanuatu,VU,2020,"297,953",1.7,24.4,2.79,74.6,17.6,0.99,61.2,54.1,7.1,23.1,23.5,22.6
Venezuela,VE,2020,"28,612,153",0.69,32.4,2.26,71,34.7,0.99,51,38.8,12.3,30.1,30.7,29.4
Vietnam,VN,2020,"101,745,119",1.04,328.1,2.08,75,19.9,1,44.8,34.8,10,31.4,32.5,30.4
"Virgin Islands, British",VG,2020,"37,146",2.01,246,1.33,79.2,16.2,0.91,36.3,22.4,13.9,37.4,37.7,37.1
"Virgin Islands, U.S.",VI,2020,"106,290",-0.38,305.4,2.03,79.8,8.9,0.91,64.3,32.7,31.7,41.9,42.9,40.7
Wallis and Futuna,WF,2020,"15,809",0.28,111.3,1.71,80.2,4.6,1.06,46.3,30.1,16.2,34,34.7,33.3
Yemen,YE,2020,"30,862,487",2.07,58.5,4.02,62.8,70,1.01,75.9,70.5,5.4,19.6,20,19.1
Zambia,ZM,2020,"18,523,385",2.97,24.9,4.7,65.6,55.5,1,86.5,81.7,4.9,17.7,17.9,17.5
Zimbabwe,ZW,2020,"15,787,762",2.26,40.8,3.65,65.5,52.2,0.94,73.9,67.3,6.6,20.5,21.3,19.7
Gaza Strip,XG,2020,"1,972,024",2.08,"5,477.8",3.6,72.7,22.7,1.03,81.1,76.3,4.8,18.2,18.5,18
Kosovo,XK,2020,"1,931,888",0.56,177.4,1.95,71.1,34.5,1.06,46.7,35.4,11.3,30.4,30.8,30.1
Taiwan,TW,2020,"23,563,036",0.04,730.4,1.06,80.7,4.9,0.98,39.6,17.5,22.1,42.4,43.3,41.5
West Bank,XW,2020,"2,983,867",2.16,529.1,3.7,74,22.8,1.04,68.3,62.3,6,21.3,21.5,21.1
 -> 2025,,,--,--,--,--,--,--,--,--,--,--,--,--,--
 -> 2025 -> World,,,"8,127,318,404",--,61.7,2.29,--,--,1.01,53.2,37.3,16,--,--,--
Afghanistan,AF,2025,"49,474,805",2.86,75.9,4.89,67.5,55,1.03,82.2,77,5.2,18.4,18.6,18.2
Albania,AL,2025,"2,551,837",-1.06,93.1,1.09,79.2,12.7,0.93,49,24.1,24.9,37.9,39.5,36.1
Algeria,DZ,2025,"47,735,685",1.47,20,2.91,78.1,21.6,1.03,60.5,48.9,11.5,29.3,29.6,28.9
American Samoa,AS,2025,"43,268",-1.33,218.5,1.99,76.1,12,0.99,51.3,37.5,13.8,30.6,31.2,29.9
Andorra,AD,2025,"85,266",-0.13,182.2,1.47,84,3.9,1.04,49.1,17.4,31.7,49.4,49.4,49.3
Angola,AO,2025,"38,984,796",3.32,31.3,5.45,65.3,68.7,0.96,95.1,90,5.1,16.6,17.2,16.1
Anguilla,AI,2025,"19,753",1.71,217.1,1.72,82.8,4.2,0.88,49.1,30.9,18.3,37.5,39.3,35.1
Antigua and Barbuda,AG,2025,"103,769",1.09,234.2,1.93,78.5,16,0.89,48.6,32.3,16.3,34.1,36,32.1
Argentina,AR,2025,"45,418,098",0.26,16.6,1.43,78,9,0.99,49.9,30.3,19.6,34.6,35.8,33.5
Armenia,AM,2025,"2,963,837",-0.45,105.1,1.66,76.9,12.8,0.96,50.4,26.1,24.3,39.5,40.9,38.2
Aruba,AW,2025,"126,402",1.05,702.2,1.82,78.7,13,0.9,53.4,26.3,27.1,41.2,42.7,39.5
Australia,AU,2025,"27,062,848",1.06,3.5,1.73,83.7,3.5,0.99,54.9,28.1,26.7,38.2,39.4,37
Austria,AT,2025,"9,174,390",0.28,111.3,1.35,82.2,3.9,0.95,54.3,21.8,32.5,44.5,45.4,43.5
Azerbaijan,AZ,2025,"10,694,370",0.4,129.4,1.69,76.1,12,1,45.6,31.6,14,34.8,36.5,33.3
"Bahamas, The",BS,2025,"415,306",1.08,41.5,1.45,77.3,10.6,0.86,43.2,30.2,13,31.1,31.2,31
Bahrain,BH,2025,"1,579,544",0.79,"2,078.3",1.64,80.6,11.3,1.49,29.1,23.2,5.9,33.5,31.4,34.7
Bangladesh,BD,2025,"170,183,916",0.87,"1,307.4",2.06,75.5,34.6,0.96,48.9,37,11.9,30,30.9,29.1
Barbados,BB,2025,"304,794",0.21,708.8,1.7,79.3,11.3,0.93,50.4,24.8,25.6,41.8,42.8,40.7
Belarus,BY,2025,"9,460,972",-0.44,46.6,1.45,75,3.2,0.88,52,24.1,27.9,42.5,45.3,39.9
Belgium,BE,2025,"11,960,170",0.45,395,1.46,82.5,3.7,0.98,57.6,24.9,32.6,42.4,43.5,41.4
Belize,BZ,2025,"421,960",1.47,18.5,2.02,74.9,13,0.98,49.4,40.8,8.6,27.2,27.6,26.8
Benin,BJ,2025,"15,186,090",3.26,137.3,5.3,63.4,77.1,0.98,91.1,86.3,4.8,17.2,17.7,16.7
Bermuda,BM,2025,"73,007",0.27,"1,352.0",1.88,82.7,2.8,0.95,66.1,27.2,38.9,43.9,46.4,41.6
Bhutan,BT,2025,"892,877",0.93,23.3,1.75,74.4,29.3,1.07,42.1,32.4,9.7,31.2,30.8,31.5
Bolivia,BO,2025,"12,436,103",1.01,11.5,2.13,73.6,27.6,1.01,54,42.9,11,27,27.4,26.6
Bosnia and Herzegovina,BA,2025,"3,653,499",-0.67,71.4,1.15,77.4,4.4,0.95,44.5,16.7,27.8,45.7,47.4,44
Botswana,BW,2025,"2,483,419",1.31,4.4,2.31,66.8,29.2,0.92,52.9,43.3,9.5,27.5,28.6,26.3
Brazil,BR,2025,"221,359,387",0.58,26.5,1.73,76.5,16,0.97,44.3,28.1,16.2,35.4,36.5,34.3
Brunei,BN,2025,"498,766",1.37,94.7,1.73,79.1,11.2,0.94,41.7,30.5,11.2,32.6,33.4,31.6
Bulgaria,BG,2025,"6,737,997",-0.66,62.1,1.52,76.3,8.8,0.95,53.3,20.7,32.7,45.5,47.3,43.6
Burkina Faso,BF,2025,"23,490,300",2.39,85.8,4.02,64.5,77.6,0.96,79,73.2,5.8,19,19.8,18.2
Burma,MM,2025,"57,931,718",0.69,88.6,1.95,70.8,38.4,0.97,45.7,35,10.7,31.1,32,30.3
Burundi,BI,2025,"13,976,678",2.8,544.3,4.83,68.5,48.7,0.99,82.8,76.5,6.3,18.5,18.8,18.2
Cabo Verde,CV,2025,"618,014",1.12,153.2,2.08,74.6,26.7,0.95,48.9,38.8,10.1,29.3,30.1,28.4
Cambodia,KH,2025,"17,230,333",0.95,97.6,2.14,71.8,36.1,0.94,51.2,42.9,8.4,28.3,29.2,27.2
Cameroon,CM,2025,"31,812,493",2.69,67.3,4.39,64.6,66.4,0.99,80.2,74.3,5.9,19,19.3,18.7
Canada,CA,2025,"39,187,155",0.73,4.3,1.43,84.8,4.4,0.99,57.7,23.8,33.9,42.8,44.1,41.4
Cayman Islands,KY,2025,"67,816",1.71,256.9,1.81,82.7,8.3,0.94,53,26.6,26.4,41.3,42.2,40.4
Central African Republic,CF,2025,"5,750,570",1.74,9.2,3.89,56.8,118.6,0.99,71.7,65.7,6,20.6,21.4,19.9
Chad,TD,2025,"19,674,004",2.98,15.6,5.13,60.4,99.6,0.98,92.1,87.2,4.9,16.9,17.3,16.5
Chile,CL,2025,"19,091,343",0.46,25.7,1.25,80.5,5.3,0.97,45,24.1,20.9,38.9,39.9,37.8
China,CN,2025,"1,407,181,209",-0.08,150.9,1.2,78.8,7.1,1.04,43.4,22.4,21,40.8,42.2,39.6
Colombia,CO,2025,"49,842,298",0.54,48,1.94,76.8,13.7,0.95,50.7,33.2,17.5,33.1,34.4,31.8
Comoros,KM,2025,"911,707",1.26,407.9,2.52,68.1,73.9,0.94,57.3,49.9,7.4,23.1,23.7,22.5
Congo (Brazzaville),CG,2025,"6,244,005",2.36,18.3,3.72,73.6,42,1,71.6,64,7.6,20.9,21.1,20.7
Congo (Kinshasa),CD,2025,"119,038,825",3.09,52.5,5.42,63,73.9,1,92.1,87.3,4.8,16.9,17.1,16.8
Cook Islands,CK,2025,"7,592",-2.15,32.2,1.99,77.9,17.7,1.05,53,27.4,25.5,41.5,41.9,41.1
Costa Rica,CR,2025,"5,304,932",0.75,103.9,1.45,80.9,7.2,1,42.7,26.2,16.5,36,36.7,35.4
C“te d'Ivoire,CI,2025,"31,855,971",2.33,100.2,3.85,63.9,70.3,1.01,72.2,67.5,4.7,20,20,19.9
Croatia,HR,2025,"4,071,208",-0.53,72.7,1.43,78.4,4.1,0.94,55.9,21.5,34.4,44.9,46.8,43
Cuba,CU,2025,"10,059,519",-0.6,91.6,1.49,78.5,6.1,0.97,50.2,22.6,27.6,46.2,48,44.3
Cura‡ao,CW,2025,"153,693",0.25,346.2,1.95,80.1,8.3,0.93,61.8,30.9,30.9,38.1,40.4,35.8
Cyprus,CY,2025,"1,332,293",0.89,144.2,1.49,80.4,9,1.05,43.6,22.3,21.4,39.9,41.4,38.6
Czechia,CZ,2025,"10,838,703",-0.02,140.3,1.73,79,3.1,0.97,56.5,24.3,32.2,44.4,46,42.9
Denmark,DK,2025,"6,051,491",0.64,142.6,1.5,81.2,3.6,0.98,57.2,24.5,32.7,42.2,43.3,41
Djibouti,DJ,2025,"1,013,703",1.84,43.7,2.09,66.2,59.5,0.83,48.1,41.7,6.4,26.7,28.3,24.7
Dominica,DM,2025,"74,642",-0.04,99.4,2.01,78.9,12.1,1.02,52.7,31.2,21.5,37.5,38.1,37
Dominican Republic,DO,2025,"10,899,292",0.78,225.6,2.17,73.4,24.8,1.02,49.6,37.8,11.8,29.6,29.7,29.4
Ecuador,EC,2025,"18,479,841",0.91,74.4,2.17,75.3,13.9,0.97,55.3,41,14.3,28.2,29.2,27.3
Egypt,EG,2025,"112,870,457",1.4,113.4,2.53,75.2,19.3,1.06,63.7,54.2,9.5,24.6,24.7,24.6
El Salvador,SV,2025,"6,839,027",0.73,330.1,1.74,76.5,11.7,0.92,47,34.2,12.8,30.1,31.7,28.5
Equatorial Guinea,GQ,2025,"1,853,559",3.1,66.1,4.05,64,104.4,1.16,67.4,59,8.4,22.3,21.6,22.9
Eritrea,ER,2025,"6,416,435",1.16,63.5,3.35,67.8,55.8,0.97,64.2,57.6,6.6,21.7,22.1,21.2
Estonia,EE,2025,"1,340,478",-0.47,31.6,1.36,78.1,2.4,0.9,57.5,24.8,32.7,42.9,45.8,40.4
Eswatini,SZ,2025,"1,145,871",0.67,66.6,2.33,61.2,45,0.9,54.3,48,6.3,24.9,26,23.6
Ethiopia,ET,2025,"121,372,632",2.34,110.7,3.77,68.2,43.4,0.99,71.7,65.8,5.9,20.6,20.9,20.4
Faroe Islands,FO,2025,"53,264",0.62,38.2,2.26,81.9,7,1.07,63.8,33.1,30.7,37,37,37
Fiji,FJ,2025,"955,284",0.38,52.3,2.18,75.1,15.6,1.03,50.3,36.4,13.9,32,32.2,31.8
Finland,FI,2025,"5,550,449",0.02,18.3,1.28,82,2.5,0.98,62.3,23.3,39,44,45.7,42.6
France,FR,2025,"68,512,806",0.2,107,1.9,82.8,4.1,0.96,65.2,28.4,36.8,42.7,44.3,41.1
French Polynesia,PF,2025,"305,507",0.63,79.8,1.78,79.1,11.5,1.05,46,29.3,16.8,35.8,36.1,35.5
Gabon,GA,2025,"2,513,738",2.35,9.8,3.16,70.7,37.5,1.07,63,55.8,7.2,22.3,21.7,22.7
"Gambia, The",GM,2025,"2,577,553",2.09,254.7,3.39,68.7,55.1,0.98,70.4,63.9,6.5,20.5,21,20.1
Georgia,GE,2025,"4,877,662",-0.45,70,1.94,73.3,22.9,0.91,59.9,32.6,27.3,38.6,40.9,36.2
Germany,DE,2025,"84,012,284",-0.13,240.9,1.59,82.1,3.7,0.98,61.3,22.4,38.9,46.9,48.3,45.6
Ghana,GH,2025,"35,336,133",2.12,155.3,3.51,70.4,42,0.96,70.8,63.2,7.6,21.6,22.5,20.7
Gibraltar,GI,2025,"29,733",0.16,"4,247.6",1.88,81.1,6.9,1.01,60,32.1,28,37.1,37.8,36.4
Greece,GR,2025,"10,424,536",-0.35,79.8,1.42,82.1,3.9,0.96,60.1,21.7,38.4,46.8,48.7,44.8
Greenland,GL,2025,"57,713",-0.08,0,1.87,74.8,10.4,1.07,50.4,30.5,19.9,35.6,35.1,36.1
Grenada,GD,2025,"114,915",0.24,334.1,1.89,76.5,12.1,1.03,53.6,33.1,20.5,35.9,36.2,35.6
Guam,GU,2025,"169,691",0.08,311.9,2.7,78.2,11.9,1.06,59.9,41.9,18.1,30.5,31.3,29.8
Guatemala,GT,2025,"18,525,963",1.45,172.9,2.47,73.7,31.5,0.98,57.4,48.7,8.7,25.1,25.8,24.5
Guernsey,GG,2025,"67,923",0.19,870.8,1.59,83.8,3.7,0.99,56.8,22.4,34.4,45.1,46.3,44
Guinea,GN,2025,"14,374,590",2.74,58.5,4.75,65,67.3,1,81.5,74.1,7.4,19.5,19.7,19.2
Guinea-Bissau,GW,2025,"2,187,293",2.55,77.8,4.59,64.9,66,0.96,82.5,76.9,5.6,18.5,19,17.9
Guyana,GY,2025,"796,742",0.35,4,2.04,72.7,24.5,1.04,46.7,34.3,12.4,28.7,28.8,28.6
Haiti,HT,2025,"11,898,812",1.22,431.7,2.39,66.4,46.3,0.97,52.3,45.8,6.5,25.3,25.6,25
Honduras,HN,2025,"9,652,170",1.28,86.3,2.29,74.4,17.3,0.93,51.5,42.8,8.8,26.1,27,25.1
Hong Kong,HK,2025,"7,305,556",0.09,"6,808.5",1.24,84.2,3.3,0.86,56.7,20.8,35.8,47.6,49.1,45.6
Hungary,HU,2025,"9,827,455",-0.29,109.7,1.6,76.3,5.5,0.95,56.7,22.8,33.9,45.1,47,43
Iceland,IS,2025,"367,086",0.82,3.7,1.93,84.2,2.5,1,58.7,31,27.8,38.2,38.8,37.6
India,IN,2025,"1,419,316,933",0.72,477.4,2,68.7,34.3,1.06,45,35,10,30.1,30.8,29.5
Indonesia,ID,2025,"283,587,097",0.7,156.5,1.93,73.8,22.1,1,46.1,34.1,12,31.8,32.6,31.1
Iran,IR,2025,"89,145,704",0.83,58.2,1.9,75.8,16.3,1.03,43.3,32.9,10.4,34.4,34.6,34.1
Iraq,IQ,2025,"42,917,742",1.94,98.1,3.03,74,21.9,1.02,60.5,54.6,5.9,22.7,23.1,22.4
Ireland,IE,2025,"5,279,007",0.8,76.6,1.72,82.2,3.4,0.98,52.5,27.9,24.6,40.5,41,40
Isle of Man,IM,2025,"92,666",0.41,162,1.87,82.7,4.7,1.01,62.4,25.9,36.5,45.1,46.3,43.8
Israel,IL,2025,"9,552,637",1.59,444.4,2.89,83.9,3.4,1.01,65.7,45.2,20.6,30.2,30.8,29.7
Italy,IT,2025,"60,924,851",-0.05,207.1,1.27,83.2,3.6,0.93,55.3,18.1,37.2,48.8,49.8,47.7
Jamaica,JM,2025,"2,826,742",0.11,261,2.04,76.5,12.1,0.98,52.4,35.9,16.5,31.3,32.1,30.5
Japan,JP,2025,"122,664,433",-0.45,336.5,1.41,85.4,2.4,0.95,71.3,20.5,50.8,50.2,51.7,48.6
Jersey,JE,2025,"103,944",0.51,896.1,1.66,83.2,4.3,0.98,56,26.8,29.2,38.5,39.9,37.3
Jordan,JO,2025,"11,312,507",1.68,127.4,2.83,76.8,14.9,1.09,53.3,46.6,6.7,25.4,24.8,25.9
Kazakhstan,KZ,2025,"20,432,662",0.83,7.6,2.57,73.5,9.5,0.94,59.4,43.6,15.8,32.1,34,30.1
Kenya,KE,2025,"55,751,717",2.15,98,3.09,71.6,34.6,1,64,58.5,5.5,21.5,21.7,21.2
Kiribati,KI,2025,"117,702",0.98,145.1,2.13,68.8,39.7,0.94,47.2,39.1,8.2,27.7,28.6,26.8
"Korea, North",KP,2025,"26,402,841",0.4,219.3,1.8,74.1,18.9,0.95,45.6,28.8,16.8,36.2,37.6,34.9
"Korea, South",KR,2025,"51,486,343",-0.09,531.2,0.68,85.1,2.6,0.99,44.9,14.7,30.2,47,48.7,45.5
Kuwait,KW,2025,"3,172,511",1.07,178.1,2.19,79.8,8.5,1.36,36,30.9,5.1,30.4,29.1,31.2
Kyrgyzstan,KG,2025,"6,219,751",0.75,32.4,2.43,73.2,27,0.96,56,44.6,11.4,28.6,30.1,27
Laos,LA,2025,"8,052,913",1.22,34.9,2.19,69.5,42.8,1,52.9,45.3,7.6,25.8,26.1,25.4
Latvia,LV,2025,"1,888,439",-1.27,30.3,1.25,75.7,2.9,0.87,56.2,23.3,33,43.8,47.5,40.5
Lebanon,LB,2025,"5,707,137",-0.77,557.9,2.2,76.2,8,0.98,50,38.5,11.5,29.4,30.1,28.7
Lesotho,LS,2025,"2,244,643",0.77,73.9,2.82,60.5,57.7,0.98,58.5,50,8.5,24.1,24.5,23.7
Liberia,LR,2025,"5,563,541",2.27,57.8,3.84,61.9,74.1,0.99,72,66.4,5.6,20.1,20.3,20
Libya,LY,2025,"7,464,417",1.35,4.2,2.96,77.9,12.1,1.03,57.3,49.8,7.5,26.4,26.4,26.4
Liechtenstein,LI,2025,"40,547",0.68,253.4,1.69,83.2,4.6,0.99,57.6,23.9,33.6,44.4,46.3,42.5
Lithuania,LT,2025,"2,815,687",-0.71,44.9,1.22,77.3,3,0.9,56.5,23.3,33.3,44,47.9,40.8
Luxembourg,LU,2025,"692,454",1.26,267.8,1.25,84.5,3.5,1.01,46.8,22.9,23.9,40.1,40.7,39.6
Macau,MO,2025,"648,666",0.64,"23,166.6",1.25,85.5,5,0.9,44.6,20.7,24,43,43.7,41.9
Madagascar,MG,2025,"30,093,073",2.13,51.7,3.39,69.1,52.4,1.01,68.3,61.6,6.7,21.5,21.7,21.3
Malawi,MW,2025,"22,244,356",2.16,236.4,3.08,73.2,51.4,0.96,69.2,62.5,6.7,20.7,20.9,20.4
Malaysia,MY,2025,"34,905,275",0.97,106.2,1.73,76.9,7.7,1.05,44.3,31.7,12.6,32.2,32.3,32.1
Maldives,MV,2025,"388,010",-0.24,"1,302.0",1.7,77.7,30.5,1.01,40.8,31.6,9.2,32.4,33,31.9
Mali,ML,2025,"22,634,423",2.88,18.5,5.26,63.6,86.1,0.95,98.5,92.3,6.2,16.5,17.2,15.8
Malta,MT,2025,"521,828",0.65,"1,651.4",1.18,83,5.8,1.08,54.1,21.2,32.9,42.1,43.5,40.9
Marshall Islands,MH,2025,"83,037",1.22,458.8,2.62,75.4,24.5,1.03,54.7,45.5,9.2,25.9,26,25.8
Mauritania,MR,2025,"5,202,109",2.88,5,4.76,70.9,40.9,0.98,84.7,77.8,7,18.6,19.2,18.1
Mauritius,MU,2025,"1,311,375",0.06,646,1.36,75.7,13.5,0.95,41.7,21.1,20.5,40,41.4,38.5
Mexico,MX,2025,"131,741,347",0.81,67.8,1.85,75.6,14.3,0.96,45.2,33.1,12.2,31,33.1,28.9
"Micronesia, Federated States of",FM,2025,"98,860",-0.77,140.8,2.17,75.2,24.8,0.96,48.3,39.5,8.8,28.7,29.5,27.7
Moldova,MD,2025,"3,578,930",-0.57,108.8,1.27,70.4,15.5,0.89,43,20.8,22.2,40.4,41.7,39
Monaco,MC,2025,"32,047",0.76,"16,023.5",1.55,89.9,1.9,0.93,88.7,16.6,72.1,57.5,59.2,55.5
Mongolia,MN,2025,"3,543,677",1.08,2.3,2.6,74.2,10.2,0.96,59.3,49.9,9.5,28.8,30.3,27.2
Montenegro,ME,2025,"597,174",-0.46,44.4,1.8,78.5,3.5,0.96,56.1,27.4,28.7,41.5,42.9,39.9
Montserrat,MS,2025,"5,499",0.55,53.9,1.34,76.3,10.7,1,31.7,20.9,10.8,37.1,38.3,35.7
Morocco,MA,2025,"37,698,780",0.81,52.6,2.24,74.5,21.2,1,51.7,38.4,13.3,30.9,31.4,30.5
Mozambique,MZ,2025,"34,206,144",2.53,43.5,4.58,58.9,86.2,0.97,89.2,83.7,5.5,17.4,18,16.9
Namibia,NA,2025,"2,852,777",1.76,3.5,2.85,67.8,36.5,0.97,60.5,54,6.5,23.1,23.7,22.4
Nauru,NR,2025,"9,930",0.37,472.9,2.52,68.9,9.9,0.96,50.7,43.7,7,28.2,28.8,27.6
Nepal,NP,2025,"31,334,402",0.66,218.6,1.82,73.2,28.9,0.96,46.8,37.2,9.6,28.1,29.1,27
Netherlands,NL,2025,"17,833,885",0.3,526.2,1.62,82.1,4.1,0.99,56.8,23.7,33,42.2,43.5,40.9
New Caledonia,NC,2025,"307,612",1.11,16.8,1.82,79.5,8.3,0.99,46.2,30,16.2,34.6,35.4,33.8
New Zealand,NZ,2025,"5,207,259",0.83,19.7,1.84,83.1,3.9,1,56.3,29.3,26.9,38.1,38.9,37.4
Nicaragua,NI,2025,"6,739,380",0.92,56.2,1.82,74.9,16.4,0.96,44.6,35.6,9,29.5,30.4,28.5
Niger,NE,2025,"27,322,555",3.65,21.6,6.55,61.3,98.3,0.98,108.2,102.6,5.7,15.3,15.6,15
Nigeria,NG,2025,"242,794,751",2.52,266.6,4.46,62.7,78.4,1.02,77.1,71.1,6.1,19.5,19.8,19.2
North Macedonia,MK,2025,"2,137,556",0.08,84,1.53,77.6,7.8,0.99,46.9,23.3,23.6,40.9,42,39.8
Northern Mariana Islands,MP,2025,"50,946",-0.33,107.9,2.53,77.3,13.2,1.12,48.9,32.4,16.5,32.6,33.3,31.9
Norway,NO,2025,"5,541,823",0.57,18.2,1.58,82.8,2.2,1.02,55.1,25,30.1,41,41.7,40.3
Oman,OM,2025,"3,969,824",1.7,12.8,2.61,77.7,17.9,1.16,50.8,44.6,6.2,27.5,26.5,28.3
Pakistan,PK,2025,"257,047,044",1.82,333.4,3.25,70.5,64.1,1.04,64,55.8,8.2,23.2,23.3,23.1
Palau,PW,2025,"21,947",0.38,47.8,1.7,75.4,12.8,1.05,41.6,24.9,16.7,35.5,37.8,34.3
Panama,PA,2025,"4,536,008",1.45,61,2.33,80,16.9,1.01,54.4,38.4,16,31.7,32.2,31.3
Papua New Guinea,PG,2025,"10,273,996",2.22,22.7,3.72,70.4,38.7,1.03,69.4,62.4,7,21.9,22.1,21.7
Paraguay,PY,2025,"7,604,044",1.06,19.1,1.88,79.1,27.2,1,46.7,32.4,14.3,32.3,32.5,32.1
Peru,PE,2025,"32,768,614",0.55,25.6,2.12,69.8,13.7,0.96,50.4,38.4,12,30.4,31.6,29.3
Philippines,PH,2025,"120,117,029",1.53,402.8,2.74,70.9,28.3,1,55.3,46.4,8.8,25.9,26.5,25.3
Poland,PL,2025,"38,364,679",-0.98,126.1,1.33,77.7,5.4,0.91,52.5,21.4,31.1,43.4,44.9,42
Portugal,PT,2025,"10,194,277",-0.11,111.4,1.46,82.1,3,0.9,54.3,19.3,35,46.8,48.8,44.7
Puerto Rico,PR,2025,"2,984,841",-1.11,336.5,1.27,82.3,6.2,0.88,60.7,19.4,41.2,46.7,48.4,44.7
Qatar,QA,2025,"2,568,426",0.57,221.7,1.9,80.5,8.6,3.3,17.3,15.4,1.8,34.4,28.1,35.8
Romania,RO,2025,"17,985,252",-0.86,78.2,1.63,77.4,6.2,0.93,61.5,24.7,36.8,45.8,47.3,44.3
Russia,RU,2025,"140,134,279",-0.49,8.6,1.52,72.5,8.1,0.87,52.6,24.7,27.9,42.3,44.8,39.8
Rwanda,RW,2025,"13,848,766",1.66,561.4,3.04,66.9,31.6,0.96,65.6,60.4,5.2,21.1,21.8,20.4
Saint Barthelemy,BL,2025,"7,079",-0.09,283.2,1.64,81.2,7.8,1.11,60.1,22,38,47.7,48.2,47.3
"Saint Helena, Ascension, and Tristan da Cunha",SH,2025,"7,950",0.08,20.2,1.61,81.1,20.2,1,51.3,21.4,29.9,45.5,45.8,45
Saint Kitts and Nevis,KN,2025,"55,434",0.53,212.4,1.76,77.8,14,1,48.1,28.1,20,39.1,38.8,39.3
Saint Lucia,LC,2025,"168,462",0.25,278,1.71,79.6,12.5,0.94,50.9,26.6,24.3,40.4,41.6,39.1
Saint Martin,MF,2025,"33,093",0.29,612.8,1.8,81.2,7.8,0.92,55.4,38,17.4,34.3,35.1,33.6
Saint Pierre and Miquelon,PM,2025,"5,070",-1.24,21,1.6,82,8.8,0.93,63.3,21,42.3,51.8,52.5,51
Saint Vincent and the Grenadines,VC,2025,"100,498",-0.15,258.3,1.73,77.4,17,1.04,47.3,27.2,20.1,38.1,37.9,38.3
Samoa,WS,2025,"210,223",0.66,74.5,2.29,76,21.1,1.03,51.6,40.2,11.4,27.8,28.2,27.4
San Marino,SM,2025,"35,291",0.55,578.5,1.54,84.4,6.6,0.93,56.5,22.2,34.3,46.3,47.7,44.6
Sao Tome and Principe,ST,2025,"226,722",1.39,235.2,3.18,68,62.3,1,63.9,58.4,5.5,21.2,21.6,20.8
Saudi Arabia,SA,2025,"37,172,774",1.73,17.3,1.84,77.4,13,1.31,36.9,30.5,6.3,32.8,29.7,35
Senegal,SN,2025,"19,311,233",2.4,100.3,3.96,70.8,42,0.97,77.4,71.2,6.2,19.4,20.3,18.7
Serbia,RS,2025,"6,612,318",-0.6,85.3,1.47,75.6,5.1,0.95,52.7,21.9,30.9,44.1,45.6,42.6
Seychelles,SC,2025,"98,724",0.53,217,1.8,76.9,14.2,1.08,38.7,24.1,14.6,39.2,39.9,38.7
Sierra Leone,SL,2025,"9,331,203",2.24,130.3,3.52,59.7,94,0.98,72.7,68.4,4.4,19.7,20.1,19.3
Singapore,SG,2025,"6,080,545",0.85,"8,576.2",1.18,86.8,1.9,1,41.6,20.5,21.2,39.8,41.1,38.4
Sint Maarten,SX,2025,"46,738",1.1,"1,374.6",1.96,80,8.4,0.98,52.8,28.1,24.7,40.8,42.7,39
Slovakia,SK,2025,"5,559,451",-0.07,115.6,1.6,77.5,6.1,0.93,50.9,23,27.9,43.1,44.8,41.7
Slovenia,SI,2025,"2,157,163",-0.16,107,1.49,81.5,2.2,1.02,58.8,22.5,36.3,46,47.6,44.6
Solomon Islands,SB,2025,"738,774",1.62,26.4,2.72,77.5,23.6,1.04,55.1,46.7,8.4,25.5,25.7,25.3
Somalia,SO,2025,"20,324,160",3.32,32.4,6.38,56.1,129.1,1,100.5,97.1,3.3,15.7,16,15.4
South Africa,ZA,2025,"61,089,926",1.06,50.3,2.23,72.7,25.5,0.96,53,41.1,11.8,30.7,30.9,30.3
South Sudan,SS,2025,"13,300,066",4.52,20.6,4.98,60.8,90,1.04,81.1,76.3,4.8,18.7,18.7,18.6
Spain,ES,2025,"47,336,448",0.12,94.9,1.32,83.2,2.8,0.95,51.5,19.3,32.3,47.2,48.3,46.1
Sri Lanka,LK,2025,"22,050,561",0.22,341.2,2.12,76.9,8,0.94,53.9,34.2,19.7,34.2,36,32.4
Sudan,SD,2025,"51,767,437",2.54,27.8,4.41,68.1,58.1,1.01,75.6,69.8,5.8,19.5,19.8,19.3
Suriname,SR,2025,"653,605",1.04,4.2,1.87,72.9,37.8,0.98,43,31.8,11.2,32.3,33.3,31.3
Sweden,SE,2025,"10,643,745",0.51,25.9,1.66,83,2.7,1.02,60.9,27.3,33.6,41.2,42.2,40.2
Switzerland,CH,2025,"8,925,741",0.72,223.2,1.59,83.9,3.5,0.99,55.8,23.5,32.3,44.4,45.1,43.7
Syria,SY,2025,"24,261,882",1.63,130.5,2.64,75.1,16.9,1.01,58.1,51.2,6.9,24.5,25.1,23.9
Tajikistan,TJ,2025,"10,593,876",1.89,74.9,3.52,72.7,24.5,1.01,68.5,61.5,6.9,22.8,23.3,22.3
Tanzania,TZ,2025,"69,145,464",2.85,78.1,4.45,70.2,38.6,1,81.8,76,5.8,18.8,19,18.6
Thailand,TH,2025,"70,025,248",0.13,137.1,1.55,78.4,8.2,0.95,45.9,22.9,23.1,41.9,43.2,40.6
Timor-Leste,TL,2025,"1,404,785",1.28,94.4,2.79,67.3,54.7,0.98,62,54.3,7.7,23,24,22.1
Togo,TG,2025,"9,134,446",2.38,168,4.08,72.4,53,0.97,74.6,66.9,7.7,20.8,21.6,20.1
Tonga,TO,2025,"104,519",-0.37,145.8,2.59,78.3,13.4,1.01,57.2,45.2,11.9,26.4,26.8,25.9
Trinidad and Tobago,TT,2025,"1,410,170",0.08,275,1.63,76.7,17.3,1.01,49.3,27.5,21.9,39.1,39.6,38.5
Tunisia,TN,2025,"12,115,018",0.52,78,1.9,77.6,12.6,0.98,53.3,36.7,16.6,34.8,35.6,34.1
Turkey,TR,2025,"84,625,585",0.59,110,1.88,77,20.5,1.01,45.7,31.2,14.6,34.4,35,33.8
Turkmenistan,TM,2025,"5,795,896",0.88,12.3,2.02,72.7,42.5,0.98,46.2,35.5,10.8,31.6,32.2,31.1
Turks and Caicos Islands,TC,2025,"61,504",1.73,64.9,1.7,81.5,13,1.01,36.7,27.5,9.2,36.6,36.5,36.8
Tuvalu,TV,2025,"11,824",0.75,454.8,2.76,69.3,44,0.98,59,46.4,12.6,28.1,29.1,27.1
Uganda,UG,2025,"50,863,850",3.13,258.1,5.08,70,37.7,0.95,96.9,92.1,4.8,16.4,17.2,15.6
Ukraine,UA,2025,"36,529,111",2.42,63.1,1.22,71.2,10.1,0.94,48.5,18.9,29.6,44.6,48.5,41.5
United Arab Emirates,AE,2025,"10,093,593",0.63,120.7,1.6,80.1,5.3,2.09,23.4,20.4,3,35.8,29.7,38.2
United Kingdom,GB,2025,"68,751,311",0.4,284.2,1.64,82.3,4.3,0.99,56.7,26,30.7,40.9,41.7,40.3
United States,US,2025,"338,016,259",0.45,36.9,1.63,80.1,6.1,0.98,56,26.8,29.2,39.5,40.7,38.4
Uruguay,UY,2025,"3,449,444",-0.06,19.7,1.27,77.2,9.5,0.95,48.7,26.2,22.5,37.4,39.1,35.7
Uzbekistan,UZ,2025,"37,015,151",1.26,87,2.6,76.6,21.7,1.01,57.3,46.3,11.1,29.2,30.1,28.3
Vanuatu,VU,2025,"322,915",1.51,26.5,2.46,75.9,15.6,0.99,55.8,47.7,8.2,24.9,25.4,24.5
Venezuela,VE,2025,"31,755,435",0.88,36,2.16,74.8,16,0.99,51.8,37.5,14.3,31.3,32,30.6
Vietnam,VN,2025,"106,688,169",0.86,344.1,2.01,76.3,17.7,1.01,46.4,33.6,12.8,33.5,34.7,32.4
"Virgin Islands, British",VG,2025,"40,830",1.78,270.4,1.39,80.4,14.1,0.9,41.3,23.4,17.8,38.8,39.2,38.4
"Virgin Islands, U.S.",VI,2025,"103,792",-0.58,298.3,1.95,80.9,8,0.9,68,30.9,37.1,43.4,44.2,42.6
Wallis and Futuna,WF,2025,"15,998",0.19,112.7,1.71,81.3,4.3,1.06,48.7,29,19.7,36.9,37.9,36
Yemen,YE,2025,"34,505,496",2.22,65.4,3.65,66.2,54.5,1,70.2,64.8,5.4,20.5,21,20.1
Zambia,ZM,2025,"21,390,969",2.79,28.8,4.35,67.3,50.3,1,80.4,75.3,5.1,18.6,18.8,18.4
Zimbabwe,ZW,2025,"17,472,752",1.82,45.2,3.42,67.6,47,0.95,72.3,65.5,6.8,21.3,22.2,20.4
Gaza Strip,XG,2025,"2,184,652",1.96,"6,068.5",3.14,76.2,16.7,1.03,69.6,64.5,5.1,19.9,20.2,19.7
Kosovo,XK,2025,"1,991,020",0.73,182.9,1.85,74.1,26.3,1.06,44.9,32.4,12.5,32.3,32.7,32
Taiwan,TW,2025,"23,600,776",0.02,731.6,1.12,81.8,4.5,0.97,46.5,17.7,28.7,45.1,46.1,44.1
West Bank,XW,2025,"3,310,554",2.03,587,3.44,77.1,16.8,1.03,68.2,61.4,6.8,22,22.2,21.8
