Food class level 1,Food (FoodEx2 description),Finland,France,Germany,Italy,Netherlands,Sweden,United Kingdom
"Additives,flavours, baking and processing aids","Artificial sweeteners (e.g., aspartam, saccharine)",,,0,,,0,0
"Additives,flavours, baking and processing aids",Aspartame,0,0,0,,0,0,0
"Additives,flavours, baking and processing aids",Baking yeast,340,1500,473,394,390,395,1290
"Additives,flavours, baking and processing aids",Cyclamate,0,0,0,0,0,0,0
"Additives,flavours, baking and processing aids",Flavour enhancer,0,0,0,0,0,0,0
"Additives,flavours, baking and processing aids",Modified starch,5,5,5,5,5,5,5
"Additives,flavours, baking and processing aids",Preparations for gelling home-made food,30,30,30,30,30,30,30
"Additives,flavours, baking and processing aids",Preparations for pickling vegetables,0,0,0,0,0,0,0
"Additives,flavours, baking and processing aids",Preparations for raising and flavouring home-made bakery,8400,8430,8430,8430,8430,8400,8430
"Additives,flavours, baking and processing aids",Saccharine,0,0,0,,0,0,0
"Additives,flavours, baking and processing aids",Vanilla essence,,,,6,,,
"Additives,flavours, baking and processing aids",Vanilla pods extract,61,61,61,61,61,61,61
Alcoholic beverages,Alcopop and flavoured wine,,6,6,6,,,
Alcoholic beverages,Ale beer,29,29,29,19,11,29,11
Alcoholic beverages,"Beer, alcohol-free",15,9.9,20,10,12,,19
Alcoholic beverages,"Beer, light",15,10.5,26,12,12,15,12
Alcoholic beverages,"Beer, regular",22,19.8,32,28,28,22,19
Alcoholic beverages,"Beer, strong",25,18,50,26,20,25,40
Alcoholic beverages,Brandy,,,3,1,,,
Alcoholic beverages,Champagne-like wine,,7,10,7,7,,7
Alcoholic beverages,Chocolate liqueur,6,6,6,6,,6,
Alcoholic beverages,Cider,23,4.8,9,3,8,5,3
Alcoholic beverages,Cocktail drink,13.6,18.1,7,18.1,18.1,,7
Alcoholic beverages,Coffee liqueur,6,6,6,6,,6,
Alcoholic beverages,Cream liqueur,34.9,35,35,38,19,34.9,38
Alcoholic beverages,Egg liqueur,50,50,50,50,81,50,81
Alcoholic beverages,Fruit liqueur,,3,3,3,,,
Alcoholic beverages,Gin,,,,4,,,
Alcoholic beverages,Herb liqueur,,,3,,,,
Alcoholic beverages,Ice wine,13,13,13,13,13,13,13
Alcoholic beverages,Lager beer,9,19.8,32,19.8,9,9,19
Alcoholic beverages,Low-malt beers,25,25,25,25,25,25,25
Alcoholic beverages,Madeira,9.4,,,,,9.4,
Alcoholic beverages,Mixed beer drinks,15,15,15,15,15,15,15
Alcoholic beverages,Noble rot wine,13,13,13,13,13,13,13
Alcoholic beverages,Port,9.4,11.3,12,12,12,9.4,12
Alcoholic beverages,Raisin wine,9.4,9.4,9.4,9.4,9.4,9.4,9.4
Alcoholic beverages,Red or rosé sparkling wine,6,6,6,6,6,6,6
Alcoholic beverages,Rum,,5,5,5,,,27
Alcoholic beverages,Shandy,15,9.9,15,9.9,3,15,5
Alcoholic beverages,Sherry,9.4,11.3,11,24,7,37,24
Alcoholic beverages,Spirits made from stone fruits,3,3,3,7,3,3,3
Alcoholic beverages,Stout beer,17,17,17,26,26,17,26
Alcoholic beverages,Tequila and similar spirits,3,,3,,,3,3
Alcoholic beverages,Vermouth,9.4,6.5,7,6.5,7,9.4,6
Alcoholic beverages,Vodka and vodka-like spirits,,5,5,5,5,,27
Alcoholic beverages,Wheat beer,13,13,13,13,13,13,13
Alcoholic beverages,Whisky,,5,5,,,,
Alcoholic beverages,"Wine, red",10,13,10,13,12,15,13
Alcoholic beverages,"Wine, rosé",,10.5,6,6,6,,6
Alcoholic beverages,"Wine, white",6,18,15,74,8,20,8
Animal and vegetable fats and oils,Beef tallow (including processed suet),,7,7,7,,,
Animal and vegetable fats and oils,Blended fat and oils,34,39,39,39,24,34,24
Animal and vegetable fats and oils,"Blended fat and oils, QUAL Half fat or medium fat",20.8,96,96,96,96,20.8,96
Animal and vegetable fats and oils,"Blended fat and oils, QUAL Low fat (naturally or reduced)",87.8,160,160,160,160,87.8,160
Animal and vegetable fats and oils,"Blended fat and oils, QUAL Low sodium / reduced salt",39,39,39,39,39,39,39
Animal and vegetable fats and oils,Blended frying oil/fats,22,0.7,3,,3,22,3
Animal and vegetable fats and oils,Blended margarine,26,12,28,12,17.8,26,18
Animal and vegetable fats and oils,"Blended margarine, QUAL Half fat or medium fat",34,8,36,8,36,34,36
Animal and vegetable fats and oils,"Blended margarine, QUAL Low fat (naturally or reduced)",36,288,36,288,288,36,36
Animal and vegetable fats and oils,"Blended margarine, QUAL Low sodium / reduced salt",8,8,8,8,8,8,8
Animal and vegetable fats and oils,Butter,34,24,21,16,23,26,23
Animal and vegetable fats and oils,Butter and margarine/oil blends,,24,24,24,24,,24
Animal and vegetable fats and oils,"Butter and margarine/oil blends, QUAL Half fat or medium fat",40,40,40,40,40,40,40
Animal and vegetable fats and oils,"Butter and margarine/oil blends, QUAL Low fat (naturally or reduced)",40,40,40,40,40,40,40
Animal and vegetable fats and oils,Butter oil,29,1,1,1,29,29,29
Animal and vegetable fats and oils,"Butter, QUAL Half fat or medium fat",,,90,,40,,40
Animal and vegetable fats and oils,"Butter, QUAL Low fat (naturally or reduced)",75,75,90,75,40,90,40
Animal and vegetable fats and oils,Cocoa butter,0,0,0,0,0,0,0
Animal and vegetable fats and oils,Coconut oil/fat,,,1,,,,1
Animal and vegetable fats and oils,Cod liver oil,,,1,,,,1
Animal and vegetable fats and oils,"Cotton seed oil, edible",,1,1,1,,,1
Animal and vegetable fats and oils,Functional vegetable margarines/fats,,18,18,18,18,,18
Animal and vegetable fats and oils,"Functional vegetable margarines/fats, QUAL Half fat or medium fat",0.9,8,8,8,8,0.9,8
Animal and vegetable fats and oils,"Functional vegetable margarines/fats, QUAL Low fat (naturally or reduced)",8,8,8,8,8,8,8
Animal and vegetable fats and oils,Ghee,1,1,1,1,1,1,1
Animal and vegetable fats and oils,Grape seed oil,0,0,0,0,0,0,0
Animal and vegetable fats and oils,Herring oil,3,3,3,3,3,3,3
Animal and vegetable fats and oils,Linseed oil,,1,1,1,,,1
Animal and vegetable fats and oils,"Maize oil, edible",0,,0,0,0,0,
Animal and vegetable fats and oils,"Olive oil, refined",,2,2,,,,
Animal and vegetable fats and oils,"Olive oil, virgin or extra-virgin",2,1,2,,,2,
Animal and vegetable fats and oils,"Palm kernel oil, edible",0,0,0,0,0,0,0
Animal and vegetable fats and oils,Palm oil/fat,,1,1,,,,1
Animal and vegetable fats and oils,"Peanut oil, edible",,,1,,,,
Animal and vegetable fats and oils,Pork lard,3,3,,3,,3,3
Animal and vegetable fats and oils,"Poultry fats, processed",,,5,,,,5
Animal and vegetable fats and oils,Pumpkin seed oil,0,0,0,0,0,0,0
Animal and vegetable fats and oils,"Rape seed oil, edible",,,2,,,,2
Animal and vegetable fats and oils,"Safflower seed oil, edible",0,0,0,0,0,0,0
Animal and vegetable fats and oils,"Sesame seed oil, edible",0,0,0,0,0,0,0
Animal and vegetable fats and oils,Shortening and similar baking fats,,12,3,12,23,,12
Animal and vegetable fats and oils,"Shortening and similar baking fats, QUAL Half fat or medium fat",23,8,23,8,23,23,23
Animal and vegetable fats and oils,"Shortening and similar baking fats, QUAL Low fat (naturally or reduced)",280,280,280,280,280,280,280
Animal and vegetable fats and oils,"Shortening and similar baking fats, QUAL Low sodium / reduced salt",23,23,23,23,23,23,23
Animal and vegetable fats and oils,"Soya bean oil, refined",0,0,0,0,0,0,0
Animal and vegetable fats and oils,Spreadable vegetable fat-deprecated,,8,8,12,23,,18
Animal and vegetable fats and oils,"Spreadable vegetable fat-deprecated, QUAL Half fat or medium fat",15.5,8,16,8,46,15.5,46
Animal and vegetable fats and oils,"Spreadable vegetable fat-deprecated, QUAL Low fat (naturally or reduced)",13.2,16,16,16,46,13.2,46
Animal and vegetable fats and oils,"Spreadable vegetable fat-deprecated, QUAL Low sodium / reduced salt",8,8,8,8,23,8,23
Animal and vegetable fats and oils,"Sunflower seed oil, edible",,0.5,,,,0.2,
Animal and vegetable fats and oils,Tallow from other animals,10,10,10,10,10,10,10
Animal and vegetable fats and oils,Traditional margarine,,12,8,16,23,,12
Animal and vegetable fats and oils,"Traditional margarine, QUAL Half fat or medium fat",8,16,16,16,46,8,46
Animal and vegetable fats and oils,"Traditional margarine, QUAL Low fat (naturally or reduced)",8,288,16,288,46,8,46
Animal and vegetable fats and oils,"Traditional margarine, QUAL Low sodium / reduced salt",8,8,8,8,23,8,23
Animal and vegetable fats and oils,Walnut oil,0,,0,,0,0,0
Animal and vegetable fats and oils,Wheat germ oil,,1,1,,,,1
"Coffee, cocoa, tea and infusions",Camomile infusion,0,0,0,0,0,0,0
"Coffee, cocoa, tea and infusions",Chicory coffee infusion,3,88.4,3,88.4,4,3,4
"Coffee, cocoa, tea and infusions",Chicory coffee ingredient,50,300,50,300,90,50,90
"Coffee, cocoa, tea and infusions",Cocoa beans (fermented or dried),729,729,729,729,729,729,729
"Coffee, cocoa, tea and infusions",Cocoa beverages,95,90,98,90,94,95,103
"Coffee, cocoa, tea and infusions","Cocoa beverages, QUAL Low / Reduced sugar",62,62,62,62,97,62,97
"Coffee, cocoa, tea and infusions","Cocoa beverages, QUAL Sugar free",43,62,62,62,100,62,100
"Coffee, cocoa, tea and infusions",Cocoa mass,729,728,729,728,728,729,729
"Coffee, cocoa, tea and infusions",Cocoa powder,660,191,729,685,600,660,660
"Coffee, cocoa, tea and infusions","Cocoa powder, QUAL Low / Reduced sugar",729,729,729,729,729,729,729
"Coffee, cocoa, tea and infusions","Cocoa powder, QUAL Sugar free",729,729,729,729,729,729,729
"Coffee, cocoa, tea and infusions",Coffee (average strenght) beverage,,2,2,7,,,7
"Coffee, cocoa, tea and infusions",Coffee (weak strenght) beverage,19,19,19,3,,19,5
"Coffee, cocoa, tea and infusions","Coffee beans, roasted",160,160,160,160,160,160,160
"Coffee, cocoa, tea and infusions",Coffee beverage decaffeinated,3,8.3,2,7,3,3,2
"Coffee, cocoa, tea and infusions","Coffee drink, café macchiato",83,83,83,83,83,83,83
"Coffee, cocoa, tea and infusions","Coffee drink, cappuccino",47,47,47,47,40,47,40
"Coffee, cocoa, tea and infusions",Coffee espresso (beverage),7,12,7,7,,7,8
"Coffee, cocoa, tea and infusions","Coffee ground, roasted",160,160,160,160,160,160,160
"Coffee, cocoa, tea and infusions","Coffee ground, roasted and decaffeinated",160,160,160,160,160,160,160
"Coffee, cocoa, tea and infusions",Coffee with milk or cream,5,42.6,5,42.6,13,5,19
"Coffee, cocoa, tea and infusions",Fermented tea infusion,1,1,1,2,2,1,15
"Coffee, cocoa, tea and infusions",Flowers used for herbal infusions,30,30,30,30,30,30,30
"Coffee, cocoa, tea and infusions",Fruit infusion,1.4,,,,,1.4,
"Coffee, cocoa, tea and infusions",Herbal infusion materials from leaves and herbs,314,314,314,314,314,314,314
"Coffee, cocoa, tea and infusions",Hot chocolate,95.6,105,98,105,94,95.6,103
"Coffee, cocoa, tea and infusions",Hot chocolate with added ingredients,90,90,90,90,90,90,90
"Coffee, cocoa, tea and infusions","Hot chocolate with added ingredients, QUAL Sugar free",62,62,62,62,62,62,62
"Coffee, cocoa, tea and infusions","Hot chocolate, QUAL Low / Reduced sugar",98,98,98,98,97,98,97
"Coffee, cocoa, tea and infusions","Hot chocolate, QUAL Sugar free",62,62,62,62,100,62,100
"Coffee, cocoa, tea and infusions",Instant coffee (beverage),3,3,3,3,13,3,3
"Coffee, cocoa, tea and infusions",Instant coffee powder,,326,400,310,350,350,310
"Coffee, cocoa, tea and infusions","Instant coffee powder, decaffeinated",286,286,286,286,286,286,286
"Coffee, cocoa, tea and infusions","Instant coffee powder, decaffeinated, QUAL Low / Reduced sugar",286,286,286,286,286,286,286
"Coffee, cocoa, tea and infusions","Instant coffee powder, decaffeinated, QUAL Sugar free",286,286,286,286,286,286,286
"Coffee, cocoa, tea and infusions","Instant coffee powder, QUAL Low / Reduced sugar",,400,400,400,,,400
"Coffee, cocoa, tea and infusions","Instant coffee powder, QUAL Sugar free",,400,400,400,,,400
"Coffee, cocoa, tea and infusions",Jasmine infusion,0,0,0,0,0,0,0
"Coffee, cocoa, tea and infusions",Malt coffee infusion,10,10,10,10,10,10,10
"Coffee, cocoa, tea and infusions",Mixed coffee imitates,50,300,50,300,300,50,50
"Coffee, cocoa, tea and infusions",Non-fermented tea leaves (green or white tea),314,314,314,314,314,314,314
"Coffee, cocoa, tea and infusions","Non-fermented tea, infusion",1.4,1,1,1,1,,1
"Coffee, cocoa, tea and infusions",Rooibos infusion,0,0,0,0,0,0,0
"Coffee, cocoa, tea and infusions",Tea infusion with added flavouring ingredients,1.4,,,,1.4,,
"Coffee, cocoa, tea and infusions",Tea leaves and stalks decaffeinated,314,314,314,630,314,314,314
"Coffee, cocoa, tea and infusions",Tea leaves and stalks with fruit and flavours,30,30,30,30,30,30,30
"Coffee, cocoa, tea and infusions","Tea leaves and stalks, fermented",630,314,314,630,630,630,314
"Coffee, cocoa, tea and infusions",Tea powder ingredients and extracts,442,442,442,442,442,442,442
"Coffee, cocoa, tea and infusions","Tea, decaffeinated, infusion",1,1,1,2,1,1,1
Composite dishes,Beans and meat meal,81.2,111,83,111,91,81.2,91
Composite dishes,Beans and vegetables meal,,40,40,40,93,88.2,93
Composite dishes,Beef loaf,217.4,213,213,213,213,217.4,213
Composite dishes,Bouillabaisse,,125,125,125,125,,125
Composite dishes,Ceasar salad,82.1,82.1,82.1,82.1,82.1,82.1,82.1
Composite dishes,Cereal products and grains based soup,35.2,32,32,32,32,22.2,32
Composite dishes,Cheese omelette,290.7,367,244,367,288,290.7,288
Composite dishes,Cheese savoury pie,194.7,203,203,203,203,194.7,97
Composite dishes,Creamed vegetable mix,52,65.5,55,65.5,119,52,119
Composite dishes,Dairy/egg soup,84.6,85,85,85,85,,85
Composite dishes,Dolma,27.7,58,58,58,58,27.7,58
Composite dishes,"Dolma, PROCESS Baking",78.5,58,58,58,58,78.5,58
Composite dishes,"Dolma, PROCESS Cooking in water",95,58,58,58,53,95,53
Composite dishes,"Dolma, PROCESS Steaming",95,58,58,58,53,95,53
Composite dishes,Doner kebab,,,111,,130,109.6,130
Composite dishes,Finger food,179,179,179,179,179,179,179
Composite dishes,Fish and potatoes meal,122.8,95,95,95,108,122.8,108
Composite dishes,Fish and rice meal,229.9,59.6,80,59.6,192,167,192
Composite dishes,Fish and vegetables meal,138.9,118,118,118,150,,150
Composite dishes,Fish balls,206.5,169,169,169,169,,169
Composite dishes,"Fish balls, PROCESS Baking",180,180,180,180,180,180,180
Composite dishes,"Fish balls, PROCESS Cooking in water",261.1,180,180,180,100,261.1,100
Composite dishes,"Fish balls, PROCESS Frying",133,180,180,180,133,133,180
Composite dishes,"Fish balls, PROCESS Steaming",261.1,180,180,180,100,261.1,100
Composite dishes,"Fish fingers, breaded",,164,136,168,161,,220
Composite dishes,Fish gratin,176.6,208,208,208,208,,208
Composite dishes,Fish pâté,330,66,143,66,130,330,130
Composite dishes,Fish soup,101.2,93,108,93,93,101.2,108
Composite dishes,"Fish soup, INGRED Tap water",74,93,74,93,93,74,74
Composite dishes,Fishcakes,,116,185,116,134,,134
Composite dishes,Fried eggs,216.4,191,211,191,200,216.4,230
Composite dishes,Fruit soup,6.5,14,14,14,14,6.5,14
Composite dishes,Goulash,120,120,120,120,117,120,70
Composite dishes,Greek salad,58.1,67,67,67,62,58.1,62
Composite dishes,Hamburger with bread,149.5,108,153,108,170,130.08,170
Composite dishes,Hot dog with bread,,99,110,99,99,,110
Composite dishes,Hummus,,143,160,143,160,,160
Composite dishes,Lasagna,102.4,83,109,83,120,102.4,120
Composite dishes,Legume (beans) soup,63.8,74,71,74,120,102,40
Composite dishes,Legumes based dishes,118.8,145,39,145,180,118.8,180
Composite dishes,Meat and vegetable soup,102.5,53.4,36,53.4,48,102.5,57
Composite dishes,Meat balls,147.1,166,218,166,144,157,110
Composite dishes,Meat burger (no sandwich),143.3,218,218,218,149,143.3,210
Composite dishes,Meat in aspic,169,,169,,,169,169
Composite dishes,Meat loaf,269.1,120,120,120,163,,163
Composite dishes,"Meat loaf with cheese, vegetables or other",136.6,92,92,92,92,136.6,92
Composite dishes,Meat soup,50.6,15,76,27,48,50.6,37
Composite dishes,Meat stew,63.4,105,41,105,105,63.4,105
Composite dishes,Meat terrine,78,175,78,175,175,78,78
Composite dishes,Mixed green salad,26,36,25,34,35,25,34
Composite dishes,Mixed vegetable salad,30.4,26.9,58,34,35,30.4,55
Composite dishes,Mixed vegetables soup,21.1,14,49,14,6,21.1,29
Composite dishes,"Mixed vegetables, boiled",40,41.4,56,41.4,46,15,57
Composite dishes,"Mixed vegetables, braised",61,41.9,61,41.9,41.9,61,61
Composite dishes,"Mixed vegetables, fried",69.5,68.1,59,68.1,46,69.5,46
Composite dishes,"Mixed vegetables, grilled",,59,64,59,59,,64
Composite dishes,Moussaka,81.9,150,83,150,113,,113
Composite dishes,Mushroom based dishes,65.6,142,142,142,90,65.6,90
Composite dishes,Mushroom salad,64.2,52.2,82,52.2,52.2,64.2,82
Composite dishes,Mushroom soup,56,41.5,19,21,6,38.1,30
Composite dishes,Omelette with bacon,193,164,193,164,164,193,193
Composite dishes,Omelette with mushrooms,177,143,177,143,143,177,177
Composite dishes,Omelette with vegetables,154.7,149,163,149,99,,99
Composite dishes,"Omelette, plain",201,168,213,168,175,201,175
Composite dishes,Onion soup,43.6,1,14,11,6,8,22
Composite dishes,Paella,84.4,80.2,73,80.2,80.2,84.4,73
Composite dishes,Pasta based dishes (cooked),95.7,154,154,154,154,95.7,154
Composite dishes,"Pasta based dishes (cooked), PROCESS Baking",,155,155,155,155,,155
Composite dishes,"Pasta based dishes (cooked), PROCESS Cooking in water",130,130,130,130,130,130,130
Composite dishes,"Pasta based dishes (cooked), PROCESS Steaming",130,130,130,130,130,130,130
Composite dishes,"Pasta-based dishes, uncooked",197,197,197,197,197,197,197
Composite dishes,"Pasta-based dishes, uncooked, PROCESS Baking",56,56,56,56,56,56,56
Composite dishes,"Pasta-based dishes, uncooked, PROCESS Cooking in water",90.7,165,56,165,123,90.7,130
Composite dishes,"Pasta-based dishes, uncooked, PROCESS Steaming",90.7,56,56,56,123,90.7,130
Composite dishes,"Pasta, cooked, with cheese/cream",,86.2,218,86.2,86.2,218,218
Composite dishes,"Pasta, cooked, with vegetables",,37,62,37,37,,62
Composite dishes,"Pasta, cooked, with vegetables and cheese/cream",61,61,61,61,61,61,61
Composite dishes,"Pasta, filled with meat mix, cooked",197,197,197,197,197,197,197
Composite dishes,"Pasta, filled with meat mix, cooked, PROCESS Baking",56,56,56,56,56,56,56
Composite dishes,"Pasta, filled with meat mix, cooked, PROCESS Cooking in water",74.9,56,56,56,123,39,123
Composite dishes,"Pasta, filled with meat mix, cooked, PROCESS Steaming",56,56,56,56,123,56,123
Composite dishes,"Pasta, filled with vegetable mix, cooked",151,151,151,151,151,151,151
Composite dishes,"Pasta, filled with vegetable mix, cooked, PROCESS Cooking in water",107,130,130,130,123,,130
Composite dishes,"Pasta, filled with vegetable mix, cooked, PROCESS Steaming",130,130,130,130,123,130,130
Composite dishes,Pastas and rice (or other cereal) –based dishes,76,76,76,76,76,76,76
Composite dishes,"Pastas and rice (or other cereal) –based dishes, PROCESS Baking",135,135,135,,135,135,135
Composite dishes,"Pastas and rice (or other cereal) –based dishes, PROCESS Cooking in water",57,57,57,,57,57,57
Composite dishes,"Pastas and rice (or other cereal) –based dishes, PROCESS Steaming",81,81,81,,81,81,81
Composite dishes,Pizza and similar with cheese topping,,176,286,48,128,,180
Composite dishes,"Pizza and similar with cheese, and mushrooms",,108,108,108,128,,128
Composite dishes,"Pizza and similar with cheese, and vegetables",,65,65,65,128,,160
Composite dishes,"Pizza and similar with cheese, meat, and mushrooms",,,113,,112,,112
Composite dishes,"Pizza and similar with cheese, meat, and vegetables",,178,186,178,112,186,210
Composite dishes,"Pizza and similar with meat, and vegetables",113,113,113,113,112,113,112
Composite dishes,Poached eggs,199,190,199,190,200,199,200
Composite dishes,Pork meat loaf,219,219,219,219,219,219,219
Composite dishes,Potato casserole,81.2,74,74,74,51,81.2,51
Composite dishes,Potato croquettes,76.3,60.2,59,60.2,49,83,49
Composite dishes,Potato soup,52.4,12,13,12,37,52.4,37
Composite dishes,Potatoes and cheese meal,132.1,92.2,128,92.2,97,,97
Composite dishes,Potatoes and meat meal,92.5,45.5,78,45.5,68,89,68
Composite dishes,Potatoes and vegetables meal,21.1,109,109,109,91,21.1,91
Composite dishes,"Potatoes, meat, and vegetables meal",49.3,100,100,100,79,77,79
Composite dishes,Prepared fish salad,,88.4,181,88.4,149,,149
Composite dishes,Prepared legume (beans) salad,,,28,,74,,74
Composite dishes,Prepared meat salad,74.8,,70,,63,,63
Composite dishes,Prepared mixed egg/meat/fish/vegetable salad,,75,75,75,75,,75
Composite dishes,Prepared nut salad,48.6,27,27,27,50,48.6,50
Composite dishes,Prepared pasta salad,62.5,66.2,55,66.2,66.2,,55
Composite dishes,Prepared potato salad,44.5,52,32,52,46,44.5,30
Composite dishes,Prepared rice salad,105.9,100,38,100,100,105.9,38
Composite dishes,Quiche,148,116,148,116,167,148,235
Composite dishes,Ratatouille,39.9,22,26,22,32,,32
Composite dishes,Rice and meat meal,,45,45,45,68,,91
Composite dishes,Rice and vegetables meal,,38,38,38,68,,100
Composite dishes,"Rice based dishes cooked, PROCESS Baking",38,38,38,,38,38,38
Composite dishes,"Rice based dishes cooked, PROCESS Cooking in water",,100,100,100,100,,100
Composite dishes,"Rice based dishes cooked, PROCESS Steaming",,60.6,60.6,60.6,60.6,,60.6
Composite dishes,Rice pudding,74.5,75,71,75,86,,86
Composite dishes,"Rice, meat, and vegetables meal",,60.6,46,60.6,68,,68
Composite dishes,Risotto,32.7,23,23,23,101,32.7,101
Composite dishes,Roesti,58.2,111,32,111,100,,100
Composite dishes,Sandwich and sandwich-like dishes,112,162,112,162,162,112,112
Composite dishes,Sandwich with cheese and vegetable topping/filling,96.7,367,367,367,367,96.7,367
Composite dishes,Sandwich with cheese topping/filling,284.8,158,244,158,206,312,206
Composite dishes,Sandwich with fish and vegetable topping/filling,130,77.5,194,77.5,77.5,130,194
Composite dishes,Sandwich with fish topping/filling,,77.5,194,77.5,110,,110
Composite dishes,Sandwich with meat and vegetable topping/filling,169.2,96.3,139,96.3,87,169.2,87
Composite dishes,Sandwich with processed meat topping/filling,93.6,171,119,171,128,93.6,128
Composite dishes,Sausage roll,126,126,126,126,126,126,126
Composite dishes,Seafood salad,104.7,142,142,142,149,,170
Composite dishes,Seafood-based meals,,198,126,198,192,233,192
Composite dishes,Spring rolls,32.9,67,85,67,81,,64
Composite dishes,Tomato soup,23.1,14,18,14,6,22,20
Composite dishes,Vegetable casserole,106.3,64,64,64,51,106.3,51
Composite dishes,Vegetable soufflé,,117,117,117,117,117,117
Composite dishes,"Vegetables, gratinated",121.7,65.5,117,65.5,91,,91
Eggs and egg products,Boiled eggs,210,172,200,172,247,184.3,200
Eggs and egg products,Duck eggs,220,178,178,195,220,220,200
Eggs and egg products,"Duck eggs, PROCESS Cooking in water",169,169,169,169,169,169,169
Eggs and egg products,Eggs from other eggs producer birds,329,170,170,200,170,170,170
Eggs and egg products,"Eggs from other eggs producer birds, PROCESS Cooking in water",200,200,200,200,200,200,200
Eggs and egg products,Geese eggs,208,210,210,200,208,208,210
Eggs and egg products,"Geese eggs, PROCESS Cooking in water",200,200,200,200,200,200,200
Eggs and egg products,Hen egg mixed whole,210,181,210,210,229,185.7,229
Eggs and egg products,"Hen egg mixed whole, dried",831,757,757,879,900,831,900
Eggs and egg products,Hen egg white,11,14.7,21,15,12,11,33
Eggs and egg products,"Hen egg white, dried",111,110,110,110,111,111,270
Eggs and egg products,Hen egg yolk,540,460,590,586,619,521.5,500
Eggs and egg products,"Hen egg yolk, dried",920,1120,1120,1120,920,920,1120
Eggs and egg products,Hen eggs,210,181,210,210,229,210,200
Eggs and egg products,"Hen eggs, PROCESS Cooking in water",210,172,200,172,247,210,200
Eggs and egg products,"Hen eggs, PROCESS Frying",216.4,191,230,191,200,216.4,230
Eggs and egg products,Quail eggs,210,210,210,210,230,210,230
Eggs and egg products,"Quail eggs, PROCESS Cooking in water",200,200,200,200,200,200,200
"Fish, seafood, amphibians, reptiles and invertebrates",Amphibians and Reptiles,147,147,147,147,147,147,147
"Fish, seafood, amphibians, reptiles and invertebrates",Anchovies,100,147,233,196,210,100,233
"Fish, seafood, amphibians, reptiles and invertebrates","Anchovies, PROCESS Baking",252,252,252,252,252,252,252
"Fish, seafood, amphibians, reptiles and invertebrates","Anchovies, PROCESS Cooking in water",141,250,250,250,250,141,250
"Fish, seafood, amphibians, reptiles and invertebrates","Anchovies, PROCESS Frying",252,252,252,252,252,252,252
"Fish, seafood, amphibians, reptiles and invertebrates","Anchovies, PROCESS Steaming",250,250,250,250,250,250,250
"Fish, seafood, amphibians, reptiles and invertebrates",Anglerfish and monkfish,195,220,220,165,330,220,330
"Fish, seafood, amphibians, reptiles and invertebrates","Anglerfish and monkfish, PROCESS Baking",233,233,233,233,480,233,480
"Fish, seafood, amphibians, reptiles and invertebrates","Anglerfish and monkfish, PROCESS Cooking in water",233,233,233,233,233,233,233
"Fish, seafood, amphibians, reptiles and invertebrates","Anglerfish and monkfish, PROCESS Frying",233,233,233,233,233,233,233
"Fish, seafood, amphibians, reptiles and invertebrates","Anglerfish and monkfish, PROCESS Steaming",233,233,233,233,233,233,233
"Fish, seafood, amphibians, reptiles and invertebrates",Atlantic salmon,,,232,280,244,,250
"Fish, seafood, amphibians, reptiles and invertebrates","Atlantic salmon, PROCESS Baking",248,248,248,248,318,248,300
"Fish, seafood, amphibians, reptiles and invertebrates","Atlantic salmon, PROCESS Cooking in water",,247,247,247,347,247,270
"Fish, seafood, amphibians, reptiles and invertebrates","Atlantic salmon, PROCESS Curing",,,,,,210,
"Fish, seafood, amphibians, reptiles and invertebrates","Atlantic salmon, PROCESS Frying",261.8,248,248,248,248,261.8,248
"Fish, seafood, amphibians, reptiles and invertebrates","Atlantic salmon, PROCESS Preserving with salt",240,226,226,,240,240,226
"Fish, seafood, amphibians, reptiles and invertebrates","Atlantic salmon, PROCESS Steaming",,270,247,270,347,247,270
"Fish, seafood, amphibians, reptiles and invertebrates","Atlantic salmon, PROD Farmed / cultivated / aquaculture",,197,,,,,
"Fish, seafood, amphibians, reptiles and invertebrates","Atlantic salmon, STATE Primal cuts / fillets / halves or quarters",240,,,,,,
"Fish, seafood, amphibians, reptiles and invertebrates",Barracudas,200,200,200,200,200,200,200
"Fish, seafood, amphibians, reptiles and invertebrates","Barracudas, PROCESS Baking",261,261,261,261,261,261,261
"Fish, seafood, amphibians, reptiles and invertebrates","Barracudas, PROCESS Cooking in water",259,259,259,259,259,259,259
"Fish, seafood, amphibians, reptiles and invertebrates","Barracudas, PROCESS Frying",261,261,261,261,261,261,261
"Fish, seafood, amphibians, reptiles and invertebrates","Barracudas, PROCESS Steaming",259,259,259,259,259,259,259
"Fish, seafood, amphibians, reptiles and invertebrates","Bream, silver",230,230,230,230,230,230,230
"Fish, seafood, amphibians, reptiles and invertebrates",Canned/jarred fish in brine-deprecated,,82,169,274,170,,170
"Fish, seafood, amphibians, reptiles and invertebrates","Canned/jarred fish in brine-deprecated, RACSOURCE Atlantic salmon",,,,286,,,
"Fish, seafood, amphibians, reptiles and invertebrates",Canned/jarred fish in oil-deprecated,310,450,199,205,200,310,200
"Fish, seafood, amphibians, reptiles and invertebrates","Canned/jarred fish in vinegar, pickles or sauces-deprecated",163,136,207,136,250,163,190
"Fish, seafood, amphibians, reptiles and invertebrates",Canned/jarred smoked fish in oil-deprecated,235,251,235,251,251,235,235
"Fish, seafood, amphibians, reptiles and invertebrates",Carps,255,255,255,220,255,255,255
"Fish, seafood, amphibians, reptiles and invertebrates","Carps, PROCESS Baking",275,373,275,373,373,275,275
"Fish, seafood, amphibians, reptiles and invertebrates","Carps, PROCESS Cooking in water",273,273,273,273,273,273,273
"Fish, seafood, amphibians, reptiles and invertebrates","Carps, PROCESS Frying",281,281,281,281,281,281,281
"Fish, seafood, amphibians, reptiles and invertebrates","Carps, PROCESS Steaming",273,273,273,273,273,273,273
"Fish, seafood, amphibians, reptiles and invertebrates",Catfishes (freshwater),,155,155,130,180,,180
"Fish, seafood, amphibians, reptiles and invertebrates","Catfishes (freshwater), PROCESS Baking",,170,170,170,170,,170
"Fish, seafood, amphibians, reptiles and invertebrates","Catfishes (freshwater), PROCESS Cooking in water",,168,168,168,240,,240
"Fish, seafood, amphibians, reptiles and invertebrates","Catfishes (freshwater), PROCESS Frying",,170,170,170,170,,170
"Fish, seafood, amphibians, reptiles and invertebrates","Catfishes (freshwater), PROCESS Steaming",,168,168,168,240,,240
"Fish, seafood, amphibians, reptiles and invertebrates",Clams,151,151,151,151,151,151,151
"Fish, seafood, amphibians, reptiles and invertebrates","Clams, cockles, arkshells",145,165,200,165,240,200,240
"Fish, seafood, amphibians, reptiles and invertebrates","Clams, cockles, arkshells, PROCESS Baking",218,218,218,218,218,218,218
"Fish, seafood, amphibians, reptiles and invertebrates","Clams, cockles, arkshells, PROCESS Cooking in water",,221,211,221,190,211,190
"Fish, seafood, amphibians, reptiles and invertebrates","Clams, cockles, arkshells, PROCESS Frying",218,218,218,218,218,218,218
"Fish, seafood, amphibians, reptiles and invertebrates","Clams, cockles, arkshells, PROCESS Steaming",,189,189,189,190,189,190
"Fish, seafood, amphibians, reptiles and invertebrates","Clams, PROCESS Baking",218,218,218,218,218,218,218
"Fish, seafood, amphibians, reptiles and invertebrates","Clams, PROCESS Cooking in water",211,124,211,124,124,211,211
"Fish, seafood, amphibians, reptiles and invertebrates","Clams, PROCESS Frying",218,218,218,218,218,218,218
"Fish, seafood, amphibians, reptiles and invertebrates","Clams, PROCESS Steaming",189,189,189,189,189,189,189
"Fish, seafood, amphibians, reptiles and invertebrates",Cockles,159,159,159,159,159,159,159
"Fish, seafood, amphibians, reptiles and invertebrates","Cockles, PROCESS Cooking in water",140,140,140,140,140,140,140
"Fish, seafood, amphibians, reptiles and invertebrates","Cockles, PROCESS Steaming",140,140,140,140,140,140,140
"Fish, seafood, amphibians, reptiles and invertebrates",Cod,160,,,194,179,160,180
"Fish, seafood, amphibians, reptiles and invertebrates",Cod liver,100,100,100,100,100,100,100
"Fish, seafood, amphibians, reptiles and invertebrates",Cod roe,500,450,450,450,500,500,300
"Fish, seafood, amphibians, reptiles and invertebrates","Cod roe, PROCESS Smoking",453,,,,453,453,
"Fish, seafood, amphibians, reptiles and invertebrates","Cod, atlantic",,157,,,,,
"Fish, seafood, amphibians, reptiles and invertebrates","Cod, murray",200,200,200,200,200,200,200
"Fish, seafood, amphibians, reptiles and invertebrates","Cod, PROCESS Boiling",,,,,,,160
"Fish, seafood, amphibians, reptiles and invertebrates","Cod, PROCESS Drying (dehydration)",,,,562,,,
"Fish, seafood, amphibians, reptiles and invertebrates","Cod, PROCESS Preserving with salt",,224,224,,,,
"Fish, seafood, amphibians, reptiles and invertebrates","Cod, STATE Slices, steaks or other flat cuts",,,194,,,,
"Fish, seafood, amphibians, reptiles and invertebrates","Cods, hakes, haddocks, PROCESS Baking",211,190,211,190,190,211,190
"Fish, seafood, amphibians, reptiles and invertebrates","Cods, hakes, haddocks, PROCESS Cooking in water",240,240,208,240,330,208,240
"Fish, seafood, amphibians, reptiles and invertebrates","Cods, hakes, haddocks, PROCESS Frying",211,211,211,211,200,211,200
"Fish, seafood, amphibians, reptiles and invertebrates","Cods, hakes, haddocks, PROCESS Steaming",208,240,208,240,228,208,240
"Fish, seafood, amphibians, reptiles and invertebrates",Conger,334,334,334,334,334,334,334
"Fish, seafood, amphibians, reptiles and invertebrates","Conger, european",334,334,334,334,270,334,270
"Fish, seafood, amphibians, reptiles and invertebrates","Conger, european, PROCESS Baking",358,358,358,358,320,358,320
"Fish, seafood, amphibians, reptiles and invertebrates","Conger, european, PROCESS Cooking in water",353,353,353,353,200,353,200
"Fish, seafood, amphibians, reptiles and invertebrates","Conger, european, PROCESS Frying",358,358,358,358,358,358,358
"Fish, seafood, amphibians, reptiles and invertebrates","Conger, european, PROCESS Steaming",353,353,353,353,200,353,200
"Fish, seafood, amphibians, reptiles and invertebrates","Conger, PROCESS Baking",358,358,358,358,358,358,358
"Fish, seafood, amphibians, reptiles and invertebrates","Conger, PROCESS Cooking in water",353,353,353,353,200,353,200
"Fish, seafood, amphibians, reptiles and invertebrates","Conger, PROCESS Frying",358,358,358,358,358,358,358
"Fish, seafood, amphibians, reptiles and invertebrates","Conger, PROCESS Steaming",353,353,353,353,200,353,200
"Fish, seafood, amphibians, reptiles and invertebrates","Crabmeat, cooked-deprecated",,220,239,,140,,340
"Fish, seafood, amphibians, reptiles and invertebrates","Crabs, sea-spiders",220,224,224,229,220,220,224
"Fish, seafood, amphibians, reptiles and invertebrates","Crabs, sea-spiders, PROCESS Baking",242,242,242,242,242,242,242
"Fish, seafood, amphibians, reptiles and invertebrates","Crabs, sea-spiders, PROCESS Cooking in water",173,347,239,347,350,173,340
"Fish, seafood, amphibians, reptiles and invertebrates","Crabs, sea-spiders, PROCESS Frying",239,239,239,239,239,239,239
"Fish, seafood, amphibians, reptiles and invertebrates","Crabs, sea-spiders, PROCESS Steaming",173,239,239,239,350,173,340
"Fish, seafood, amphibians, reptiles and invertebrates",Cuttlefishes,270,267,270,143,143,270,270
"Fish, seafood, amphibians, reptiles and invertebrates","Cuttlefishes, PROCESS Frying",143,143,143,143,143,143,143
"Fish, seafood, amphibians, reptiles and invertebrates",Diadromous fish,232,232,232,280,232,232,232
"Fish, seafood, amphibians, reptiles and invertebrates","Diadromous fish, PROCESS Baking",248,248,248,248,248,248,248
"Fish, seafood, amphibians, reptiles and invertebrates","Diadromous fish, PROCESS Cooking in water",247,247,247,247,247,247,247
"Fish, seafood, amphibians, reptiles and invertebrates","Diadromous fish, PROCESS Frying",248,248,248,248,248,248,248
"Fish, seafood, amphibians, reptiles and invertebrates","Diadromous fish, PROCESS Steaming",247,247,247,247,247,247,247
"Fish, seafood, amphibians, reptiles and invertebrates",Dories,152,152,152,152,152,152,152
"Fish, seafood, amphibians, reptiles and invertebrates",Dried fish,,300,300,300,780,,210
"Fish, seafood, amphibians, reptiles and invertebrates","Dried fish, PROCESS Baking",240,240,240,240,240,240,240
"Fish, seafood, amphibians, reptiles and invertebrates","Dried fish, PROCESS Cooking in water",240,240,240,240,240,240,240
"Fish, seafood, amphibians, reptiles and invertebrates","Dried fish, PROCESS Steaming",240,240,240,240,240,240,240
"Fish, seafood, amphibians, reptiles and invertebrates",Fish paste or surimi,131,58,48,282,131,131,310
"Fish, seafood, amphibians, reptiles and invertebrates","Flat-fishes, dried",203,300,300,300,203,203,300
"Fish, seafood, amphibians, reptiles and invertebrates","Flat-fishes, dried, PROCESS Baking",240,240,240,240,240,240,240
"Fish, seafood, amphibians, reptiles and invertebrates","Flat-fishes, dried, PROCESS Cooking in water",240,240,240,240,240,240,240
"Fish, seafood, amphibians, reptiles and invertebrates","Flat-fishes, dried, PROCESS Steaming",240,240,240,240,240,240,240
"Fish, seafood, amphibians, reptiles and invertebrates",Flounders,180,180,180,180,182,180,190
"Fish, seafood, amphibians, reptiles and invertebrates","Flounders, PROCESS Baking",196,196,196,196,196,196,196
"Fish, seafood, amphibians, reptiles and invertebrates","Flounders, PROCESS Cooking in water",196,196,196,196,179,196,240
"Fish, seafood, amphibians, reptiles and invertebrates","Flounders, PROCESS Frying",204,196,196,196,196,204,196
"Fish, seafood, amphibians, reptiles and invertebrates","Flounders, PROCESS Steaming",196,196,196,196,179,196,240
"Fish, seafood, amphibians, reptiles and invertebrates",Freshwater bream - Europe,210,200,200,200,210,210,200
"Fish, seafood, amphibians, reptiles and invertebrates",Freshwater crabs,224,224,183,224,224,224,224
"Fish, seafood, amphibians, reptiles and invertebrates",Freshwater crayfishes,110,197,224,240,110,110,240
"Fish, seafood, amphibians, reptiles and invertebrates","Freshwater crayfishes, cooked-deprecated",137.5,239,239,239,200,137.5,200
"Fish, seafood, amphibians, reptiles and invertebrates","Freshwater crayfishes, PROCESS Baking",244,244,244,244,244,244,244
"Fish, seafood, amphibians, reptiles and invertebrates","Freshwater crayfishes, PROCESS Cooking in water",239,239,239,239,200,239,200
"Fish, seafood, amphibians, reptiles and invertebrates","Freshwater crayfishes, PROCESS Frying",180,244,244,244,244,180,244
"Fish, seafood, amphibians, reptiles and invertebrates","Freshwater crayfishes, PROCESS Steaming",212,212,212,212,200,212,200
"Fish, seafood, amphibians, reptiles and invertebrates",Freshwater crustaceans,224,197,224,197,197,224,224
"Fish, seafood, amphibians, reptiles and invertebrates","Freshwater crustaceans, PROCESS Baking",242,242,242,242,242,242,242
"Fish, seafood, amphibians, reptiles and invertebrates","Freshwater crustaceans, PROCESS Cooking in water",239,239,239,239,239,239,239
"Fish, seafood, amphibians, reptiles and invertebrates","Freshwater crustaceans, PROCESS Frying",242,242,242,242,242,242,242
"Fish, seafood, amphibians, reptiles and invertebrates","Freshwater crustaceans, PROCESS Steaming",212,212,212,212,212,212,212
"Fish, seafood, amphibians, reptiles and invertebrates",Freshwater fish,190,246,246,218,190,190,246
"Fish, seafood, amphibians, reptiles and invertebrates","Freshwater fish, PROCESS Baking",266,270,266,270,270,266,266
"Fish, seafood, amphibians, reptiles and invertebrates","Freshwater fish, PROCESS Cooking in water",,264,264,264,264,,264
"Fish, seafood, amphibians, reptiles and invertebrates","Freshwater fish, PROCESS Frying",271,271,271,271,271,271,271
"Fish, seafood, amphibians, reptiles and invertebrates","Freshwater fish, PROCESS Steaming",,140,264,140,140,,264
"Fish, seafood, amphibians, reptiles and invertebrates",Freshwater shrimps or prawns,349,349,166,349,349,349,349
"Fish, seafood, amphibians, reptiles and invertebrates","Freshwater shrimps or prawns, PROCESS Cooking in water",197,197,197,197,197,197,197
"Fish, seafood, amphibians, reptiles and invertebrates",Frogs (legs),147,147,147,430,147,147,147
"Fish, seafood, amphibians, reptiles and invertebrates",Garfish,251,251,251,251,251,251,251
"Fish, seafood, amphibians, reptiles and invertebrates",Hakes,,190,142,190,142,,190
"Fish, seafood, amphibians, reptiles and invertebrates","Hakes, PROCESS Baking",,240,240,240,240,,240
"Fish, seafood, amphibians, reptiles and invertebrates","Hakes, PROCESS Cooking in water",120,120,120,120,120,120,120
"Fish, seafood, amphibians, reptiles and invertebrates","Hakes, PROCESS Steaming",120,120,120,120,120,120,120
"Fish, seafood, amphibians, reptiles and invertebrates",Halibut,220,220,202,220,220,220,200
"Fish, seafood, amphibians, reptiles and invertebrates","Halibut, PROCESS Baking",218,218,218,218,300,218,240
"Fish, seafood, amphibians, reptiles and invertebrates","Halibut, PROCESS Cooking in water",250,217,217,217,250,217,250
"Fish, seafood, amphibians, reptiles and invertebrates","Halibut, PROCESS Frying",218,218,218,218,218,218,218
"Fish, seafood, amphibians, reptiles and invertebrates","Halibut, PROCESS Steaming",250,217,217,217,250,217,250
"Fish, seafood, amphibians, reptiles and invertebrates",Herring roe,400,400,400,400,970,400,970
"Fish, seafood, amphibians, reptiles and invertebrates","Herring, atlantic",320,250,250,250,200,250,230
"Fish, seafood, amphibians, reptiles and invertebrates","Herring, atlantic, PROCESS Baking",265,310,265,310,310,265,310
"Fish, seafood, amphibians, reptiles and invertebrates","Herring, atlantic, PROCESS Cooking in water",264,264,264,264,264,264,264
"Fish, seafood, amphibians, reptiles and invertebrates","Herring, atlantic, PROCESS Frying",265,310,265,310,310,265,265
"Fish, seafood, amphibians, reptiles and invertebrates","Herring, atlantic, PROCESS Pickling",77,82,341,82,149,341,77
"Fish, seafood, amphibians, reptiles and invertebrates","Herring, atlantic, PROCESS Steaming",264,264,264,264,264,264,264
"Fish, seafood, amphibians, reptiles and invertebrates",Herrings,200,300,250,113,200,200,230
"Fish, seafood, amphibians, reptiles and invertebrates","Herrings, PROCESS Baking",265,310,265,310,310,265,310
"Fish, seafood, amphibians, reptiles and invertebrates","Herrings, PROCESS Cooking in water",264,264,264,264,264,264,264
"Fish, seafood, amphibians, reptiles and invertebrates","Herrings, PROCESS Frying",265,265,265,265,265,265,265
"Fish, seafood, amphibians, reptiles and invertebrates","Herrings, PROCESS Pickling",170,82,341,82,149,170,77
"Fish, seafood, amphibians, reptiles and invertebrates","Herrings, PROCESS Steaming",264,264,264,264,264,264,264
"Fish, seafood, amphibians, reptiles and invertebrates",Largemouth black bass,180,180,180,180,180,180,180
"Fish, seafood, amphibians, reptiles and invertebrates","Lobster, european",144,234,234,280,144,144,234
"Fish, seafood, amphibians, reptiles and invertebrates","Lobster, european, PROCESS Baking",254,254,254,254,254,254,254
"Fish, seafood, amphibians, reptiles and invertebrates","Lobster, european, PROCESS Cooking in water",180,192,222,350,200,180,260
"Fish, seafood, amphibians, reptiles and invertebrates","Lobster, european, PROCESS Frying",254,254,254,254,254,254,254
"Fish, seafood, amphibians, reptiles and invertebrates","Lobster, european, PROCESS Steaming",180,222,222,222,200,180,260
"Fish, seafood, amphibians, reptiles and invertebrates","Lobster, norway",144,144,144,144,144,144,144
"Fish, seafood, amphibians, reptiles and invertebrates","Lobster, norway, PROCESS Cooking in water",,200,200,200,200,,200
"Fish, seafood, amphibians, reptiles and invertebrates","Lobster, norway, PROCESS Steaming",,200,200,200,200,,200
"Fish, seafood, amphibians, reptiles and invertebrates","Lobsters (including lobster meat), cooked-deprecated",192,192,222,192,200,192,260
"Fish, seafood, amphibians, reptiles and invertebrates",Mackerel,267,244,244,264,244,267,200
"Fish, seafood, amphibians, reptiles and invertebrates",Mackerel and mackerel-like fishes-deprecated,200,244,244,264,244,244,200
"Fish, seafood, amphibians, reptiles and invertebrates","Mackerel and mackerel-like fishes-deprecated, PROCESS Baking",261,278,261,278,230,261,230
"Fish, seafood, amphibians, reptiles and invertebrates","Mackerel and mackerel-like fishes-deprecated, PROCESS Cooking in water",220,259,259,259,244,220,244
"Fish, seafood, amphibians, reptiles and invertebrates","Mackerel and mackerel-like fishes-deprecated, PROCESS Frying",261,187,261,187,250,261,250
"Fish, seafood, amphibians, reptiles and invertebrates","Mackerel and mackerel-like fishes-deprecated, PROCESS Steaming",259,259,259,259,244,259,244
"Fish, seafood, amphibians, reptiles and invertebrates","Mackerel, PROCESS Baking",,278,261,278,230,,230
"Fish, seafood, amphibians, reptiles and invertebrates","Mackerel, PROCESS Cooking in water",259,259,259,259,244,259,244
"Fish, seafood, amphibians, reptiles and invertebrates","Mackerel, PROCESS Frying",261,187,261,187,250,261,250
"Fish, seafood, amphibians, reptiles and invertebrates","Mackerel, PROCESS Steaming",259,259,259,259,244,259,244
"Fish, seafood, amphibians, reptiles and invertebrates","Marine shrimps or prawns, cooked-deprecated",265,189,239,189,139,265,270
"Fish, seafood, amphibians, reptiles and invertebrates",Miscellaneous coastal marine fishes,244,302,244,302,244,244,220
"Fish, seafood, amphibians, reptiles and invertebrates","Miscellaneous coastal marine fishes, PROCESS Baking",159,260,159,260,260,159,260
"Fish, seafood, amphibians, reptiles and invertebrates","Miscellaneous coastal marine fishes, PROCESS Cooking in water",165,150,259,150,150,259,259
"Fish, seafood, amphibians, reptiles and invertebrates","Miscellaneous coastal marine fishes, PROCESS Frying",261,261,261,261,261,261,261
"Fish, seafood, amphibians, reptiles and invertebrates","Miscellaneous coastal marine fishes, PROCESS Steaming",165,120,259,120,120,259,259
"Fish, seafood, amphibians, reptiles and invertebrates",Miscellaneous demersal marine fishes,203,198,198,198,203,203,198
"Fish, seafood, amphibians, reptiles and invertebrates","Miscellaneous demersal marine fishes, PROCESS Baking",215,260,215,260,260,215,215
"Fish, seafood, amphibians, reptiles and invertebrates","Miscellaneous demersal marine fishes, PROCESS Cooking in water",212,152,212,152,152,212,212
"Fish, seafood, amphibians, reptiles and invertebrates","Miscellaneous demersal marine fishes, PROCESS Frying",215,215,215,215,215,215,215
"Fish, seafood, amphibians, reptiles and invertebrates","Miscellaneous demersal marine fishes, PROCESS Steaming",212,120,212,120,120,212,212
"Fish, seafood, amphibians, reptiles and invertebrates",Miscellaneous marine crustaceans,224,224,224,224,224,224,224
"Fish, seafood, amphibians, reptiles and invertebrates","Miscellaneous marine crustaceans, PROCESS Baking",242,189,242,189,189,242,242
"Fish, seafood, amphibians, reptiles and invertebrates","Miscellaneous marine crustaceans, PROCESS Cooking in water",239,189,239,189,189,239,239
"Fish, seafood, amphibians, reptiles and invertebrates","Miscellaneous marine crustaceans, PROCESS Frying",242,189,242,189,189,242,242
"Fish, seafood, amphibians, reptiles and invertebrates","Miscellaneous marine crustaceans, PROCESS Steaming",212,189,212,189,189,212,212
"Fish, seafood, amphibians, reptiles and invertebrates",Miscellaneous pelagic marine fishes,250,147,250,147,250,250,250
"Fish, seafood, amphibians, reptiles and invertebrates","Miscellaneous pelagic marine fishes, PROCESS Baking",265,265,265,265,265,265,265
"Fish, seafood, amphibians, reptiles and invertebrates","Miscellaneous pelagic marine fishes, PROCESS Cooking in water",264,264,264,264,264,264,264
"Fish, seafood, amphibians, reptiles and invertebrates","Miscellaneous pelagic marine fishes, PROCESS Frying",265,265,265,265,265,265,265
"Fish, seafood, amphibians, reptiles and invertebrates","Miscellaneous pelagic marine fishes, PROCESS Steaming",264,264,264,264,264,264,264
"Fish, seafood, amphibians, reptiles and invertebrates",Mullets,217,217,217,220,220,217,220
"Fish, seafood, amphibians, reptiles and invertebrates","Mullets, PROCESS Baking",185,240,185,240,260,185,260
"Fish, seafood, amphibians, reptiles and invertebrates","Mullets, PROCESS Cooking in water",185,185,185,185,185,185,185
"Fish, seafood, amphibians, reptiles and invertebrates","Mullets, PROCESS Frying",185,185,185,185,185,185,185
"Fish, seafood, amphibians, reptiles and invertebrates","Mullets, PROCESS Steaming",185,185,185,185,185,185,185
"Fish, seafood, amphibians, reptiles and invertebrates",Mussels,310,200,200,236,145,310,240
"Fish, seafood, amphibians, reptiles and invertebrates","Mussels, PROCESS Baking",218,218,218,218,218,218,218
"Fish, seafood, amphibians, reptiles and invertebrates","Mussels, PROCESS Cooking in water",310,221,211,221,231,310,190
"Fish, seafood, amphibians, reptiles and invertebrates","Mussels, PROCESS Frying",218,218,218,218,143,218,143
"Fish, seafood, amphibians, reptiles and invertebrates","Mussels, PROCESS Steaming",310,189,189,189,231,310,190
"Fish, seafood, amphibians, reptiles and invertebrates",Nile perch,240,240,240,240,240,240,240
"Fish, seafood, amphibians, reptiles and invertebrates","Nile perch, PROCESS Baking",261,261,261,261,261,261,261
"Fish, seafood, amphibians, reptiles and invertebrates","Nile perch, PROCESS Cooking in water",258,258,258,258,258,258,258
"Fish, seafood, amphibians, reptiles and invertebrates","Nile perch, PROCESS Frying",266,266,266,266,266,266,266
"Fish, seafood, amphibians, reptiles and invertebrates","Nile perch, PROCESS Steaming",258,258,258,258,258,258,258
"Fish, seafood, amphibians, reptiles and invertebrates",Ocean perch,175,175,175,175,175,175,175
"Fish, seafood, amphibians, reptiles and invertebrates","Ocean perch, PROCESS Baking",227,227,227,227,227,227,227
"Fish, seafood, amphibians, reptiles and invertebrates",Octopuses,170,143,143,189,143,170,170
"Fish, seafood, amphibians, reptiles and invertebrates","Octopuses, PROCESS Baking",155,155,155,155,155,155,155
"Fish, seafood, amphibians, reptiles and invertebrates","Octopuses, PROCESS Cooking in water",152,152,152,152,152,152,152
"Fish, seafood, amphibians, reptiles and invertebrates","Octopuses, PROCESS Frying",155,155,155,155,155,155,155
"Fish, seafood, amphibians, reptiles and invertebrates","Octopuses, PROCESS Steaming",152,152,152,152,152,152,152
"Fish, seafood, amphibians, reptiles and invertebrates",Other fish offal,76.6,76.6,355,76.6,76.6,76.6,76.6
"Fish, seafood, amphibians, reptiles and invertebrates",Oysters,30,165,157,267,175,148,210
"Fish, seafood, amphibians, reptiles and invertebrates","Oysters, PROCESS Baking",171,171,171,171,171,171,171
"Fish, seafood, amphibians, reptiles and invertebrates","Oysters, PROCESS Cooking in water",149,149,149,149,149,149,149
"Fish, seafood, amphibians, reptiles and invertebrates","Oysters, PROCESS Frying",171,171,171,171,171,171,171
"Fish, seafood, amphibians, reptiles and invertebrates","Oysters, PROCESS Steaming",149,149,149,149,149,149,149
"Fish, seafood, amphibians, reptiles and invertebrates",Pacific salmon (generic),200,270,270,270,244,200,244
"Fish, seafood, amphibians, reptiles and invertebrates","Pacific salmon (generic), PROCESS Baking",347,347,347,347,347,347,347
"Fish, seafood, amphibians, reptiles and invertebrates","Pacific salmon (generic), PROCESS Cooking in water",347,347,347,347,347,347,347
"Fish, seafood, amphibians, reptiles and invertebrates","Pacific salmon (generic), PROCESS Frying",248,248,248,248,248,248,248
"Fish, seafood, amphibians, reptiles and invertebrates","Pacific salmon (generic), PROCESS Steaming",347,347,347,347,347,347,347
"Fish, seafood, amphibians, reptiles and invertebrates",Perch,240,240,240,200,240,240,240
"Fish, seafood, amphibians, reptiles and invertebrates","Perch, golden",174,174,174,174,174,174,174
"Fish, seafood, amphibians, reptiles and invertebrates","Perch, PROCESS Baking",253.9,227,261,227,227,253.9,227
"Fish, seafood, amphibians, reptiles and invertebrates","Perch, PROCESS Cooking in water",258,258,258,258,258,258,258
"Fish, seafood, amphibians, reptiles and invertebrates","Perch, PROCESS Frying",,266,266,266,266,,266
"Fish, seafood, amphibians, reptiles and invertebrates","Perch, PROCESS Steaming",258,258,258,258,258,258,258
"Fish, seafood, amphibians, reptiles and invertebrates",Pike,240,242,242,220,240,240,242
"Fish, seafood, amphibians, reptiles and invertebrates",Pike-perch,220,194,194,194,220,220,194
"Fish, seafood, amphibians, reptiles and invertebrates","Pike-perch, PROCESS Baking",215,215,215,215,215,215,215
"Fish, seafood, amphibians, reptiles and invertebrates","Pike-perch, PROCESS Cooking in water",209,209,209,209,209,209,209
"Fish, seafood, amphibians, reptiles and invertebrates","Pike-perch, PROCESS Frying",215,215,215,215,215,215,215
"Fish, seafood, amphibians, reptiles and invertebrates","Pike-perch, PROCESS Steaming",209,209,209,209,209,209,209
"Fish, seafood, amphibians, reptiles and invertebrates","Pike, PROCESS Baking",268,282,268,282,282,268,268
"Fish, seafood, amphibians, reptiles and invertebrates","Pike, PROCESS Cooking in water",260,260,260,260,260,260,260
"Fish, seafood, amphibians, reptiles and invertebrates","Pike, PROCESS Frying",,268,268,268,268,,268
"Fish, seafood, amphibians, reptiles and invertebrates","Pike, PROCESS Steaming",267,267,267,267,267,267,267
"Fish, seafood, amphibians, reptiles and invertebrates",Plaice,220,198,198,198,179,220,180
"Fish, seafood, amphibians, reptiles and invertebrates","Plaice, PROCESS Baking",215,250,215,250,220,215,220
"Fish, seafood, amphibians, reptiles and invertebrates","Plaice, PROCESS Cooking in water",212,212,212,212,300,212,160
"Fish, seafood, amphibians, reptiles and invertebrates","Plaice, PROCESS Frying",215,250,215,250,125,215,125
"Fish, seafood, amphibians, reptiles and invertebrates","Plaice, PROCESS Steaming",212,250,212,250,300,212,160
"Fish, seafood, amphibians, reptiles and invertebrates","Pomfret, atlantic",250,250,250,250,250,250,250
"Fish, seafood, amphibians, reptiles and invertebrates",Rays,169,218,218,218,218,169,218
"Fish, seafood, amphibians, reptiles and invertebrates","Rays, PROCESS Baking",220,220,220,220,220,220,220
"Fish, seafood, amphibians, reptiles and invertebrates","Rays, PROCESS Cooking in water",150,150,150,150,150,150,150
"Fish, seafood, amphibians, reptiles and invertebrates","Rays, PROCESS Steaming",150,150,150,150,150,150,150
"Fish, seafood, amphibians, reptiles and invertebrates",River eels,390,334,334,218,200,390,310
"Fish, seafood, amphibians, reptiles and invertebrates","River eels, PROCESS Baking",358,277,358,277,277,358,358
"Fish, seafood, amphibians, reptiles and invertebrates","River eels, PROCESS Cooking in water",353,230,353,230,200,353,200
"Fish, seafood, amphibians, reptiles and invertebrates","River eels, PROCESS Frying",358,358,358,358,358,358,358
"Fish, seafood, amphibians, reptiles and invertebrates","River eels, PROCESS Steaming",353,230,353,230,200,353,200
"Fish, seafood, amphibians, reptiles and invertebrates",Roaches,252,252,252,252,252,252,252
"Fish, seafood, amphibians, reptiles and invertebrates","Salmon roe, atlantic",400,400,400,400,400,400,400
"Fish, seafood, amphibians, reptiles and invertebrates","Salmon, threadfin",244,244,244,244,244,244,244
"Fish, seafood, amphibians, reptiles and invertebrates","Salmon, threadfin, PROCESS Baking",347,347,347,347,347,347,347
"Fish, seafood, amphibians, reptiles and invertebrates","Salmon, threadfin, PROCESS Cooking in water",347,347,347,347,347,347,347
"Fish, seafood, amphibians, reptiles and invertebrates","Salmon, threadfin, PROCESS Steaming",347,347,347,347,347,347,347
"Fish, seafood, amphibians, reptiles and invertebrates",Sardines and sardine-type fishes,258,258,258,215,270,258,270
"Fish, seafood, amphibians, reptiles and invertebrates","Sardines and sardine-type fishes, PROCESS Baking",278,258,278,258,320,278,320
"Fish, seafood, amphibians, reptiles and invertebrates","Sardines and sardine-type fishes, PROCESS Cooking in water",300,277,277,277,450,300,277
"Fish, seafood, amphibians, reptiles and invertebrates","Sardines and sardine-type fishes, PROCESS Frying",278,278,278,278,278,278,278
"Fish, seafood, amphibians, reptiles and invertebrates","Sardines and sardine-type fishes, PROCESS Steaming",450,277,277,277,450,450,277
"Fish, seafood, amphibians, reptiles and invertebrates","Scallops, pectens",151,213,151,219,219,151,219
"Fish, seafood, amphibians, reptiles and invertebrates","Scallops, pectens, PROCESS Baking",163,163,163,163,163,163,163
"Fish, seafood, amphibians, reptiles and invertebrates","Scallops, pectens, PROCESS Cooking in water",159,340,159,340,240,159,240
"Fish, seafood, amphibians, reptiles and invertebrates","Scallops, pectens, PROCESS Frying",,340,163,340,340,,163
"Fish, seafood, amphibians, reptiles and invertebrates","Scallops, pectens, PROCESS Steaming",159,159,159,159,240,159,240
"Fish, seafood, amphibians, reptiles and invertebrates",Sea bass,410,302,410,202,410,410,410
"Fish, seafood, amphibians, reptiles and invertebrates","Sea bass, PROCESS Cooking in water",273,273,273,273,273,273,273
"Fish, seafood, amphibians, reptiles and invertebrates","Sea bass, PROCESS Steaming",273,273,273,273,273,273,273
"Fish, seafood, amphibians, reptiles and invertebrates",Sea bream,230,302,230,264,230,230,230
"Fish, seafood, amphibians, reptiles and invertebrates","Sea bream, PROCESS Cooking in water",173,173,173,173,173,173,173
"Fish, seafood, amphibians, reptiles and invertebrates","Sea bream, PROCESS Steaming",173,173,173,173,173,173,173
"Fish, seafood, amphibians, reptiles and invertebrates",Sea-squirts and other tunicates,141,141,141,141,141,141,141
"Fish, seafood, amphibians, reptiles and invertebrates","Sea-squirts and other tunicates, PROCESS Baking",132,132,132,132,132,132,132
"Fish, seafood, amphibians, reptiles and invertebrates","Sea-squirts and other tunicates, PROCESS Cooking in water",125,233,125,233,140,125,140
"Fish, seafood, amphibians, reptiles and invertebrates","Sea-squirts and other tunicates, PROCESS Frying",132,132,132,132,132,132,132
"Fish, seafood, amphibians, reptiles and invertebrates","Sea-squirts and other tunicates, PROCESS Steaming",125,125,125,125,140,125,140
"Fish, seafood, amphibians, reptiles and invertebrates",Shads,260,260,260,260,260,260,260
"Fish, seafood, amphibians, reptiles and invertebrates","Shads, PROCESS Baking",265,265,265,265,265,265,265
"Fish, seafood, amphibians, reptiles and invertebrates","Shads, PROCESS Cooking in water",264,264,264,264,264,264,264
"Fish, seafood, amphibians, reptiles and invertebrates","Shads, PROCESS Frying",265,265,265,265,265,265,265
"Fish, seafood, amphibians, reptiles and invertebrates","Shads, PROCESS Steaming",264,264,264,264,264,264,264
"Fish, seafood, amphibians, reptiles and invertebrates",Sharks,253,210,210,210,253,253,210
"Fish, seafood, amphibians, reptiles and invertebrates","Sharks, PROCESS Baking",179,207,179,207,207,179,179
"Fish, seafood, amphibians, reptiles and invertebrates","Sharks, PROCESS Cooking in water",179,207,179,207,207,179,179
"Fish, seafood, amphibians, reptiles and invertebrates","Sharks, PROCESS Frying",179,207,179,207,207,179,179
"Fish, seafood, amphibians, reptiles and invertebrates","Sharks, PROCESS Steaming",179,207,179,207,207,179,179
"Fish, seafood, amphibians, reptiles and invertebrates",Shrimps and prawns,224,224,224,136,180,224,180
"Fish, seafood, amphibians, reptiles and invertebrates","Shrimps and prawns, PROCESS Baking",242,189,242,189,189,242,242
"Fish, seafood, amphibians, reptiles and invertebrates","Shrimps and prawns, PROCESS Cooking in water",,189,239,189,139,,270
"Fish, seafood, amphibians, reptiles and invertebrates","Shrimps and prawns, PROCESS Frying",242,189,242,189,189,242,242
"Fish, seafood, amphibians, reptiles and invertebrates","Shrimps and prawns, PROCESS Steaming",,189,239,189,139,,270
"Fish, seafood, amphibians, reptiles and invertebrates","Shrimps, common",110,224,224,349,224,110,224
"Fish, seafood, amphibians, reptiles and invertebrates","Shrimps, common, PROCESS Baking",,189,242,189,189,,242
"Fish, seafood, amphibians, reptiles and invertebrates","Shrimps, common, PROCESS Cooking in water",265,189,239,189,139,265,270
"Fish, seafood, amphibians, reptiles and invertebrates","Shrimps, common, PROCESS Frying",,189,242,189,189,,242
"Fish, seafood, amphibians, reptiles and invertebrates","Shrimps, common, PROCESS Steaming",265,189,212,189,139,265,139
"Fish, seafood, amphibians, reptiles and invertebrates",Smelt,245,230,245,230,230,245,245
"Fish, seafood, amphibians, reptiles and invertebrates","Smelt, PROCESS Baking",271,271,271,271,271,271,271
"Fish, seafood, amphibians, reptiles and invertebrates","Smelt, PROCESS Cooking in water",271,271,271,271,271,271,271
"Fish, seafood, amphibians, reptiles and invertebrates","Smelt, PROCESS Frying",271,271,271,271,271,271,271
"Fish, seafood, amphibians, reptiles and invertebrates","Smelt, PROCESS Steaming",271,271,271,271,271,271,271
"Fish, seafood, amphibians, reptiles and invertebrates",Smoked herring,180.9,155,235,254,318,180.9,230
"Fish, seafood, amphibians, reptiles and invertebrates",Smoked salmon,,216,219,250,318,218.3,250
"Fish, seafood, amphibians, reptiles and invertebrates",Snails,200,141,200,141,200,,200
"Fish, seafood, amphibians, reptiles and invertebrates",Sole,271,195,195,195,200,271,200
"Fish, seafood, amphibians, reptiles and invertebrates","Sole, PROCESS Baking",212,260,212,260,260,212,212
"Fish, seafood, amphibians, reptiles and invertebrates","Sole, PROCESS Cooking in water",211,211,211,211,179,211,179
"Fish, seafood, amphibians, reptiles and invertebrates","Sole, PROCESS Frying",212,212,212,212,212,212,212
"Fish, seafood, amphibians, reptiles and invertebrates","Sole, PROCESS Steaming",211,208,211,208,179,211,179
"Fish, seafood, amphibians, reptiles and invertebrates",Spiny and rock lobsters,215,215,215,215,215,215,215
"Fish, seafood, amphibians, reptiles and invertebrates","Spiny and rock lobsters, PROCESS Baking",254,254,254,254,254,254,254
"Fish, seafood, amphibians, reptiles and invertebrates","Spiny and rock lobsters, PROCESS Cooking in water",222,229,222,229,229,222,222
"Fish, seafood, amphibians, reptiles and invertebrates","Spiny and rock lobsters, PROCESS Frying",233,233,233,233,233,233,233
"Fish, seafood, amphibians, reptiles and invertebrates","Spiny and rock lobsters, PROCESS Steaming",222,222,222,222,222,222,222
"Fish, seafood, amphibians, reptiles and invertebrates",Sprat,220,220,220,220,220,220,240
"Fish, seafood, amphibians, reptiles and invertebrates","Sprat, PROCESS Baking",265,265,265,265,265,265,265
"Fish, seafood, amphibians, reptiles and invertebrates","Sprat, PROCESS Cooking in water",264,264,264,264,264,264,264
"Fish, seafood, amphibians, reptiles and invertebrates","Sprat, PROCESS Frying",265,265,265,265,300,265,300
"Fish, seafood, amphibians, reptiles and invertebrates","Sprat, PROCESS Steaming",264,264,264,264,264,264,264
"Fish, seafood, amphibians, reptiles and invertebrates",Squids,190,190,190,189,143,190,190
"Fish, seafood, amphibians, reptiles and invertebrates","Squids, cuttlefishes, octopuses",190,267,190,267,143,190,190
"Fish, seafood, amphibians, reptiles and invertebrates","Squids, cuttlefishes, octopuses, PROCESS Frying",143,143,143,143,143,143,143
"Fish, seafood, amphibians, reptiles and invertebrates","Squids, PROCESS Frying",146,146,146,146,146,146,146
"Fish, seafood, amphibians, reptiles and invertebrates",Stockfish,300,450,450,450,300,300,300
"Fish, seafood, amphibians, reptiles and invertebrates","Stockfish, PROCESS Baking",240,240,240,240,240,240,240
"Fish, seafood, amphibians, reptiles and invertebrates","Stockfish, PROCESS Cooking in water",57,240,240,240,240,57,240
"Fish, seafood, amphibians, reptiles and invertebrates","Stockfish, PROCESS Steaming",57,240,240,240,240,57,240
"Fish, seafood, amphibians, reptiles and invertebrates",Sturgeon,239,239,239,239,239,239,239
"Fish, seafood, amphibians, reptiles and invertebrates",Sturgeon roe,230,300,300,355,300,230,300
"Fish, seafood, amphibians, reptiles and invertebrates",Tilapia,,350,350,350,350,,350
"Fish, seafood, amphibians, reptiles and invertebrates",Trouts,260,246,246,220,290,260,240
"Fish, seafood, amphibians, reptiles and invertebrates","Trouts, PROCESS Baking",266,290,266,250,250,266,250
"Fish, seafood, amphibians, reptiles and invertebrates","Trouts, PROCESS Cooking in water",,264,264,264,325,,270
"Fish, seafood, amphibians, reptiles and invertebrates","Trouts, PROCESS Frying",271,271,271,271,325,271,325
"Fish, seafood, amphibians, reptiles and invertebrates","Trouts, PROCESS Steaming",,250,264,250,325,,270
"Fish, seafood, amphibians, reptiles and invertebrates",Tuna and bonito (generic),230,223,200,264,200,230,230
"Fish, seafood, amphibians, reptiles and invertebrates","Tuna and bonito (generic), PROCESS Baking",212,285,212,285,285,212,212
"Fish, seafood, amphibians, reptiles and invertebrates","Tuna and bonito (generic), PROCESS Cooking in water",212,212,212,212,212,212,212
"Fish, seafood, amphibians, reptiles and invertebrates","Tuna and bonito (generic), PROCESS Frying",260.3,212,212,212,212,310,212
"Fish, seafood, amphibians, reptiles and invertebrates","Tuna and bonito (generic), PROCESS Steaming",209,209,209,209,209,209,209
"Fish, seafood, amphibians, reptiles and invertebrates","Water snails, conches and whelks, PROCESS Cooking in water",140,233,140,233,140,140,140
"Fish, seafood, amphibians, reptiles and invertebrates",Whitefishes or coregonus,290,247,247,263,290,290,247
"Fish, seafood, amphibians, reptiles and invertebrates","Whitefishes or coregonus, PROCESS Baking",272,272,272,272,272,272,272
"Fish, seafood, amphibians, reptiles and invertebrates","Whitefishes or coregonus, PROCESS Cooking in water",271,271,271,271,271,271,271
"Fish, seafood, amphibians, reptiles and invertebrates","Whitefishes or coregonus, PROCESS Frying",272,272,272,272,272,272,272
"Fish, seafood, amphibians, reptiles and invertebrates","Whitefishes or coregonus, PROCESS Steaming",271,271,271,271,271,271,271
"Fish, seafood, amphibians, reptiles and invertebrates",Wolffish,180,179,179,179,180,180,179
"Fish, seafood, amphibians, reptiles and invertebrates","Wolffish, PROCESS Baking",195,195,195,195,195,195,195
"Fish, seafood, amphibians, reptiles and invertebrates","Wolffish, PROCESS Cooking in water",194,194,194,194,194,194,194
"Fish, seafood, amphibians, reptiles and invertebrates","Wolffish, PROCESS Frying",195,195,195,195,195,195,195
"Fish, seafood, amphibians, reptiles and invertebrates","Wolffish, PROCESS Steaming",192,192,192,192,192,192,192
"Fish, seafood, amphibians, reptiles and invertebrates",Wolffishes,180,302,179,302,180,180,179
"Fish, seafood, amphibians, reptiles and invertebrates","Wolffishes, PROCESS Baking",195,195,195,195,195,195,195
"Fish, seafood, amphibians, reptiles and invertebrates","Wolffishes, PROCESS Cooking in water",194,194,194,194,194,194,194
"Fish, seafood, amphibians, reptiles and invertebrates","Wolffishes, PROCESS Frying",195,195,195,195,195,195,195
"Fish, seafood, amphibians, reptiles and invertebrates","Wolffishes, PROCESS Steaming",192,192,192,192,192,192,192
Food products for young population,"Biscuits, rusks and cookies for children",329,329,329,225,148,329,190
Food products for young population,Cereals with an added high protein food which have to be reconstituted with water or other protein-free liquid,380,380,380,380,380,380,380
Food products for young population,"Follow-on formulae, liquid",40,40,80,40,80,40,80
Food products for young population,"Follow-on formulae, powder",320,320,390,320,390,320,390
Food products for young population,"Infant formulae, liquid",24,30,30,30,30,24,30
Food products for young population,"Infant formulae, powder",219.3,230,261,230,261,219.3,230
Food products for young population,"Pasta for children (dry, to be cooked)",153,153,153,153,153,153,153
Food products for young population,Ready-to-eat cereal-based meal for children,,16.8,40,16.8,40,,40
Food products for young population,Ready-to-eat dairy-based meal for children,,22,22,22,22,,22
Food products for young population,Ready-to-eat fish-based meal for children,46.5,41.8,57,41.8,57,46.5,57
Food products for young population,Ready-to-eat fruit-based meal for children,13.5,20,20,20,17,13.5,20
Food products for young population,Ready-to-eat meat-based meal for children,44.8,41.8,50,41.8,50,44.8,50
Food products for young population,Ready-to-eat mixed meal for children,41.8,41.8,41.8,41.8,41.8,41.8,41.8
Food products for young population,Ready-to-eat vegetable-based meal for children,28,45,45,45,45,28,45
Food products for young population,Simple cereals which have to be reconstituted with milk or other appropriate nutritious liquids,379,330,379,330,330,379,330
Fruit and fruit products,American persimmons,46.5,24,25,24,46.5,46.5,25
Fruit and fruit products,Apples and similar-,7.8,11,11,11,11,11.5,11
Fruit and fruit products,"Apples and similar-, PROCESS Baking",,11,11,11,27,27,9
Fruit and fruit products,"Apples and similar-, PROCESS Cooking in water",10,10,10,10,7,10,8
Fruit and fruit products,"Apples and similar-, PROCESS Steaming",10,10,10,10,7,10,8
Fruit and fruit products,Apricots,11,16.6,21,16,20,19,20
Fruit and fruit products,Arbutus berries,55.8,55.8,55.8,55.8,55.8,55.8,55.8
Fruit and fruit products,Avocados,31,43.3,49,44,39,41,35
Fruit and fruit products,Bilberries (European blueberries),20,13,13,13,15,20,14
Fruit and fruit products,Blackberries,21,30,30,48,25,21,31
Fruit and fruit products,Blackcurrants,58,50,40,43,50,58,43
Fruit and fruit products,Blueberries,9,12,13,31,12,9,12
Fruit and fruit products,"Candied fruit, cherry",14,14,14,9,9,14,9
Fruit and fruit products,"Candied fruit, mixed fruit",7,7,7,7,7,7,7
Fruit and fruit products,"Candied fruit, orange peel",12,12,12,5,12,12,12
Fruit and fruit products,Canned fruit cocktail,12,8,8,9,8,11,8
Fruit and fruit products,"Canned fruit cocktail, MEDIUM In diluted sweet liquid-syrup",12,12,5,9,8,12,9
Fruit and fruit products,"Canned fruit cocktail, MEDIUM In fruit/vegetable juice",11,5,5,5,14,5,14
Fruit and fruit products,Canned or jarred apple,6,9,9,9,6,6,9
Fruit and fruit products,"Canned or jarred apple, MEDIUM In diluted sweet liquid-syrup",13.4,6,6,6,13.4,13.4,6
Fruit and fruit products,"Canned or jarred apple, MEDIUM In fruit/vegetable juice",6,6,6,6,6,6,6
Fruit and fruit products,Canned or jarred apricot,11,15,15,8,8,12,8
Fruit and fruit products,"Canned or jarred apricot, MEDIUM In diluted sweet liquid-syrup",11,12,12,8,8,11,8
Fruit and fruit products,"Canned or jarred apricot, MEDIUM In fruit/vegetable juice",13,12,12,12,13,13,12
Fruit and fruit products,Canned or jarred cranberry,24,24,24,24,24,24,24
Fruit and fruit products,"Canned or jarred cranberry, MEDIUM In diluted sweet liquid-syrup",10,16,16,16,10,10,16
Fruit and fruit products,"Canned or jarred cranberry, MEDIUM In fruit/vegetable juice",16,16,16,16,16,16,16
Fruit and fruit products,Canned or jarred mandarin,10,17,17,17,8,10,8
Fruit and fruit products,"Canned or jarred mandarin, MEDIUM In diluted sweet liquid-syrup",11,11,11,11,8,11,8
Fruit and fruit products,"Canned or jarred mandarin, MEDIUM In fruit/vegetable juice",11,11,11,11,13,11,13
Fruit and fruit products,Canned or jarred mixed fruit,8,8,8,9,8,8,8
Fruit and fruit products,"Canned or jarred mixed fruit, MEDIUM In diluted sweet liquid-syrup",11,12,5,9,8,5,9
Fruit and fruit products,"Canned or jarred mixed fruit, MEDIUM In fruit/vegetable juice",11,5,5,5,16,5,14
Fruit and fruit products,Canned or jarred peach,10,10,10,10,11,11,11
Fruit and fruit products,"Canned or jarred peach, MEDIUM In diluted sweet liquid-syrup",10,12,11,11,11,10,11
Fruit and fruit products,"Canned or jarred peach, MEDIUM In fruit/vegetable juice",11,11,11,11,19,11,19
Fruit and fruit products,Canned or jarred pear,7,12,12,12,8,7,8
Fruit and fruit products,"Canned or jarred pear, MEDIUM In diluted sweet liquid-syrup",13,7,8,7,8,13,7
Fruit and fruit products,"Canned or jarred pear, MEDIUM In fruit/vegetable juice",8,8,8,8,10,8,10
Fruit and fruit products,Canned or jarred pineapple,17,6,6,5,11,6,11
Fruit and fruit products,"Canned or jarred pineapple, MEDIUM In diluted sweet liquid-syrup",17,7.2,5,5,11,17,5
Fruit and fruit products,"Canned or jarred pineapple, MEDIUM In fruit/vegetable juice",17,5,5,5,5,17,5
Fruit and fruit products,Canned or jarred plum,21,21,21,21,10,21,10
Fruit and fruit products,"Canned or jarred plum, MEDIUM In diluted sweet liquid-syrup",19.4,14,14,14,10,19.4,10
Fruit and fruit products,"Canned or jarred plum, MEDIUM In fruit/vegetable juice",14,14,14,14,14,14,14
Fruit and fruit products,Canned or jarred sour cherry,17,17,17,17,17,17,17
Fruit and fruit products,"Canned or jarred sour cherry, MEDIUM In diluted sweet liquid-syrup",16.9,11,11,11,16.9,16.9,11
Fruit and fruit products,"Canned or jarred sour cherry, MEDIUM In fruit/vegetable juice",11,11,11,11,11,11,11
Fruit and fruit products,Canned or jarred sweet cherry,20,20,20,20,13,20,13
Fruit and fruit products,"Canned or jarred sweet cherry, MEDIUM In diluted sweet liquid-syrup",13,19,13,19,13,13,13
Fruit and fruit products,"Canned or jarred sweet cherry, MEDIUM In fruit/vegetable juice",19.4,13,13,13,19.4,19.4,13
Fruit and fruit products,Carambolas,17,14,16,14,15,17,15
Fruit and fruit products,Cherimoyas,40,32,32,32,40,40,32
Fruit and fruit products,Cherries (sweet),16,21.8,24,18,30,16,21
Fruit and fruit products,Chocolate coated dried fruit,170,170,170,170,170,170,170
Fruit and fruit products,Chokecherries,56,56,56,56,56,56,56
Fruit and fruit products,Citrons,18,18,,18,18,18,18
Fruit and fruit products,Citrus fruit peel,12,12,12,6,6,12,6
Fruit and fruit products,Cloudberries,36,10,10,10,38,20,10
Fruit and fruit products,Common banana,26,16,22,28,28,20,28
Fruit and fruit products,"Common banana, PROCESS Baking",23.5,24,24,24,15.5,,24
Fruit and fruit products,"Common banana, PROCESS Cooking in water",20,20,20,20,20,20,20
Fruit and fruit products,"Common banana, PROCESS Steaming",22,22,22,22,22,22,22
Fruit and fruit products,Cranberries,10,10,10,10,10,10,11
Fruit and fruit products,Dates,31,60,60,28,28,31,28
Fruit and fruit products,Dewberries and similar-,26,24,26,24,25,26,24
Fruit and fruit products,Dried apples,54,50,50,66,50,38,43
Fruit and fruit products,Dried apricots,34.9,131,114,108,120,117,120
Fruit and fruit products,Dried bananas,23.5,71,71,71,16.9,,61
Fruit and fruit products,Dried dates,64.4,74,57,65,60,40,60
Fruit and fruit products,Dried figs,,71,108,111,67,68,89
Fruit and fruit products,Dried pears,59,53,53,53,150,59,65
Fruit and fruit products,Dried prunes,90,77,73,85,60,79,73
Fruit and fruit products,"Dried prunes, PROCESS Baking",38,75,75,75,38,38,75
Fruit and fruit products,"Dried prunes, PROCESS Cooking in water",25,25,25,25,42,25,42
Fruit and fruit products,"Dried prunes, PROCESS Steaming",27,27,27,27,42,27,42
Fruit and fruit products,Dried vine fruits (raisins etc.),90,85,110,29,90,97,76
Fruit and fruit products,Elderberries,57,57,57,57,48,57,48
Fruit and fruit products,Figs,71.8,20,32,25,32,14,15
Fruit and fruit products,Fruit chips,70.4,50,50,50,70.4,70.4,61
Fruit and fruit products,"Fruit compote, apple",7.8,9,7,9,8,7.8,7
Fruit and fruit products,"Fruit compote, apricot",,12,12,12,7,,7
Fruit and fruit products,"Fruit compote, mixed fruit",13,13,13,20,13,13,13
Fruit and fruit products,"Fruit compote, peach",11,11,11,11,11,11,11
Fruit and fruit products,"Fruit compote, pear",6,6,6,6,10,6,10
Fruit and fruit products,"Fruit compote, pineapple",7,7,7,7,7,7,7
Fruit and fruit products,"Fruit compote, plum",11,11,11,11,11,11,11
Fruit and fruit products,"Fruit compote, sour cherry",13,13,13,13,13,13,13
Fruit and fruit products,"Fruit compote, sweet cherry",16,16,16,16,16,16,16
Fruit and fruit products,Fruit or fruit-vegetable puree,7,7,7,7,7,7,7
Fruit and fruit products,Fruit preparations for fillings and/or flavouring,11,11,11,11,17,11,15
Fruit and fruit products,Fruit salad,16.2,16.4,15,16.4,17,,17
Fruit and fruit products,Gooseberries and similar-,25,25.5,30,25.5,30,28,34
Fruit and fruit products,Granate apples,,8,17,10,17,8,29
Fruit and fruit products,Grapefruits,20,13.8,16,16,15,8,20
Fruit and fruit products,Guavas and similar-,,11,31,11,25,25,25
Fruit and fruit products,"Jam, apricots",11,9.5,11,11,9,11,6
Fruit and fruit products,"Jam, apricots, SWEET Fructose",6,6,6,6,6,6,6
Fruit and fruit products,"Jam, blackberries",14,14,14,14,9,14,10
Fruit and fruit products,"Jam, blackberries, SWEET Fructose",14,14,14,14,14,14,14
Fruit and fruit products,"Jam, blueberries",27,5,5,5,9,5,9
Fruit and fruit products,"Jam, blueberries, SWEET Fructose",14,14,14,14,14,14,14
Fruit and fruit products,"Jam, cranberries",27,4,4,4,9,4,9
Fruit and fruit products,"Jam, cranberries, SWEET Fructose",14,14,14,14,14,14,14
Fruit and fruit products,"Jam, currants (black)",27,15,15,15,9,15,10
Fruit and fruit products,"Jam, currants (black), SWEET Fructose",10,14,14,14,10,10,14
Fruit and fruit products,"Jam, currants (red)",27,12,12,12,9,12,10
Fruit and fruit products,"Jam, currants (red), SWEET Fructose",14,14,14,14,14,14,14
Fruit and fruit products,"Jam, gooseberries",11,11,11,11,9,11,9
Fruit and fruit products,"Jam, gooseberries, SWEET Fructose",14,14,14,14,14,14,14
Fruit and fruit products,"Jam, lingonberry",,4,4,4,9,10,9
Fruit and fruit products,"Jam, lingonberry, SWEET Fructose",14,14,14,14,14,14,14
Fruit and fruit products,"Jam, mixed fruit",9,13.7,8,7,9,9,9
Fruit and fruit products,"Jam, mixed fruit, SWEET Fructose",8,14,14,14,13,8,14
Fruit and fruit products,"Jam, oranges",5,6,5,13,9,5,9
Fruit and fruit products,"Jam, oranges, SWEET Fructose",18,6,6,6,18,18,6
Fruit and fruit products,"Jam, peaches",8,8,8,8,9,8,6
Fruit and fruit products,"Jam, peaches, SWEET Fructose",6,6,6,6,6,6,6
Fruit and fruit products,"Jam, plums",9,9,9,28,9,9,6
Fruit and fruit products,"Jam, plums, SWEET Fructose",6,6,6,6,6,6,6
Fruit and fruit products,"Jam, raspberries",27,16,16,16,9,16,10
Fruit and fruit products,"Jam, raspberries, SWEET Fructose",14,14,14,14,14,14,14
Fruit and fruit products,"Jam, rose hips",58,58,58,58,20,58,20
Fruit and fruit products,"Jam, rose hips, SWEET Fructose",14,14,14,14,14,14,14
Fruit and fruit products,"Jam, sour cherry",9,9,9,9,9,9,9
Fruit and fruit products,"Jam, sour cherry, SWEET Fructose",6,6,6,6,6,6,6
Fruit and fruit products,"Jam, strawberries",23,15,10,15,9,16,10
Fruit and fruit products,"Jam, strawberries, SWEET Fructose",13,14,14,14,13,13,14
Fruit and fruit products,"Jam, sweet cherry",9,12,9,12,9,9,6
Fruit and fruit products,"Jam, sweet cherry, SWEET Fructose",6,6,6,6,6,6,6
Fruit and fruit products,Kaki and similar-,,17,25,16,17,,25
Fruit and fruit products,"Kiwi fruits (green, red, yellow)",40,40.3,31,70,34,31,32
Fruit and fruit products,Lemons,20,17,16,11,25,20,16
Fruit and fruit products,Limes,18,14,11,25,15,18,18
Fruit and fruit products,Lingonberries,17,10,10,10,10,16,10
Fruit and fruit products,Litchis,69.2,31,33,31,30,69.2,30
Fruit and fruit products,Loganberries,24,24,24,24,25,24,24
Fruit and fruit products,Loquats,23,19,23,11,22,23,22
Fruit and fruit products,Mandarins,16,15,20,19,19,16,19
Fruit and fruit products,Mandarins and similar-,16,15,20,19,19,11,19
Fruit and fruit products,Mangoes,11,14,13,11,12,11,16
Fruit and fruit products,"Marmalade, oranges",2.4,6,4,13,9,2,6
Fruit and fruit products,"Marmalade, oranges, SWEET Fructose",17.3,6,6,6,17.3,17.3,6
Fruit and fruit products,Medlars,18.8,28,28,28,18.8,18.8,28
Fruit and fruit products,Mixed dried fruits,54,75,54,373,95,54,73
Fruit and fruit products,Mulberries (black and white),48,38,48,48,48,48,48
Fruit and fruit products,Oranges and similar-,23,13.6,20,22,24,20,21
Fruit and fruit products,Papayas,5,7.5,16,16,15,5,15
Fruit and fruit products,Passionfruits,68,68,57,68,64,68,64
Fruit and fruit products,Peaches and similar-,20,20.7,20,20.7,22,16,22
Fruit and fruit products,Pears and similar-,13,12.4,11,15,12,13,13
Fruit and fruit products,"Pears and similar-, PROCESS Baking",17,11,11,11,17,17,11
Fruit and fruit products,"Pears and similar-, PROCESS Cooking in water",10,7,10,7,11,10,11
Fruit and fruit products,Pineapples,8,11,9,8,8,7,10
Fruit and fruit products,"Pineapples, PROCESS Baking",78.2,10,10,10,78.2,78.2,10
Fruit and fruit products,"Pineapples, PROCESS Cooking in water",8,8,8,8,8,8,8
Fruit and fruit products,"Pineapples, PROCESS Steaming",9,9,9,9,9,9,9
Fruit and fruit products,Plums and similar-,20,16,16,14,22,20,23
Fruit and fruit products,Pomelos,20,20,20,20,20,20,20
Fruit and fruit products,Prickly pears,24,24,27,25,27,24,27
Fruit and fruit products,Quinces,21.8,18,20,14,21.8,21.8,19
Fruit and fruit products,Raspberries (red and yellow),37,28,44,52,25,28,31
Fruit and fruit products,Raspberries and similar-,37,28,44,52,25,37,31
Fruit and fruit products,Redcurrants,47,27,27,43,40,47,30
Fruit and fruit products,Rose hips and similar-,258,258,258,258,258,258,258
Fruit and fruit products,Sea buckthorns,8.6,9,9,9,21.9,8.6,9
Fruit and fruit products,Sour cherries,14.6,19,19,17,20,18,20
Fruit and fruit products,Strawberries and similar-,30,21.9,25,28,29,30,24
Fruit and fruit products,Table grapes,13,19,19,4,24,13,18
Fruit and fruit products,Tamarillos,32.8,24,32,24,32.8,32.8,32
Fruit and fruit products,Tangelos (except minneolas),17.4,17.4,17.4,17.4,17.4,17.4,17.4
Fruit and fruit products,Wine grapes,19,19,19,19,22.7,19,19
Fruit and vegetable juices and nectars,Dehydrated/powdered vegetable juice,423,423,423,423,423,423,423
Fruit and vegetable juices and nectars,Fruit smoothies,53,53,53,53,14,53,14
Fruit and vegetable juices and nectars,"Juice concentrate, black currant",19.6,3,19.6,3,19.6,19.6,3
Fruit and vegetable juices and nectars,"Juice concentrate, orange",21.6,5,21.6,5,21.6,21.6,5
Fruit and vegetable juices and nectars,"Juice, apple",6,6.5,7,6,8,7,6
Fruit and vegetable juices and nectars,"Juice, apple-carrot",,18,18,18,24.4,,18
Fruit and vegetable juices and nectars,"Juice, apple-cherry",11,11,11,11,11,11,11
Fruit and vegetable juices and nectars,"Juice, apple-cherry, FORT Combination of vitamin and mineral only supplements",11,11,11,11,11,11,11
Fruit and vegetable juices and nectars,"Juice, apple, FORT Vitamin only supplements",11,11,11,11,8,11,8
Fruit and vegetable juices and nectars,"Juice, apricot",21,21,21,13,21,21,21
Fruit and vegetable juices and nectars,"Juice, apricot-orange",19,19,19,19,11,19,11
Fruit and vegetable juices and nectars,"Juice, apricot-orange, FORT Combination of vitamin and mineral only supplements",11,11,11,11,11,11,11
Fruit and vegetable juices and nectars,"Juice, beetroot",29,29,29,15,29,29,29
Fruit and vegetable juices and nectars,"Juice, black currant",27.6,40,40,40,12,27.6,12
Fruit and vegetable juices and nectars,"Juice, blackberry",31,31,31,31,12,31,12
Fruit and vegetable juices and nectars,"Juice, carrot",31,30.3,31,30.3,24,31,25
Fruit and vegetable juices and nectars,"Juice, celery",69,69,69,69,69,69,69
Fruit and vegetable juices and nectars,"Juice, cranberry",13.5,10,10,10,12,13.5,12
Fruit and vegetable juices and nectars,"Juice, elderberry",49,49,49,49,49,49,49
Fruit and vegetable juices and nectars,"Juice, grape",20,11.2,12,10,12,11,14
Fruit and vegetable juices and nectars,"Juice, grapefruit",16,13.4,13,13,13,16,11
Fruit and vegetable juices and nectars,"Juice, lemon",8,12.3,16,10,11,6,8
Fruit and vegetable juices and nectars,"Juice, lime",7,10,9,10,11,7,7
Fruit and vegetable juices and nectars,"Juice, mango",13,25,13,25,22,13,22
Fruit and vegetable juices and nectars,"Juice, mixed fruit",10,12.1,10,11,11,10,11
Fruit and vegetable juices and nectars,"Juice, multi-vegetable",12,22.5,57,22.5,21,,21
Fruit and vegetable juices and nectars,"Juice, orange",16,17.2,16,17,19,16,22
Fruit and vegetable juices and nectars,"Juice, orange-grapefruit",11,11,11,14,11,11,11
Fruit and vegetable juices and nectars,"Juice, orange-grapefruit, FORT Combination of vitamin and mineral only supplements",11,12.4,11,12.4,11,11,11
Fruit and vegetable juices and nectars,"Juice, orange-peach",11,12.4,11,12.4,11,11,11
Fruit and vegetable juices and nectars,"Juice, orange-peach, FORT Combination of vitamin and mineral only supplements",11,11,11,11,11,11,11
Fruit and vegetable juices and nectars,"Juice, orange, FORT Vitamin only supplements",16.2,16,16,16,14,16.2,14
Fruit and vegetable juices and nectars,"Juice, peach",20,20,20,6,20,20,20
Fruit and vegetable juices and nectars,"Juice, pear",13,11,11,3,8,13,8
Fruit and vegetable juices and nectars,"Juice, pineapple",20,8.4,4,8,8,8,1
Fruit and vegetable juices and nectars,"Juice, pomegranate",8,8,8,8,8,8,8
Fruit and vegetable juices and nectars,"Juice, red currant",18.6,28,28,28,12,18.6,12
Fruit and vegetable juices and nectars,"Juice, strawberry-cherry",11,11,11,11,11,11,11
Fruit and vegetable juices and nectars,"Juice, strawberry-cherry, FORT Combination of vitamin and mineral only supplements",11,11,11,11,11,11,11
Fruit and vegetable juices and nectars,"Juice, tomato",30,18.3,16,19,17,19,19
Fruit and vegetable juices and nectars,"Juice, tomato-leafy vegetables",23.6,22.5,57,22.5,21,23.6,21
Fruit and vegetable juices and nectars,Mixed fruit nectars,5,6.3,5,11,7,5,7
Fruit and vegetable juices and nectars,Mixed vegetable juice,32.5,57,57,57,21,32.5,21
Fruit and vegetable juices and nectars,Multivitamin juices,,10,10,10,11,,11
Fruit and vegetable juices and nectars,"Multivitamin juices, FORT Combination of vitamin and mineral only supplements",12,12,12,12,12,12,12
Fruit and vegetable juices and nectars,"Multivitamin juices, FORT Vitamin only supplements",,10,10,10,11,10,11
Fruit and vegetable juices and nectars,"Nectar, apple",6,6,6,6,7,6,7
Fruit and vegetable juices and nectars,"Nectar, apricot",8,9,8,13,7,8,7
Fruit and vegetable juices and nectars,"Nectar, banana",6,6,6,6,6,6,6
Fruit and vegetable juices and nectars,"Nectar, mango",5,4,5,4,7,5,7
Fruit and vegetable juices and nectars,"Nectar, orange",11,7.7,8,7.7,7,11,7
Fruit and vegetable juices and nectars,"Nectar, peach",9,,9,6,7,9,7
Fruit and vegetable juices and nectars,"Nectar, pear",6,3,6,3,7,6,7
Fruit and vegetable juices and nectars,"Nectar, pineapple",2,2,2,8,7,2,7
Fruit and vegetable juices and nectars,Vegetable juice concentrate,57,57,57,57,57,57,57
Grains and grain-based products,Amaranth flour,455,455,455,455,455,455,455
Grains and grain-based products,Apple strudel,31,41.4,31,41.4,41.4,31,31
Grains and grain-based products,Asian-style noodles other than glass noodles,22,22,22,22,125,22,200
Grains and grain-based products,"Asian-style noodles other than glass noodles, PROCESS Cooking in water",,,,,73,,31
Grains and grain-based products,"Asian-style noodles other than glass noodles, PROCESS Steaming",,,,,73,,31
Grains and grain-based products,Baklava,129,125,129,125,70,129,70
Grains and grain-based products,Barley flour,300,390,390,393,300,300,390
Grains and grain-based products,"Barley grain, pearled",210,210,210,189,200,210,210
Grains and grain-based products,"Barley grain, pearled, PROCESS Cooking in water",52,75,75,75,71,52,71
Grains and grain-based products,"Barley grain, pearled, PROCESS Steaming",52,75,75,75,71,52,71
Grains and grain-based products,Barley porridge,76,76,76,76,76,76,76
Grains and grain-based products,"Barley porridge, INGRED Cow milk, skimmed (low fat)",76,76,76,76,76,76,76
Grains and grain-based products,"Barley porridge, INGRED Cow milk, whole",94.5,94.5,94.5,94.5,94.5,94.5,94.5
Grains and grain-based products,"Barley porridge, INGRED Tap water",43,43,43,43,43,43,43
Grains and grain-based products,Barley rolled grains,220,189,189,189,350,220,350
Grains and grain-based products,Beignets,85,95,85,95,95,85,85
Grains and grain-based products,"Biscuit with inclusions, filling or coating",89.7,117,297,83,125,103.5,100
Grains and grain-based products,"Biscuits, chocolate",,117,360,130,93,,150
Grains and grain-based products,"Biscuits, oat meal",151.2,218,218,218,142,,215
Grains and grain-based products,"Biscuits, sweet, plain",130.5,160,324,160,137,75.5,82
Grains and grain-based products,"Biscuits, sweet, plain, FORT Combination of vitamin and mineral only supplements",213,213,213,213,213,213,213
Grains and grain-based products,"Biscuits, sweet, plain, FORT Vitamin only supplements",149,149,149,149,149,149,149
Grains and grain-based products,"Biscuits, sweet, wheat wholemeal",,324,324,164,300,95.7,88
Grains and grain-based products,Bread and rolls with special ingredients added,139,89,155,89,253,139,100
Grains and grain-based products,"Bread and rolls with special ingredients added, FORT Protein and amino acids supplements",160,160,160,160,160,160,160
Grains and grain-based products,Bread stuffing,86,86,86,86,86,86,86
Grains and grain-based products,Breadcrumbs,140,110,100,130,100,140,130
Grains and grain-based products,Brioche type products,124,163,124,70,,124,
Grains and grain-based products,Buckwheat flour,190,263,263,150,150,190,150
Grains and grain-based products,Buckwheat groats,320,1142,1142,330,150,320,150
Grains and grain-based products,Buns,,41.4,93,41.4,105,93,107
Grains and grain-based products,Butter biscuits,,77,86,77,90,68.7,90
Grains and grain-based products,"Cake marbled, with chocolate",,134,162,134,134,,162
Grains and grain-based products,Cereal bars mixed,,146,175,146,143,,290
Grains and grain-based products,Cereal bars plain,,236,175,236,368,,368
Grains and grain-based products,Cereal bran,1677,1200,1677,1200,1200,1677,1200
Grains and grain-based products,Cereals and cereal-like grains not separately listed,271,271,271,271,271,271,271
Grains and grain-based products,Chapatti flour,140,140,140,140,140,140,140
Grains and grain-based products,Cheese cake,,100,119,100,64,220,64
Grains and grain-based products,Chocolate cake,,109,179,109,172,139,168
Grains and grain-based products,Chocolate cake with fruits,91,103,103,103,91,91,103
Grains and grain-based products,Choux pastry doughs,78,78,78,78,79,78,79
Grains and grain-based products,"Choux pastry doughs, PROCESS Baking",78,113,78,66,121,78,121
Grains and grain-based products,Common millet and similar-,240,310,310,300,300,240,300
Grains and grain-based products,"Common millet and similar-, PROCESS Cooking in water",96,99,99,99,100,96,100
Grains and grain-based products,"Common millet and similar-, PROCESS Steaming",96,99,99,99,100,96,100
Grains and grain-based products,Common wheat grain,272,342,342,304,103,272,103
Grains and grain-based products,Corn chips,226,121,121,121,200,226,240
Grains and grain-based products,Corn curls,60,96,106,96,67,225,120
Grains and grain-based products,Corn semolina based thick soup,,7,7,50,7,,7
Grains and grain-based products,Cornmeal porridge,,92,92,50,92,,92
Grains and grain-based products,"Cornmeal porridge, INGRED Cow milk, whole",94.8,94.8,94.8,94.8,94.8,94.8,94.8
Grains and grain-based products,"Cornmeal porridge, INGRED Tap water",92,50,92,50,50,92,92
Grains and grain-based products,Couscous,95,200,254,200,170,95,170
Grains and grain-based products,"Couscous, PROCESS Cooking in water",,113,104,113,57,,
Grains and grain-based products,"Couscous, PROCESS Steaming",,113,104,113,57,,
Grains and grain-based products,Crackers and breadsticks,,108,444,108,110,154.2,110
Grains and grain-based products,Cream cake,67.2,75.5,84,75.5,170,131,68
Grains and grain-based products,Cream cheese cake,,77,77,77,64,77,64
Grains and grain-based products,Cream custard cake,99,71,99,71,98,99,98
Grains and grain-based products,Cream-cheese strudel,120,120,120,120,120,120,120
Grains and grain-based products,"Crisp bread, rye wholemeal",,323,323,269,325,350,310
Grains and grain-based products,"Crisp bread, rye, refined flour",380,323,323,323,380,380,323
Grains and grain-based products,"Crisp bread, wheat, refined flour",,119,129,119,225,,225
Grains and grain-based products,"Crisp bread, wheat, wholemeal",336.7,129,129,129,330,295,330
Grains and grain-based products,Croissant,,98,106,130,83,106,93
Grains and grain-based products,Croissant from puff pastry,,98,106,70,83,,93
Grains and grain-based products,"Croissant, filled with chocolate",150,117,150,117,100,150,100
Grains and grain-based products,"Croissant, filled with cream",77,77,77,77,77,77,77
Grains and grain-based products,"Croissant, filled with jam",64,64,64,64,64,64,64
Grains and grain-based products,Croquembouche,75.5,75.5,75.5,75.5,75.5,75.5,75.5
Grains and grain-based products,Croutons,,119,96,119,120,,120
Grains and grain-based products,Doughnuts-berliner,62,71,85,71,104,274,
Grains and grain-based products,Dried egg pasta,,153,153,199,153,,153
Grains and grain-based products,"Dried egg pasta, PROCESS Baking",62,62,62,62,62,62,62
Grains and grain-based products,"Dried egg pasta, PROCESS Cooking in water",,82,58,82,88,58,88
Grains and grain-based products,"Dried egg pasta, PROCESS Steaming",,58,58,58,88,58,88
Grains and grain-based products,"Dumpling, sweet",83,83,83,83,83,83,83
Grains and grain-based products,Durum wheat grain,342,240,342,330,103,342,103
Grains and grain-based products,"Durum wheat grain, PROCESS Baking",122,122,122,122,122,122,122
Grains and grain-based products,"Durum wheat grain, PROCESS Cooking in water",122,105,122,330,105,122,122
Grains and grain-based products,"Durum wheat grain, PROCESS Steaming",122,105,122,105,105,122,122
Grains and grain-based products,Éclair,83,107,83,107,77,83,120
Grains and grain-based products,"Extruded, pressed or puffed bread",,119,169,119,110,304.8,110
Grains and grain-based products,Flan tart,47,84,47,84,94,47,25
Grains and grain-based products,Flour mix (like wheat/rye/barley/oats and other),176,176,176,176,176,176,176
Grains and grain-based products,Fresh egg pasta,,163,94,169,150,,150
Grains and grain-based products,"Fresh egg pasta, PROCESS Baking",62,62,62,62,62,62,62
Grains and grain-based products,"Fresh egg pasta, PROCESS Cooking in water",,82,33,82,88,,86
Grains and grain-based products,"Fresh egg pasta, PROCESS Steaming",,58,58,58,88,,86
Grains and grain-based products,Fruit cake,,102,140,102,53,132.6,79
Grains and grain-based products,Fruit pie-tarts,52,37,52,37,63,52,43
Grains and grain-based products,Gingerbread,455,88,455,88,455,455,80
Grains and grain-based products,"Gingerbread dough, PROCESS Baking",80,88,80,88,80,80,80
Grains and grain-based products,"Gluten free bread, brown",,153,153,153,153,,153
Grains and grain-based products,"Gluten free bread, white",,53,53,53,53,,53
Grains and grain-based products,Gnocchi,,50,50,50,50,,50
Grains and grain-based products,"Gnocchi, PROCESS Baking",51,51,51,51,51,51,51
Grains and grain-based products,"Gnocchi, PROCESS Cooking in water",44,39,44,39,39,44,44
Grains and grain-based products,"Gnocchi, PROCESS Steaming",47,47,47,47,47,47,47
Grains and grain-based products,Gougere,157,297,157,297,120,157,120
Grains and grain-based products,Graham flour,313,320,313,320,313,313,320
Grains and grain-based products,Indian rice grain,433,433,433,433,433,433,433
Grains and grain-based products,"Indian rice grain, PROCESS Cooking in water",82,155,155,155,155,82,155
Grains and grain-based products,"Indian rice grain, PROCESS Steaming",82,155,155,155,155,82,155
Grains and grain-based products,Ingredient rich fine dough without yeast,127,127,127,127,127,127,127
Grains and grain-based products,"Ingredient rich fine dough without yeast, PROCESS Baking",127,100,127,100,100,127,127
Grains and grain-based products,Kringles,100,100,100,100,60,100,60
Grains and grain-based products,Laminated doughs,34,69,34,69,54,34,54
Grains and grain-based products,"Laminated doughs, PROCESS Baking",34,60,34,60,60,34,34
Grains and grain-based products,Leavened bread doughs-deprecated,85,85,85,85,85,85,85
Grains and grain-based products,"Leavened bread doughs-deprecated, PROCESS Baking",,77.1,138,77.1,91,,91
Grains and grain-based products,"Leavened bread doughs-deprecated, PROCESS Cooking in water",62,62,62,62,62,62,62
Grains and grain-based products,"Leavened bread doughs-deprecated, PROCESS Steaming",153,153,153,153,153,153,153
Grains and grain-based products,Lebkuchen,240,173,173,173,240,240,173
Grains and grain-based products,Macaroons,96.8,111,86,111,35,96.8,190
Grains and grain-based products,Maize flour,60,,256,99,180,60,180
Grains and grain-based products,Maize semolina,73,73,73,73,73,73,73
Grains and grain-based products,"Maize semolina, PROCESS Baking",76,76,76,76,76,76,76
Grains and grain-based products,"Maize semolina, PROCESS Cooking in water",76,50,76,50,50,76,76
Grains and grain-based products,"Maize semolina, PROCESS Steaming",76,50,76,50,50,76,76
Grains and grain-based products,Maize starch,15,30,30,30,30,15,30
Grains and grain-based products,Marzipan pie,124,70,102,70,128,124,128
Grains and grain-based products,Matzo,100,100,100,100,125,100,100
Grains and grain-based products,Meringue,5.8,22,11,19,20,12.2,20
Grains and grain-based products,Meringue tart,,37,37,37,103,37,40
Grains and grain-based products,Millet flour,240,260,260,260,260,240,260
Grains and grain-based products,Millet groats,310,310,310,310,310,310,310
Grains and grain-based products,Millet rolled grains,310,310,310,310,310,310,310
Grains and grain-based products,Miscellaneous mixed and processed breakfast cereals-deprecated,357.1,93.3,320,93.3,330,320,220
Grains and grain-based products,Mixed breakfast cereals,202.4,190,271,190,290,202.4,290
Grains and grain-based products,Mixed cereal rolled grains,,294,294,294,294,,294
Grains and grain-based products,Mixed cereal-based snacks,108.1,130,130,130,48.1,108.1,110
Grains and grain-based products,Muesli plain,254.1,328,325,280,368,254.1,280
Grains and grain-based products,Muffins,,158,250,158,259,,259
Grains and grain-based products,Multigrain (not only rye-wheat) bread and rolls,140.9,188,154,188,168,140.9,168
Grains and grain-based products,"Noodle, rice",153,153,153,153,32,153,32
Grains and grain-based products,"Noodle, rice, PROCESS Cooking in water",58.4,58.4,58.4,58.4,58.4,58.4,58.4
Grains and grain-based products,"Noodle, rice, PROCESS Steaming",58.4,58.4,58.4,58.4,58.4,58.4,58.4
Grains and grain-based products,Nut cream cake,,110,110,110,103,,254
Grains and grain-based products,Oat bran,430,325,325,325,519,734,325
Grains and grain-based products,Oat flour,430,405,405,342,405,430,405
Grains and grain-based products,Oat groats,411,290,290,290,380,290,380
Grains and grain-based products,Oat high-bran flakes,323,323,323,365,323,323,323
Grains and grain-based products,Oat porridge,54.3,100,100,100,83,54.3,380
Grains and grain-based products,"Oat porridge, INGRED Cow milk, skimmed (low fat)",123.9,123.9,123.9,123.9,123.9,123.9,123.9
Grains and grain-based products,"Oat porridge, INGRED Cow milk, whole",123.9,100,100,100,83,123.9,142
Grains and grain-based products,"Oat porridge, INGRED Tap water",54.3,61.5,77,61.5,47,54.3,47
Grains and grain-based products,Oat rolled grains,425,325,325,325,400,425,380
Grains and grain-based products,"Oat rolled grains, instant",325,325,325,325,400,325,380
Grains and grain-based products,Pancakes,,87,96,87,201,96,111
Grains and grain-based products,Pasta flavoured and/or/coloured-deprecated,105.4,125,125,125,125,105.4,125
Grains and grain-based products,Pasta wholemeal,280,370,370,370,405,280,330
Grains and grain-based products,"Pasta wholemeal, PROCESS Baking",156,156,156,156,156,156,156
Grains and grain-based products,"Pasta wholemeal, PROCESS Cooking in water",,86,156,86,129,156,110
Grains and grain-based products,"Pasta wholemeal, PROCESS Steaming",110,110,110,110,129,110,110
Grains and grain-based products,"Pasta, gluten free",153,30,30,30,30,153,30
Grains and grain-based products,"Pasta, gluten free, PROCESS Cooking in water",,11,11,11,11,,11
Grains and grain-based products,"Pasta, gluten free, PROCESS Steaming",,11,11,11,11,,11
Grains and grain-based products,"Pasta, simple-deprecated",140,165,165,189,125,140,190
Grains and grain-based products,"Pasta, simple-deprecated, PROCESS Baking",63,63,63,63,63,63,63
Grains and grain-based products,"Pasta, simple-deprecated, PROCESS Cooking in water",50,50,63,32,73,50,44
Grains and grain-based products,"Pasta, simple-deprecated, PROCESS Steaming",63,63,63,32,73,63,73
Grains and grain-based products,Pita bread,66.5,88,88,88,73,111.7,99
Grains and grain-based products,"Pizza base, cooked",,37,37,39,62,,62
Grains and grain-based products,"Popcorn (maize, popped)",150.6,320,275,300,281,275,170
Grains and grain-based products,Popcorn kernels,180,213,213,256,250,180,250
Grains and grain-based products,Popped cereals,97.4,180,350,180,120,97.4,120
Grains and grain-based products,Pretzels,,108,157,108,110,,110
Grains and grain-based products,Processed and mixed breakfast cereals,620,334,323,334,334,323,323
Grains and grain-based products,Processed barley-based flakes,519,189,189,189,519,519,189
Grains and grain-based products,Processed maize-based flakes,40,50,59,58,50,28.8,50
Grains and grain-based products,Processed mixed cereal-based flakes,138.7,195,325,195,195,138.7,325
Grains and grain-based products,Processed oat-based flakes,430,323,323,323,400,430,350
Grains and grain-based products,Processed rice-based flakes,,127,,127,220,91.4,220
Grains and grain-based products,Processed rye-based flakes,290,350,350,350,373,290,373
Grains and grain-based products,Processed wheat-based flakes,365.3,130,320,130,950,365.3,950
Grains and grain-based products,Profiterole,114,48,114,48,77,114,114
Grains and grain-based products,Pumpernickel,158.3,153,153,153,174,198,174
Grains and grain-based products,Pyramid cake,129,129,129,129,129,129,129
Grains and grain-based products,Rice chips,,100,100,100,97,,97
Grains and grain-based products,Rice flour,110,90,90,90,100,110,130
Grains and grain-based products,"Rice grain, brown",254.5,282,282,221,300,254.5,310
Grains and grain-based products,"Rice grain, brown, PROCESS Baking",39,39,39,39,39,39,39
Grains and grain-based products,"Rice grain, brown, PROCESS Cooking in water",101.8,83,101,73,105,108.08,120
Grains and grain-based products,"Rice grain, brown, PROCESS Steaming",101.8,83,40,73,105,108.08,120
Grains and grain-based products,"Rice grain, long-grain",260,108,110,108,100,260,150
Grains and grain-based products,"Rice grain, long-grain, PROCESS Cooking in water",44,38,36,38,42,34.22,54
Grains and grain-based products,"Rice grain, long-grain, PROCESS Steaming",44,38,40,38,42,34.22,54
Grains and grain-based products,"Rice grain, mixed",293.8,320,320,320,300,293.8,300
Grains and grain-based products,"Rice grain, mixed, PROCESS Cooking in water",100.7,115,115,115,120,100.7,120
Grains and grain-based products,"Rice grain, mixed, PROCESS Steaming",100.7,40,40,40,40,100.7,40
Grains and grain-based products,"Rice grain, parboiled",260,154,110,200,171,182,150
Grains and grain-based products,"Rice grain, parboiled, PROCESS Cooking in water",39,38,38,57,30,38,54
Grains and grain-based products,"Rice grain, parboiled, PROCESS Steaming",38,55,38,57,30,38,54
Grains and grain-based products,"Rice grain, polished",110,108,110,94,100,188,100
Grains and grain-based products,Rice porridge,80,79,79,79,90,79,90
Grains and grain-based products,"Rice porridge, INGRED Cow milk, skimmed (low fat)",88.1,88.1,88.1,88.1,88.1,88.1,88.1
Grains and grain-based products,"Rice porridge, INGRED Cow milk, whole",88.1,79,79,79,90,88.1,90
Grains and grain-based products,Rice rolled grains,110,110,110,110,110,110,110
Grains and grain-based products,Rice starch,10,10,10,10,10,10,10
Grains and grain-based products,"Rice, popped",97.4,150,100,150,324,97.4,324
Grains and grain-based products,"Rusk, refined flour",118,124,129,124,130,118,190
Grains and grain-based products,"Rusk, wholemeal",236,270,482,270,,236,260
Grains and grain-based products,Rye bran,750,750,750,750,750,750,750
Grains and grain-based products,"Rye bread, refined flour",,138,138,160,114,,160
Grains and grain-based products,"Rye bread, wholemeal",,201,201,201,178,217.5,178
Grains and grain-based products,"Rye flour, light",119,128,128,128,150,119,150
Grains and grain-based products,"Rye flour, medium",190,196,196,196,350,190,350
Grains and grain-based products,"Rye flour, wholemeal",356,340,340,,301,356,360
Grains and grain-based products,Rye groats,395.4,342,342,342,342,395.4,342
Grains and grain-based products,Rye porridge,43.5,43.5,43.5,43.5,43.5,43.5,43.5
Grains and grain-based products,"Rye porridge, INGRED Cow milk, whole",98.9,98.9,98.9,98.9,98.9,98.9,98.9
Grains and grain-based products,"Rye porridge, INGRED Tap water",34.3,34.3,34.3,34.3,34.3,34.3,34.3
Grains and grain-based products,Rye rolled grains,350,350,350,350,373,350,373
Grains and grain-based products,Rye starch,100,100,100,100,100,100,100
Grains and grain-based products,"Rye-wheat bread, refined flour",,101,128,101,100,120.7,128
Grains and grain-based products,"Rye-wheat bread, wholemeal",211.1,238,238,238,189,94,189
Grains and grain-based products,Scones and similar,512,512,512,512,512,512,512
Grains and grain-based products,Short pastry dough and similar,93.6,61,61,61,68,93.6,68
Grains and grain-based products,"Short pastry dough and similar, PROCESS Baking",55,60,55,60,79,55,79
Grains and grain-based products,Sorghum flour,260,260,260,260,260,260,260
Grains and grain-based products,Speculaas,135,135,135,135,125,135,125
Grains and grain-based products,Spelt flour,88,116,116,116,116,116,116
Grains and grain-based products,"Spelt flour, wholemeal",411,286,286,286,286,286,286
Grains and grain-based products,Spelt grain,422,422,422,420,422,422,422
Grains and grain-based products,"Spelt grain, PROCESS Baking",122,122,122,122,122,122,122
Grains and grain-based products,"Spelt grain, PROCESS Cooking in water",122,122,122,122,122,122,122
Grains and grain-based products,"Spelt grain, PROCESS Steaming",122,122,122,122,122,122,122
Grains and grain-based products,Spelt rolled grains,379,422,422,422,379,379,422
Grains and grain-based products,Spice cakes,70.3,88,147,88,103,70.3,103
Grains and grain-based products,Sponge cake,61.9,146,95,146,135,61.9,220
Grains and grain-based products,"Sponge cake dough (génoise), PROCESS Baking",120,146,120,146,135,120,135
Grains and grain-based products,"Sponge cake dough (génoise), PROCESS Steaming",120,120,120,120,120,120,120
Grains and grain-based products,Sponge cake roll,,134,80,117,71,113,180
Grains and grain-based products,"Sticks, salty",,162,130,220,110,141,110
Grains and grain-based products,Sweet almond pastry mass,285,285,285,285,285,285,285
Grains and grain-based products,"Sweet almond pastry mass, PROCESS Baking",161,161,161,242,161,161,161
Grains and grain-based products,Tortilla,110,284,284,284,126,211,85
Grains and grain-based products,Tortilla chips,240,196,121,196,200,235,240
Grains and grain-based products,"Unleavened doughs, PROCESS Baking",61,61,61,61,99,61,99
Grains and grain-based products,Waffles,,67,174,67,71,174,370
Grains and grain-based products,Wheat bran,1100,1142,1142,1200,1200,1100,1200
Grains and grain-based products,Wheat bran rolled flakes,409.2,334,342,334,334,409.2,342
Grains and grain-based products,"Wheat bread and rolls, brown or wholemeal",127.6,224,204,180,142,,157
Grains and grain-based products,"Wheat bread and rolls, white (refined flour)",,97,342,77,84,104.4,91
Grains and grain-based products,"Wheat bread and rolls, white with maize",,115,115,115,115,,115
Grains and grain-based products,Wheat flour white,95,,62,76,103,95,110
Grains and grain-based products,"Wheat flour, brown",280,345,345,345,370,280,230
Grains and grain-based products,"Wheat flour, durum",508,62,62,62,103,508,103
Grains and grain-based products,Wheat germ,1000,921,1000,1100,1250,1000,1050
Grains and grain-based products,Wheat germs rolled flakes,349,1000,1000,1000,349,349,1000
Grains and grain-based products,Wheat groats,508,340,340,340,319,508,319
Grains and grain-based products,Wheat rolled grains,342,342,342,342,342,342,342
Grains and grain-based products,Wheat semolina,95,87,87,165,90,95,110
Grains and grain-based products,"Wheat semolina porridge, INGRED Cow milk, whole",81.6,56,56,56,79,81.6,79
Grains and grain-based products,"Wheat semolina porridge, INGRED Tap water",41.3,7,7,7,7,41.3,7
Grains and grain-based products,"Wheat semolina, PROCESS Cooking in water",9,9,9,9,,9,
Grains and grain-based products,"Wheat semolina, PROCESS Steaming",9,9,9,9,,9,
Grains and grain-based products,Wheat starch,20,20,20,20,20,20,20
Grains and grain-based products,Wheat wholemeal flour,350,345,345,300,313,350,320
Grains and grain-based products,"Wheat, popped",113.9,180,350,180,350,113.9,350
Grains and grain-based products,Yeast leavened sweet doughs,75,75,75,75,75,75,75
Grains and grain-based products,"Yeast leavened sweet doughs, PROCESS Baking",75,80.6,75,80.6,116,75,116
Human milk,Human milk,10,,15,,15,10,
"Legumes, nuts, oilseeds and spices",Allspice fruit,110,63,110,63,110,110,110
"Legumes, nuts, oilseeds and spices",Almonds sweet,491,508,347,550,625,491,550
"Legumes, nuts, oilseeds and spices","Almonds sweet, PROCESS Baking",520,350,350,350,560,520,560
"Legumes, nuts, oilseeds and spices","Almonds sweet, PROCESS Cooking in water",332,332,332,332,332,332,332
"Legumes, nuts, oilseeds and spices","Almonds sweet, PROCESS Steaming",332,332,332,332,332,332,332
"Legumes, nuts, oilseeds and spices",Anise seed,440,440,440,440,440,440,440
"Legumes, nuts, oilseeds and spices",Azuki beans (dry),422.5,450,450,380,380,422.5,380
"Legumes, nuts, oilseeds and spices","Azuki beans (dry), PROCESS Baking",452,452,452,452,452,452,452
"Legumes, nuts, oilseeds and spices","Azuki beans (dry), PROCESS Cooking in water",165,165,165,165,180,165,180
"Legumes, nuts, oilseeds and spices","Azuki beans (dry), PROCESS Steaming",165,165,165,165,180,165,180
"Legumes, nuts, oilseeds and spices",Beans (dry) and similar-,477,421,421,450,400,477,410
"Legumes, nuts, oilseeds and spices","Beans (dry) and similar-, PROCESS Baking",175,175,175,175,175,175,175
"Legumes, nuts, oilseeds and spices","Beans (dry) and similar-, PROCESS Cooking in water",175,100,175,100,170,175,130
"Legumes, nuts, oilseeds and spices","Beans (dry) and similar-, PROCESS Steaming",175,100,175,100,170,175,130
"Legumes, nuts, oilseeds and spices",Beans (fresh seeds without pods) and similar-,95,95,95,180,130,95,130
"Legumes, nuts, oilseeds and spices","Beans (fresh seeds without pods) and similar-, PROCESS Cooking in water",42.6,57,57,57,100,42.6,100
"Legumes, nuts, oilseeds and spices","Beans (fresh seeds without pods) and similar-, PROCESS Steaming",42.6,57,57,57,100,42.6,100
"Legumes, nuts, oilseeds and spices",Bitter almonds,490,347,347,347,625,490,625
"Legumes, nuts, oilseeds and spices",Borage seeds,53,53,53,53,53,53,53
"Legumes, nuts, oilseeds and spices",Borlotti or other common beans (dry),425,421,421,464,400,425,
"Legumes, nuts, oilseeds and spices","Borlotti or other common beans (dry), PROCESS Baking",175,175,175,175,175,175,175
"Legumes, nuts, oilseeds and spices","Borlotti or other common beans (dry), PROCESS Cooking in water",113,100,175,127,170,154.8,42
"Legumes, nuts, oilseeds and spices","Borlotti or other common beans (dry), PROCESS Steaming",113,100,175,127,170,154.8,42
"Legumes, nuts, oilseeds and spices",Broad beans (dry),40,421,421,421,590,40,590
"Legumes, nuts, oilseeds and spices","Broad beans (dry), PROCESS Baking",175,175,175,175,175,175,175
"Legumes, nuts, oilseeds and spices","Broad beans (dry), PROCESS Cooking in water",175,99.3,175,99.3,100,175,100
"Legumes, nuts, oilseeds and spices","Broad beans (dry), PROCESS Steaming",175,99.3,175,99.3,100,175,100
"Legumes, nuts, oilseeds and spices",Broad beans (without pods),95,95,95,93,100,95,130
"Legumes, nuts, oilseeds and spices","Broad beans (without pods), PROCESS Cooking in water",57,57,57,57,100,57,100
"Legumes, nuts, oilseeds and spices","Broad beans (without pods), PROCESS Steaming",57,57,57,57,100,57,100
"Legumes, nuts, oilseeds and spices",Canned or jarred chickpea,560,55,54,72,560,560,81
"Legumes, nuts, oilseeds and spices",Canned or jarred common beans,191,91,103,102,100,191,130
"Legumes, nuts, oilseeds and spices",Canned or jarred lentils,103,52,103,77,52,103,103
"Legumes, nuts, oilseeds and spices",Canned or jarred peas,23,42.1,62,95,100,62,81
"Legumes, nuts, oilseeds and spices",Capers buds,,15,,20,10,,10
"Legumes, nuts, oilseeds and spices",Caraway fruit,568,499,510,499,510,510,510
"Legumes, nuts, oilseeds and spices",Cardamom fruit,170,170,170,170,170,170,170
"Legumes, nuts, oilseeds and spices",Cashew nuts,490,500,500,490,607,490,560
"Legumes, nuts, oilseeds and spices","Cashew nuts, PROCESS Baking",490,428,426,428,510,490,510
"Legumes, nuts, oilseeds and spices","Cashew nuts, PROCESS Cooking in water",462,462,462,462,462,462,462
"Legumes, nuts, oilseeds and spices","Cashew nuts, PROCESS Steaming",501,501,501,501,501,501,501
"Legumes, nuts, oilseeds and spices",Cassia buds,100,100,100,100,100,100,100
"Legumes, nuts, oilseeds and spices",Chestnut puree (castanea vulgaris),52,40,52,40,40,52,52
"Legumes, nuts, oilseeds and spices",Chestnuts,310,87,87,81,90,310,74
"Legumes, nuts, oilseeds and spices","Chestnuts, PROCESS Baking",107,107,107,107,107,107,107
"Legumes, nuts, oilseeds and spices","Chestnuts, PROCESS Cooking in water",82,74,82,74,74,82,82
"Legumes, nuts, oilseeds and spices","Chestnuts, PROCESS Steaming",82,82,82,82,82,82,82
"Legumes, nuts, oilseeds and spices",Chickpea flour,332,332,332,299,340,332,340
"Legumes, nuts, oilseeds and spices",Chickpeas (dry),300,407,407,415,300,300,310
"Legumes, nuts, oilseeds and spices","Chickpeas (dry), PROCESS Cooking in water",168,168,169,148,83,103.4,83
"Legumes, nuts, oilseeds and spices","Chickpeas (dry), PROCESS Steaming",168,168,169,148,83,168,83
"Legumes, nuts, oilseeds and spices",Cinnamon bark and similar-,64,61,61,61,60,64,61
"Legumes, nuts, oilseeds and spices",Cloves buds,110,110,110,110,110,110,110
"Legumes, nuts, oilseeds and spices",Coconut milk (cocos nucifera) liquid,96,96,33,96,96,,30
"Legumes, nuts, oilseeds and spices",Coconuts,113,115,94,95,90,113,94
"Legumes, nuts, oilseeds and spices","Coconuts, PROCESS Drying (dehydration)",150,196,194,160,160,205,160
"Legumes, nuts, oilseeds and spices",Coriander seed,409,409,400,409,409,409,400
"Legumes, nuts, oilseeds and spices",Cumin seed,510,499,510,499,499,510,510
"Legumes, nuts, oilseeds and spices",Dill seed,280,280,280,280,280,280,280
"Legumes, nuts, oilseeds and spices",Fennel seed,487,487,487,510,487,487,510
"Legumes, nuts, oilseeds and spices",Fenugreek seed,296,296,296,296,340,296,340
"Legumes, nuts, oilseeds and spices",Garden peas (dry),380,375,375,320,400,380,300
"Legumes, nuts, oilseeds and spices","Garden peas (dry), PROCESS Cooking in water",,99,191,99,160,,110
"Legumes, nuts, oilseeds and spices","Garden peas (dry), PROCESS Steaming",,99,191,99,160,,110
"Legumes, nuts, oilseeds and spices",Ginger roots,,148,27,148,36,,27
"Legumes, nuts, oilseeds and spices",Hazelnuts,310,425,288,322,300,310,300
"Legumes, nuts, oilseeds and spices","Hazelnuts, PROCESS Baking",310,290,290,290,290,310,290
"Legumes, nuts, oilseeds and spices","Hazelnuts, PROCESS Cooking in water",263,263,263,263,263,263,263
"Legumes, nuts, oilseeds and spices","Hazelnuts, PROCESS Steaming",263,263,263,263,263,263,263
"Legumes, nuts, oilseeds and spices",Juniper berry,510,510,510,510,510,510,510
"Legumes, nuts, oilseeds and spices",Kidney bean (dry seeds),410,,450,460,410,450,410
"Legumes, nuts, oilseeds and spices","Kidney bean (dry seeds), PROCESS Baking",452,452,452,452,452,452,452
"Legumes, nuts, oilseeds and spices","Kidney bean (dry seeds), PROCESS Cooking in water",104.3,,165,143,130,104.3,130
"Legumes, nuts, oilseeds and spices","Kidney bean (dry seeds), PROCESS Steaming",130,,165,143,130,165,130
"Legumes, nuts, oilseeds and spices",Lentils (dry),350,411,411,376,400,173,350
"Legumes, nuts, oilseeds and spices","Lentils (dry), PROCESS Cooking in water",156,164,130,146,160,156,130
"Legumes, nuts, oilseeds and spices","Lentils (dry), PROCESS Steaming",156,164,130,146,160,156,130
"Legumes, nuts, oilseeds and spices",Lentils (without pods),,411,411,376,,,411
"Legumes, nuts, oilseeds and spices","Lentils (without pods), PROCESS Cooking in water",130,130,130,146,130,130,130
"Legumes, nuts, oilseeds and spices","Lentils (without pods), PROCESS Steaming",130,130,130,146,130,130,130
"Legumes, nuts, oilseeds and spices",Lima beans (without pods),53,53,53,53,320,53,320
"Legumes, nuts, oilseeds and spices","Lima beans (without pods), PROCESS Cooking in water",55,55,55,55,87,55,87
"Legumes, nuts, oilseeds and spices","Lima beans (without pods), PROCESS Steaming",55,55,55,55,87,55,87
"Legumes, nuts, oilseeds and spices",Linseeds,642,533,533,533,660,660,660
"Legumes, nuts, oilseeds and spices",Liquorice roots,34,268,268,268,34,34,268
"Legumes, nuts, oilseeds and spices",Macadamias,,188,201,198,198,,200
"Legumes, nuts, oilseeds and spices",Mace aril,110,110,110,110,213,110,110
"Legumes, nuts, oilseeds and spices",Mung beans (dry),395,365,365,360,395,395,360
"Legumes, nuts, oilseeds and spices","Mung beans (dry), PROCESS Cooking in water",99,240,240,240,81,99,81
"Legumes, nuts, oilseeds and spices","Mung beans (dry), PROCESS Steaming",99,240,240,240,81,99,81
"Legumes, nuts, oilseeds and spices",Mustard seeds and similar-,840,840,840,840,840,840,840
"Legumes, nuts, oilseeds and spices",Navy beans (dry seeds),426,426,426,426,310,426,310
"Legumes, nuts, oilseeds and spices","Navy beans (dry seeds), PROCESS Cooking in water",177,100,177,100,120,177,120
"Legumes, nuts, oilseeds and spices","Navy beans (dry seeds), PROCESS Steaming",177,100,177,100,120,177,120
"Legumes, nuts, oilseeds and spices",Nutmeg seed,213,210,210,210,213,213,210
"Legumes, nuts, oilseeds and spices","Olives, processed",20.7,13,13,13,17,20.7,17
"Legumes, nuts, oilseeds and spices",Paprika powder,350,350,350,345,345,350,350
"Legumes, nuts, oilseeds and spices",Peanut butter,375,344,393,344,331,375,330
"Legumes, nuts, oilseeds and spices",Peanuts,330,376,340,376,409,330,430
"Legumes, nuts, oilseeds and spices","Peanuts, PROCESS Baking",458,410,458,283,456,458,420
"Legumes, nuts, oilseeds and spices","Peanuts, PROCESS Cooking in water",312,312,312,312,312,312,312
"Legumes, nuts, oilseeds and spices","Peanuts, PROCESS Steaming",312,312,312,312,312,312,312
"Legumes, nuts, oilseeds and spices",Peas (without pods) and similar-,90,118,118,97,80,90,130
"Legumes, nuts, oilseeds and spices","Peas (without pods) and similar-, PROCESS Baking",127,127,127,127,127,127,127
"Legumes, nuts, oilseeds and spices","Peas (without pods) and similar-, PROCESS Cooking in water",67,100,91,100,80,67,130
"Legumes, nuts, oilseeds and spices","Peas (without pods) and similar-, PROCESS Steaming",123,100,123,100,80,123,130
"Legumes, nuts, oilseeds and spices",Pecans,,277,675,300,310,290,310
"Legumes, nuts, oilseeds and spices","Peppercorn (black, green and white) and similar-",173,172,170,170,173,173,170
"Legumes, nuts, oilseeds and spices","Peppers, dried",293,293,293,18,293,293,293
"Legumes, nuts, oilseeds and spices",Pine nut kernels and similar-,575,575,510,466,508,575,650
"Legumes, nuts, oilseeds and spices","Pine nut kernels and similar-, PROCESS Baking",511,511,511,511,508,511,508
"Legumes, nuts, oilseeds and spices","Pine nut kernels and similar-, PROCESS Cooking in water",517,517,517,517,517,517,517
"Legumes, nuts, oilseeds and spices","Pine nut kernels and similar-, PROCESS Steaming",517,517,517,517,517,517,517
"Legumes, nuts, oilseeds and spices",Pistachios,,500,500,500,490,,500
"Legumes, nuts, oilseeds and spices","Pistachios, PROCESS Baking",500,420,448,420,598,500,420
"Legumes, nuts, oilseeds and spices","Pistachios, PROCESS Cooking in water",459,459,459,459,459,459,459
"Legumes, nuts, oilseeds and spices","Pistachios, PROCESS Steaming",459,459,459,459,459,459,459
"Legumes, nuts, oilseeds and spices",Poppy seeds,849,854,854,854,932,849,840
"Legumes, nuts, oilseeds and spices","Poppy seeds, PROCESS Baking",932,932,932,932,932,932,932
"Legumes, nuts, oilseeds and spices",Pumpkin seeds,516,516,516,516,850,516,850
"Legumes, nuts, oilseeds and spices","Pumpkin seeds, PROCESS Baking",1170,516,516,516,1124,1170,1124
"Legumes, nuts, oilseeds and spices","Pumpkin seeds, PROCESS Cooking in water",471,471,471,471,471,471,471
"Legumes, nuts, oilseeds and spices","Pumpkin seeds, PROCESS Steaming",471,471,471,471,471,471,471
"Legumes, nuts, oilseeds and spices",Saffron,250,250,250,250,250,250,250
"Legumes, nuts, oilseeds and spices",Sesame paste (tahini) (sesamus indicum),,752,752,752,564,,730
"Legumes, nuts, oilseeds and spices",Sesame seeds,715,604,607,604,778,715,720
"Legumes, nuts, oilseeds and spices","Sesame seeds, PROCESS Baking",780,552,552,552,552,780,552
"Legumes, nuts, oilseeds and spices",Soya proteins,600,553,553,600,600,600,600
"Legumes, nuts, oilseeds and spices",Sunflower seeds,700,622,688,640,640,700,640
"Legumes, nuts, oilseeds and spices","Sunflower seeds, PROCESS Baking",700,626,626,626,660,700,660
"Legumes, nuts, oilseeds and spices","Sunflower seeds, PROCESS Cooking in water",641,641,641,641,641,641,641
"Legumes, nuts, oilseeds and spices","Sunflower seeds, PROCESS Steaming",641,641,641,641,641,641,641
"Legumes, nuts, oilseeds and spices",Table olives and similar-,12,17,17,14,12,12,17
"Legumes, nuts, oilseeds and spices",Table olives ready for consumption,17,10,17,18,17,,17
"Legumes, nuts, oilseeds and spices",Turmeric roots,268,268,268,268,290,268,290
"Legumes, nuts, oilseeds and spices",Vanilla,61,61,61,61,61,61,61
"Legumes, nuts, oilseeds and spices",Walnuts,310,362,320,380,521,315,380
Meat and meat products,Bacon,110,157,157,157,150,110,150
Meat and meat products,"Bacon, PROCESS Baking",90,162,162,162,180,90,180
Meat and meat products,"Bacon, PROCESS Cooking in water",214,240,214,240,240,214,214
Meat and meat products,"Bacon, PROCESS Frying",150.7,240,96,240,96,150.7,210
Meat and meat products,"Bacon, PROCESS Steaming",214,240,214,240,240,214,214
Meat and meat products,Beef kidney,270,270,270,220,240,270,240
Meat and meat products,"Beef kidney, PROCESS Baking",245,347,259,347,245,245,259
Meat and meat products,"Beef kidney, PROCESS Cooking in water",372,347,290,347,290,372,290
Meat and meat products,"Beef kidney, PROCESS Frying",298.5,,,,298.5,,
Meat and meat products,"Beef kidney, PROCESS Steaming",372,304,290,304,290,372,290
Meat and meat products,Beef liver,390,351,351,350,396,390,320
Meat and meat products,"Beef liver, PROCESS Baking",330,328,328,328,330,330,328
Meat and meat products,"Beef liver, PROCESS Cooking in water",311,311,311,311,225,311,225
Meat and meat products,"Beef liver, PROCESS Frying",380,380,380,380,482,380,380
Meat and meat products,"Beef liver, PROCESS Steaming",311,311,311,311,225,311,225
Meat and meat products,"Beerwurst, PROCESS Baking",123,123,123,123,123,123,123
Meat and meat products,"Beerwurst, PROCESS Cooking in water",123,123,123,123,123,123,123
Meat and meat products,"Beerwurst, PROCESS Steaming",123,123,123,123,123,123,123
Meat and meat products,Blood-type sausage,187,27.2,70,27.2,22,123,80
Meat and meat products,"Blood-type sausage, QUAL Low fat (naturally or reduced)",119,119,119,119,119,119,119
Meat and meat products,"Bockwurst, PROCESS Baking",69,69,69,69,69,69,69
Meat and meat products,"Bockwurst, PROCESS Cooking in water",69,69,69,69,69,69,69
Meat and meat products,"Bockwurst, PROCESS Steaming",69,69,69,69,69,69,69
Meat and meat products,"Bockwurst, QUAL Low fat (naturally or reduced), PROCESS Baking",176,176,176,176,176,176,176
Meat and meat products,"Bockwurst, QUAL Low fat (naturally or reduced), PROCESS Cooking in water",176,176,176,176,176,176,176
Meat and meat products,"Bockwurst, QUAL Low fat (naturally or reduced), PROCESS Steaming",176,176,176,176,176,176,176
Meat and meat products,"Bologna-type sausage, PROCESS Baking",146,146,146,146,146,146,146
Meat and meat products,"Bologna-type sausage, PROCESS Cooking in water",231.6,186,186,186,286,231.6,130
Meat and meat products,"Bologna-type sausage, PROCESS Steaming",231.6,186,186,186,286,231.6,130
Meat and meat products,"Bologna-type sausage, QUAL Low fat (naturally or reduced), PROCESS Cooking in water",150,150,150,150,150,150,150
Meat and meat products,"Bologna-type sausage, QUAL Low fat (naturally or reduced), PROCESS Steaming",150,150,150,150,150,150,150
Meat and meat products,"Bologna-type sausage, QUAL Low sodium / reduced salt, PROCESS Cooking in water",247.5,247.5,247.5,247.5,247.5,247.5,247.5
Meat and meat products,"Bologna-type sausage, QUAL Low sodium / reduced salt, PROCESS Steaming",247.5,247.5,247.5,247.5,247.5,247.5,247.5
Meat and meat products,Bovine and pig fresh meat,130,178,178,178,169,130,169
Meat and meat products,"Bovine and pig fresh meat, PROCESS Baking",173,173,173,173,173,173,173
Meat and meat products,"Bovine and pig fresh meat, PROCESS Cooking in water",200,200,200,200,200,200,200
Meat and meat products,"Bovine and pig fresh meat, PROCESS Frying",216,216,216,216,298,216,298
Meat and meat products,"Bovine and pig fresh meat, PROCESS Steaming",200,200,200,200,200,200,200
Meat and meat products,"Bovine and pig fresh meat, QUAL Half fat or medium fat, PROCESS Frying",170.5,170.5,170.5,170.5,170.5,170.5,170.5
Meat and meat products,Bovine fresh meat,172,198,160,190,171,160,200
Meat and meat products,"Bovine fresh meat, PROCESS Baking",,230,182,230,130,,220
Meat and meat products,"Bovine fresh meat, PROCESS Cooking in water",,240,218,240,200,,200
Meat and meat products,"Bovine fresh meat, PROCESS Frying",244.5,189,189,189,218,244.5,240
Meat and meat products,"Bovine fresh meat, PROCESS Steaming",,218,218,218,200,,200
Meat and meat products,Bovine heart,214,165,165,203,214,214,210
Meat and meat products,"Bovine heart, PROCESS Baking",158,210,158,210,210,158,158
Meat and meat products,"Bovine heart, PROCESS Cooking in water",158,210,158,210,250,158,250
Meat and meat products,"Bovine heart, PROCESS Frying",158,158,158,158,158,158,158
Meat and meat products,"Bovine heart, PROCESS Steaming",158,210,158,210,250,158,250
Meat and meat products,Bovine marrowbone,12,12,12,,12,12,12
Meat and meat products,"Bovine meat, dried",,473,473,473,160,,160
Meat and meat products,"Bovine meat, dried, PROCESS Cooking in water",135,135,135,135,135,135,135
Meat and meat products,"Bovine meat, dried, PROCESS Steaming",135,135,135,135,135,135,135
Meat and meat products,Bovine stomach,79,79,79,50,79,79,79
Meat and meat products,"Bovine stomach, PROCESS Baking",76,76,76,76,76,76,76
Meat and meat products,"Bovine stomach, PROCESS Cooking in water",76,76,76,76,76,76,76
Meat and meat products,"Bovine stomach, PROCESS Frying",76,76,76,76,76,76,76
Meat and meat products,"Bovine stomach, PROCESS Steaming",76,76,76,76,76,76,76
Meat and meat products,Bovine tail,190,190,190,190,160,190,160
Meat and meat products,"Bovine tail, PROCESS Cooking in water",202,202,202,202,140,202,140
Meat and meat products,"Bovine tail, PROCESS Frying",223,223,223,223,223,223,223
Meat and meat products,"Bovine tail, PROCESS Steaming",202,202,202,202,140,202,140
Meat and meat products,Bovine tongue,160,186,186,187,160,160,160
Meat and meat products,"Bovine tongue, PROCESS Baking",167,165,167,165,165,167,167
Meat and meat products,"Bovine tongue, PROCESS Cooking in water",229.1,165,167,165,140,229.1,140
Meat and meat products,"Bovine tongue, PROCESS Frying",167,165,167,165,165,167,167
Meat and meat products,"Bovine tongue, PROCESS Steaming",229.1,165,167,165,140,229.1,140
Meat and meat products,Breakfast-type sausage,228,111,111,111,228,228,175
Meat and meat products,"Breakfast-type sausage, PROCESS Baking",114,114,114,114,220,114,220
Meat and meat products,"Breakfast-type sausage, PROCESS Cooking in water",292,114,114,114,114,114,114
Meat and meat products,"Breakfast-type sausage, PROCESS Frying",220,220,220,220,220,220,220
Meat and meat products,"Breakfast-type sausage, PROCESS Steaming",114,114,114,114,114,114,114
Meat and meat products,Canned meat,225,165,165,165,150,225,150
Meat and meat products,"Cervelat (swiss type), PROCESS Baking",69,69,69,69,150,69,150
Meat and meat products,"Cervelat (swiss type), PROCESS Cooking in water",228,69,69,69,228,228,69
Meat and meat products,"Cervelat (swiss type), PROCESS Steaming",228,69,69,69,228,228,69
Meat and meat products,"Cervelat (swiss type), QUAL Low fat (naturally or reduced), PROCESS Baking",176,176,176,176,176,176,176
Meat and meat products,"Cervelat (swiss type), QUAL Low fat (naturally or reduced), PROCESS Cooking in water",176,176,176,176,176,176,176
Meat and meat products,"Cervelat (swiss type), QUAL Low fat (naturally or reduced), PROCESS Steaming",176,176,176,176,176,176,176
Meat and meat products,Chicken fresh meat,180,462,173,210,219,180,220
Meat and meat products,"Chicken fresh meat, PROCESS Baking",213.3,200,177,180,220,213.3,220
Meat and meat products,"Chicken fresh meat, PROCESS Cooking in water",,204,138,204,190,138,190
Meat and meat products,"Chicken fresh meat, PROCESS Frying",193.9,480,220,220,335,,280
Meat and meat products,"Chicken fresh meat, PROCESS Steaming",,480,138,480,182,182,190
Meat and meat products,Chicken liver,390,240,240,240,303,390,280
Meat and meat products,"Chicken liver, PROCESS Baking",228,312,228,312,312,228,228
Meat and meat products,"Chicken liver, PROCESS Cooking in water",213,213,213,213,213,213,213
Meat and meat products,"Chicken liver, PROCESS Frying",228,228,228,228,350,228,350
Meat and meat products,"Chicken liver, PROCESS Steaming",213,312,213,312,312,213,213
Meat and meat products,"Chicken, other organs (edible offal non-muscle)",177,240,240,240,177,177,170
Meat and meat products,"Chicken, other organs (edible offal non-muscle), PROCESS Baking",228,228,228,228,228,228,228
Meat and meat products,"Chicken, other organs (edible offal non-muscle), PROCESS Cooking in water",228,228,228,228,280,228,280
Meat and meat products,"Chicken, other organs (edible offal non-muscle), PROCESS Steaming",228,228,228,228,280,228,280
Meat and meat products,Chorizo and similar,,253,165,253,313,256,313
Meat and meat products,"Chorizo and similar, QUAL Low fat (naturally or reduced)",129,242,242,242,242,129,242
Meat and meat products,Cooked bovine tongue,167,165,167,165,140,167,140
Meat and meat products,"Cooked bratwurst-type sausage, PROCESS Baking",96,96,96,96,150,96,150
Meat and meat products,"Cooked bratwurst-type sausage, PROCESS Cooking in water",,96,96,96,96,,96
Meat and meat products,"Cooked bratwurst-type sausage, PROCESS Steaming",96,96,96,96,96,96,96
Meat and meat products,"Cooked bratwurst-type sausage, QUAL Low fat (naturally or reduced), PROCESS Baking",187,187,187,187,187,187,187
Meat and meat products,"Cooked bratwurst-type sausage, QUAL Low fat (naturally or reduced), PROCESS Cooking in water",187,187,187,187,187,187,187
Meat and meat products,"Cooked bratwurst-type sausage, QUAL Low fat (naturally or reduced), PROCESS Steaming",187,187,187,187,187,187,187
Meat and meat products,Cooked other poultry meat,,350,350,350,350,,350
Meat and meat products,Cooked pork ham,,188,283,250,330,196,340
Meat and meat products,Cooked pork tongue,195,182,182,182,195,195,182
Meat and meat products,"Cooked sausages (generic), QUAL Low fat (naturally or reduced)",131,131,131,131,286,131,170
Meat and meat products,"Cooked sausages (generic), QUAL Low sodium / reduced salt",185,185,185,185,185,185,185
Meat and meat products,Cooked turkey meat,225,217,134,217,310,225,310
Meat and meat products,"Corned beef, uncooked",,128,128,100,,,128
Meat and meat products,"Corned beef, uncooked, PROCESS Baking",174,174,174,174,174,174,174
Meat and meat products,"Corned beef, uncooked, PROCESS Cooking in water",174,174,174,174,150,174,130
Meat and meat products,"Corned beef, uncooked, PROCESS Frying",174,174,174,174,174,174,174
Meat and meat products,"Corned beef, uncooked, PROCESS Steaming",174,174,174,174,150,174,130
Meat and meat products,"Corned pork meat, cooked",301,301,301,301,301,301,301
Meat and meat products,"Corned pork, uncooked, PROCESS Baking",191,191,191,191,191,191,191
Meat and meat products,"Corned pork, uncooked, PROCESS Cooking in water",191,191,191,191,191,191,191
Meat and meat products,"Corned pork, uncooked, PROCESS Steaming",191,191,191,191,191,191,191
Meat and meat products,Cured pork fat,26,26,26,26,26,26,26
Meat and meat products,Cured seasoned poultry meat,190,190,190,190,190,190,190
Meat and meat products,"Cured seasoned poultry meat, PROCESS Baking",177,177,177,177,256,177,256
Meat and meat products,"Cured seasoned poultry meat, PROCESS Cooking in water",177,177,177,177,177,177,177
Meat and meat products,"Cured seasoned poultry meat, PROCESS Steaming",177,177,177,177,177,177,177
Meat and meat products,"Deer, fallow fresh meat",192,192,192,403,210,192,210
Meat and meat products,"Deer, fallow fresh meat, PROCESS Baking",239,239,239,239,239,239,239
Meat and meat products,"Deer, fallow fresh meat, PROCESS Cooking in water",170,170,170,170,170,170,170
Meat and meat products,"Deer, fallow fresh meat, PROCESS Steaming",170,170,170,170,170,170,170
Meat and meat products,"Deer, red fresh meat",185.4,192,192,192,210,185.4,210
Meat and meat products,"Deer, red fresh meat, PROCESS Baking",,230,239,230,230,,239
Meat and meat products,"Deer, red fresh meat, PROCESS Cooking in water",,170,170,170,170,,170
Meat and meat products,"Deer, red fresh meat, PROCESS Steaming",,170,170,170,170,,170
Meat and meat products,Dry and fermented sausages-deprecated,219,225,145,266,169,145,170
Meat and meat products,"Dry and fermented sausages-deprecated, QUAL Low fat (naturally or reduced)",150,150,150,150,150,150,150
Meat and meat products,Duck fresh meat,199,273,199,200,200,199,120
Meat and meat products,"Duck fresh meat, PROCESS Baking",,200,242,200,312,,180
Meat and meat products,"Duck fresh meat, PROCESS Cooking in water",,170,170,170,170,,170
Meat and meat products,"Duck fresh meat, PROCESS Steaming",,170,170,170,170,,170
Meat and meat products,Duck liver,269,269,269,269,269,269,269
Meat and meat products,"Duck liver, PROCESS Baking",261,261,261,261,261,261,261
Meat and meat products,"Duck liver, PROCESS Frying",190,190,190,190,190,190,190
Meat and meat products,Equine fresh meat,216,216,216,231,200,216,200
Meat and meat products,"Equine fresh meat, PROCESS Baking",210,214,268,214,210,210,268
Meat and meat products,"Equine fresh meat, PROCESS Frying",229,229,229,229,229,229,229
Meat and meat products,European moose meat,220,177.4,177.4,177.4,220,177.4,177.4
Meat and meat products,"European moose meat, PROCESS Baking",315.1,315.1,315.1,315.1,315.1,315.1,315.1
Meat and meat products,"European moose meat, PROCESS Frying",315.2,,,,315.2,,
Meat and meat products,"Frankfurt-type sausage, PROCESS Baking",146,146,146,146,200,146,200
Meat and meat products,"Frankfurt-type sausage, PROCESS Cooking in water",211,173,186,130,150,211,150
Meat and meat products,"Frankfurt-type sausage, PROCESS Steaming",186,173,186,173,150,186,150
Meat and meat products,"Frankfurt-type sausage, QUAL Low fat (naturally or reduced), PROCESS Baking",157,157,157,157,157,157,157
Meat and meat products,"Frankfurt-type sausage, QUAL Low fat (naturally or reduced), PROCESS Cooking in water",157,157,157,157,150,157,150
Meat and meat products,"Frankfurt-type sausage, QUAL Low fat (naturally or reduced), PROCESS Steaming",157,157,157,157,150,157,150
Meat and meat products,"Frankfurter sausage, PROCESS Baking",211,146,146,146,211,211,200
Meat and meat products,"Frankfurter sausage, PROCESS Cooking in water",117.2,196,186,196,150,117.2,150
Meat and meat products,"Frankfurter sausage, PROCESS Steaming",117.2,186,186,186,211,117.2,186
Meat and meat products,"Frankfurter sausage, QUAL Low fat (naturally or reduced), PROCESS Baking",157,157,157,157,157,157,157
Meat and meat products,"Frankfurter sausage, QUAL Low fat (naturally or reduced), PROCESS Cooking in water",157,157,157,157,150,157,150
Meat and meat products,"Frankfurter sausage, QUAL Low fat (naturally or reduced), PROCESS Steaming",157,157,157,157,157,157,157
Meat and meat products,Fresh bratwurst,245,111,111,111,176,245,176
Meat and meat products,"Fresh bratwurst, PROCESS Baking",114,114,114,114,150,114,150
Meat and meat products,"Fresh bratwurst, PROCESS Cooking in water",114,114,114,114,114,114,114
Meat and meat products,"Fresh bratwurst, PROCESS Steaming",114,114,114,114,114,114,114
Meat and meat products,Fresh raw sausages,,277,211,173,176,,190
Meat and meat products,"Fresh raw sausages, PROCESS Baking",114,114,114,114,220,114,220
Meat and meat products,"Fresh raw sausages, PROCESS Cooking in water",114,277,114,277,277,114,114
Meat and meat products,"Fresh raw sausages, PROCESS Frying",114,114,114,220,213,114,220
Meat and meat products,"Fresh raw sausages, PROCESS Steaming",114,114,114,114,114,114,114
Meat and meat products,Fresh smoked sausages-deprecated,292,202,112,202,202,112,112
Meat and meat products,"Fresh smoked sausages-deprecated, QUAL Low fat (naturally or reduced)",224,224,224,224,224,224,224
Meat and meat products,"Fresh smoked sausages-deprecated, QUAL Low sodium / reduced salt",112,112,112,112,112,112,112
Meat and meat products,Fresh spiced sausages in casing,176,176,176,266,176,176,176
Meat and meat products,"Fresh spiced sausages in casing, PROCESS Baking",213,213,213,220,213,213,213
Meat and meat products,Game birds fresh meat,290,168,168,168,168,290,168
Meat and meat products,"Game birds fresh meat, PROCESS Baking",386.9,310,242,310,260,386.9,260
Meat and meat products,"Game birds fresh meat, PROCESS Cooking in water",,170,170,170,170,,170
Meat and meat products,"Game birds fresh meat, PROCESS Steaming",,170,170,170,170,,170
Meat and meat products,"Generic traditionally farmed mammals, fresh fat tissue",7,7,7,7,7,7,7
Meat and meat products,"Generic traditionally farmed mammals, fresh fat tissue, PROCESS Cooking in water",78,78,78,78,78,78,78
Meat and meat products,"Generic traditionally farmed mammals, fresh fat tissue, PROCESS Steaming",78,78,78,78,78,78,78
Meat and meat products,German salami,167,167,167,167,169,167,169
Meat and meat products,"German salami, QUAL Low fat (naturally or reduced)",242,242,242,242,150,242,150
Meat and meat products,Goat fresh meat,185,185,185,220,180,185,180
Meat and meat products,"Goat fresh meat, PROCESS Baking",185,226,226,226,185,185,226
Meat and meat products,"Goat fresh meat, PROCESS Cooking in water",281,281,281,281,281,281,281
Meat and meat products,"Goat fresh meat, PROCESS Steaming",281,281,281,281,281,281,281
Meat and meat products,"Goat liver, PROCESS Baking",320,320,320,320,320,320,320
Meat and meat products,Goose fresh meat,160,184,184,197,160,184,160
Meat and meat products,"Goose fresh meat, PROCESS Baking",240,290,240,290,220,240,220
Meat and meat products,"Goose fresh meat, PROCESS Cooking in water",,168,168,168,168,,168
Meat and meat products,"Goose fresh meat, PROCESS Steaming",,168,168,168,168,,168
Meat and meat products,Goose liver,261,261,261,261,261,261,261
Meat and meat products,"Goose liver, PROCESS Baking",229,229,229,229,229,229,229
Meat and meat products,"Goose liver, PROCESS Cooking in water",261,261,261,261,261,261,261
Meat and meat products,"Goose liver, PROCESS Frying",109,109,109,109,109,109,109
Meat and meat products,"Grouse fresh meat, PROCESS Baking",290,260,290,260,290,290,260
Meat and meat products,Guinea-fowl fresh meat,180,180,180,120,180,180,180
Meat and meat products,"Ham, beef",250,189,189,168,189,250,189
Meat and meat products,"Ham, beef, PROCESS Baking",189,189,189,189,189,189,189
Meat and meat products,"Ham, beef, PROCESS Cooking in water",189,189,189,189,189,189,189
Meat and meat products,"Ham, beef, PROCESS Steaming",189,189,189,189,189,189,189
Meat and meat products,"Ham, pork",190,245,167,245,259,235.8,130
Meat and meat products,"Ham, pork, PROCESS Baking",220,160,160,160,225,220,230
Meat and meat products,"Ham, pork, PROCESS Cooking in water",200,188,190,188,330,200,170
Meat and meat products,"Ham, pork, PROCESS Steaming",200,190,190,190,330,200,170
Meat and meat products,Hare fresh meat,210,208,208,208,220,210,220
Meat and meat products,"Hare fresh meat, PROCESS Baking",292.3,259,259,259,173,292.3,259
Meat and meat products,"Hare fresh meat, PROCESS Cooking in water",,184,184,184,250,,250
Meat and meat products,"Hare fresh meat, PROCESS Steaming",,184,184,184,250,,250
Meat and meat products,Head cheese,104,80,133,80,160,104,160
Meat and meat products,Hungarian-type salami,165,165,165,165,150,165,150
Meat and meat products,"Hungarian-type salami, QUAL Low fat (naturally or reduced)",242,242,242,242,242,242,242
Meat and meat products,Italian-type salami,119,181,181,356,150,119,180
Meat and meat products,"Knackwurst-type sausage, PROCESS Baking",117,117,117,117,117,117,117
Meat and meat products,"Knackwurst-type sausage, PROCESS Cooking in water",228,196,146,196,150,228,150
Meat and meat products,"Knackwurst-type sausage, PROCESS Steaming",228,117,117,117,228,228,117
Meat and meat products,"Knackwurst-type sausage, QUAL Low fat (naturally or reduced), PROCESS Cooking in water",150,150,150,150,150,150,150
Meat and meat products,Liver based spreadable-textured specialities,,148,148,148,194,,450
Meat and meat products,Liver cheese,139,139,139,139,308,139,308
Meat and meat products,Liver-type sausage,165.6,154,154,154,226,165.6,260
Meat and meat products,"Liver-type sausage, QUAL Low fat (naturally or reduced)",175.5,322,322,322,322,175.5,322
Meat and meat products,Luncheon spiced ham-type tinned meat,229,130,130,130,250,229,200
Meat and meat products,Mallard fresh meat,168,168,168,168,200,168,200
Meat and meat products,"Mallard fresh meat, PROCESS Baking",242,242,242,242,242,242,242
Meat and meat products,"Mallard fresh meat, PROCESS Cooking in water",170,170,170,170,170,170,170
Meat and meat products,"Mallard fresh meat, PROCESS Steaming",170,170,170,170,170,170,170
Meat and meat products,Matured charcuterie products for cooking,145,145,145,145,145,145,145
Meat and meat products,Meat based spreadable-textured specialities,144,144,144,144,140,144,140
Meat and meat products,Mettwurst-type sausage,224,91,91,91,169,224,169
Meat and meat products,"Mettwurst-type sausage, QUAL Low fat (naturally or reduced)",394,394,394,394,347,394,347
Meat and meat products,Miscellaneous cooked sausages,292,277,170,277,277,170,170
Meat and meat products,Mixed beef and mutton/lamb fresh meat,209.1,209.1,161,209.1,209.1,209.1,209.1
Meat and meat products,"Mixed beef and mutton/lamb fresh meat, QUAL Half fat or medium fat",171,171,171,171,171,171,171
Meat and meat products,"Mixed beef and mutton/lamb fresh meat, QUAL Low fat (naturally or reduced)",180,180,180,180,180,180,180
Meat and meat products,Mixed fresh fat tissue,7,7,7,7,7,7,7
Meat and meat products,"Mixed fresh fat tissue, PROCESS Baking",348,348,348,348,348,348,348
Meat and meat products,Mixed fresh meat,170,162,170,200,162,170,170
Meat and meat products,"Mixed fresh meat, PROCESS Baking",170,166,166,166,170,170,166
Meat and meat products,"Mixed fresh meat, PROCESS Cooking in water",191,191,191,191,191,191,191
Meat and meat products,"Mixed fresh meat, PROCESS Steaming",191,191,191,191,191,191,191
Meat and meat products,"Mixed fresh meat, QUAL Half fat or medium fat",180,180,180,180,180,180,180
Meat and meat products,"Mixed fresh meat, QUAL Low fat (naturally or reduced)",190,190,190,190,190,190,190
Meat and meat products,Mixed pork and mutton/lamb fresh meat,149,149,149,149,149,149,149
Meat and meat products,"Mixed pork and mutton/lamb fresh meat, QUAL Half fat or medium fat, PROCESS Cooking in water",237,237,237,237,237,237,237
Meat and meat products,"Mixed pork and mutton/lamb fresh meat, QUAL Half fat or medium fat, PROCESS Steaming",237,237,237,237,237,237,237
Meat and meat products,Mortadella-type sausage,142,110,142,180,286,142,180
Meat and meat products,"Mortadella-type sausage, QUAL Low fat (naturally or reduced)",192,192,192,192,150,192,150
Meat and meat products,Pancetta,171,171,171,171,171,171,171
Meat and meat products,"Pancetta, PROCESS Baking",201,201,201,201,201,201,201
Meat and meat products,Partridge fresh meat,300,300,300,214,300,300,300
Meat and meat products,"Partridge fresh meat, PROCESS Baking",230,310,230,310,230,230,310
Meat and meat products,"Partridge fresh meat, PROCESS Cooking in water",171,171,171,171,171,171,171
Meat and meat products,"Partridge fresh meat, PROCESS Steaming",171,171,171,171,171,171,171
Meat and meat products,"Pastrami, beef",175,175,175,175,175,175,175
Meat and meat products,"Pate, chicken liver",450,450,450,125,450,450,450
Meat and meat products,"Pate, goose liver",265,175,265,175,175,265,265
Meat and meat products,"Pate, pork liver",182,145,191,145,194,182,194
Meat and meat products,Pheasant fresh meat,245,245,245,245,300,245,300
Meat and meat products,"Pheasant fresh meat, PROCESS Baking",307,310,307,310,307,307,220
Meat and meat products,"Pheasant fresh meat, PROCESS Cooking in water",,217,217,217,217,,217
Meat and meat products,"Pheasant fresh meat, PROCESS Frying",217,217,217,217,217,217,217
Meat and meat products,"Pheasant fresh meat, PROCESS Steaming",,217,217,217,217,,217
Meat and meat products,Pig fresh meat,158,448,149,176,218,158,190
Meat and meat products,"Pig fresh meat, PROCESS Baking",258.2,405,143,405,130,210,220
Meat and meat products,"Pig fresh meat, PROCESS Cooking in water",226.7,260,165,260,220,140,220
Meat and meat products,"Pig fresh meat, PROCESS Frying",200.2,320,320,260,310,200.2,320
Meat and meat products,"Pig fresh meat, PROCESS Steaming",226.7,165,165,165,220,226.7,220
Meat and meat products,Pig kidney,250,250,250,250,250,250,250
Meat and meat products,"Pig kidney, PROCESS Baking",240,330,240,330,330,240,240
Meat and meat products,"Pig kidney, PROCESS Cooking in water",218,330,218,330,330,218,330
Meat and meat products,"Pig kidney, PROCESS Frying",240,240,240,240,430,240,430
Meat and meat products,"Pig kidney, PROCESS Steaming",218,330,218,330,330,218,330
Meat and meat products,Pig liver,430,430,430,362,411,430,390
Meat and meat products,"Pig liver, PROCESS Baking",343,343,343,343,343,343,343
Meat and meat products,"Pig liver, PROCESS Cooking in water",382,382,382,382,225,382,390
Meat and meat products,"Pig liver, PROCESS Frying",,490,490,490,490,,490
Meat and meat products,"Pig liver, PROCESS Steaming",382,382,382,382,225,382,390
Meat and meat products,Pig trotters and feet,170,170,170,170,170,170,170
Meat and meat products,"Pig trotters and feet, PROCESS Cooking in water",110,110,110,96,110,110,110
Meat and meat products,"Pig trotters and feet, PROCESS Steaming",110,110,110,96,110,110,110
Meat and meat products,Pigeon fresh meat,217,217,217,200,217,217,217
Meat and meat products,"Pigeon fresh meat, PROCESS Baking",234,400,234,400,310,234,310
Meat and meat products,"Pigeon fresh meat, PROCESS Frying",234,234,234,234,234,234,234
Meat and meat products,Polish-type cooked sausage,203,203,203,203,203,203,203
Meat and meat products,Ptarmigan fresh meat,290,290,290,290,290,290,290
Meat and meat products,Quail fresh meat,180,180,180,200,180,180,180
Meat and meat products,"Quail fresh meat, PROCESS Baking",168,,168,,,168,168
Meat and meat products,"Quail fresh meat, PROCESS Cooking in water",244,244,244,244,244,244,244
Meat and meat products,"Quail fresh meat, PROCESS Steaming",244,244,244,244,244,244,244
Meat and meat products,Rabbit fresh meat,292.4,162,210,220,200,292.4,220
Meat and meat products,"Rabbit fresh meat, PROCESS Baking",198,200,198,200,200,198,198
Meat and meat products,"Rabbit fresh meat, PROCESS Cooking in water",187,213,187,213,150,187,150
Meat and meat products,"Rabbit fresh meat, PROCESS Steaming",187,187,187,187,150,187,150
Meat and meat products,Reindeer meat,310,210,210,210,210,310,210
Meat and meat products,"Reindeer meat, PROCESS Baking",443.8,241,241,241,241,275,241
Meat and meat products,"Reindeer meat, PROCESS Cooking in water",443.8,443.8,443.8,443.8,443.8,443.8,443.8
Meat and meat products,"Reindeer meat, PROCESS Frying",358.4,,,,358.4,,
Meat and meat products,"Reindeer meat, PROCESS Steaming",443.8,443.8,443.8,443.8,443.8,443.8,443.8
Meat and meat products,Roe deer meat,220,220,220,210,220,220,220
Meat and meat products,"Roe deer meat, PROCESS Baking",275,275,275,275,275,275,275
Meat and meat products,"Roe deer meat, PROCESS Cooking in water",,194,194,194,194,,194
Meat and meat products,"Roe deer meat, PROCESS Steaming",,194,194,194,194,,194
Meat and meat products,Sheep fresh meat,130,165,165,190,183,130,170
Meat and meat products,"Sheep fresh meat, PROCESS Baking",190,180,185,230,220,190,220
Meat and meat products,"Sheep fresh meat, PROCESS Cooking in water",215.6,181,181,181,180,215.6,180
Meat and meat products,"Sheep fresh meat, PROCESS Frying",178.5,200,200,200,230,178.5,200
Meat and meat products,"Sheep fresh meat, PROCESS Steaming",215.6,181,181,181,180,215.6,180
Meat and meat products,Sheep kidney,191,260,260,260,270,260,270
Meat and meat products,"Sheep kidney, PROCESS Baking",250,250,250,250,250,250,250
Meat and meat products,"Sheep kidney, PROCESS Cooking in water",226,360,226,360,360,226,226
Meat and meat products,"Sheep kidney, PROCESS Frying",250,250,250,250,350,250,350
Meat and meat products,"Sheep kidney, PROCESS Steaming",226,360,226,360,360,226,226
Meat and meat products,Sheep liver,376,364,364,364,390,364,390
Meat and meat products,"Sheep liver, PROCESS Baking",346,346,346,346,346,346,346
Meat and meat products,"Sheep liver, PROCESS Cooking in water",346,346,346,346,346,346,346
Meat and meat products,"Sheep liver, PROCESS Frying",,500,500,500,500,,500
Meat and meat products,"Sheep liver, PROCESS Steaming",346,346,346,346,346,346,346
Meat and meat products,"Smoked cooked sausage-deprecated, PROCESS Baking",116.2,146,146,146,146,116.2,146
Meat and meat products,"Smoked cooked sausage-deprecated, PROCESS Cooking in water",108,140,186,140,230,108,230
Meat and meat products,"Smoked cooked sausage-deprecated, PROCESS Steaming",108,186,186,186,186,108,186
Meat and meat products,"Smoked cooked sausage-deprecated, QUAL Low fat (naturally or reduced), PROCESS Baking",103.9,103.9,103.9,103.9,103.9,103.9,103.9
Meat and meat products,"Smoked cooked sausage-deprecated, QUAL Low fat (naturally or reduced), PROCESS Cooking in water",240,240,240,240,240,240,240
Meat and meat products,Snack sausages (like Cabanos and landjäger),91,91,91,91,91,91,91
Meat and meat products,"Snack sausages (like Cabanos and landjäger), QUAL Low fat (naturally or reduced)",214,214,214,214,214,214,214
Meat and meat products,Teewurst-type sausage,165,165,165,165,286,165,286
Meat and meat products,"Teewurst-type sausage, QUAL Low fat (naturally or reduced)",330,330,330,330,330,330,330
Meat and meat products,"Teewurst-type sausage, QUAL Low sodium / reduced salt",165,165,165,165,165,165,165
Meat and meat products,Thuringian sausage,111,111,111,111,111,111,111
Meat and meat products,"Thuringian sausage, PROCESS Baking",114,114,114,114,114,114,114
Meat and meat products,"Thuringian sausage, PROCESS Cooking in water",114,114,114,114,114,114,114
Meat and meat products,"Thuringian sausage, PROCESS Steaming",114,114,114,114,114,114,114
Meat and meat products,Tinned bulk sausages,107,219,219,219,107,107,219
Meat and meat products,Tiroler speck,49,49,49,49,49,49,49
Meat and meat products,"Tiroler speck, PROCESS Cooking in water",44,44,44,44,44,44,44
Meat and meat products,"Tiroler speck, PROCESS Steaming",44,44,44,44,44,44,44
Meat and meat products,Turkey fresh meat,215.1,150,150,200,218,215.1,220
Meat and meat products,"Turkey fresh meat, PROCESS Baking",215.2,217,178,217,203,215.2,260
Meat and meat products,"Turkey fresh meat, PROCESS Cooking in water",199,134,134,134,180,199,180
Meat and meat products,"Turkey fresh meat, PROCESS Frying",,280,280,230,280,,280
Meat and meat products,"Turkey fresh meat, PROCESS Steaming",199,134,134,134,180,199,180
Meat and meat products,"Turkey liver, PROCESS Baking",269,269,269,269,269,269,269
Meat and meat products,"Undefined mixed fresh meat, other species",,170,170,170,170,,170
Meat and meat products,"Undefined mixed fresh meat, other species, PROCESS Baking",195,166,166,166,195,195,166
Meat and meat products,"Undefined mixed fresh meat, other species, PROCESS Cooking in water",191,191,191,191,191,191,191
Meat and meat products,"Undefined mixed fresh meat, other species, PROCESS Steaming",191,191,191,191,191,191,191
Meat and meat products,"Undefined mixed poultry fresh meat, PROCESS Baking",230,230,230,230,230,230,230
Meat and meat products,"Undefined mixed poultry fresh meat, PROCESS Cooking in water",230,230,230,230,230,230,230
Meat and meat products,"Undefined mixed poultry fresh meat, PROCESS Steaming",230,230,230,230,230,230,230
Meat and meat products,Veal kidney,260,260,260,260,240,260,240
Meat and meat products,"Veal kidney, PROCESS Baking",238,347,248,347,238,238,248
Meat and meat products,"Veal kidney, PROCESS Cooking in water",248,372,248,372,372,248,248
Meat and meat products,"Veal kidney, PROCESS Steaming",248,372,248,372,372,248,248
Meat and meat products,Veal liver,306,306,306,306,320,306,320
Meat and meat products,"Veal liver, PROCESS Baking",369,286,286,286,369,369,286
Meat and meat products,"Veal liver, PROCESS Cooking in water",271,271,271,271,271,271,271
Meat and meat products,"Veal liver, PROCESS Frying",330,330,330,330,330,330,330
Meat and meat products,"Veal liver, PROCESS Steaming",271,271,271,271,271,271,271
Meat and meat products,Weisswurst,152,,152,,,152,152
Meat and meat products,"Wiener sausage, PROCESS Baking",175,175,175,175,175,175,175
Meat and meat products,"Wiener sausage, PROCESS Cooking in water",211,175,175,175,150,211,150
Meat and meat products,"Wiener sausage, PROCESS Steaming",211,175,175,175,211,211,175
Meat and meat products,"Wiener sausage, QUAL Low fat (naturally or reduced), PROCESS Baking",150,150,150,150,150,150,150
Meat and meat products,"Wiener sausage, QUAL Low fat (naturally or reduced), PROCESS Cooking in water",150,150,150,150,150,150,150
Meat and meat products,"Wiener sausage, QUAL Low fat (naturally or reduced), PROCESS Steaming",150,150,150,150,150,150,150
Meat and meat products,Wild boar fresh meat,167,167,167,167,167,167,167
Meat and meat products,"Wild boar fresh meat, PROCESS Baking",,134,206,134,210,,206
Meat and meat products,"Wild boar fresh meat, PROCESS Cooking in water",,149,149,149,149,,149
Meat and meat products,"Wild boar fresh meat, PROCESS Steaming",,149,149,149,149,,149
Meat and meat products,Wild goose fresh meat,184,184,184,184,184,184,184
Meat and meat products,"Wild goose fresh meat, PROCESS Baking",240,240,240,240,240,240,240
Meat and meat products,"Wild goose fresh meat, PROCESS Cooking in water",168,168,168,168,168,168,168
Meat and meat products,"Wild goose fresh meat, PROCESS Steaming",168,168,168,168,168,168,168
Milk and dairy products,Acidophilus milk,99,96,92,96,93,99,93
Milk and dairy products,"Acidophilus milk, QUAL Semi-skimmed",91,66,91,66,93,91,93
Milk and dairy products,"Acidophilus milk, QUAL Skim",97,90,97,90,93,97,93
Milk and dairy products,Ass milk,61,61,61,61,61,61,61
Milk and dairy products,Buttermilk,89,90,90,90,93,89,95
Milk and dairy products,"Buttermilk, QUAL Fat free",93,93,93,93,93,93,93
Milk and dairy products,"Buttermilk, QUAL Low fat (naturally or reduced)",100,93,92,93,93,100,93
Milk and dairy products,"Cheese, asiago",561,561,561,561,561,561,561
Milk and dairy products,"Cheese, bavarian blue",360,360,360,360,360,360,360
Milk and dairy products,"Cheese, beaufort",728,728,728,728,728,728,728
Milk and dairy products,"Cheese, blue castello",270,360,360,360,270,270,360
Milk and dairy products,"Cheese, brie",380,220,250,390,200,380,232
Milk and dairy products,"Cheese, brie, QUAL Half fat or medium fat",370,307,400,307,188,370,188
Milk and dairy products,"Cheese, butterkase",656,656,656,480,656,656,656
Milk and dairy products,"Cheese, butterkase, QUAL Half fat or medium fat",656,656,656,656,656,656,656
Milk and dairy products,"Cheese, butterkase, QUAL Low fat (naturally or reduced)",656,656,656,656,656,656,656
Milk and dairy products,"Cheese, caciocavallo",590,590,536,590,590,590,590
Milk and dairy products,"Cheese, caerphilly",400,400,400,400,400,400,400
Milk and dairy products,"Cheese, camembert",310,325,350,310,300,370,241
Milk and dairy products,"Cheese, cantal",494,494,494,494,494,494,494
Milk and dairy products,"Cheese, chaource",137,137,137,137,137,137,137
Milk and dairy products,"Cheese, cheddar",470,470,468,545,512,470,490
Milk and dairy products,"Cheese, cheddar, QUAL Half fat or medium fat",871,871,871,871,620,871,620
Milk and dairy products,"Cheese, cheddar, QUAL Low fat (naturally or reduced)",785,785,785,785,785,785,785
Milk and dairy products,"Cheese, cheshire",430,500,500,500,430,430,400
Milk and dairy products,"Cheese, cheshire, QUAL Half fat or medium fat",600,600,600,600,550,600,550
Milk and dairy products,"Cheese, cheshire, QUAL Low fat (naturally or reduced)",700,700,700,700,700,700,700
Milk and dairy products,"Cheese, chevre mould ripened",481,326,481,326,229,481,229
Milk and dairy products,"Cheese, coulommiers",350,212,350,212,212,350,350
Milk and dairy products,"Cheese, danbo",510,500,500,500,510,510,500
Milk and dairy products,"Cheese, danbo, QUAL Half fat or medium fat",580,600,600,600,580,580,600
Milk and dairy products,"Cheese, danbo, QUAL Low fat (naturally or reduced)",550,900,900,900,550,550,900
Milk and dairy products,"Cheese, edam",510,480,403,480,600,510,508
Milk and dairy products,"Cheese, edam, QUAL Half fat or medium fat",550,570,570,570,570,550,570
Milk and dairy products,"Cheese, edam, QUAL Low fat (naturally or reduced)",550,570,570,570,570,550,570
Milk and dairy products,"Cheese, emmental",550,666,840,700,636,550,590
Milk and dairy products,"Cheese, emmental, QUAL Half fat or medium fat",871,670,871,670,670,871,871
Milk and dairy products,"Cheese, emmental, QUAL Low fat (naturally or reduced)",785,785,785,785,785,785,785
Milk and dairy products,"Cheese, feta",280,250,223,280,360,360,280
Milk and dairy products,"Cheese, feta, QUAL Low fat (naturally or reduced)",,360,360,360,360,,360
Milk and dairy products,"Cheese, fourme d'ambert",841,841,841,841,841,841,841
Milk and dairy products,"Cheese, gorgonzola",356,356,356,326,356,356,356
Milk and dairy products,"Cheese, gouda",520,507,650,380,538,520,498
Milk and dairy products,"Cheese, gouda, QUAL Half fat or medium fat",650,650,650,650,650,650,650
Milk and dairy products,"Cheese, gouda, QUAL Low fat (naturally or reduced)",650,650,650,650,650,650,650
Milk and dairy products,"Cheese, grana padano",930,692,930,692,930,930,930
Milk and dairy products,"Cheese, gruyere",610,606,840,685,600,610,610
Milk and dairy products,"Cheese, gruyere, QUAL Half fat or medium fat",871,871,871,871,871,871,871
Milk and dairy products,"Cheese, gruyere, QUAL Low fat (naturally or reduced)",871,871,871,871,871,871,871
Milk and dairy products,"Cheese, leicester",470,470,470,470,470,470,470
Milk and dairy products,"Cheese, maasdam",612,470,612,470,612,612,612
Milk and dairy products,"Cheese, mimolette",508,508,508,508,508,508,508
Milk and dairy products,"Cheese, morbier",520,520,520,520,520,520,520
Milk and dairy products,"Cheese, munster",470,265,240,265,470,470,240
Milk and dairy products,"Cheese, nagelkaas, QUAL Half fat or medium fat",654,654,654,654,654,654,654
Milk and dairy products,"Cheese, nagelkaas, QUAL Low fat (naturally or reduced)",794,794,794,794,794,794,794
Milk and dairy products,"Cheese, parmigiano reggiano",930,804,871,678,900,930,900
Milk and dairy products,"Cheese, pecorino romano",589,589,589,589,589,589,589
Milk and dairy products,"Cheese, provolone",541,541,541,521,541,541,541
Milk and dairy products,"Cheese, provolone, QUAL Half fat or medium fat",571,571,571,571,571,571,571
Milk and dairy products,"Cheese, provolone, QUAL Low fat (naturally or reduced)",600,600,600,600,600,600,600
Milk and dairy products,"Cheese, roquefort",380,430,392,400,350,380,400
Milk and dairy products,"Cheese, saint marcellin",700,442,700,442,442,700,700
Milk and dairy products,"Cheese, scamorza",299,299,299,299,299,299,299
Milk and dairy products,"Cheese, stilton",300,300,300,300,285,300,314
Milk and dairy products,"Cheese, tilsit",550,510,510,510,510,550,510
Milk and dairy products,"Cheese, tilsit, QUAL Half fat or medium fat",600,600,600,600,600,600,600
Milk and dairy products,"Cheese, tilsit, QUAL Low fat (naturally or reduced)",900,900,900,900,900,900,900
Milk and dairy products,"Cheese, trappist",500,500,500,500,500,500,500
Milk and dairy products,"Cheese, trappist, QUAL Half fat or medium fat",500,500,500,500,500,500,500
Milk and dairy products,"Cheese, trappist, QUAL Low fat (naturally or reduced)",500,500,500,500,500,500,500
Milk and dairy products,"Cheese, white stilton",300,300,300,300,285,300,260
Milk and dairy products,"Cheese, white stilton, QUAL Half fat or medium fat",300,300,300,300,300,300,300
Milk and dairy products,"Cheese, white stilton, QUAL Low fat (naturally or reduced)",300,300,300,300,300,300,300
Milk and dairy products,Condensed milk (sometimes with added sugars),255,213,245,235,225,255,240
Milk and dairy products,Cottage cheese,200,88,170,75,141,130,171
Milk and dairy products,"Cottage cheese, QUAL Fat free",200,110,171,75,171,200,171
Milk and dairy products,"Cow milk, natural high fat",90,92,92,92,88,90,106
Milk and dairy products,"Cow milk, natural high fat, QUAL Low / reduced lactose",92,92,92,92,92,92,92
Milk and dairy products,"Cow milk, semi skimmed (half fat)",90,85.7,91,94,102,94,94
Milk and dairy products,"Cow milk, semi skimmed (half fat), FORT Mixed supplements/formulations",100,91,100,91,98,100,100
Milk and dairy products,"Cow milk, semi skimmed (half fat), QUAL Low / reduced lactose",90,90,90,90,90,90,90
Milk and dairy products,"Cow milk, skimmed (low fat)",90,88.8,97,97,106,94,96
Milk and dairy products,"Cow milk, skimmed (low fat), FORT Mixed supplements/formulations",94,94,94,94,94,94,94
Milk and dairy products,"Cow milk, skimmed (low fat), QUAL Low / reduced lactose",90,90,90,90,90,90,90
Milk and dairy products,"Cow milk, whole",90,84.2,92,93,102,91,93
Milk and dairy products,"Cow milk, whole, QUAL Low / reduced lactose",,92,92,92,92,,92
Milk and dairy products,Cream powder,600,600,600,600,600,600,600
Milk and dairy products,Cream sprayable,57,57,57,57,58,57,57
Milk and dairy products,Cream with other ingredients,,61,61,61,50,,50
Milk and dairy products,"Cream with other ingredients, QUAL Half fat or medium fat",61,61,61,61,61,61,61
Milk and dairy products,"Cream, plain",100,90,63,61,58,56,52
Milk and dairy products,"Cream, plain, QUAL Half fat or medium fat",100,70,83,70,81,83,79
Milk and dairy products,"Cream, plain, QUAL Low fat (naturally or reduced)",50.4,80,83,80,95,86.2,95
Milk and dairy products,Créme fraiche and other mild variants of sour cream,110,90,50,90,58,62,58
Milk and dairy products,"Créme fraiche and other mild variants of sour cream, QUAL Half fat or medium fat",66,70,67,70,75,78,81
Milk and dairy products,"Créme fraiche and other mild variants of sour cream, QUAL Low fat (naturally or reduced)",95.5,80,80,80,90.6,95.5,80
Milk and dairy products,Cultured buttermilk,100,90,90,90,90,100,90
Milk and dairy products,Custard,98,110,117,110,74,,83
Milk and dairy products,"Evaporated milk (liquid, unsweetened)",246,246,246,200,206,246,260
Milk and dairy products,"Extra hard cheese (parmesan, grana type)",810,804,871,804,729,810,680
Milk and dairy products,Filmjölk,91,91,91,91,91,91,91
Milk and dairy products,"Filmjölk, QUAL Low fat (naturally or reduced)",94,94,94,94,94,94,94
Milk and dairy products,Firm brined cheese (ricotta salata type),146,164,146,164,170,146,170
Milk and dairy products,Firm-ripened bloomy (white mould) or washed rind cheese,450,450,450,450,450,450,450
Milk and dairy products,Firm-ripened blue mould-veined cheese,360,360,360,400,360,360,360
Milk and dairy products,Firm/semi-hard cheese (gouda and edam type),510,507,650,507,530,510,508
Milk and dairy products,"Firm/semi-hard cheese (gouda and edam type), QUAL Half fat or medium fat",550,650,650,650,550,550,650
Milk and dairy products,"Firm/semi-hard cheese (gouda and edam type), QUAL Low fat (naturally or reduced)",650,337,650,337,650,650,650
Milk and dairy products,Flavoured milks,74.6,82,98,82,,74.6,
Milk and dairy products,Flavoured sour cream,59.6,60,60,60,60,59.6,60
Milk and dairy products,"Flavoured sour cream, QUAL Half fat or medium fat",80,80,80,80,80,80,80
Milk and dairy products,"Flavoured sour cream, QUAL Low fat (naturally or reduced)",80,80,80,80,80,80,80
Milk and dairy products,Flavoured traditional sour milk products,,89,89,89,89,,89
Milk and dairy products,Flavoured whey,76,38,38,38,38,38,38
Milk and dairy products,Frozen yoghurt,64,64,64,64,64,64,64
Milk and dairy products,Goat milk,90,99,109,106,90,90,90
Milk and dairy products,"Hard cheese (cheddar, emmental type)",430,666,840,666,430,430,490
Milk and dairy products,"Hard cheese (cheddar, emmental type), QUAL Half fat or medium fat",820,670,871,670,820,820,620
Milk and dairy products,"Hard cheese (cheddar, emmental type), QUAL Low fat (naturally or reduced)",785,785,785,785,785,785,785
Milk and dairy products,Horse milk,54,54,54,54,54,54,54
Milk and dairy products,"Ice cream, milk-based",5,96,44,165,70,93.3,91
Milk and dairy products,"Ice cream, milk-imitate based",,74,74,74,74,39,74
Milk and dairy products,Kefir,95,90,90,90,,95,
Milk and dairy products,Lactose,0,0,0,0,0,0,0
Milk and dairy products,Mascarpone,97,97,97,97,97,97,97
Milk and dairy products,Milk from other milk producer animals,90,90,90,90,90,90,90
Milk and dairy products,"Milk powder, full fat",810,706,714,728,750,810,740
Milk and dairy products,"Milk powder, skimmed",980,990,1020,1030,900,968,970
Milk and dairy products,Milk protein,700,700,700,700,700,700,700
Milk and dairy products,Milkshakes,84.9,95,146,95,92,50,120
Milk and dairy products,Mozzarella,354,365,282,350,239,267,267
Milk and dairy products,Probiotic milk-like drinks,41,96,41,96,115,41,115
Milk and dairy products,"Probiotic milk-like drinks, QUAL Semi-skimmed",41,66,41,66,115,41,115
Milk and dairy products,"Probiotic milk-like drinks, QUAL Skim",41,90,41,90,90,41,41
Milk and dairy products,Processed cheese and spreads,610,232,700,130,800,610,768
Milk and dairy products,"Processed cheese and spreads, QUAL Half fat or medium fat",1570,757,900,757,900,1570,640
Milk and dairy products,"Processed cheese and spreads, QUAL Low fat (naturally or reduced)",1570,990,1300,990,912,1570,1300
Milk and dairy products,Processed cheese wedges and similar,800,232,700,650,870,800,870
Milk and dairy products,"Processed cheese wedges and similar, QUAL Half fat or medium fat",900,757,900,665,750,900,750
Milk and dairy products,"Processed cheese wedges and similar, QUAL Low fat (naturally or reduced)",912,990,1300,990,960,912,960
Milk and dairy products,"Processed cheese, sliceable",550,900,800,800,800,550,768
Milk and dairy products,"Processed cheese, sliceable, QUAL Half fat or medium fat",660,1100,1100,1100,775,660,640
Milk and dairy products,"Processed cheese, sliceable, QUAL Low fat (naturally or reduced)",912,1400,1400,1400,1150,912,1150
Milk and dairy products,"Processed cheese, spreadable",46.2,129,700,650,870,770,835
Milk and dairy products,"Processed cheese, spreadable, QUAL Half fat or medium fat",741,95,900,665,750,741,850
Milk and dairy products,"Processed cheese, spreadable, QUAL Low fat (naturally or reduced)",912,1300,1300,1300,960,912,960
Milk and dairy products,Quark,180,104,165,104,100,180,200
Milk and dairy products,Ricotta,146,164,146,237,170,146,170
Milk and dairy products,Sheep milk,168,135,138,96,150,138,150
Milk and dairy products,Skyr,165,165,165,165,165,165,165
Milk and dairy products,Soft brined cheese (feta type),280,352,280,280,360,280,280
Milk and dairy products,"Soft brined cheese (feta type), QUAL Low fat (naturally or reduced)",,360,360,360,360,,360
Milk and dairy products,"Soft-ripened cheese veined with blue mould (blue bavarian, blue de graven type )",380,320,360,320,380,380,360
Milk and dairy products,"Soft-ripened cheese with bloomy rind (white mould) (brie, camembert type)",380,307,350,390,380,380,232
Milk and dairy products,Soft-ripened cheese with natural rind and other soft-ripened cheeses,500,350,350,350,500,500,350
Milk and dairy products,Soft-ripened cheese with white and blue mould (cambozola type),140,360,360,360,270,140,360
Milk and dairy products,Soft-ripened washed-rind cheese (limburger type),400,339,249,339,300,400,300
Milk and dairy products,Sour cream products,81,60,60,60,79,60,81
Milk and dairy products,"Sour cream products, QUAL Half fat or medium fat",80,80,80,80,80,80,80
Milk and dairy products,"Sour cream products, QUAL Low fat (naturally or reduced)",,80,80,80,80,80,80
Milk and dairy products,"Sour cream, plain",56,60,60,60,79,83,81
Milk and dairy products,"Sour cream, plain, QUAL Half fat or medium fat",80,80,80,80,80,80,80
Milk and dairy products,"Sour cream, plain, QUAL Low fat (naturally or reduced)",,80,80,80,80,80,80
Milk and dairy products,Starchy pudding,95.4,82,82,80,93,95.4,86
Milk and dairy products,Traditional buttermilk (churning),93,93,93,93,93,93,93
Milk and dairy products,Traditional nordic fermented milks,95,95,95,95,95,95,95
Milk and dairy products,Viili,100,100,100,100,100,100,100
Milk and dairy products,"Viili, QUAL Fat free",90,90,90,90,90,90,90
Milk and dairy products,"Viili, QUAL Low fat (naturally or reduced)",100,100,100,100,100,100,100
Milk and dairy products,Water buffalo milk,130,130,130,121,130,130,130
Milk and dairy products,Whey powder,770,576,576,576,932,770,770
Milk and dairy products,"Whey, sour",70,50,50,50,50,50,50
Milk and dairy products,"Whey, sweet",380,43,43,43,46,380,50
Milk and dairy products,"Yoghurt drinks, including sweetened and/or flavoured variants",77.6,78,78,78,88,,81
Milk and dairy products,"Yoghurt drinks, including sweetened and/or flavoured variants, FORT Mixed supplements/formulations",95,95,95,95,95,95,95
Milk and dairy products,"Yoghurt drinks, including sweetened and/or flavoured variants, FORT Mixed supplements/formulations, QUAL Semi-skimmed",84,84,84,84,84,84,84
Milk and dairy products,"Yoghurt drinks, including sweetened and/or flavoured variants, FORT Mixed supplements/formulations, QUAL Skim",150,150,150,150,150,150,150
Milk and dairy products,"Yoghurt drinks, including sweetened and/or flavoured variants, QUAL Low / Reduced sugar",91,91,91,91,91,91,91
Milk and dairy products,"Yoghurt drinks, including sweetened and/or flavoured variants, QUAL Semi-skimmed",178.5,249,250,249,247,250,252
Milk and dairy products,"Yoghurt drinks, including sweetened and/or flavoured variants, QUAL Skim",302,302,302,302,241,302,241
Milk and dairy products,"Yoghurt drinks, including sweetened and/or flavoured variants, QUAL Sugar free",91,91,91,91,91,91,91
Milk and dairy products,"Yoghurt, cow milk, flavoured",76.8,92,81,92,120,92,96
Milk and dairy products,"Yoghurt, cow milk, flavoured, FORT Mixed supplements/formulations, QUAL Skim",76,76,76,76,76,76,76
Milk and dairy products,"Yoghurt, cow milk, flavoured, QUAL Low / Reduced sugar",90,90,90,90,90,90,90
Milk and dairy products,"Yoghurt, cow milk, flavoured, QUAL Semi-skimmed",294.4,276,261,276,291,266.8,304
Milk and dairy products,"Yoghurt, cow milk, flavoured, QUAL Skim",200,294.7,296,320,293,200,310
Milk and dairy products,"Yoghurt, cow milk, flavoured, QUAL Sugar free",90,90,90,87,90,90,90
Milk and dairy products,"Yoghurt, cow milk, plain",120,95,92,105,113,91,170
Milk and dairy products,"Yoghurt, cow milk, plain, FORT Mixed supplements/formulations, QUAL Semi-skimmed",115,115,115,115,115,115,115
Milk and dairy products,"Yoghurt, cow milk, plain, FORT Mixed supplements/formulations, QUAL Skim",214,214,214,214,214,214,214
Milk and dairy products,"Yoghurt, cow milk, plain, QUAL Low / Reduced sugar",90,90,90,90,90,90,90
Milk and dairy products,"Yoghurt, cow milk, plain, QUAL Semi-skimmed",262,271,259,274,287,275,315
Milk and dairy products,"Yoghurt, cow milk, plain, QUAL Skim",214,311.2,323,309,319.2,214,365
Milk and dairy products,"Yoghurt, cow milk, plain, QUAL Sugar free",90,90,90,105,90,90,90
Milk and dairy products,"Yoghurt, goat milk, plain",105,105,105,105,105,105,105
Milk and dairy products,"Yoghurt, goat milk, plain, QUAL Semi-skimmed",103,103,103,103,103,103,103
Milk and dairy products,"Yoghurt, sheep milk, flavoured",81,81,81,81,81,81,81
Milk and dairy products,"Yoghurt, sheep milk, flavoured, QUAL Low / Reduced sugar",90,90,90,90,90,90,90
Milk and dairy products,"Yoghurt, sheep milk, flavoured, QUAL Semi-skimmed",249,249,249,249,249,249,249
Milk and dairy products,"Yoghurt, sheep milk, flavoured, QUAL Skim",310,310,310,310,310,310,310
Milk and dairy products,"Yoghurt, sheep milk, flavoured, QUAL Sugar free",90,90,90,90,90,90,90
Milk and dairy products,"Yoghurt, sheep milk, plain",92,92,92,92,140,92,140
Milk and dairy products,"Yoghurt, sheep milk, plain, QUAL Low / Reduced sugar",90,90,90,90,90,90,90
Milk and dairy products,"Yoghurt, sheep milk, plain, QUAL Semi-skimmed",259,259,259,259,259,259,259
Milk and dairy products,"Yoghurt, sheep milk, plain, QUAL Skim",323,323,323,323,323,323,323
Milk and dairy products,"Yoghurt, sheep milk, plain, QUAL Sugar free",90,90,90,90,90,90,90
"Products for non-standard diets, food imitates and food supplements or fortifying agents",Almond drink,39,15,39,15,39,39,39
"Products for non-standard diets, food imitates and food supplements or fortifying agents",Carbohydrate-electrolyte solutions for sports people,4,,4,,,4,4
"Products for non-standard diets, food imitates and food supplements or fortifying agents",Dietary foods for special medical purposes,,0,0,0,0,,0
"Products for non-standard diets, food imitates and food supplements or fortifying agents",Imitation cheese,272,272,272,272,350,272,350
"Products for non-standard diets, food imitates and food supplements or fortifying agents",Imitation cream,20,45,45,45,73,20,73
"Products for non-standard diets, food imitates and food supplements or fortifying agents","Imitation cream, QUAL Half fat or medium fat",,88,88,88,88,23,88
"Products for non-standard diets, food imitates and food supplements or fortifying agents",Non dairy coffee creamer,52,52,52,52,624,52,624
"Products for non-standard diets, food imitates and food supplements or fortifying agents","Non dairy coffee creamer, QUAL Half fat or medium fat",624,624,624,624,624,624,624
"Products for non-standard diets, food imitates and food supplements or fortifying agents",Oats drink,43,43,43,43,43,43,43
"Products for non-standard diets, food imitates and food supplements or fortifying agents",Protein and protein components for sports people,110,110,110,110,697,110,697
"Products for non-standard diets, food imitates and food supplements or fortifying agents",Rice drink,,23,23,23,,23,23
"Products for non-standard diets, food imitates and food supplements or fortifying agents",Single meal replacement for weight reduction,,212,176,212,176,,176
"Products for non-standard diets, food imitates and food supplements or fortifying agents",Soya drink,,61,52,47,89,190,89
"Products for non-standard diets, food imitates and food supplements or fortifying agents",Soya yoghurt,56.7,57.3,52,57.3,72,56.7,72
"Products for non-standard diets, food imitates and food supplements or fortifying agents","Soya yoghurt, QUAL Half fat or medium fat",,115,115,115,115,,115
"Products for non-standard diets, food imitates and food supplements or fortifying agents",Textured fungal proteins,126,126,126,126,126,126,126
"Products for non-standard diets, food imitates and food supplements or fortifying agents",Textured soy protein,839,740,740,740,270,839,270
"Products for non-standard diets, food imitates and food supplements or fortifying agents",Tofu,126,150,214,97,130,126,130
"Products for non-standard diets, food imitates and food supplements or fortifying agents",Total daily diet replacement for weight reduction,350,350,350,350,350,350,350
"Seasoning, sauces and condiments",Alcoholic sweet sauce,95,95,95,95,95,95,95
"Seasoning, sauces and condiments",Apple chutney,25,25,25,25,8,25,23
"Seasoning, sauces and condiments",Barbecue or steak sauces,,20,53,20,17,,27
"Seasoning, sauces and condiments",Bechamel sauce,99.1,33,16,33,109,99.1,109
"Seasoning, sauces and condiments",Butter sauce,145.7,24,8,24,24,145.7,8
"Seasoning, sauces and condiments",Cheese sauce,155,157,83,157,134,155,181
"Seasoning, sauces and condiments",Chilli pickle,11,17,17,17,17,11,17
"Seasoning, sauces and condiments",Chocolate sauce,,95,95,95,105,95,130
"Seasoning, sauces and condiments",Chutneys,,26,26,26,8,,8
"Seasoning, sauces and condiments","Continental european brown cooked sauce, gravy",,19.5,5,19.5,6,5,6
"Seasoning, sauces and condiments",Cream sauce,,25,33,25,25,81.1,33
"Seasoning, sauces and condiments",Curry powder,349,349,263,349,349,349,270
"Seasoning, sauces and condiments",Curry sauce,,11.1,38,11.1,31,38,31
"Seasoning, sauces and condiments",Fruit sauce,12,28.7,12,28.7,9,12,6
"Seasoning, sauces and condiments",Fudge sauce,85,85,85,85,85,85,85
"Seasoning, sauces and condiments",Gravy browning,123,123,123,123,,123,
"Seasoning, sauces and condiments",Gravy ingredients,123,123,123,123,123,123,123
"Seasoning, sauces and condiments",Gravy instant granules,123,123,123,123,,123,71
"Seasoning, sauces and condiments",Gravy thickener,30,30,30,30,,30,
"Seasoning, sauces and condiments",Hollandaise type sauce,145.7,30,110,30,155,145.7,155
"Seasoning, sauces and condiments",Horseradish sauce,,93,93,93,42,,42
"Seasoning, sauces and condiments",Mango chutney,,26,26,26,8,,8
"Seasoning, sauces and condiments",Mayonnaise sauce,59,23,60,28,48,59,27
"Seasoning, sauces and condiments","Mayonnaise, low fat",48.7,,30,,17,26,17
"Seasoning, sauces and condiments",Meat extract,320,700,700,,320,320,400
"Seasoning, sauces and condiments",Mint sauce,27,27,27,27,27,27,27
"Seasoning, sauces and condiments",Miscellaneous savoury extracts,700,700,700,700,950,700,950
"Seasoning, sauces and condiments",Mixed and other not listed condiments,30.9,23,30.9,23,30.9,30.9,6
"Seasoning, sauces and condiments",Mixed herbs and spices,200,200,200,52,235,200,235
"Seasoning, sauces and condiments",Mushrooms cooked sauce,93,38.4,7,38.4,38.4,92.8,7
"Seasoning, sauces and condiments",Mustard and related sauces,134,314,180,314,73,134,190
"Seasoning, sauces and condiments","Mustard, hot",134,180,180,180,73,134,190
"Seasoning, sauces and condiments","Mustard, mild",110,180,180,180,213,75,213
"Seasoning, sauces and condiments","Mustard, sweet",170,180,180,180,73,170,73
"Seasoning, sauces and condiments",Oyster sauce,145,145,145,145,145,145,145
"Seasoning, sauces and condiments",Pesto,176.9,80.3,276,80.3,212,89.5,423
"Seasoning, sauces and condiments",Piccalilly pickle,17,17,17,17,17,17,17
"Seasoning, sauces and condiments",Pickles,19,12,19,12,21,19,12
"Seasoning, sauces and condiments",Pickling spice,176,176,176,176,176,176,176
"Seasoning, sauces and condiments",Salad dressing,16.5,5,20,5,17,16.5,17
"Seasoning, sauces and condiments","Salad dressing, low fat",6,10,78,10,44,6,44
"Seasoning, sauces and condiments",Salsa,32.1,15,26,15,26,32.1,26
"Seasoning, sauces and condiments",Salt,70,8,150,1,1,70,1
"Seasoning, sauces and condiments","Salt, flavoured",93.8,162,162,162,162,139,162
"Seasoning, sauces and condiments","Salt, iodised",70,150,150,150,1,70,1
"Seasoning, sauces and condiments","Salt, iodised and fluoridated",150,150,150,150,150,150,150
"Seasoning, sauces and condiments","Salt, low sodium",100,,,,,100,
"Seasoning, sauces and condiments",Sea salt,,1,1,1,1,1,1
"Seasoning, sauces and condiments",Seasoning mixes,,178,176,178,260,,260
"Seasoning, sauces and condiments",Soy sauce,104,150,145,210,23,140,47
"Seasoning, sauces and condiments","Stock cube or granulate, beef",360,340,700,340,,360,240
"Seasoning, sauces and condiments",Stock cubes or granulate (bouillon base),430,340,482,,,430,
"Seasoning, sauces and condiments","Stock cubes or granulate (bouillon base), QUAL Low sodium / reduced salt",371.5,371.5,371.5,371.5,371.5,371.5,371.5
"Seasoning, sauces and condiments","Stock cubes or granulate, chicken",79.2,,700,,,79.2,200
"Seasoning, sauces and condiments","Stock cubes or granulate, vegetables",108.6,,700,120,,108.6,120
"Seasoning, sauces and condiments",Tabasco sauce,159,159,159,159,159,159,159
"Seasoning, sauces and condiments",Tartar sauce,91.4,36,36,36,36,91.4,36
"Seasoning, sauces and condiments",Teriyaki sauce,53.9,145,145,145,145,53.9,145
"Seasoning, sauces and condiments",Tomato chutney,26,40,26,40,33,26,33
"Seasoning, sauces and condiments",Tomato ketchup and related sauces,40,36.7,43,43,31,32,31
"Seasoning, sauces and condiments",Tomato-containing cooking sauces,40.3,26,28,26,20,,42
"Seasoning, sauces and condiments",Vegetable savoury extracts,78,78,78,78,78,78,78
"Seasoning, sauces and condiments",Vegetables-based cooked sauce,,38.4,25,38.4,20,25,20
"Seasoning, sauces and condiments",Vinegar,32,32,32,32,10,32,10
"Seasoning, sauces and condiments","Vinegar, apple",1.3,9,9,9,10,5,10
"Seasoning, sauces and condiments","Vinegar, wine",0.8,32,32,32,10,32,10
"Seasoning, sauces and condiments",Yeast extract,104,87,87,87,,104,950
"Starchy roots or tubers and products thereof, sugar plants",Arrowroots,174,174,174,174,174,174,174
"Starchy roots or tubers and products thereof, sugar plants","Arrowroots, PROCESS Baking",169,169,169,169,169,169,169
"Starchy roots or tubers and products thereof, sugar plants","Arrowroots, PROCESS Cooking in water",166,166,166,166,166,166,166
"Starchy roots or tubers and products thereof, sugar plants","Arrowroots, PROCESS Steaming",166,166,166,166,166,166,166
"Starchy roots or tubers and products thereof, sugar plants",Cassava roots,38,38,38,38,34,38,34
"Starchy roots or tubers and products thereof, sugar plants","Cassava roots, PROCESS Baking",37,37,37,37,36,37,36
"Starchy roots or tubers and products thereof, sugar plants","Cassava roots, PROCESS Cooking in water",36,36,36,36,39,36,39
"Starchy roots or tubers and products thereof, sugar plants","Cassava roots, PROCESS Steaming",36,36,36,36,39,36,35
"Starchy roots or tubers and products thereof, sugar plants",Fries (finger chips),46.6,111,98,62,77,22,130
"Starchy roots or tubers and products thereof, sugar plants",Main-crop potatoes,,31,31,54,60,,37
"Starchy roots or tubers and products thereof, sugar plants","Main-crop potatoes, PROCESS Baking",41.6,50,61,55,41,41.6,40
"Starchy roots or tubers and products thereof, sugar plants","Main-crop potatoes, PROCESS Cooking in water",45,42,50,31,41,45,31
"Starchy roots or tubers and products thereof, sugar plants","Main-crop potatoes, PROCESS Steaming",45,44,36,54,41,45,31
"Starchy roots or tubers and products thereof, sugar plants",Mashed potato powder,236.6,310,310,310,370,236.6,230
"Starchy roots or tubers and products thereof, sugar plants",Mexican yam beans,18,18,18,18,18,18,18
"Starchy roots or tubers and products thereof, sugar plants","Mexican yam beans, PROCESS Cooking in water",17,17,17,17,17,17,17
"Starchy roots or tubers and products thereof, sugar plants","Mexican yam beans, PROCESS Steaming",17,17,17,17,17,17,17
"Starchy roots or tubers and products thereof, sugar plants",New potatoes,54,34,34,54,60,54,34
"Starchy roots or tubers and products thereof, sugar plants","New potatoes, PROCESS Baking",41,41,41,41,41,41,41
"Starchy roots or tubers and products thereof, sugar plants","New potatoes, PROCESS Cooking in water",54,54,54,54,41,54,54
"Starchy roots or tubers and products thereof, sugar plants","New potatoes, PROCESS Steaming",54,54,27,54,41,54,54
"Starchy roots or tubers and products thereof, sugar plants",Pan-fried potato,54.2,111,37,55,40,54.2,81
"Starchy roots or tubers and products thereof, sugar plants",Potato baked,57.7,50,61,54,41,46,41
"Starchy roots or tubers and products thereof, sugar plants",Potato boiled,45,42,50,54,41,29,41
"Starchy roots or tubers and products thereof, sugar plants",Potato crisps or sticks,158,155,147,158,150,122.8,110
"Starchy roots or tubers and products thereof, sugar plants",Potato flakes,180,310,310,220,310,180,310
"Starchy roots or tubers and products thereof, sugar plants",Potato flour,7.2,7,7,7,30,7.2,30
"Starchy roots or tubers and products thereof, sugar plants",Potato starch,80,7,7,27,30,80,30
"Starchy roots or tubers and products thereof, sugar plants",Potato starch-based snacks,22.5,129,31,129,150,22.5,120
"Starchy roots or tubers and products thereof, sugar plants",Sweet potatoes,47,39,39,39,50,47,50
"Starchy roots or tubers and products thereof, sugar plants","Sweet potatoes, PROCESS Baking",51.1,43,45,43,50,,65
"Starchy roots or tubers and products thereof, sugar plants","Sweet potatoes, PROCESS Cooking in water",47,43,38,43,50,,50
"Starchy roots or tubers and products thereof, sugar plants","Sweet potatoes, PROCESS Steaming",47,43,38,43,50,47,48
"Starchy roots or tubers and products thereof, sugar plants",Tannias,55,55,55,55,45,55,55
"Starchy roots or tubers and products thereof, sugar plants","Tannias, PROCESS Baking",105,105,105,105,105,105,105
"Starchy roots or tubers and products thereof, sugar plants",Tapioca starch,12,12,12,12,30,12,30
"Starchy roots or tubers and products thereof, sugar plants",Tapioca starch-based snacks,82,82,82,82,82,82,82
"Starchy roots or tubers and products thereof, sugar plants",Taros,98,98,98,98,58,98,58
"Starchy roots or tubers and products thereof, sugar plants","Taros, PROCESS Baking",69,69,69,69,69,69,69
"Starchy roots or tubers and products thereof, sugar plants","Taros, PROCESS Cooking in water",93,93,93,93,56,93,56
"Starchy roots or tubers and products thereof, sugar plants","Taros, PROCESS Steaming",93,93,93,93,56,93,52
"Starchy roots or tubers and products thereof, sugar plants",Yams,44,44,44,44,27,44,27
"Starchy roots or tubers and products thereof, sugar plants","Yams, PROCESS Baking",43,43,43,43,36,43,36
"Starchy roots or tubers and products thereof, sugar plants","Yams, PROCESS Cooking in water",42,42,42,42,21,42,21
"Starchy roots or tubers and products thereof, sugar plants","Yams, PROCESS Steaming",42,42,42,42,21,42,27
"Sugar, confectionery and water-based sweet desserts",Basic sweet masses,0.1,225,225,225,262,0.1,262
"Sugar, confectionery and water-based sweet desserts",Bitter chocolate,200,248,401,248,150,200,150
"Sugar, confectionery and water-based sweet desserts","Bitter chocolate, QUAL Sugar free",150,233,150,233,150,150,150
"Sugar, confectionery and water-based sweet desserts",Bitter-sweet chocolate,230,263,263,186,29,230,140
"Sugar, confectionery and water-based sweet desserts","Bitter-sweet chocolate, QUAL Sugar free",150,150,150,150,150,150,150
"Sugar, confectionery and water-based sweet desserts","Caramel, hard",,12,12,,,,
"Sugar, confectionery and water-based sweet desserts","Caramel, hard, QUAL Sugar free",0,0,0,0,0,0,0
"Sugar, confectionery and water-based sweet desserts","Caramel, soft",6.8,64,64,64,62,6.8,62
"Sugar, confectionery and water-based sweet desserts","Caramel, soft, QUAL Low / Reduced sugar",0,0,0,0,0,0,0
"Sugar, confectionery and water-based sweet desserts","Caramel, soft, QUAL Sugar free",0,0,0,0,0,0,0
"Sugar, confectionery and water-based sweet desserts",Chewing gum,4,,4,,,4,
"Sugar, confectionery and water-based sweet desserts","Chewing gum, QUAL Low / Reduced sugar",4,4,4,4,4,4,4
"Sugar, confectionery and water-based sweet desserts","Chewing gum, QUAL Sugar free",4,,4,,,4,
"Sugar, confectionery and water-based sweet desserts",Chocolate and chocolate products,250,162,280,186,205,250,220
"Sugar, confectionery and water-based sweet desserts","Chocolate and chocolate products, QUAL Low / Reduced sugar",350,350,350,350,350,350,350
"Sugar, confectionery and water-based sweet desserts","Chocolate and chocolate products, QUAL Sugar free",350,350,350,350,205,350,200
"Sugar, confectionery and water-based sweet desserts",Chocolate coated confectionery,,131,229,160,80,109.6,150
"Sugar, confectionery and water-based sweet desserts",Cream chocolate,240,182,182,164,110,240,170
"Sugar, confectionery and water-based sweet desserts",Dessert halva,27,27,27,27,32,27,32
"Sugar, confectionery and water-based sweet desserts","Dragée, sugar coated",,151,151,151,3,,3
"Sugar, confectionery and water-based sweet desserts","Dragée, sugar coated, QUAL Low / Reduced sugar",0,0,0,0,0,0,0
"Sugar, confectionery and water-based sweet desserts","Dragée, sugar coated, QUAL Sugar free",,,,,3,,3
"Sugar, confectionery and water-based sweet desserts",Filled chocolate,,,260,,110,,150
"Sugar, confectionery and water-based sweet desserts",Foamed sugar products (marshmallows),6,6,6,6,4,6,4
"Sugar, confectionery and water-based sweet desserts",Fructose,0.1,,,,,,
"Sugar, confectionery and water-based sweet desserts",Fudge,64,64,64,64,62,64,101
"Sugar, confectionery and water-based sweet desserts",Gelatine dessert,13.6,75,,75,,13.6,1
"Sugar, confectionery and water-based sweet desserts","Gelatine dessert, QUAL Sugar free",0,0,0,0,0,0,0
"Sugar, confectionery and water-based sweet desserts",Glucose,,,,,,,11
"Sugar, confectionery and water-based sweet desserts",Granita,0,0,0,0,0,0,0
"Sugar, confectionery and water-based sweet desserts",Gum drops,4,4,4,4,4,4,4
"Sugar, confectionery and water-based sweet desserts","Gum drops, QUAL Sugar free",2.4,2.4,2.4,2.4,2.4,2.4,2.4
"Sugar, confectionery and water-based sweet desserts",Hard candies,4,23,12,23,3,,12
"Sugar, confectionery and water-based sweet desserts","Hard candies, QUAL Low / Reduced sugar",,,,,3,,3
"Sugar, confectionery and water-based sweet desserts","Hard candies, QUAL Sugar free",2.4,,,,3,2.4,3
"Sugar, confectionery and water-based sweet desserts","Honey, polyfloral",7,16,5,6,4,7,17
"Sugar, confectionery and water-based sweet desserts",Jelly candies,7,4,4,4,10,4,4
"Sugar, confectionery and water-based sweet desserts",Liquorice candies,30,38,38,44,22,30,44
"Sugar, confectionery and water-based sweet desserts","Liquorice candies, QUAL Sugar free",22,22,22,22,22,22,22
"Sugar, confectionery and water-based sweet desserts",Marzipan,250,249,220,249,194,240,130
"Sugar, confectionery and water-based sweet desserts",Marzipan raw mass,240,225,225,225,194,225,262
"Sugar, confectionery and water-based sweet desserts",Milk chocolate,300,182,280,207,205,189,220
"Sugar, confectionery and water-based sweet desserts","Milk chocolate, QUAL Low / Reduced sugar",350,350,350,350,350,350,350
"Sugar, confectionery and water-based sweet desserts","Milk chocolate, QUAL Sugar free",350,350,350,350,205,350,205
"Sugar, confectionery and water-based sweet desserts",Molasses,31,31,31,31,31,31,31
"Sugar, confectionery and water-based sweet desserts",Nougat,178,186,144,186,188,178,72
"Sugar, confectionery and water-based sweet desserts","Nougat, QUAL Low / Reduced sugar",202,202,202,202,202,202,202
"Sugar, confectionery and water-based sweet desserts","Nougat, QUAL Sugar free",202,202,202,202,202,202,202
"Sugar, confectionery and water-based sweet desserts",Nuts-seeds based halva,500.5,27,27,27,330,500.5,330
"Sugar, confectionery and water-based sweet desserts",Polyols,0,0,0,0,0,0,0
"Sugar, confectionery and water-based sweet desserts",Pralines,180,54,54,54,110,180,140
"Sugar, confectionery and water-based sweet desserts",Sorbet,17.4,104,5,5,2,38,4
"Sugar, confectionery and water-based sweet desserts",Sucrose (common sugar),0.1,,,,,0.1,1
"Sugar, confectionery and water-based sweet desserts",Sweet confectionery-deprecated,4,4,12,4,3,4,4
"Sugar, confectionery and water-based sweet desserts","Sweet confectionery-deprecated, QUAL Low / Reduced sugar",0,0,0,0,0,0,0
"Sugar, confectionery and water-based sweet desserts","Sweet confectionery-deprecated, QUAL Sugar free",2.4,,,,3,2.4,3
"Sugar, confectionery and water-based sweet desserts",Syrups,2,4,20,4,,2,1
"Sugar, confectionery and water-based sweet desserts",Toffee,60,64,64,64,62,16.5,62
"Sugar, confectionery and water-based sweet desserts","Toffee, QUAL Low / Reduced sugar",0,0,0,0,0,0,0
"Sugar, confectionery and water-based sweet desserts","Toffee, QUAL Sugar free",0,0,0,0,0,0,0
"Sugar, confectionery and water-based sweet desserts",White chocolate,230,230,143,230,280,179,230
Vegetables and vegetable products,Alfalfa sprouts,70,70,70,70,70,70,70
Vegetables and vegetable products,"Alfalfa sprouts, PROCESS Cooking in water",70,70,70,70,70,70,70
Vegetables and vegetable products,"Alfalfa sprouts, PROCESS Steaming",100,73,73,73,100,100,73
Vegetables and vegetable products,Angelica (leaves and stems),41.3,41.3,41.3,41.3,41.3,41.3,41.3
Vegetables and vegetable products,Aniseed myrtle,53,53,53,53,53,53,53
Vegetables and vegetable products,Asparagus,72,44,44,65,60,72,72
Vegetables and vegetable products,"Asparagus, PROCESS Baking",49,49,49,49,49,49,49
Vegetables and vegetable products,"Asparagus, PROCESS Cooking in water",,45.6,37,45.6,60,28,50
Vegetables and vegetable products,"Asparagus, PROCESS Steaming",,54,47,54,60,28,50
Vegetables and vegetable products,Aubergines,22,21,21,33,12,22,16
Vegetables and vegetable products,"Aubergines, PROCESS Baking",39.7,10,24,10,39.7,39.7,24
Vegetables and vegetable products,"Aubergines, PROCESS Cooking in water",23,10,23,10,12,23,12
Vegetables and vegetable products,"Aubergines, PROCESS Frying",21.9,25,25.3,25,25.3,21.9,25
Vegetables and vegetable products,"Aubergines, PROCESS Steaming",24,24,24,24,12,24,12
Vegetables and vegetable products,Bamboo shoots,25,53,53,53,53,25,53
Vegetables and vegetable products,"Bamboo shoots, PROCESS Cooking in water",39,51,51,51,41,39,39
Vegetables and vegetable products,"Bamboo shoots, PROCESS Frying",30.1,30.1,30.1,30.1,30.1,30.1,30.1
Vegetables and vegetable products,"Bamboo shoots, PROCESS Steaming",39,51,51,51,41,39,39
Vegetables and vegetable products,Basil,37,53,37,37,37,69,37
Vegetables and vegetable products,Beans (with pods) and similar-,39,38.6,36,48,50,39,34
Vegetables and vegetable products,"Beans (with pods) and similar-, PROCESS Baking",371,39,39,39,371,371,39
Vegetables and vegetable products,"Beans (with pods) and similar-, PROCESS Cooking in water",42.6,27,35,33,42,25,21
Vegetables and vegetable products,"Beans (with pods) and similar-, PROCESS Steaming",42.6,27,36,33,42,42.6,21
Vegetables and vegetable products,Beetroots,40,44,44,21,40,26.8,51
Vegetables and vegetable products,"Beetroots, PROCESS Baking",74,20.1,74,20.1,74,74,74
Vegetables and vegetable products,"Beetroots, PROCESS Cooking in water",40.8,20.1,41,20.1,31,,87
Vegetables and vegetable products,"Beetroots, PROCESS Steaming",40.8,43,43,43,31,,87
Vegetables and vegetable products,Borage,53,53,53,53,53,53,53
Vegetables and vegetable products,Broccoli and similar-,90,63,63,74,69,90,87
Vegetables and vegetable products,"Broccoli and similar-, PROCESS Baking",83.7,69,69,69,83.7,83.7,69
Vegetables and vegetable products,"Broccoli and similar-, PROCESS Cooking in water",90,62,65,62,97,90,57
Vegetables and vegetable products,"Broccoli and similar-, PROCESS Frying",66,66,66,66,66,66,66
Vegetables and vegetable products,"Broccoli and similar-, PROCESS Steaming",90,62,66,62,97,90,57
Vegetables and vegetable products,Brussels sprouts,41,62,84,50,125,41,77
Vegetables and vegetable products,"Brussels sprouts, PROCESS Baking",30.1,91,91,91,30.1,30.1,91
Vegetables and vegetable products,"Brussels sprouts, PROCESS Cooking in water",41,53,76,53,85,,61
Vegetables and vegetable products,"Brussels sprouts, PROCESS Steaming",41,56,61,56,85,,61
Vegetables and vegetable products,Canned mushrooms,76,60.1,114,70,70,114,70
Vegetables and vegetable products,"Canned mushrooms, PROCESS Baking",139,139,139,139,139,139,139
Vegetables and vegetable products,"Canned mushrooms, PROCESS Cooking in water",76,114,114,114,70,76,28
Vegetables and vegetable products,"Canned mushrooms, PROCESS Steaming",76,156,156,156,70,76,33
Vegetables and vegetable products,Cardoons,130,20.4,130,11,20.4,130,130
Vegetables and vegetable products,"Cardoons, PROCESS Cooking in water",130,130,130,130,130,130,130
Vegetables and vegetable products,"Cardoons, PROCESS Steaming",130,130,130,130,130,130,130
Vegetables and vegetable products,Carrots,40,16.4,36,37,29,26.7,15
Vegetables and vegetable products,"Carrots, PROCESS Baking",39,39,39,39,39,39,39
Vegetables and vegetable products,"Carrots, PROCESS Cooking in water",40.8,19.9,28,19.9,27,40.8,17
Vegetables and vegetable products,"Carrots, PROCESS Frying",80.5,30,80.5,30,80.5,80.5,80.5
Vegetables and vegetable products,"Carrots, PROCESS Steaming",40.8,30,31,30,27,40.8,17
Vegetables and vegetable products,Cauliflowers,50,46,49,69,48,42.8,64
Vegetables and vegetable products,"Cauliflowers, PROCESS Baking",34.1,54,54,54,34.1,34.1,54
Vegetables and vegetable products,"Cauliflowers, PROCESS Cooking in water",50,32,41,32,47,,52
Vegetables and vegetable products,"Cauliflowers, PROCESS Steaming",50,32,51,32,47,,52
Vegetables and vegetable products,Celeriacs,69,70.8,69,90,90,69,63
Vegetables and vegetable products,"Celeriacs, PROCESS Baking",76,76,76,76,76,76,76
Vegetables and vegetable products,"Celeriacs, PROCESS Cooking in water",61,25,61,25,90,61,52
Vegetables and vegetable products,"Celeriacs, PROCESS Steaming",72.3,66,72,66,90,72.3,52
Vegetables and vegetable products,Celeries,37,22.9,48,45,40,26,21
Vegetables and vegetable products,"Celeries, PROCESS Cooking in water",48,25,48,25,40,48,20
Vegetables and vegetable products,"Celeries, PROCESS Steaming",38.8,25,38.8,25,40,38.8,20
Vegetables and vegetable products,Celery leaves,51.9,40,40,40,40,51.9,40
Vegetables and vegetable products,"Celtuce, PROCESS Steaming",45.6,45.6,45.6,45.6,45.6,45.6,45.6
Vegetables and vegetable products,Ceps,47,82,82,142,82,47,82
Vegetables and vegetable products,"Ceps, PROCESS Baking",99,99,99,99,99,99,99
Vegetables and vegetable products,"Ceps, PROCESS Cooking in water",72.3,82,82,82,82,72.3,82
Vegetables and vegetable products,"Ceps, PROCESS Steaming",72.3,106,106,106,106,72.3,106
Vegetables and vegetable products,Chanterelles,72,57,57,56,80,72,80
Vegetables and vegetable products,"Chanterelles, PROCESS Baking",70,70,70,70,70,70,70
Vegetables and vegetable products,"Chanterelles, PROCESS Cooking in water",57,57,57,57,80,57,80
Vegetables and vegetable products,"Chanterelles, PROCESS Steaming",79,79,79,79,80,79,80
Vegetables and vegetable products,Chards,30,39,39,29,40,30,46
Vegetables and vegetable products,"Chards, PROCESS Baking",68.3,46,46,46,68.3,68.3,46
Vegetables and vegetable products,"Chards, PROCESS Cooking in water",39,33,39,62,40,39,33
Vegetables and vegetable products,"Chards, PROCESS Steaming",68.3,33,41,62,40,68.3,33
Vegetables and vegetable products,Chervil,30,30,30,30,30,30,30
Vegetables and vegetable products,Chickpea sprouts,94,94,94,94,94,94,94
Vegetables and vegetable products,Chili peppers,,38,38,18,39,,80
Vegetables and vegetable products,"Chili peppers, PROCESS Baking",63,88,88,88,63,63,88
Vegetables and vegetable products,"Chili peppers, PROCESS Cooking in water",40,40,40,40,40,40,40
Vegetables and vegetable products,Chinese cabbages and similar-,37,30,30,30,45,37,27
Vegetables and vegetable products,"Chinese cabbages and similar-, PROCESS Baking",73.9,73.9,73.9,73.9,73.9,73.9,73.9
Vegetables and vegetable products,"Chinese cabbages and similar-, PROCESS Cooking in water",30,30,30,30,45,30,45
Vegetables and vegetable products,"Chinese cabbages and similar-, PROCESS Steaming",45,45,45,45,45,45,45
Vegetables and vegetable products,Chives,51,53.7,75,50,75,51,50
Vegetables and vegetable products,Chives and similar-,75,53.7,75,50,75,75,50
Vegetables and vegetable products,Common bean sprouts,60,60,60,60,60,60,60
Vegetables and vegetable products,Common mushrooms,98,86,129,100,125,112,80
Vegetables and vegetable products,"Common mushrooms, PROCESS Baking",158,158,158,70,158,158,158
Vegetables and vegetable products,"Common mushrooms, PROCESS Cooking in water",119,70,129,70,125,119,64
Vegetables and vegetable products,"Common mushrooms, PROCESS Frying",100,100,100,100,101,100,100
Vegetables and vegetable products,"Common mushrooms, PROCESS Steaming",119,70,170,70,125,119,64
Vegetables and vegetable products,Common nettle,90,138,138,92,138,26,138
Vegetables and vegetable products,Courgettes,45,31.2,29,31.2,23,32,45
Vegetables and vegetable products,Courgettes and similar-,45,31.2,29,65,23,45,45
Vegetables and vegetable products,"Courgettes and similar-, PROCESS Baking",20.5,32,32,32,20.5,20.5,32
Vegetables and vegetable products,"Courgettes and similar-, PROCESS Cooking in water",,29,29,29,51,,36
Vegetables and vegetable products,"Courgettes and similar-, PROCESS Frying",,61,61,61,61,,61
Vegetables and vegetable products,"Courgettes and similar-, PROCESS Steaming",,30,30,30,51,,36
Vegetables and vegetable products,"Courgettes, PROCESS Baking",19.8,40,32,40,19.8,19.8,32
Vegetables and vegetable products,"Courgettes, PROCESS Cooking in water",,29,29,29,51,,36
Vegetables and vegetable products,"Courgettes, PROCESS Frying",61,61,61,61,61,61,61
Vegetables and vegetable products,"Courgettes, PROCESS Steaming",,30,30,30,51,,36
Vegetables and vegetable products,Cresses,35,38,38,34,80,76,33
Vegetables and vegetable products,Cucumbers,35,21,15,17,32,25.2,49
Vegetables and vegetable products,Curly kales,41,87,87,87,80,56,61
Vegetables and vegetable products,"Curly kales, PROCESS Cooking in water",69,69,69,69,80,69,39
Vegetables and vegetable products,"Curly kales, PROCESS Frying",160,160,160,160,160,160,160
Vegetables and vegetable products,"Curly kales, PROCESS Steaming",69,69,69,69,80,69,39
Vegetables and vegetable products,Curry leaves,57,57,57,57,57,57,57
Vegetables and vegetable products,Dandelions,66,66,66,65,66,66,66
Vegetables and vegetable products,Dill leaves,35,85,85,85,85,85,85
Vegetables and vegetable products,Dried mushrooms,1361,1361,1361,612,970,1361,970
Vegetables and vegetable products,"Dried mushrooms, PROCESS Cooking in water",136,136,136,136,136,136,136
Vegetables and vegetable products,"Dried mushrooms, PROCESS Steaming",136,136,136,136,136,136,136
Vegetables and vegetable products,Dried vegetables,,363,363,363,363,,363
Vegetables and vegetable products,Dulse,280,58,58,58,58,58,58
Vegetables and vegetable products,"Dulse, PROCESS Cooking in water",35,35,35,35,35,35,35
Vegetables and vegetable products,"Dulse, PROCESS Steaming",35,35,35,35,35,35,35
Vegetables and vegetable products,Escaroles,54,54,54,31,36,54,36
Vegetables and vegetable products,Escaroles and similar-,21,22.9,54,31,36,21,67
Vegetables and vegetable products,"Escaroles and similar-, PROCESS Baking",39.5,39.5,39.5,39.5,39.5,39.5,39.5
Vegetables and vegetable products,"Escaroles and similar-, PROCESS Cooking in water",25,25,25,25,25,25,25
Vegetables and vegetable products,"Escaroles and similar-, PROCESS Steaming",25,39.5,25,39.5,25,25,25
Vegetables and vegetable products,Fennel leaves,72,38,51,38,72,72,26
Vegetables and vegetable products,Florence fennels,,38,51,39,45,51,26
Vegetables and vegetable products,"Florence fennels, PROCESS Baking",56,17.3,56,17.3,17.3,56,56
Vegetables and vegetable products,"Florence fennels, PROCESS Cooking in water",51,17.3,51,17.3,45,51,21
Vegetables and vegetable products,"Florence fennels, PROCESS Steaming",54,17.3,54,17.3,45,54,21
Vegetables and vegetable products,Garden cress sprouts,33,33,33,33,33,33,33
Vegetables and vegetable products,"Garden cress sprouts, PROCESS Steaming",173,173,173,173,173,173,173
Vegetables and vegetable products,Garden sorrel,26,63,51,63,63,26,51
Vegetables and vegetable products,Garlic and similar-,153,153,134,63,134,153,170
Vegetables and vegetable products,"Garlic and similar-, PROCESS Baking",40.1,143,143,143,40.1,40.1,143
Vegetables and vegetable products,"Garlic and similar-, PROCESS Cooking in water",135,135,135,135,135,135,135
Vegetables and vegetable products,"Garlic and similar-, PROCESS Steaming",139,139,139,139,139,139,139
Vegetables and vegetable products,Garlic puree,135,135,135,135,74,135,74
Vegetables and vegetable products,Gherkins,51.4,15,15,22,21,51.4,28
Vegetables and vegetable products,Globe artichokes,,63,130,67,130,,38
Vegetables and vegetable products,"Globe artichokes, PROCESS Cooking in water",69,78.1,130,78.1,40,69,40
Vegetables and vegetable products,"Globe artichokes, PROCESS Steaming",50,78.1,130,78.1,50,50,40
Vegetables and vegetable products,Grape leaves,35,91,91,91,91,35,91
Vegetables and vegetable products,"Grape leaves, PROCESS Cooking in water",91,91,91,91,91,91,91
Vegetables and vegetable products,"Grape leaves, PROCESS Steaming",91,91,91,91,91,91,91
Vegetables and vegetable products,Head cabbages,40,32,36,29,41,29,41
Vegetables and vegetable products,Head cabbages and similar-,40,29.5,36,24,41,40,41
Vegetables and vegetable products,"Head cabbages and similar-, PROCESS Baking",40.2,39,39,39,40.2,40.2,39
Vegetables and vegetable products,"Head cabbages and similar-, PROCESS Cooking in water",,29.7,33,29.7,25,,25
Vegetables and vegetable products,"Head cabbages and similar-, PROCESS Frying",43,43,43,43,43,43,43
Vegetables and vegetable products,"Head cabbages and similar-, PROCESS Steaming",,29.7,25,29.7,25,,25
Vegetables and vegetable products,"Head cabbages, PROCESS Baking",73.9,39,39,39,73.9,73.9,39
Vegetables and vegetable products,"Head cabbages, PROCESS Cooking in water",,24.1,33,30,25,33,25
Vegetables and vegetable products,"Head cabbages, PROCESS Frying",43,,,,43,,
Vegetables and vegetable products,"Head cabbages, PROCESS Steaming",,24.1,25,30,25,,25
Vegetables and vegetable products,Hijiki,42,42,42,42,42,42,42
Vegetables and vegetable products,"Hijiki, PROCESS Cooking in water",25,25,25,25,25,25,25
Vegetables and vegetable products,"Hijiki, PROCESS Steaming",25,25,25,25,25,25,25
Vegetables and vegetable products,Honey mushroom,121,121,121,121,121,121,121
Vegetables and vegetable products,"Honey mushroom, PROCESS Cooking in water",127,127,127,127,127,127,127
Vegetables and vegetable products,"Honey mushroom, PROCESS Steaming",127,127,127,127,127,127,127
Vegetables and vegetable products,Horseradish roots,120,77,93,77,70,120,70
Vegetables and vegetable products,"Horseradish roots, PROCESS Cooking in water",93,93,93,93,93,93,93
Vegetables and vegetable products,"Horseradish roots, PROCESS Steaming",94,93,93,93,94,94,93
Vegetables and vegetable products,Jerusalem artichokes,78,78,78,78,78,78,78
Vegetables and vegetable products,"Jerusalem artichokes, PROCESS Baking",71.1,78,75,78,71.1,71.1,75
Vegetables and vegetable products,"Jerusalem artichokes, PROCESS Cooking in water",73,78,73,78,33,73,33
Vegetables and vegetable products,"Jerusalem artichokes, PROCESS Steaming",73,78,73,78,33,73,33
Vegetables and vegetable products,Kales and similar-,41,87,87,87,80,41,61
Vegetables and vegetable products,"Kales and similar-, PROCESS Baking",46,46,46,46,46,46,46
Vegetables and vegetable products,"Kales and similar-, PROCESS Cooking in water",69,69,69,69,80,69,39
Vegetables and vegetable products,"Kales and similar-, PROCESS Steaming",69,69,69,69,80,69,39
Vegetables and vegetable products,Kohlrabies,41,50,50,50,60,46,35
Vegetables and vegetable products,"Kohlrabies, PROCESS Baking",40.1,55,55,55,40.1,40.1,55
Vegetables and vegetable products,"Kohlrabies, PROCESS Cooking in water",,47,47,47,60,,30
Vegetables and vegetable products,"Kohlrabies, PROCESS Steaming",,30,30,30,60,,30
Vegetables and vegetable products,Lamb's lettuces,,22.5,49,22.5,22.5,,49
Vegetables and vegetable products,Land cresses,38,38,38,38,52,38,52
Vegetables and vegetable products,Laurel,48,17,17,110,48,48,28
Vegetables and vegetable products,Laver,58,58,58,58,58,58,58
Vegetables and vegetable products,"Laver, PROCESS Cooking in water",35,35,35,35,35,35,35
Vegetables and vegetable products,"Laver, PROCESS Steaming",35,35,35,35,35,35,35
Vegetables and vegetable products,Leeks,50,32.9,49,57,32,30.2,44
Vegetables and vegetable products,"Leeks, PROCESS Baking",54,17,54,17,17,54,54
Vegetables and vegetable products,"Leeks, PROCESS Cooking in water",,17,49,17,22,49,32
Vegetables and vegetable products,"Leeks, PROCESS Steaming",,17,51,17,22,24.2,32
Vegetables and vegetable products,Lentil sprouts,88,88,88,88,88,88,88
Vegetables and vegetable products,"Lentil sprouts, PROCESS Steaming",100,100,100,100,100,100,100
Vegetables and vegetable products,"Lentils, fresh",411,411,411,411,350,411,350
Vegetables and vegetable products,"Lentils, fresh, PROCESS Baking",29,29,29,29,29,29,29
Vegetables and vegetable products,"Lentils, fresh, PROCESS Cooking in water",130,164,130,164,160,130,130
Vegetables and vegetable products,"Lentils, fresh, PROCESS Steaming",130,164,130,164,160,130,130
Vegetables and vegetable products,Lettuces (generic),40,36,23,31,35,,28
Vegetables and vegetable products,Lovage leaves,50,50,50,50,50,50,50
Vegetables and vegetable products,Mashed vegetable puree,30,41,70,41,70,30,70
Vegetables and vegetable products,Melons and similar-,16,11.9,24,13,10,16,13
Vegetables and vegetable products,Mints,75,69,75,75,75,75,75
Vegetables and vegetable products,Morels,72,162,162,162,20,72,20
Vegetables and vegetable products,"Morels, PROCESS Baking",85.1,169,169,169,85.1,85.1,169
Vegetables and vegetable products,"Morels, PROCESS Cooking in water",169,169,169,169,169,169,169
Vegetables and vegetable products,"Morels, PROCESS Steaming",210,210,210,210,210,210,210
Vegetables and vegetable products,Mung bean sprouts,54,77,49,77,48,54,48
Vegetables and vegetable products,"Mung bean sprouts, PROCESS Cooking in water",37,23.9,37,23.9,37,37,37
Vegetables and vegetable products,"Mung bean sprouts, PROCESS Steaming",37,23.9,37,23.9,37,37,37
Vegetables and vegetable products,Mushy peas,30.5,85,85,85,30.5,30.5,100
Vegetables and vegetable products,Nasturtium flowers and leaves,64,64,64,64,64,64,64
Vegetables and vegetable products,Okra,38,75,75,75,60,38,59
Vegetables and vegetable products,"Okra, PROCESS Cooking in water",79,79,79,79,54,79,54
Vegetables and vegetable products,"Okra, PROCESS Steaming",79,79,79,79,54,79,54
Vegetables and vegetable products,Onions,40,35.8,33,35,33,36,30
Vegetables and vegetable products,Onions and similar-,40,35.8,33,35,33,40,30
Vegetables and vegetable products,"Onions and similar-, PROCESS Baking",37,39.5,37,39.5,85,37,85
Vegetables and vegetable products,"Onions and similar-, PROCESS Cooking in water",,33,33,33,38,,16
Vegetables and vegetable products,"Onions and similar-, PROCESS Frying",42.1,44,44,44,40,42.1,44
Vegetables and vegetable products,"Onions and similar-, PROCESS Steaming",,16,16,16,16,,16
Vegetables and vegetable products,"Onions, PROCESS Baking",109,39.5,37,39.5,37,109,85
Vegetables and vegetable products,"Onions, PROCESS Cooking in water",,33,33,33,38,33,16
Vegetables and vegetable products,"Onions, PROCESS Frying",42.1,44,44,44,40,,44
Vegetables and vegetable products,"Onions, PROCESS Steaming",,16,16,16,16,16,16
Vegetables and vegetable products,Palm hearts,90,90,90,90,90,90,90
Vegetables and vegetable products,"Palm hearts, PROCESS Cooking in water",94,68.2,94,68.2,68.2,94,94
Vegetables and vegetable products,"Palm hearts, PROCESS Steaming",100,94,94,94,100,100,94
Vegetables and vegetable products,Parsley,70,45.7,87,75,30,71,64
Vegetables and vegetable products,Parsley roots,77,57,57,57,57,77,57
Vegetables and vegetable products,Parsnip roots,90,26,82,26,24.2,94,74
Vegetables and vegetable products,"Parsnip roots, PROCESS Baking",26.9,26.9,26.9,26.9,26.9,26.9,26.9
Vegetables and vegetable products,"Parsnip roots, PROCESS Cooking in water",91.8,26.9,76,26.9,76,91.8,76
Vegetables and vegetable products,"Parsnip roots, PROCESS Frying",26.9,26.9,26.9,26.9,26.9,26.9,26.9
Vegetables and vegetable products,"Parsnip roots, PROCESS Steaming",91.8,26.9,76,26.9,76,91.8,76
Vegetables and vegetable products,Pearl oyster mushrooms,110,67,67,97,120,110,120
Vegetables and vegetable products,"Pearl oyster mushrooms, PROCESS Baking",60.1,60.1,60.1,60.1,60.1,60.1,60.1
Vegetables and vegetable products,"Pearl oyster mushrooms, PROCESS Cooking in water",67,67,67,67,67,67,67
Vegetables and vegetable products,"Pearl oyster mushrooms, PROCESS Steaming",70,70,70,70,70,70,70
Vegetables and vegetable products,Peas (with pods) and similar-,80,75,80,75,53,80,53
Vegetables and vegetable products,"Peas (with pods) and similar-, PROCESS Cooking in water",80,80,80,80,42,80,42
Vegetables and vegetable products,"Peas (with pods) and similar-, PROCESS Frying",,36.2,36.2,36.2,36.2,,36.2
Vegetables and vegetable products,"Peas (with pods) and similar-, PROCESS Steaming",84,84,84,84,42,84,42
Vegetables and vegetable products,Peas shoots and sprouts,94,94,94,94,94,94,94
Vegetables and vegetable products,Pickled / marinated vegetables,19,38,38,23,21,19,21
Vegetables and vegetable products,Pumpkins,19,44,44,40,19,19,19
Vegetables and vegetable products,"Pumpkins, PROCESS Baking",48,15.8,48,15.8,15.8,48,48
Vegetables and vegetable products,"Pumpkins, PROCESS Cooking in water",17,26,17,26,15,17,15
Vegetables and vegetable products,"Pumpkins, PROCESS Steaming",46,15.8,46,15.8,15,46,15
Vegetables and vegetable products,Purslanes,26,44,35,44,70,26,70
Vegetables and vegetable products,Purslanes and similar-,35,44,35,44,70,35,70
Vegetables and vegetable products,Radish sprouts,43,43,26,43,43,43,43
Vegetables and vegetable products,"Radish sprouts, PROCESS Cooking in water",22,22,22,22,22,22,22
Vegetables and vegetable products,"Radish sprouts, PROCESS Steaming",164,164,164,164,164,164,164
Vegetables and vegetable products,Radishes and similar-,40,19.6,36,29,30,36,20
Vegetables and vegetable products,"Radishes and similar-, PROCESS Cooking in water",36,36,36,36,36,36,36
Vegetables and vegetable products,"Radishes and similar-, PROCESS Steaming",94,36,36,36,94,94,36
Vegetables and vegetable products,Red mustard leaves,41.3,73,41.3,73,73,41.3,73
Vegetables and vegetable products,Rhubarbs,17,22,22,22,30,17,17
Vegetables and vegetable products,"Rhubarbs, PROCESS Cooking in water",22,22,22,22,18,22,19
Vegetables and vegetable products,"Rhubarbs, PROCESS Steaming",174,22,22,22,18,174,19
Vegetables and vegetable products,Roman rocket,52,64,64,41,57,52,57
Vegetables and vegetable products,Roman rocket and similar-,64,64,64,41,57,64,57
Vegetables and vegetable products,Rosemary,12,12,12,20,20,12,20
Vegetables and vegetable products,Sage,15,15,15,33,33,15,33
Vegetables and vegetable products,Salsifies,76,76,76,76,50,76,42
Vegetables and vegetable products,"Salsifies, PROCESS Cooking in water",61,56,61,56,50,61,33
Vegetables and vegetable products,"Salsifies, PROCESS Steaming",50,56,61,56,50,50,33
Vegetables and vegetable products,Sauerkraut,37.5,43,43,43,30,37.5,
Vegetables and vegetable products,"Sauerkraut, PROCESS Baking",47,47,47,47,47,47,47
Vegetables and vegetable products,"Sauerkraut, PROCESS Cooking in water",28,43,44,43,30,28,23
Vegetables and vegetable products,"Sauerkraut, PROCESS Steaming",44,43,44,43,30,44,23
Vegetables and vegetable products,Shallots,60,42.5,60,50,33,60,50
Vegetables and vegetable products,"Shallots, PROCESS Baking",29.1,29.1,29.1,29.1,29.1,29.1,29.1
Vegetables and vegetable products,"Shallots, PROCESS Cooking in water",38,38,38,38,38,38,38
Vegetables and vegetable products,"Shallots, PROCESS Frying",40,40,40,40,40,40,40
Vegetables and vegetable products,Shiitake,73,29,29,29,29,73,29
Vegetables and vegetable products,"Shiitake, PROCESS Baking",29,29,29,29,29,29,29
Vegetables and vegetable products,"Shiitake, PROCESS Cooking in water",30,30,30,30,30,30,30
Vegetables and vegetable products,"Shiitake, PROCESS Frying",76,76,76,76,76,76,76
Vegetables and vegetable products,"Shiitake, PROCESS Steaming",30,30,30,30,30,30,30
Vegetables and vegetable products,Sorrel,51,63,51,63,63,51,51
Vegetables and vegetable products,Soyabeans sprouts,67,75,75,67,75,75,75
Vegetables and vegetable products,"Soyabeans sprouts, PROCESS Cooking in water",75,75,75,75,75,75,75
Vegetables and vegetable products,"Soyabeans sprouts, PROCESS Steaming",75,75,75,75,75,75,75
Vegetables and vegetable products,Spinaches,30,54.9,46,62,62,30,45
Vegetables and vegetable products,Spinaches and similar-,30,54.9,46,54.9,62,30,45
Vegetables and vegetable products,"Spinaches and similar-, PROCESS Baking",50,50,50,50,50,50,50
Vegetables and vegetable products,"Spinaches and similar-, PROCESS Cooking in water",46,56,46,56,71,46,36
Vegetables and vegetable products,"Spinaches and similar-, PROCESS Steaming",48,56,48,56,71,48,36
Vegetables and vegetable products,"Spinaches, PROCESS Baking",26,56,50,56,56,26,50
Vegetables and vegetable products,"Spinaches, PROCESS Cooking in water",46,56,46,56,71,46,36
Vegetables and vegetable products,"Spinaches, PROCESS Steaming",26,56,48,56,71,26,36
Vegetables and vegetable products,Spirulina,11,11,11,11,11,11,11
Vegetables and vegetable products,Spring onions,24,24,24,48,32,24,29
Vegetables and vegetable products,"Spring onions, PROCESS Baking",26,26,26,26,26,26,26
Vegetables and vegetable products,"Spring onions, PROCESS Cooking in water",24,24,24,24,51,24,51
Vegetables and vegetable products,"Spring onions, PROCESS Frying",30.5,30.5,30.5,30.5,30.5,30.5,30.5
Vegetables and vegetable products,"Spring onions, PROCESS Steaming",51,51,51,51,51,51,51
Vegetables and vegetable products,"Sprouts, shoots and similar",,49,49,49,48,,48
Vegetables and vegetable products,"Sprouts, shoots and similar, PROCESS Cooking in water",75,75,75,75,37,75,37
Vegetables and vegetable products,"Sprouts, shoots and similar, PROCESS Steaming",70,75,75,75,37,70,37
Vegetables and vegetable products,Sun-dried tomatoes,139,79,79,356,356,103,46
Vegetables and vegetable products,"Sunflower shoots and sprouts, PROCESS Steaming",50,50,50,50,50,50,50
Vegetables and vegetable products,Swedes,40,31,31,31,20,34.6,40
Vegetables and vegetable products,"Swedes, PROCESS Baking",31,31,31,31,31,31,31
Vegetables and vegetable products,"Swedes, PROCESS Cooking in water",40.8,30,30,30,20,,11
Vegetables and vegetable products,"Swedes, PROCESS Steaming",40.8,33,33,33,20,,11
Vegetables and vegetable products,Sweet corn,89,83,83,256,28,89,91
Vegetables and vegetable products,Sweet corn canned,55.3,43.4,83,79,55.3,55.3,79
Vegetables and vegetable products,"Sweet corn, PROCESS Baking",90,103,90,103,103,90,90
Vegetables and vegetable products,"Sweet corn, PROCESS Cooking in water",84.5,43.4,83,43.4,100,69,81
Vegetables and vegetable products,"Sweet corn, PROCESS Steaming",84.5,103,87,103,100,69,81
Vegetables and vegetable products,Sweet peppers,27,23.5,30,28,27,27,22
Vegetables and vegetable products,"Sweet peppers, PROCESS Baking",30.3,18,29,18,30.3,30.3,29
Vegetables and vegetable products,"Sweet peppers, PROCESS Cooking in water",,22,30,22,25,30,26
Vegetables and vegetable products,"Sweet peppers, PROCESS Frying",24,24,24,,24,,24
Vegetables and vegetable products,"Sweet peppers, PROCESS Steaming",,22,31,22,25,31,26
Vegetables and vegetable products,Tarragon,46,46,46,46,46,46,46
Vegetables and vegetable products,Thyme,41.9,201,32,200,41.9,41.9,67
Vegetables and vegetable products,Tigernuts,210,210,210,210,210,210,210
Vegetables and vegetable products,"Tigernuts, PROCESS Steaming",42.6,42.6,42.6,42.6,42.6,42.6,42.6
Vegetables and vegetable products,Tomato puree,37.5,32,94,35,70,40,94
Vegetables and vegetable products,Tomatoes and similar-,30,17,22,25,26,27.9,24
Vegetables and vegetable products,"Tomatoes and similar-, PROCESS Baking",67.5,38.7,24,38.7,67.5,67.5,27
Vegetables and vegetable products,"Tomatoes and similar-, PROCESS Cooking in water",19,19,24,19,25,19,25
Vegetables and vegetable products,"Tomatoes and similar-, PROCESS Steaming",23,23,23,23,24,23,24
Vegetables and vegetable products,Truffles,62,60.1,62,62,60.1,62,62
Vegetables and vegetable products,Turnips,50,26.9,37,29,41,50,41
Vegetables and vegetable products,"Turnips, PROCESS Baking",37,26,37,26,26,37,37
Vegetables and vegetable products,"Turnips, PROCESS Cooking in water",,26,35,26,31,,31
Vegetables and vegetable products,"Turnips, PROCESS Steaming",,26,35,26,52,,31
Vegetables and vegetable products,Vietnamese mint,356,356,356,356,356,356,356
Vegetables and vegetable products,Wakame,42,42,42,310,42,42,42
Vegetables and vegetable products,"Wakame, PROCESS Cooking in water",25,25,25,25,25,25,25
Vegetables and vegetable products,"Wakame, PROCESS Steaming",25,25,25,25,25,25,25
Vegetables and vegetable products,Watercresses,26,48.3,64,52,39,26,52
Vegetables and vegetable products,Watercresses and similar-,64,48.3,64,52,52,64,52
Vegetables and vegetable products,Watermelons,10,15.5,9,2,11,9,9
Vegetables and vegetable products,White ginger,148,148,148,148,148,148,148
Vegetables and vegetable products,Winter savory,23,23,23,23,23,23,23
Vegetables and vegetable products,Witloofs,26,22.9,26,26,34,26,27
Vegetables and vegetable products,"Witloofs, PROCESS Baking",29,39.5,29,39.5,39.5,29,29
Vegetables and vegetable products,"Witloofs, PROCESS Cooking in water",26,26,26,26,31,26,25
Vegetables and vegetable products,"Witloofs, PROCESS Steaming",27,39.5,27,39.5,31,27,25
Water and water-based beverages,Bottled drinking water,0.1,0.001,,0.001,,0.1,
Water and water-based beverages,"Cola beverages, caffeinic",15,16,6,15,20,15,30
Water and water-based beverages,"Cola beverages, decaffeinated",12,6,6,6,,12,
Water and water-based beverages,"Cola mix, flavoured cola",19,16,4,15,16,4,4
Water and water-based beverages,Cola-type drinks,30,,6,,20,30,30
Water and water-based beverages,Diet soft drink with caffeine,9.4,17,9,17,20,9,20
Water and water-based beverages,Diet soft drinks with flavours,3,8,3,,7,3,7
Water and water-based beverages,Diet soft drinks with fruit juice,0,0,0,0,0,0,0
Water and water-based beverages,Energy drinks,0.1,,6,,20,4.4,20
Water and water-based beverages,Filtered tap water,0,0,0,0,0,0,0
Water and water-based beverages,Flavoured bottled water,7,0.001,7,0.001,0.001,7,7
Water and water-based beverages,"Flavoured bottled water, FORT Combination of vitamin and mineral only supplements",7,7,7,7,7,7,7
Water and water-based beverages,"Flavoured bottled water, FORT Mineral only supplements",7,7,7,7,,7,
Water and water-based beverages,"Flavoured bottled water, FORT Vitamin only supplements",7,7,7,7,7,7,7
Water and water-based beverages,Fortified bottled water,,8,8,8,,,
Water and water-based beverages,"Fruit soft drink, currant red",8,8,8,8,2,8,2
Water and water-based beverages,"Fruit soft drink, gooseberry",2,2,2,2,2,2,2
Water and water-based beverages,"Fruit soft drink, grape red",6,6,6,6,2,6,2
Water and water-based beverages,"Fruit soft drink, grape white",6,6,6,6,2,6,2
Water and water-based beverages,"Fruit soft drink, grapefruit",,,,,2,,2
Water and water-based beverages,"Fruit soft drink, mixed fruit",3,,2,,2,3,2
Water and water-based beverages,"Fruit soft drink, orange",,1,,1,2,,2
Water and water-based beverages,"Fruit soft drink, pear",2,2,2,2,2,2,2
Water and water-based beverages,"Fruit soft drink, pineapple",2,2,2,2,2,2,2
Water and water-based beverages,"Fruit soft drink, plum",2,2,2,2,2,2,2
Water and water-based beverages,"Fruit soft drink, raspberry",2,2,2,2,2,2,2
Water and water-based beverages,Isotonic and sport drinks,2,,4,,,2,
Water and water-based beverages,Liquid drink bases (including concentrates and home-made preparations),15,15,15,15,,15,5
Water and water-based beverages,Natural mineral water,,0,0,0,0,,0
Water and water-based beverages,Powdered drink bases,134,134,134,134,134,134,134
Water and water-based beverages,Soft drink with bitter principle,0,0,0,0,0,0,0
Water and water-based beverages,"Soft drink, apple flavour",0,0,0,0,0,0,0
Water and water-based beverages,"Soft drink, cherry flavour",0,0,0,0,0,0,0
Water and water-based beverages,"Soft drink, flavoured with herbs",0,0,0,0,0,0,0
Water and water-based beverages,"Soft drink, flavoured, no fruit",2,,1,,,2,
Water and water-based beverages,"Soft drink, lemon flavour",2,2,2,2,,2,
Water and water-based beverages,"Soft drink, lime flavour",2,,2,,,2,
Water and water-based beverages,"Soft drink, mixed flavours",1,3,1,3,,1,11
Water and water-based beverages,"Soft drink, orange flavour",0.5,2,2,5,,2,
Water and water-based beverages,"Soft drink, with fruit juice (fruit content below the minimum for nectars)",3,,,,2,3,2
Water and water-based beverages,Tap water,,0.004,,,,,
