Food class level 1,Food (FoodEx2 description),Finland,France,Germany,Italy,Netherlands,Sweden,United Kingdom
"Additives,flavours, baking and processing aids","Artificial sweeteners (e.g., aspartam, saccharine)",,0,0,0,0,0,0
"Additives,flavours, baking and processing aids",Aspartame,0,0,0,0,0,0,0
"Additives,flavours, baking and processing aids",Baking yeast,2,4,2.31,1.65,1.7,1.65,4
"Additives,flavours, baking and processing aids",Cyclamate,0,0,0,0,0,0,0
"Additives,flavours, baking and processing aids",Flavour enhancer,0,0,0,0,0,0,0
"Additives,flavours, baking and processing aids",Modified starch,0.008,0.008,0.008,0.008,0.008,0.008,0.008
"Additives,flavours, baking and processing aids",Preparations for gelling home-made food,0,0,0,0,0,0,0
"Additives,flavours, baking and processing aids",Preparations for pickling vegetables,0,0,0,0,0,0,0
"Additives,flavours, baking and processing aids",Preparations for raising and flavouring home-made bakery,,0.001,0.001,0.001,0.001,,0.001
"Additives,flavours, baking and processing aids",Saccharine,0,0,0,0,0,0,0
"Additives,flavours, baking and processing aids",Vanilla essence,,,,0.1,,,
"Additives,flavours, baking and processing aids",Vanilla pods extract,0.14,0.14,0.14,0.14,0.14,0.14,0.14
Alcoholic beverages,Alcopop and flavoured wine,,0,0,0,0,,0
Alcoholic beverages,Ale beer,0.05,0.05,0.05,0.04,0.02,0.05,0.02
Alcoholic beverages,"Beer, alcohol-free",,0.012,0.017,0.02,0.01,,0.02
Alcoholic beverages,"Beer, light",0.03,0.022,0.03,0.03,0.01,0.02,0.03
Alcoholic beverages,"Beer, regular",0.02,0.024,0.033,0.03,0.03,0.02,0.04
Alcoholic beverages,"Beer, strong",0.03,0.03,0.04,0.03,0.03,0.02,0.06
Alcoholic beverages,Brandy,,,0.001,,,,
Alcoholic beverages,Champagne-like wine,,0.01,0.01,,0.01,,0.01
Alcoholic beverages,Chocolate liqueur,0.012,0.012,0.012,0.012,,0.012,
Alcoholic beverages,Cider,,,0.001,,0.01,,0.01
Alcoholic beverages,Cocktail drink,0.01,0.029,0.008,0.029,0.029,,0.008
Alcoholic beverages,Coffee liqueur,0.012,0.012,0.012,0.012,,0.012,
Alcoholic beverages,Cream liqueur,0.057,0.012,0.012,0.06,0.04,0.057,0.04
Alcoholic beverages,Egg liqueur,0.17,0.17,0.17,0.17,0.13,0.17,0.13
Alcoholic beverages,Fruit liqueur,,0.001,0.001,0.001,,,
Alcoholic beverages,Gin,0,0,0,,0,0,
Alcoholic beverages,Herb liqueur,0,0,0,0,0,0,0
Alcoholic beverages,Ice wine,0.01,0.01,0.01,0.01,0.01,0.01,0.01
Alcoholic beverages,Lager beer,0.03,0.024,0.033,0.024,0.03,0.03,0.04
Alcoholic beverages,Low-malt beers,0.03,0.03,0.03,0.03,0.03,0.03,0.03
Alcoholic beverages,Madeira,,0.01,0.01,0.01,,,
Alcoholic beverages,Mixed beer drinks,0.015,0.015,0.015,0.015,0.015,0.015,0.015
Alcoholic beverages,Noble rot wine,0.01,0.01,0.01,0.01,0.01,0.01,0.01
Alcoholic beverages,Port,,0.01,0.01,0.01,0.01,,0.01
Alcoholic beverages,Raisin wine,0,0,0,0,0,0,0
Alcoholic beverages,Red or rosé sparkling wine,0.01,0.01,0.01,0.01,0.01,0.01,0.01
Alcoholic beverages,Rum,,,,,,,0.03
Alcoholic beverages,Shandy,0.015,0.012,0.015,0.012,,0.015,
Alcoholic beverages,Sherry,,0.01,0.01,0.01,0.01,0.01,0.01
Alcoholic beverages,Spirits made from stone fruits,,0.001,0.001,,,,0.001
Alcoholic beverages,Stout beer,0.03,0.03,0.03,0.03,0.03,0.03,0.03
Alcoholic beverages,Tequila and similar spirits,0.001,,0.001,,,0.001,0.001
Alcoholic beverages,Vermouth,,,0.001,,,,
Alcoholic beverages,Vodka and vodka-like spirits,,0.01,0.007,0.01,0.007,,0.03
Alcoholic beverages,Wheat beer,0.04,0.04,0.04,0.04,0.04,0.04,0.04
Alcoholic beverages,Whisky,,0.003,,,,,
Alcoholic beverages,"Wine, red",0.03,0.026,,,0.02,0.02,0.02
Alcoholic beverages,"Wine, rosé",,0.016,0.01,0.01,0.01,,0.01
Alcoholic beverages,"Wine, white",0.01,0.032,0.01,0.05,0.01,,0.01
Animal and vegetable fats and oils,Beef tallow (including processed suet),0,0,0,0,0,0,0
Animal and vegetable fats and oils,Blended fat and oils,0.01,0,,0,0,0.02,0
Animal and vegetable fats and oils,"Blended fat and oils, QUAL Half fat or medium fat",0.02,0,,0,0,0.04,0
Animal and vegetable fats and oils,"Blended fat and oils, QUAL Low fat (naturally or reduced)",0.02,0,,0,0,0.04,0
Animal and vegetable fats and oils,"Blended fat and oils, QUAL Low sodium / reduced salt",0.01,0,,0,0,0.02,0
Animal and vegetable fats and oils,Blended frying oil/fats,0,0,0,0,0,0,0
Animal and vegetable fats and oils,Blended margarine,0.02,0.01,0.056,,0.026,0.02,0.056
Animal and vegetable fats and oils,"Blended margarine, QUAL Half fat or medium fat",0.045,0.025,0.081,0.025,0.081,0.045,0.081
Animal and vegetable fats and oils,"Blended margarine, QUAL Low fat (naturally or reduced)",0.081,0.025,0.081,0.025,0.025,0.081,0.081
Animal and vegetable fats and oils,"Blended margarine, QUAL Low sodium / reduced salt",0.025,0.025,0.025,0.025,0.025,0.025,0.025
Animal and vegetable fats and oils,Butter,0.03,0.02,0.022,0.02,0.03,0.02,0.07
Animal and vegetable fats and oils,Butter and margarine/oil blends,,0.02,0.02,0.02,0.02,,0.02
Animal and vegetable fats and oils,"Butter and margarine/oil blends, QUAL Half fat or medium fat",0,0,0,0,0,0,0
Animal and vegetable fats and oils,"Butter and margarine/oil blends, QUAL Low fat (naturally or reduced)",0,0,0,0,0,0,0
Animal and vegetable fats and oils,Butter oil,0.04,,,,0.02,0.04,0.02
Animal and vegetable fats and oils,"Butter, QUAL Half fat or medium fat",,,0.01,,,,
Animal and vegetable fats and oils,"Butter, QUAL Low fat (naturally or reduced)",0.09,,0.01,,,0.01,
Animal and vegetable fats and oils,Cocoa butter,0,0,0,0,0,0,0
Animal and vegetable fats and oils,Coconut oil/fat,0,0,0,0,0,0,0
Animal and vegetable fats and oils,Cod liver oil,0,0,0,0,0,0,0
Animal and vegetable fats and oils,"Cotton seed oil, edible",0,0,0,0,0,0,0
Animal and vegetable fats and oils,Functional vegetable margarines/fats,,0,0,0,0,,0
Animal and vegetable fats and oils,"Functional vegetable margarines/fats, QUAL Half fat or medium fat",0.02,,,,,0.02,
Animal and vegetable fats and oils,Ghee,0,0,0,0,0,0,0
Animal and vegetable fats and oils,Grape seed oil,0,0,0,0,0,0,0
Animal and vegetable fats and oils,Herring oil,0,0,0,0,0,0,0
Animal and vegetable fats and oils,Linseed oil,,0,0,0,0,0,0
Animal and vegetable fats and oils,"Maize oil, edible",0,,0,0,0,0,
Animal and vegetable fats and oils,"Olive oil, refined",0,0,0,0,0,0,0
Animal and vegetable fats and oils,"Olive oil, virgin or extra-virgin",0,0,0,0,0,0,0
Animal and vegetable fats and oils,"Palm kernel oil, edible",0,0,0,0,0,0,0
Animal and vegetable fats and oils,Palm oil/fat,0,0,0,0,0,0,0
Animal and vegetable fats and oils,"Peanut oil, edible",0,0,0,0,0,0,0
Animal and vegetable fats and oils,Pork lard,0,0,0,0,0,0,0
Animal and vegetable fats and oils,"Poultry fats, processed",0,0,0,0,0,0,0
Animal and vegetable fats and oils,Processed fat (blubber) of marine mammals,0,0,0,0,0,0,0
Animal and vegetable fats and oils,Pumpkin seed oil,0,0,0,0,0,0,0
Animal and vegetable fats and oils,"Rape seed oil, edible",0,0,0,0,0,0,0
Animal and vegetable fats and oils,"Safflower seed oil, edible",0,0,0,0,0,0,0
Animal and vegetable fats and oils,"Sesame seed oil, edible",,0.07,0.07,,,,0.07
Animal and vegetable fats and oils,Shortening and similar baking fats,,0.01,,0.01,,,
Animal and vegetable fats and oils,"Shortening and similar baking fats, QUAL Half fat or medium fat",0,0,0,0,0,0,0
Animal and vegetable fats and oils,"Shortening and similar baking fats, QUAL Low sodium / reduced salt",0,0,0,0,0,0,0
Animal and vegetable fats and oils,"Soya bean oil, refined",0,,0,0,0,0,0
Animal and vegetable fats and oils,Spreadable vegetable fat-deprecated,,,0.025,,,,
Animal and vegetable fats and oils,"Spreadable vegetable fat-deprecated, QUAL Half fat or medium fat",0.035,0.025,0.05,0.025,,0.035,
Animal and vegetable fats and oils,"Spreadable vegetable fat-deprecated, QUAL Low fat (naturally or reduced)",0.035,0.05,0.05,0.05,,0.035,
Animal and vegetable fats and oils,"Spreadable vegetable fat-deprecated, QUAL Low sodium / reduced salt",0.025,0.025,0.025,0.025,,0.025,
Animal and vegetable fats and oils,"Sunflower seed oil, edible",0,0,0,0,0,0,0
Animal and vegetable fats and oils,Tallow from other animals,0,0,0,0,0,0,0
Animal and vegetable fats and oils,Traditional margarine,,0.01,0.025,,,,
Animal and vegetable fats and oils,"Traditional margarine, QUAL Half fat or medium fat",0.025,0.025,0.05,0.025,,0.025,
Animal and vegetable fats and oils,"Traditional margarine, QUAL Low fat (naturally or reduced)",0.025,0.025,0.05,0.025,,0.025,
Animal and vegetable fats and oils,"Traditional margarine, QUAL Low sodium / reduced salt",0.025,0.025,0.025,0.025,,0.025,
Animal and vegetable fats and oils,Walnut oil,0,,0,,0,0,0
Animal and vegetable fats and oils,Wheat germ oil,0,0,0,0,0,0,0
"Coffee, cocoa, tea and infusions",Camomile infusion,0.004,0.004,0.004,0.004,0.004,0.004,0.004
"Coffee, cocoa, tea and infusions",Chicory coffee infusion,0.003,0.18,0.003,0.18,,0.003,
"Coffee, cocoa, tea and infusions",Chicory coffee ingredient,0.01,0.11,0.01,0.11,0.03,0.01,0.03
"Coffee, cocoa, tea and infusions",Cocoa beans (fermented or dried),0.18,0.18,0.18,0.18,0.18,0.18,0.18
"Coffee, cocoa, tea and infusions",Cocoa beverages,0.162,0.15,0.149,0.15,0.15,0.162,0.21
"Coffee, cocoa, tea and infusions","Cocoa beverages, QUAL Low / Reduced sugar",0.101,0.101,0.101,0.101,0.32,0.101,0.32
"Coffee, cocoa, tea and infusions","Cocoa beverages, QUAL Sugar free",0.078,0.101,0.101,0.101,0.2,0.101,0.2
"Coffee, cocoa, tea and infusions",Cocoa mass,0.18,0.22,0.18,0.22,0.22,0.18,0.18
"Coffee, cocoa, tea and infusions",Cocoa powder,0.15,0.186,0.18,0.3,0.12,0.15,0.06
"Coffee, cocoa, tea and infusions","Cocoa powder, QUAL Low / Reduced sugar",0.18,0.18,0.18,0.18,0.18,0.18,0.18
"Coffee, cocoa, tea and infusions","Cocoa powder, QUAL Sugar free",0.18,0.18,0.18,0.18,0.18,0.18,0.18
"Coffee, cocoa, tea and infusions",Coffee (average strenght) beverage,0,0.03,0.01,0.08,0.01,0,0.01
"Coffee, cocoa, tea and infusions",Coffee (weak strenght) beverage,0.012,0.012,0.012,0.076,0.01,0.012,0.01
"Coffee, cocoa, tea and infusions","Coffee beans, roasted",0.2,0.2,0.2,0.2,0.2,0.2,0.2
"Coffee, cocoa, tea and infusions",Coffee beverage decaffeinated,0.014,0.066,0.01,0.18,0.014,0.014,0.01
"Coffee, cocoa, tea and infusions","Coffee drink, café macchiato",0.164,0.164,0.164,0.164,0.164,0.164,0.164
"Coffee, cocoa, tea and infusions","Coffee drink, cappuccino",0.095,0.095,0.095,0.095,0.07,0.095,0.07
"Coffee, cocoa, tea and infusions",Coffee espresso (beverage),0.18,0.098,0.177,0.18,0.01,0.18,0.01
"Coffee, cocoa, tea and infusions","Coffee ground, roasted",0.2,0.2,0.2,0.2,0.2,0.2,0.2
"Coffee, cocoa, tea and infusions","Coffee ground, roasted and decaffeinated",0.2,0.2,0.2,0.2,0.2,0.2,0.2
"Coffee, cocoa, tea and infusions",Coffee with milk or cream,0.015,0.12,0.015,0.12,0.01,0.015,0.03
"Coffee, cocoa, tea and infusions",Fermented tea infusion,0.01,0.011,0.01,0.02,,0.01,0.04
"Coffee, cocoa, tea and infusions",Flowers used for herbal infusions,0.9,0.9,0.9,0.9,0.9,0.9,0.9
"Coffee, cocoa, tea and infusions",Fruit infusion,0.01,0.004,0.004,0.004,0.004,0.01,0.004
"Coffee, cocoa, tea and infusions",Herbal infusion materials from leaves and herbs,0.95,0.95,0.95,0.95,0.95,0.95,0.95
"Coffee, cocoa, tea and infusions",Hot chocolate,0.14,0.18,0.149,0.18,0.15,0.14,0.21
"Coffee, cocoa, tea and infusions",Hot chocolate with added ingredients,0.15,0.15,0.15,0.15,0.15,0.15,0.15
"Coffee, cocoa, tea and infusions","Hot chocolate with added ingredients, QUAL Sugar free",0.101,0.101,0.101,0.101,0.101,0.101,0.101
"Coffee, cocoa, tea and infusions","Hot chocolate, QUAL Low / Reduced sugar",0.149,0.149,0.149,0.149,0.32,0.149,0.32
"Coffee, cocoa, tea and infusions","Hot chocolate, QUAL Sugar free",0.101,0.101,0.101,0.101,0.2,0.101,0.2
"Coffee, cocoa, tea and infusions",Instant coffee (beverage),0.001,0.0005,0.001,,0.01,0.001,0.01
"Coffee, cocoa, tea and infusions",Instant coffee powder,0.07,0.15,0.11,0.21,0.11,0.11,0.21
"Coffee, cocoa, tea and infusions","Instant coffee powder, decaffeinated",1.36,1.36,1.36,1.36,1.36,1.36,1.36
"Coffee, cocoa, tea and infusions","Instant coffee powder, decaffeinated, QUAL Low / Reduced sugar",1.36,1.36,1.36,1.36,1.36,1.36,1.36
"Coffee, cocoa, tea and infusions","Instant coffee powder, decaffeinated, QUAL Sugar free",1.36,1.36,1.36,1.36,1.36,1.36,1.36
"Coffee, cocoa, tea and infusions","Instant coffee powder, QUAL Low / Reduced sugar",,0.11,0.11,0.11,,,0.11
"Coffee, cocoa, tea and infusions","Instant coffee powder, QUAL Sugar free",,0.11,0.11,0.11,,,0.11
"Coffee, cocoa, tea and infusions",Jasmine infusion,0.004,0.004,0.004,0.004,0.004,0.004,0.004
"Coffee, cocoa, tea and infusions",Mixed coffee imitates,0.01,0.11,0.01,0.11,0.11,0.01,0.01
"Coffee, cocoa, tea and infusions",Non-fermented tea leaves (green or white tea),0.95,0.95,0.95,0.95,0.95,0.95,0.95
"Coffee, cocoa, tea and infusions","Non-fermented tea, infusion",0.01,0.011,0.01,0.011,0.02,,0.02
"Coffee, cocoa, tea and infusions",Rooibos infusion,0.004,0.004,0.004,0.004,0.004,0.004,0.004
"Coffee, cocoa, tea and infusions",Tea infusion with added flavouring ingredients,0.01,,,,0.01,,
"Coffee, cocoa, tea and infusions",Tea leaves and stalks decaffeinated,0.95,0.95,0.95,1.2,0.95,0.95,0.95
"Coffee, cocoa, tea and infusions",Tea leaves and stalks with fruit and flavours,0.9,0.9,0.9,0.9,0.9,0.9,0.9
"Coffee, cocoa, tea and infusions","Tea leaves and stalks, fermented",0.95,0.95,0.95,0.95,0.95,0.95,0.95
"Coffee, cocoa, tea and infusions",Tea powder ingredients and extracts,0.693,0.693,0.693,0.693,0.693,0.693,0.693
"Coffee, cocoa, tea and infusions","Tea, decaffeinated, infusion",0.01,0.01,0.01,0.02,0.01,0.01,0.01
Composite dishes,Beans and meat meal,0.05,0.057,0.08,0.057,0.06,0.05,0.06
Composite dishes,Beans and vegetables meal,,0.043,0.043,0.043,0.06,0.04,0.06
Composite dishes,Beef loaf,0.19,0.278,0.278,0.278,0.278,0.19,0.278
Composite dishes,Bouillabaisse,,0.182,0.182,0.182,0.182,,0.182
Composite dishes,Ceasar salad,0.09,0.09,0.09,0.09,0.09,0.09,0.09
Composite dishes,Cereal products and grains based soup,0.06,0.061,0.061,0.061,0.061,0.01,0.061
Composite dishes,Cheese omelette,0.35,0.34,0.272,0.34,0.35,0.35,0.35
Composite dishes,Cheese savoury pie,0.23,0.13,0.13,0.13,0.13,0.23,0.11
Composite dishes,Creamed vegetable mix,0.08,0.072,0.068,0.072,0.11,0.08,0.11
Composite dishes,Dairy/egg soup,0.05,0.122,0.122,0.122,0.122,,0.122
Composite dishes,Dolma,0.05,0.058,0.058,0.058,0.058,0.05,0.058
Composite dishes,"Dolma, PROCESS Baking",0.07,0.058,0.058,0.058,0.058,0.07,0.058
Composite dishes,"Dolma, PROCESS Cooking in water",0.1,0.058,0.058,0.058,0.03,0.1,0.06
Composite dishes,"Dolma, PROCESS Steaming",0.1,0.058,0.058,0.058,0.03,0.1,0.06
Composite dishes,Doner kebab,,,0.137,,0.14,0.09,0.14
Composite dishes,Finger food,0.28,0.28,0.28,0.28,0.28,0.28,0.28
Composite dishes,Fish and potatoes meal,0.13,0.032,0.032,0.032,0.07,0.13,0.07
Composite dishes,Fish and rice meal,0.12,0.04,0.114,0.04,0.21,0.12,0.21
Composite dishes,Fish and vegetables meal,0.13,0.047,0.047,0.047,0.047,,0.047
Composite dishes,Fish balls,0.07,0.103,0.103,0.103,0.103,,0.103
Composite dishes,"Fish balls, PROCESS Baking",0.103,0.103,0.103,0.103,0.103,0.103,0.103
Composite dishes,"Fish balls, PROCESS Cooking in water",0.14,0.103,0.103,0.103,0.03,0.14,0.03
Composite dishes,"Fish balls, PROCESS Frying",0.145,0.103,0.103,0.103,0.145,0.145,0.103
Composite dishes,"Fish balls, PROCESS Steaming",0.14,0.103,0.103,0.103,0.03,0.14,0.03
Composite dishes,"Fish fingers, breaded",,0.073,0.14,0.07,0.08,,0.08
Composite dishes,Fish gratin,0.1,0.114,0.114,0.114,0.114,,0.114
Composite dishes,Fish pâté,0.46,0.106,0.087,0.106,0.09,0.46,0.09
Composite dishes,Fish soup,0.08,0.07,0.073,0.07,0.07,0.08,0.073
Composite dishes,"Fish soup, INGRED Tap water",0.027,0.07,0.027,0.07,0.07,0.027,0.027
Composite dishes,Fishcakes,,0.128,0.106,0.128,0.09,,0.09
Composite dishes,Fried eggs,0.38,0.399,0.286,0.399,0.53,0.38,0.31
Composite dishes,Fruit soup,0.01,0.022,0.022,0.022,0.022,0.01,0.022
Composite dishes,Goulash,0.156,0.156,0.156,0.156,0.1,0.156,0.06
Composite dishes,Greek salad,0.07,0.127,0.127,0.127,0.04,0.07,0.04
Composite dishes,Hamburger with bread,0.11,0.3,0.123,0.3,0.12,0.12,0.12
Composite dishes,Hot dog with bread,,0.28,0.115,0.28,0.28,,0.115
Composite dishes,Hummus,,0.058,0.05,0.058,0.05,,0.05
Composite dishes,Lasagna,0.12,0.1,0.088,0.1,0.12,0.12,0.12
Composite dishes,Legume (beans) soup,0.05,0.045,0.048,0.045,0.06,0.01,0.02
Composite dishes,Legumes based dishes,0.07,0.075,0.02,0.075,0.07,0.07,0.07
Composite dishes,Meat and vegetable soup,0.09,0.034,0.033,0.034,0.04,0.09,0.03
Composite dishes,Meat balls,0.17,0.21,0.261,0.21,0.22,0.17,0.09
Composite dishes,Meat burger (no sandwich),0.16,0.261,0.261,0.261,0.12,0.16,0.2
Composite dishes,Meat in aspic,0.178,,0.178,,,0.178,0.178
Composite dishes,Meat loaf,0.21,0.154,0.154,0.154,0.14,,0.14
Composite dishes,"Meat loaf with cheese, vegetables or other",0.17,0.126,0.126,0.126,0.126,0.17,0.126
Composite dishes,Meat soup,0.04,0.025,0.103,0.03,0.04,0.04,0.03
Composite dishes,Meat stew,0.07,0.13,0.044,0.13,0.11,0.07,0.11
Composite dishes,Meat terrine,0.166,1.14,0.166,1.14,1.14,0.166,0.166
Composite dishes,Mixed green salad,0.04,0.03,0.034,0.25,0.05,0.034,0.01
Composite dishes,Mixed vegetable salad,0.04,0.037,0.083,0.25,0.05,0.04,0.05
Composite dishes,Mixed vegetables soup,0.01,0.02,0.09,0.02,,0.01,0.02
Composite dishes,"Mixed vegetables, boiled",0.08,0.049,0.057,0.049,0.06,0.12,0.09
Composite dishes,"Mixed vegetables, braised",0.08,0.077,0.08,0.077,0.077,0.08,0.08
Composite dishes,"Mixed vegetables, fried",0.08,0.14,0.077,0.14,0.13,0.08,0.13
Composite dishes,"Mixed vegetables, grilled",,0.085,0.084,0.085,0.085,,0.084
Composite dishes,Moussaka,0.1,0.11,0.113,0.11,0.11,,0.11
Composite dishes,Mushroom based dishes,0.32,0.307,0.307,0.307,0.27,0.32,0.27
Composite dishes,Mushroom salad,0.29,0.2,0.175,0.2,0.2,0.29,0.175
Composite dishes,Mushroom soup,0.13,0.074,0.066,0.05,,0.08,0.05
Composite dishes,Omelette with bacon,0.268,0.29,0.268,0.29,0.29,0.268,0.268
Composite dishes,Omelette with mushrooms,0.297,0.36,0.297,0.36,0.36,0.297,0.297
Composite dishes,Omelette with vegetables,0.32,0.32,0.21,0.32,0.15,,0.15
Composite dishes,"Omelette, plain",0.36,0.342,0.287,0.342,0.33,0.36,0.33
Composite dishes,Onion soup,0.03,0.01,0.002,0.01,,0.02,
Composite dishes,Paella,0.07,0.164,0.085,0.164,0.164,0.07,0.085
Composite dishes,Pasta based dishes (cooked),0.14,0.058,0.058,0.058,0.058,0.14,0.058
Composite dishes,"Pasta based dishes (cooked), PROCESS Baking",,0.13,0.13,0.13,0.13,,0.13
Composite dishes,"Pasta based dishes (cooked), PROCESS Cooking in water",0.06,0.06,0.06,0.06,0.06,0.06,0.06
Composite dishes,"Pasta based dishes (cooked), PROCESS Steaming",0.06,0.06,0.06,0.06,0.06,0.06,0.06
Composite dishes,"Pasta-based dishes, uncooked",0.14,0.14,0.14,0.14,0.14,0.14,0.14
Composite dishes,"Pasta-based dishes, uncooked, PROCESS Baking",0.055,0.055,0.055,0.055,0.055,0.055,0.055
Composite dishes,"Pasta-based dishes, uncooked, PROCESS Cooking in water",0.09,0.13,0.058,0.13,0.08,0.09,0.06
Composite dishes,"Pasta-based dishes, uncooked, PROCESS Steaming",0.09,0.058,0.058,0.058,0.08,0.09,0.06
Composite dishes,"Pasta, cooked, with cheese/cream",,0.08,0.101,0.08,0.08,0.101,0.101
Composite dishes,"Pasta, cooked, with vegetables",,0.02,0.056,0.02,0.02,,0.056
Composite dishes,"Pasta, cooked, with vegetables and cheese/cream",0.027,0.027,0.027,0.027,0.027,0.027,0.027
Composite dishes,"Pasta, filled with meat mix, cooked",0.14,0.14,0.14,0.14,0.14,0.14,0.14
Composite dishes,"Pasta, filled with meat mix, cooked, PROCESS Baking",0.055,0.055,0.055,0.055,0.055,0.055,0.055
Composite dishes,"Pasta, filled with meat mix, cooked, PROCESS Cooking in water",0.05,0.058,0.058,0.058,0.08,0.03,0.08
Composite dishes,"Pasta, filled with meat mix, cooked, PROCESS Steaming",0.058,0.058,0.058,0.058,0.08,0.058,0.08
Composite dishes,"Pasta, filled with vegetable mix, cooked",0.15,0.15,0.15,0.15,0.15,0.15,0.15
Composite dishes,"Pasta, filled with vegetable mix, cooked, PROCESS Cooking in water",0.12,0.06,0.06,0.06,0.08,,0.06
Composite dishes,"Pasta, filled with vegetable mix, cooked, PROCESS Steaming",0.06,0.06,0.06,0.06,0.08,0.06,0.06
Composite dishes,Pastas and rice (or other cereal) –based dishes,0.066,0.066,0.066,0.066,0.066,0.066,0.066
Composite dishes,"Pastas and rice (or other cereal) –based dishes, PROCESS Baking",0.12,0.12,0.12,,0.12,0.12,0.12
Composite dishes,"Pastas and rice (or other cereal) –based dishes, PROCESS Cooking in water",0.02,0.02,0.02,,0.02,0.02,0.02
Composite dishes,"Pastas and rice (or other cereal) –based dishes, PROCESS Steaming",0.07,0.07,0.07,,0.07,0.07,0.07
Composite dishes,Pizza and similar with cheese topping,,0.14,0.149,0.14,0.11,,0.09
Composite dishes,"Pizza and similar with cheese, and mushrooms",,0.167,0.167,0.167,0.11,,0.11
Composite dishes,"Pizza and similar with cheese, and vegetables",,0.057,0.057,0.057,0.11,,0.11
Composite dishes,"Pizza and similar with cheese, meat, and mushrooms",,,0.132,,0.09,,0.09
Composite dishes,"Pizza and similar with cheese, meat, and vegetables",,0.18,0.079,0.18,0.09,0.14,0.16
Composite dishes,"Pizza and similar with meat, and vegetables",0.14,0.132,0.132,0.132,0.09,0.14,0.09
Composite dishes,Poached eggs,0.324,0.48,0.324,0.48,0.36,0.324,0.36
Composite dishes,Pork meat loaf,0.239,0.239,0.239,0.239,0.239,0.239,0.239
Composite dishes,Potato casserole,0.09,0.07,0.07,0.07,0.09,0.09,0.09
Composite dishes,Potato croquettes,0.05,0.07,0.045,0.07,0.08,0.05,0.08
Composite dishes,Potato soup,0.06,0.01,0.003,0.01,0.05,0.06,0.05
Composite dishes,Potatoes and cheese meal,0.07,0.11,0.068,0.11,0.11,,0.11
Composite dishes,Potatoes and meat meal,0.09,0.07,0.082,0.07,0.05,0.11,0.05
Composite dishes,Potatoes and vegetables meal,0.01,0.074,0.074,0.074,0.1,0.01,0.1
Composite dishes,"Potatoes, meat, and vegetables meal",0.04,0.107,0.107,0.107,0.05,0.09,0.05
Composite dishes,Prepared fish salad,,0.053,0.366,0.053,0.11,,0.11
Composite dishes,Prepared legume (beans) salad,,,0.062,,0.04,,0.04
Composite dishes,Prepared meat salad,0.09,,0.067,,0.04,,0.04
Composite dishes,Prepared mixed egg/meat/fish/vegetable salad,,0.088,0.088,0.088,0.088,,0.088
Composite dishes,Prepared nut salad,0.06,0.028,0.028,0.028,0.03,0.06,0.03
Composite dishes,Prepared pasta salad,0.07,0.053,0.051,0.053,0.053,,0.051
Composite dishes,Prepared potato salad,0.02,0.06,0.012,0.06,0.02,0.02,0.03
Composite dishes,Prepared rice salad,0.05,0.09,0.028,0.09,0.09,0.05,0.028
Composite dishes,Quiche,0.132,0.145,0.132,0.145,0.21,0.132,0.25
Composite dishes,Ratatouille,0.04,0.03,0.042,0.03,0.01,,0.01
Composite dishes,Rice and meat meal,,0.028,0.028,0.028,0.07,,0.05
Composite dishes,Rice and vegetables meal,,0.028,0.028,0.028,0.07,,0.08
Composite dishes,"Rice based dishes cooked, PROCESS Baking",0.01,0.01,0.01,,0.01,0.01,0.01
Composite dishes,"Rice based dishes cooked, PROCESS Cooking in water",,0.09,0.09,0.09,0.09,,0.09
Composite dishes,"Rice based dishes cooked, PROCESS Steaming",,0.051,0.051,0.051,0.051,,0.051
Composite dishes,Rice pudding,0.11,0.136,0.106,0.136,0.13,,0.13
Composite dishes,"Rice, meat, and vegetables meal",,0.051,0.032,0.051,0.07,,0.07
Composite dishes,Risotto,0.02,0.005,0.005,0.005,0.06,0.02,0.06
Composite dishes,Roesti,0.04,0.031,0.013,0.031,0.07,,0.07
Composite dishes,Sandwich and sandwich-like dishes,0.067,0.13,0.067,0.13,0.13,0.067,0.067
Composite dishes,Sandwich with cheese and vegetable topping/filling,0.08,0.113,0.113,0.113,0.113,0.08,0.113
Composite dishes,Sandwich with cheese topping/filling,0.24,0.21,0.195,0.21,0.16,0.26,0.16
Composite dishes,Sandwich with fish and vegetable topping/filling,0.06,0.073,0.091,0.073,0.073,0.06,0.091
Composite dishes,Sandwich with fish topping/filling,,0.073,0.091,0.073,0.09,,0.09
Composite dishes,Sandwich with meat and vegetable topping/filling,0.26,0.073,0.127,0.073,0.07,0.26,0.07
Composite dishes,Sandwich with processed meat topping/filling,0.11,0.16,0.104,0.16,0.08,0.11,0.08
Composite dishes,Sausage roll,0.18,0.18,0.18,0.18,0.18,0.18,0.18
Composite dishes,Seafood salad,0.13,0.053,0.053,0.053,0.11,,0.2
Composite dishes,Seafood-based meals,,0.62,0.129,0.62,0.21,0.01,0.21
Composite dishes,Spring rolls,0.04,0.057,0.065,0.057,0.08,,0.07
Composite dishes,Tomato soup,0.03,0.074,0.017,0.02,,0.02,0.02
Composite dishes,Vegetable casserole,0.15,0.072,0.072,0.072,0.09,0.15,0.09
Composite dishes,Vegetable soufflé,,0.213,0.213,0.213,0.213,0.213,0.213
Composite dishes,"Vegetables, gratinated",0.14,0.072,0.213,0.072,0.1,,0.1
Eggs and egg products,Boiled eggs,0.37,0.51,0.326,0.51,0.35,0.35,0.35
Eggs and egg products,Duck eggs,0.404,0.53,0.53,0.3,0.404,0.404,0.47
Eggs and egg products,"Duck eggs, PROCESS Cooking in water",0.424,0.424,0.424,0.424,0.424,0.424,0.424
Eggs and egg products,Eggs from other eggs producer birds,0.47,0.47,0.47,0.3,0.47,0.47,0.47
Eggs and egg products,"Eggs from other eggs producer birds, PROCESS Cooking in water",0.306,0.306,0.306,0.306,0.306,0.306,0.306
Eggs and egg products,Geese eggs,0.382,0.382,0.382,0.3,0.382,0.382,0.382
Eggs and egg products,"Geese eggs, PROCESS Cooking in water",0.306,0.306,0.306,0.306,0.306,0.306,0.306
Eggs and egg products,Hen egg mixed whole,0.37,0.458,0.408,0.3,0.38,0.41,0.38
Eggs and egg products,"Hen egg mixed whole, dried",1.54,1.38,1.38,1.26,1,1.54,1
Eggs and egg products,Hen egg white,0.3,0.352,0.32,0.27,0.35,0.45,0.43
Eggs and egg products,"Hen egg white, dried",2.53,2.05,2.05,2.05,2.53,2.53,3.5
Eggs and egg products,Hen egg yolk,0.52,0.38,0.4,0.35,0.5,0.57,0.54
Eggs and egg products,"Hen egg yolk, dried",1.88,0.66,0.66,0.66,1.88,1.88,0.66
Eggs and egg products,Hen eggs,0.37,0.458,0.408,0.3,0.38,0.37,0.47
Eggs and egg products,"Hen eggs, PROCESS Cooking in water",0.37,0.513,0.326,0.513,0.35,0.37,0.36
Eggs and egg products,"Hen eggs, PROCESS Frying",0.38,0.399,0.31,0.399,0.53,0.38,0.31
Eggs and egg products,Quail eggs,0.79,0.408,0.408,0.408,0.79,0.79,0.79
Eggs and egg products,"Quail eggs, PROCESS Cooking in water",0.326,0.326,0.326,0.326,0.326,0.326,0.326
"Fish, seafood, amphibians, reptiles and invertebrates",Amphibians and Reptiles,0.25,0.25,0.25,0.25,0.25,0.25,0.25
"Fish, seafood, amphibians, reptiles and invertebrates",Anchovies,0.2,0.38,0.27,0.26,0.12,0.2,0.27
"Fish, seafood, amphibians, reptiles and invertebrates","Anchovies, PROCESS Baking",0.27,0.27,0.27,0.27,0.27,0.27,0.27
"Fish, seafood, amphibians, reptiles and invertebrates","Anchovies, PROCESS Cooking in water",0.16,0.239,0.239,0.239,0.239,0.16,0.239
"Fish, seafood, amphibians, reptiles and invertebrates","Anchovies, PROCESS Frying",0.291,0.291,0.291,0.291,0.291,0.291,0.291
"Fish, seafood, amphibians, reptiles and invertebrates","Anchovies, PROCESS Steaming",0.239,0.239,0.239,0.239,0.239,0.239,0.239
"Fish, seafood, amphibians, reptiles and invertebrates",Anglerfish and monkfish,0.07,0.06,0.06,0.05,0.06,0.06,0.06
"Fish, seafood, amphibians, reptiles and invertebrates","Anglerfish and monkfish, PROCESS Baking",0.064,0.064,0.064,0.064,0.08,0.064,0.08
"Fish, seafood, amphibians, reptiles and invertebrates","Anglerfish and monkfish, PROCESS Cooking in water",0.064,0.064,0.064,0.064,0.064,0.064,0.064
"Fish, seafood, amphibians, reptiles and invertebrates","Anglerfish and monkfish, PROCESS Frying",0.064,0.064,0.064,0.064,0.064,0.064,0.064
"Fish, seafood, amphibians, reptiles and invertebrates","Anglerfish and monkfish, PROCESS Steaming",0.064,0.064,0.064,0.064,0.064,0.064,0.064
"Fish, seafood, amphibians, reptiles and invertebrates",Atlantic salmon,0.13,,0.3,0.15,0.36,0.08,0.13
"Fish, seafood, amphibians, reptiles and invertebrates","Atlantic salmon, PROCESS Baking",0.09,0.296,0.296,0.296,0.17,0.09,0.14
"Fish, seafood, amphibians, reptiles and invertebrates","Atlantic salmon, PROCESS Cooking in water",0.11,0.263,0.263,0.263,0.08,0.07,0.14
"Fish, seafood, amphibians, reptiles and invertebrates","Atlantic salmon, PROCESS Curing",,,,,,0.08,
"Fish, seafood, amphibians, reptiles and invertebrates","Atlantic salmon, PROCESS Frying",0.12,0.32,0.32,0.32,0.32,0.12,0.32
"Fish, seafood, amphibians, reptiles and invertebrates","Atlantic salmon, PROCESS Preserving with salt",0.24,0.278,0.278,,0.24,0.24,0.278
"Fish, seafood, amphibians, reptiles and invertebrates","Atlantic salmon, PROCESS Steaming",0.11,0.11,0.263,0.11,0.08,0.07,0.14
"Fish, seafood, amphibians, reptiles and invertebrates","Atlantic salmon, PROD Farmed / cultivated / aquaculture",,0.088,,,,,
"Fish, seafood, amphibians, reptiles and invertebrates","Atlantic salmon, STATE Primal cuts / fillets / halves or quarters",0.13,,,,,,
"Fish, seafood, amphibians, reptiles and invertebrates",Barracudas,0.08,0.08,0.08,0.08,0.08,0.08,0.08
"Fish, seafood, amphibians, reptiles and invertebrates","Barracudas, PROCESS Baking",0.385,0.385,0.385,0.385,0.385,0.385,0.385
"Fish, seafood, amphibians, reptiles and invertebrates","Barracudas, PROCESS Cooking in water",0.381,0.381,0.381,0.381,0.381,0.381,0.381
"Fish, seafood, amphibians, reptiles and invertebrates","Barracudas, PROCESS Frying",0.385,0.385,0.385,0.385,0.385,0.385,0.385
"Fish, seafood, amphibians, reptiles and invertebrates","Barracudas, PROCESS Steaming",0.381,0.381,0.381,0.381,0.381,0.381,0.381
"Fish, seafood, amphibians, reptiles and invertebrates","Bream, silver",0.1,0.1,0.1,0.1,0.1,0.1,0.1
"Fish, seafood, amphibians, reptiles and invertebrates",Canned/jarred fish in brine-deprecated,,0.147,0.125,0.21,0.22,,0.11
"Fish, seafood, amphibians, reptiles and invertebrates","Canned/jarred fish in brine-deprecated, RACSOURCE Atlantic salmon",,,,0.19,,,
"Fish, seafood, amphibians, reptiles and invertebrates",Canned/jarred fish in oil-deprecated,0.09,0.23,0.121,0.11,0.12,0.09,0.12
"Fish, seafood, amphibians, reptiles and invertebrates","Canned/jarred fish in vinegar, pickles or sauces-deprecated",0.06,0.21,0.127,0.21,0.2,0.06,0.2
"Fish, seafood, amphibians, reptiles and invertebrates",Canned/jarred smoked fish in oil-deprecated,0.17,0.05,0.17,0.05,0.05,0.17,0.17
"Fish, seafood, amphibians, reptiles and invertebrates",Carps,0.053,0.053,0.053,0.04,0.053,0.053,0.053
"Fish, seafood, amphibians, reptiles and invertebrates","Carps, PROCESS Baking",0.053,0.05,0.053,0.05,0.05,0.053,0.053
"Fish, seafood, amphibians, reptiles and invertebrates","Carps, PROCESS Cooking in water",0.047,0.047,0.047,0.047,0.047,0.047,0.047
"Fish, seafood, amphibians, reptiles and invertebrates","Carps, PROCESS Frying",0.058,0.058,0.058,0.058,0.058,0.058,0.058
"Fish, seafood, amphibians, reptiles and invertebrates","Carps, PROCESS Steaming",0.047,0.047,0.047,0.047,0.047,0.047,0.047
"Fish, seafood, amphibians, reptiles and invertebrates",Catfishes (freshwater),,0.03,0.03,0.03,0.045,,0.07
"Fish, seafood, amphibians, reptiles and invertebrates","Catfishes (freshwater), PROCESS Baking",,0.033,0.033,0.033,0.033,,0.033
"Fish, seafood, amphibians, reptiles and invertebrates","Catfishes (freshwater), PROCESS Cooking in water",,0.033,0.033,0.033,0.09,,0.09
"Fish, seafood, amphibians, reptiles and invertebrates","Catfishes (freshwater), PROCESS Frying",,0.033,0.033,0.033,0.033,,0.033
"Fish, seafood, amphibians, reptiles and invertebrates","Catfishes (freshwater), PROCESS Steaming",,0.033,0.033,0.033,0.09,,0.09
"Fish, seafood, amphibians, reptiles and invertebrates",Clams,0.19,0.19,0.19,0.19,0.19,0.19,0.19
"Fish, seafood, amphibians, reptiles and invertebrates","Clams, cockles, arkshells",0.21,0.2,0.22,0.2,0.35,0.22,0.35
"Fish, seafood, amphibians, reptiles and invertebrates","Clams, cockles, arkshells, PROCESS Baking",0.24,0.24,0.24,0.24,0.24,0.24,0.24
"Fish, seafood, amphibians, reptiles and invertebrates","Clams, cockles, arkshells, PROCESS Cooking in water",,0.2,0.192,0.2,0.38,0.192,0.38
"Fish, seafood, amphibians, reptiles and invertebrates","Clams, cockles, arkshells, PROCESS Frying",0.24,0.24,0.24,0.24,0.24,0.24,0.24
"Fish, seafood, amphibians, reptiles and invertebrates","Clams, cockles, arkshells, PROCESS Steaming",,0.208,0.208,0.208,0.38,0.208,0.38
"Fish, seafood, amphibians, reptiles and invertebrates","Clams, PROCESS Baking",0.24,0.24,0.24,0.24,0.24,0.24,0.24
"Fish, seafood, amphibians, reptiles and invertebrates","Clams, PROCESS Cooking in water",0.192,0.147,0.192,0.147,0.147,0.192,0.192
"Fish, seafood, amphibians, reptiles and invertebrates","Clams, PROCESS Frying",0.24,0.24,0.24,0.24,0.24,0.24,0.24
"Fish, seafood, amphibians, reptiles and invertebrates","Clams, PROCESS Steaming",0.208,0.208,0.208,0.208,0.208,0.208,0.208
"Fish, seafood, amphibians, reptiles and invertebrates",Cockles,0.11,0.11,0.11,0.11,0.11,0.11,0.11
"Fish, seafood, amphibians, reptiles and invertebrates","Cockles, PROCESS Cooking in water",0.11,0.11,0.11,0.11,0.11,0.11,0.11
"Fish, seafood, amphibians, reptiles and invertebrates","Cockles, PROCESS Steaming",0.11,0.11,0.11,0.11,0.11,0.11,0.11
"Fish, seafood, amphibians, reptiles and invertebrates",Cod,0.05,,,0.08,0.12,0.05,0.05
"Fish, seafood, amphibians, reptiles and invertebrates",Cod liver,0.65,0.34,0.65,0.34,0.65,0.65,0.65
"Fish, seafood, amphibians, reptiles and invertebrates",Cod roe,0.65,0.8,0.8,0.8,0.65,0.76,0.37
"Fish, seafood, amphibians, reptiles and invertebrates","Cod roe, PROCESS Smoking",0.7,,,0.62,1,0.76,0.49
"Fish, seafood, amphibians, reptiles and invertebrates","Cod, atlantic",,0.057,,,,,
"Fish, seafood, amphibians, reptiles and invertebrates","Cod, murray",0.04,0.04,0.04,0.04,0.04,0.04,0.04
"Fish, seafood, amphibians, reptiles and invertebrates","Cod, murray, PROCESS Cooking in water",0.03,0.03,0.03,0.03,0.03,0.03,0.03
"Fish, seafood, amphibians, reptiles and invertebrates","Cod, murray, PROCESS Frying",0.05,0.05,0.05,0.05,0.05,0.05,0.05
"Fish, seafood, amphibians, reptiles and invertebrates","Cod, murray, PROCESS Steaming",0.03,0.03,0.03,0.03,0.03,0.03,0.03
"Fish, seafood, amphibians, reptiles and invertebrates","Cod, PROCESS Boiling",,,,,,,0.046
"Fish, seafood, amphibians, reptiles and invertebrates","Cod, PROCESS Drying (dehydration)",,,,0.28,,,
"Fish, seafood, amphibians, reptiles and invertebrates","Cod, PROCESS Preserving with salt",,0.046,0.046,,,,
"Fish, seafood, amphibians, reptiles and invertebrates","Cod, STATE Slices, steaks or other flat cuts",,,0.046,,,,
"Fish, seafood, amphibians, reptiles and invertebrates","Cods, hakes, haddocks",0.05,0.05,,,0.04,0.05,0.05
"Fish, seafood, amphibians, reptiles and invertebrates","Cods, hakes, haddocks, PROCESS Baking",0.046,0.05,0.046,0.05,0.05,0.046,0.05
"Fish, seafood, amphibians, reptiles and invertebrates","Cods, hakes, haddocks, PROCESS Cooking in water",0.03,0.04,0.041,0.04,0.04,0.041,0.05
"Fish, seafood, amphibians, reptiles and invertebrates","Cods, hakes, haddocks, PROCESS Frying",0.05,0.05,0.05,0.05,0.05,0.05,0.05
"Fish, seafood, amphibians, reptiles and invertebrates","Cods, hakes, haddocks, PROCESS Steaming",0.041,0.04,0.041,0.04,0.08,0.041,0.05
"Fish, seafood, amphibians, reptiles and invertebrates",Conger,0.32,0.32,0.32,0.32,0.32,0.32,0.32
"Fish, seafood, amphibians, reptiles and invertebrates","Conger, european",0.32,0.32,0.32,0.32,0.04,0.32,0.04
"Fish, seafood, amphibians, reptiles and invertebrates","Conger, european, PROCESS Baking",0.343,0.343,0.343,0.343,0.04,0.343,0.04
"Fish, seafood, amphibians, reptiles and invertebrates","Conger, european, PROCESS Cooking in water",0.338,0.338,0.338,0.338,0.35,0.338,0.35
"Fish, seafood, amphibians, reptiles and invertebrates","Conger, european, PROCESS Frying",0.343,0.343,0.343,0.343,0.343,0.343,0.343
"Fish, seafood, amphibians, reptiles and invertebrates","Conger, european, PROCESS Steaming",0.338,0.338,0.338,0.338,0.35,0.338,0.35
"Fish, seafood, amphibians, reptiles and invertebrates","Conger, PROCESS Baking",0.343,0.343,0.343,0.343,0.343,0.343,0.343
"Fish, seafood, amphibians, reptiles and invertebrates","Conger, PROCESS Cooking in water",0.338,0.338,0.338,0.338,0.35,0.338,0.35
"Fish, seafood, amphibians, reptiles and invertebrates","Conger, PROCESS Frying",0.343,0.343,0.343,0.343,0.343,0.343,0.343
"Fish, seafood, amphibians, reptiles and invertebrates","Conger, PROCESS Steaming",0.338,0.338,0.338,0.338,0.35,0.338,0.35
"Fish, seafood, amphibians, reptiles and invertebrates","Crabmeat, cooked-deprecated",0.02,0.395,0.03,0.05,0.05,0.02,0.86
"Fish, seafood, amphibians, reptiles and invertebrates","Crabs, sea-spiders",0.08,0.034,0.034,0.04,,0.08,0.034
"Fish, seafood, amphibians, reptiles and invertebrates","Crabs, sea-spiders, PROCESS Baking",0.033,0.86,0.033,0.033,0.033,0.033,0.86
"Fish, seafood, amphibians, reptiles and invertebrates","Crabs, sea-spiders, PROCESS Cooking in water",0.08,0.86,0.03,,0.15,0.08,0.86
"Fish, seafood, amphibians, reptiles and invertebrates","Crabs, sea-spiders, PROCESS Frying",0.03,0.86,0.03,0.03,0.03,0.03,0.86
"Fish, seafood, amphibians, reptiles and invertebrates","Crabs, sea-spiders, PROCESS Steaming",0.08,0.86,0.03,0.03,0.15,0.08,0.86
"Fish, seafood, amphibians, reptiles and invertebrates",Cuttlefishes,0.48,0.48,0.48,0.48,0.05,0.48,0.48
"Fish, seafood, amphibians, reptiles and invertebrates",Diadromous fish,0.3,0.3,0.3,0.15,0.3,0.3,0.3
"Fish, seafood, amphibians, reptiles and invertebrates","Diadromous fish, PROCESS Baking",0.296,0.296,0.296,0.296,0.296,0.296,0.296
"Fish, seafood, amphibians, reptiles and invertebrates","Diadromous fish, PROCESS Cooking in water",0.263,0.263,0.263,0.263,0.263,0.263,0.263
"Fish, seafood, amphibians, reptiles and invertebrates","Diadromous fish, PROCESS Frying",0.32,0.32,0.32,0.32,0.32,0.32,0.32
"Fish, seafood, amphibians, reptiles and invertebrates","Diadromous fish, PROCESS Steaming",0.263,0.263,0.263,0.263,0.263,0.263,0.263
"Fish, seafood, amphibians, reptiles and invertebrates",Dories,0.17,0.17,0.17,0.17,0.17,0.17,0.17
"Fish, seafood, amphibians, reptiles and invertebrates",Dried fish,,0.27,0.27,0.27,0.08,,0.07
"Fish, seafood, amphibians, reptiles and invertebrates","Dried fish, PROCESS Baking",0.049,0.049,0.049,0.049,0.049,0.049,0.049
"Fish, seafood, amphibians, reptiles and invertebrates","Dried fish, PROCESS Cooking in water",0.049,0.049,0.049,0.049,0.049,0.049,0.049
"Fish, seafood, amphibians, reptiles and invertebrates","Dried fish, PROCESS Steaming",0.049,0.049,0.049,0.049,0.049,0.049,0.049
"Fish, seafood, amphibians, reptiles and invertebrates",Fish paste or surimi,0.04,0.02,0.04,0.02,0.04,0.04,0.2
"Fish, seafood, amphibians, reptiles and invertebrates","Flat-fishes, dried",0.08,0.27,0.27,0.27,0.08,0.08,0.27
"Fish, seafood, amphibians, reptiles and invertebrates","Flat-fishes, dried, PROCESS Baking",0.049,0.049,0.049,0.049,0.049,0.049,0.049
"Fish, seafood, amphibians, reptiles and invertebrates","Flat-fishes, dried, PROCESS Cooking in water",0.049,0.049,0.049,0.049,0.049,0.049,0.049
"Fish, seafood, amphibians, reptiles and invertebrates","Flat-fishes, dried, PROCESS Steaming",0.049,0.049,0.049,0.049,0.049,0.049,0.049
"Fish, seafood, amphibians, reptiles and invertebrates",Flounders,0.07,0.21,0.21,0.21,0.21,0.07,0.21
"Fish, seafood, amphibians, reptiles and invertebrates","Flounders, PROCESS Baking",0.229,0.229,0.229,0.229,0.229,0.229,0.229
"Fish, seafood, amphibians, reptiles and invertebrates","Flounders, PROCESS Cooking in water",0.228,0.228,0.228,0.228,0.12,0.228,0.26
"Fish, seafood, amphibians, reptiles and invertebrates","Flounders, PROCESS Frying",0.07,0.229,0.229,0.229,0.229,0.07,0.229
"Fish, seafood, amphibians, reptiles and invertebrates","Flounders, PROCESS Steaming",0.228,0.228,0.228,0.228,0.12,0.228,0.26
"Fish, seafood, amphibians, reptiles and invertebrates",Freshwater bream - Europe,0.07,0.08,0.08,0.08,0.07,0.07,0.08
"Fish, seafood, amphibians, reptiles and invertebrates",Freshwater crabs,0.1,0.1,0.05,0.1,0.1,0.1,0.1
"Fish, seafood, amphibians, reptiles and invertebrates",Freshwater crayfishes,0.04,0.04,0.1,0.04,0.04,0.04,0.04
"Fish, seafood, amphibians, reptiles and invertebrates","Freshwater crayfishes, cooked-deprecated",0.04,0.088,0.088,0.088,0.1,0.04,0.1
"Fish, seafood, amphibians, reptiles and invertebrates","Freshwater crayfishes, PROCESS Baking",0.109,0.109,0.109,0.109,0.109,0.109,0.109
"Fish, seafood, amphibians, reptiles and invertebrates","Freshwater crayfishes, PROCESS Cooking in water",0.088,0.088,0.088,0.088,0.1,0.088,0.1
"Fish, seafood, amphibians, reptiles and invertebrates","Freshwater crayfishes, PROCESS Frying",0.05,0.109,0.109,0.109,0.109,0.05,0.109
"Fish, seafood, amphibians, reptiles and invertebrates","Freshwater crayfishes, PROCESS Steaming",0.095,0.095,0.095,0.095,0.1,0.095,0.1
"Fish, seafood, amphibians, reptiles and invertebrates",Freshwater crustaceans,0.034,0.04,0.034,0.04,0.04,0.034,0.034
"Fish, seafood, amphibians, reptiles and invertebrates","Freshwater crustaceans, PROCESS Baking",0.037,0.037,0.037,0.037,0.037,0.037,0.037
"Fish, seafood, amphibians, reptiles and invertebrates","Freshwater crustaceans, PROCESS Cooking in water",0.03,0.03,0.03,0.03,0.03,0.03,0.03
"Fish, seafood, amphibians, reptiles and invertebrates","Freshwater crustaceans, PROCESS Frying",0.037,0.037,0.037,0.037,0.037,0.037,0.037
"Fish, seafood, amphibians, reptiles and invertebrates","Freshwater crustaceans, PROCESS Steaming",0.032,0.032,0.032,0.032,0.032,0.032,0.032
"Fish, seafood, amphibians, reptiles and invertebrates",Freshwater fish,0.14,0.076,0.076,0.15,0.14,0.14,0.076
"Fish, seafood, amphibians, reptiles and invertebrates","Freshwater fish, PROCESS Baking",0.076,0.08,0.076,0.08,0.08,0.076,0.076
"Fish, seafood, amphibians, reptiles and invertebrates","Freshwater fish, PROCESS Cooking in water",,0.067,0.067,0.067,0.067,,0.067
"Fish, seafood, amphibians, reptiles and invertebrates","Freshwater fish, PROCESS Frying",0.084,0.084,0.084,0.084,0.084,0.084,0.084
"Fish, seafood, amphibians, reptiles and invertebrates","Freshwater fish, PROCESS Steaming",,0.15,0.067,0.15,0.15,,0.067
"Fish, seafood, amphibians, reptiles and invertebrates",Freshwater shrimps or prawns,0.1,0.1,0.03,0.1,0.1,0.1,0.1
"Fish, seafood, amphibians, reptiles and invertebrates","Freshwater shrimps or prawns, PROCESS Cooking in water",0.04,0.04,0.04,0.04,0.04,0.04,0.04
"Fish, seafood, amphibians, reptiles and invertebrates",Frogs (legs),0.25,0.25,0.25,0.06,0.25,0.25,0.25
"Fish, seafood, amphibians, reptiles and invertebrates",Garfish,0.085,0.085,0.085,0.085,0.085,0.085,0.085
"Fish, seafood, amphibians, reptiles and invertebrates",Hakes,,0.2,0.2,0.2,0.2,,0.2
"Fish, seafood, amphibians, reptiles and invertebrates","Hakes, PROCESS Cooking in water",0.072,0.072,0.072,0.072,0.072,0.072,0.072
"Fish, seafood, amphibians, reptiles and invertebrates","Hakes, PROCESS Steaming",0.072,0.072,0.072,0.072,0.072,0.072,0.072
"Fish, seafood, amphibians, reptiles and invertebrates",Halibut,0.045,0.04,0.07,0.04,0.045,0.045,0.07
"Fish, seafood, amphibians, reptiles and invertebrates","Halibut, PROCESS Baking",0.076,0.076,0.076,0.076,0.04,0.076,0.07
"Fish, seafood, amphibians, reptiles and invertebrates","Halibut, PROCESS Cooking in water",0.12,0.062,0.062,0.062,0.12,0.062,0.12
"Fish, seafood, amphibians, reptiles and invertebrates","Halibut, PROCESS Frying",0.076,0.076,0.076,0.076,0.076,0.076,0.076
"Fish, seafood, amphibians, reptiles and invertebrates","Halibut, PROCESS Steaming",0.12,0.062,0.062,0.062,0.12,0.062,0.12
"Fish, seafood, amphibians, reptiles and invertebrates",Herring roe,0.39,0.39,0.39,0.39,0.36,0.39,0.36
"Fish, seafood, amphibians, reptiles and invertebrates","Herring, atlantic",0.22,0.22,0.22,0.22,0.12,0.22,0.26
"Fish, seafood, amphibians, reptiles and invertebrates","Herring, atlantic, PROCESS Baking",0.233,0.27,0.233,0.27,0.27,0.233,0.27
"Fish, seafood, amphibians, reptiles and invertebrates","Herring, atlantic, PROCESS Cooking in water",0.192,0.192,0.192,0.192,0.192,0.192,0.192
"Fish, seafood, amphibians, reptiles and invertebrates","Herring, atlantic, PROCESS Frying",0.233,0.27,0.233,0.27,0.27,0.233,0.233
"Fish, seafood, amphibians, reptiles and invertebrates","Herring, atlantic, PROCESS Pickling",0.13,0.147,0.29,0.147,0.21,0.29,0.13
"Fish, seafood, amphibians, reptiles and invertebrates","Herring, atlantic, PROCESS Steaming",0.192,0.192,0.192,0.192,0.192,0.192,0.192
"Fish, seafood, amphibians, reptiles and invertebrates",Herrings,0.18,0.19,0.22,0.18,0.12,0.18,0.26
"Fish, seafood, amphibians, reptiles and invertebrates","Herrings, PROCESS Baking",0.233,0.27,0.233,0.27,0.27,0.233,0.27
"Fish, seafood, amphibians, reptiles and invertebrates","Herrings, PROCESS Cooking in water",0.192,0.192,0.192,0.192,0.192,0.192,0.192
"Fish, seafood, amphibians, reptiles and invertebrates","Herrings, PROCESS Frying",0.233,0.233,0.233,0.233,0.233,0.233,0.233
"Fish, seafood, amphibians, reptiles and invertebrates","Herrings, PROCESS Pickling",0.16,0.147,0.29,0.29,0.21,0.16,0.13
"Fish, seafood, amphibians, reptiles and invertebrates","Herrings, PROCESS Steaming",0.192,0.192,0.192,0.192,0.192,0.192,0.192
"Fish, seafood, amphibians, reptiles and invertebrates",Largemouth black bass,0.07,0.07,0.07,0.07,0.07,0.07,0.07
"Fish, seafood, amphibians, reptiles and invertebrates","Lobster, european",0.05,0.088,0.088,0.18,0.05,0.05,0.088
"Fish, seafood, amphibians, reptiles and invertebrates","Lobster, european, PROCESS Baking",0.095,0.095,0.095,0.095,0.095,0.095,0.095
"Fish, seafood, amphibians, reptiles and invertebrates","Lobster, european, PROCESS Cooking in water",0.05,0.02,0.083,0.02,0.1,0.05,0.05
"Fish, seafood, amphibians, reptiles and invertebrates","Lobster, european, PROCESS Frying",0.095,0.095,0.095,0.095,0.095,0.095,0.095
"Fish, seafood, amphibians, reptiles and invertebrates","Lobster, european, PROCESS Steaming",0.05,0.083,0.083,0.083,0.1,0.05,0.05
"Fish, seafood, amphibians, reptiles and invertebrates","Lobster, norway",0.01,0.01,0.01,0.01,0.01,0.01,0.01
"Fish, seafood, amphibians, reptiles and invertebrates","Lobster, norway, PROCESS Cooking in water",,0.1,0.1,0.1,0.1,,0.1
"Fish, seafood, amphibians, reptiles and invertebrates","Lobster, norway, PROCESS Steaming",,0.1,0.1,0.1,0.1,,0.1
"Fish, seafood, amphibians, reptiles and invertebrates","Lobsters (including lobster meat), cooked-deprecated",0.02,0.02,0.083,0.02,0.1,0.02,0.05
"Fish, seafood, amphibians, reptiles and invertebrates",Mackerel,0.35,0.36,0.36,0.25,0.36,0.35,0.29
"Fish, seafood, amphibians, reptiles and invertebrates",Mackerel and mackerel-like fishes-deprecated,0.35,0.36,0.36,0.25,0.36,0.36,0.29
"Fish, seafood, amphibians, reptiles and invertebrates","Mackerel and mackerel-like fishes-deprecated, PROCESS Baking",0.385,0.412,0.385,0.412,0.32,0.385,0.32
"Fish, seafood, amphibians, reptiles and invertebrates","Mackerel and mackerel-like fishes-deprecated, PROCESS Cooking in water",0.16,0.381,0.381,0.381,0.36,0.16,0.36
"Fish, seafood, amphibians, reptiles and invertebrates","Mackerel and mackerel-like fishes-deprecated, PROCESS Frying",0.385,0.35,0.385,0.35,0.3,0.385,0.3
"Fish, seafood, amphibians, reptiles and invertebrates","Mackerel and mackerel-like fishes-deprecated, PROCESS Steaming",0.381,0.381,0.381,0.381,0.36,0.381,0.36
"Fish, seafood, amphibians, reptiles and invertebrates","Mackerel, PROCESS Baking",,0.412,0.385,0.412,0.32,,0.32
"Fish, seafood, amphibians, reptiles and invertebrates","Mackerel, PROCESS Cooking in water",0.381,0.381,0.381,0.381,0.36,0.381,0.36
"Fish, seafood, amphibians, reptiles and invertebrates","Mackerel, PROCESS Frying",0.385,0.35,0.385,0.35,0.3,0.385,0.3
"Fish, seafood, amphibians, reptiles and invertebrates","Mackerel, PROCESS Steaming",0.381,0.381,0.381,0.381,0.36,0.381,0.36
"Fish, seafood, amphibians, reptiles and invertebrates","Marine shrimps or prawns, cooked-deprecated",0.03,0.038,0.03,0.038,0.33,0.03,0.12
"Fish, seafood, amphibians, reptiles and invertebrates",Miscellaneous coastal marine fishes,0.11,0.093,,0.15,0.03,0.11,0.08
"Fish, seafood, amphibians, reptiles and invertebrates","Miscellaneous coastal marine fishes, PROCESS Baking",0.14,0.1,,,0.1,0.11,0.1
"Fish, seafood, amphibians, reptiles and invertebrates","Miscellaneous coastal marine fishes, PROCESS Cooking in water",0.12,0.1,,,,0.11,
"Fish, seafood, amphibians, reptiles and invertebrates","Miscellaneous coastal marine fishes, PROCESS Frying",0.12,,,,,0.08,
"Fish, seafood, amphibians, reptiles and invertebrates","Miscellaneous coastal marine fishes, PROCESS Steaming",0.12,0.1,,0.072,0.072,0.11,0.1
"Fish, seafood, amphibians, reptiles and invertebrates",Miscellaneous demersal marine fishes,0.08,0.22,0.22,0.22,0.08,0.08,0.22
"Fish, seafood, amphibians, reptiles and invertebrates","Miscellaneous demersal marine fishes, PROCESS Baking",0.221,0.2,0.221,0.2,0.2,0.221,0.221
"Fish, seafood, amphibians, reptiles and invertebrates","Miscellaneous demersal marine fishes, PROCESS Cooking in water",0.194,0.08,0.194,0.08,0.08,0.194,0.194
"Fish, seafood, amphibians, reptiles and invertebrates","Miscellaneous demersal marine fishes, PROCESS Frying",0.239,0.239,0.239,0.239,0.239,0.239,0.239
"Fish, seafood, amphibians, reptiles and invertebrates","Miscellaneous demersal marine fishes, PROCESS Steaming",0.194,0.072,0.194,0.072,0.072,0.194,0.194
"Fish, seafood, amphibians, reptiles and invertebrates",Miscellaneous marine crustaceans,0.034,0.034,0.034,0.034,0.034,0.034,0.034
"Fish, seafood, amphibians, reptiles and invertebrates","Miscellaneous marine crustaceans, PROCESS Baking",0.037,0.038,0.037,0.038,0.038,0.037,0.037
"Fish, seafood, amphibians, reptiles and invertebrates","Miscellaneous marine crustaceans, PROCESS Cooking in water",0.03,0.038,0.03,0.038,0.038,0.03,0.03
"Fish, seafood, amphibians, reptiles and invertebrates","Miscellaneous marine crustaceans, PROCESS Frying",0.037,0.038,0.037,0.038,0.038,0.037,0.037
"Fish, seafood, amphibians, reptiles and invertebrates","Miscellaneous marine crustaceans, PROCESS Steaming",0.032,0.038,0.032,0.038,0.038,0.032,0.032
"Fish, seafood, amphibians, reptiles and invertebrates",Miscellaneous pelagic marine fishes,0.05,0.38,0.22,0.38,0.05,0.05,0.22
"Fish, seafood, amphibians, reptiles and invertebrates","Miscellaneous pelagic marine fishes, PROCESS Baking",0.233,0.233,0.233,0.233,0.233,0.233,0.233
"Fish, seafood, amphibians, reptiles and invertebrates","Miscellaneous pelagic marine fishes, PROCESS Cooking in water",0.192,0.192,0.192,0.192,0.192,0.192,0.192
"Fish, seafood, amphibians, reptiles and invertebrates","Miscellaneous pelagic marine fishes, PROCESS Frying",0.233,0.233,0.233,0.233,0.233,0.233,0.233
"Fish, seafood, amphibians, reptiles and invertebrates","Miscellaneous pelagic marine fishes, PROCESS Steaming",0.192,0.192,0.192,0.192,0.192,0.192,0.192
"Fish, seafood, amphibians, reptiles and invertebrates",Mullets,0.15,0.15,0.15,0.1,0.08,0.15,0.08
"Fish, seafood, amphibians, reptiles and invertebrates","Mullets, PROCESS Baking",0.089,0.15,0.089,0.15,0.1,0.089,0.1
"Fish, seafood, amphibians, reptiles and invertebrates","Mullets, PROCESS Cooking in water",0.089,0.089,0.089,0.089,0.089,0.089,0.089
"Fish, seafood, amphibians, reptiles and invertebrates","Mullets, PROCESS Frying",0.089,0.089,0.089,0.089,0.089,0.089,0.089
"Fish, seafood, amphibians, reptiles and invertebrates","Mullets, PROCESS Steaming",0.089,0.089,0.089,0.089,0.089,0.089,0.089
"Fish, seafood, amphibians, reptiles and invertebrates",Mussels,0.22,0.22,0.22,0.16,0.2,0.22,0.35
"Fish, seafood, amphibians, reptiles and invertebrates","Mussels, PROCESS Baking",0.24,0.24,0.24,0.24,0.24,0.24,0.24
"Fish, seafood, amphibians, reptiles and invertebrates","Mussels, PROCESS Cooking in water",0.24,0.2,0.192,0.2,0.24,0.24,0.38
"Fish, seafood, amphibians, reptiles and invertebrates","Mussels, PROCESS Frying",0.24,0.24,0.24,0.24,0.24,0.24,0.24
"Fish, seafood, amphibians, reptiles and invertebrates","Mussels, PROCESS Steaming",0.24,0.208,0.208,0.208,0.24,0.24,0.38
"Fish, seafood, amphibians, reptiles and invertebrates",Nile perch,0.12,0.12,0.12,0.12,0.12,0.12,0.12
"Fish, seafood, amphibians, reptiles and invertebrates","Nile perch, PROCESS Baking",0.121,0.121,0.121,0.121,0.121,0.121,0.121
"Fish, seafood, amphibians, reptiles and invertebrates","Nile perch, PROCESS Cooking in water",0.106,0.106,0.106,0.106,0.106,0.106,0.106
"Fish, seafood, amphibians, reptiles and invertebrates","Nile perch, PROCESS Frying",0.133,0.133,0.133,0.133,0.133,0.133,0.133
"Fish, seafood, amphibians, reptiles and invertebrates","Nile perch, PROCESS Steaming",0.106,0.106,0.106,0.106,0.106,0.106,0.106
"Fish, seafood, amphibians, reptiles and invertebrates",Ocean perch,0.05,0.05,0.05,0.05,0.05,0.05,0.05
"Fish, seafood, amphibians, reptiles and invertebrates","Ocean perch, PROCESS Baking",0.12,0.12,0.12,0.12,0.12,0.12,0.12
"Fish, seafood, amphibians, reptiles and invertebrates",Octopuses,0.073,0.05,0.05,0.04,0.05,0.073,0.07
"Fish, seafood, amphibians, reptiles and invertebrates","Octopuses, PROCESS Baking",0.054,0.054,0.054,0.054,0.054,0.054,0.054
"Fish, seafood, amphibians, reptiles and invertebrates","Octopuses, PROCESS Cooking in water",0.044,0.044,0.044,0.044,0.044,0.044,0.044
"Fish, seafood, amphibians, reptiles and invertebrates","Octopuses, PROCESS Frying",0.054,0.054,0.054,0.054,0.054,0.054,0.054
"Fish, seafood, amphibians, reptiles and invertebrates","Octopuses, PROCESS Steaming",0.044,0.044,0.044,0.044,0.044,0.044,0.044
"Fish, seafood, amphibians, reptiles and invertebrates",Other fish offal,0.74,0.74,0.74,0.74,0.74,0.74,0.74
"Fish, seafood, amphibians, reptiles and invertebrates",Oysters,0.03,0.2,0.2,0.2,0.2,0.18,0.19
"Fish, seafood, amphibians, reptiles and invertebrates","Oysters, PROCESS Baking",0.218,0.218,0.218,0.218,0.218,0.218,0.218
"Fish, seafood, amphibians, reptiles and invertebrates","Oysters, PROCESS Cooking in water",0.189,0.189,0.189,0.189,0.189,0.189,0.189
"Fish, seafood, amphibians, reptiles and invertebrates","Oysters, PROCESS Frying",0.218,0.218,0.218,0.218,0.218,0.218,0.218
"Fish, seafood, amphibians, reptiles and invertebrates","Oysters, PROCESS Steaming",0.189,0.189,0.189,0.189,0.189,0.189,0.189
"Fish, seafood, amphibians, reptiles and invertebrates",Pacific salmon (generic),0.1,0.12,0.12,0.12,0.36,0.1,0.36
"Fish, seafood, amphibians, reptiles and invertebrates","Pacific salmon (generic), PROCESS Baking",0.08,0.08,0.08,0.08,0.08,0.08,0.08
"Fish, seafood, amphibians, reptiles and invertebrates","Pacific salmon (generic), PROCESS Cooking in water",0.08,0.08,0.08,0.08,0.08,0.08,0.08
"Fish, seafood, amphibians, reptiles and invertebrates","Pacific salmon (generic), PROCESS Frying",0.32,0.32,0.32,0.32,0.32,0.32,0.32
"Fish, seafood, amphibians, reptiles and invertebrates","Pacific salmon (generic), PROCESS Steaming",0.08,0.08,0.08,0.08,0.08,0.08,0.08
"Fish, seafood, amphibians, reptiles and invertebrates",Perch,0.07,0.12,0.12,0.1,0.07,0.07,0.12
"Fish, seafood, amphibians, reptiles and invertebrates","Perch, golden",0.05,0.05,0.05,0.05,0.05,0.05,0.05
"Fish, seafood, amphibians, reptiles and invertebrates","Perch, PROCESS Baking",0.07,0.12,0.121,0.12,0.12,0.07,0.12
"Fish, seafood, amphibians, reptiles and invertebrates","Perch, PROCESS Cooking in water",0.106,0.106,0.106,0.106,0.106,0.106,0.106
"Fish, seafood, amphibians, reptiles and invertebrates","Perch, PROCESS Frying",,0.133,0.133,0.133,0.133,,0.133
"Fish, seafood, amphibians, reptiles and invertebrates","Perch, PROCESS Steaming",0.106,0.106,0.106,0.106,0.106,0.106,0.106
"Fish, seafood, amphibians, reptiles and invertebrates",Pike,0.07,0.055,0.055,0.07,0.04,0.07,0.055
"Fish, seafood, amphibians, reptiles and invertebrates",Pike-perch,0.25,0.25,0.25,0.25,0.25,0.25,0.25
"Fish, seafood, amphibians, reptiles and invertebrates","Pike-perch, PROCESS Baking",0.276,0.276,0.276,0.276,0.276,0.276,0.276
"Fish, seafood, amphibians, reptiles and invertebrates","Pike-perch, PROCESS Cooking in water",0.221,0.221,0.221,0.221,0.221,0.221,0.221
"Fish, seafood, amphibians, reptiles and invertebrates","Pike-perch, PROCESS Frying",0.276,0.276,0.276,0.276,0.276,0.276,0.276
"Fish, seafood, amphibians, reptiles and invertebrates","Pike-perch, PROCESS Steaming",0.221,0.221,0.221,0.221,0.221,0.221,0.221
"Fish, seafood, amphibians, reptiles and invertebrates","Pike, PROCESS Baking",0.061,0.07,0.061,0.07,0.07,0.061,0.061
"Fish, seafood, amphibians, reptiles and invertebrates","Pike, PROCESS Cooking in water",0.049,0.049,0.049,0.049,0.049,0.049,0.049
"Fish, seafood, amphibians, reptiles and invertebrates","Pike, PROCESS Frying",,0.061,0.061,0.061,0.061,,0.061
"Fish, seafood, amphibians, reptiles and invertebrates","Pike, PROCESS Steaming",0.061,0.061,0.061,0.061,0.061,0.061,0.061
"Fish, seafood, amphibians, reptiles and invertebrates",Plaice,0.21,0.22,0.22,0.22,0.12,0.21,0.19
"Fish, seafood, amphibians, reptiles and invertebrates","Plaice, PROCESS Baking",0.221,0.15,0.221,0.15,0.21,0.221,0.21
"Fish, seafood, amphibians, reptiles and invertebrates","Plaice, PROCESS Cooking in water",0.194,0.194,0.194,0.194,0.17,0.194,0.17
"Fish, seafood, amphibians, reptiles and invertebrates","Plaice, PROCESS Frying",0.239,0.15,0.239,0.15,0.11,0.239,0.11
"Fish, seafood, amphibians, reptiles and invertebrates","Plaice, PROCESS Steaming",0.194,0.15,0.194,0.15,0.17,0.194,0.17
"Fish, seafood, amphibians, reptiles and invertebrates","Pomfret, atlantic",0.09,0.09,0.09,0.09,0.09,0.09,0.09
"Fish, seafood, amphibians, reptiles and invertebrates",Rays,0.04,0.04,0.04,0.04,0.04,0.04,0.04
"Fish, seafood, amphibians, reptiles and invertebrates","Rays, PROCESS Baking",0.25,0.25,0.25,0.25,0.25,0.25,0.25
"Fish, seafood, amphibians, reptiles and invertebrates","Rays, PROCESS Cooking in water",0.2,0.2,0.2,0.2,0.2,0.2,0.2
"Fish, seafood, amphibians, reptiles and invertebrates","Rays, PROCESS Steaming",0.2,0.2,0.2,0.2,0.2,0.2,0.2
"Fish, seafood, amphibians, reptiles and invertebrates",River eels,0.25,0.32,0.32,0.2,0.35,0.25,0.35
"Fish, seafood, amphibians, reptiles and invertebrates","River eels, PROCESS Baking",0.343,0.051,0.343,0.051,0.051,0.343,0.343
"Fish, seafood, amphibians, reptiles and invertebrates","River eels, PROCESS Cooking in water",0.338,0.34,0.338,0.34,0.35,0.338,0.35
"Fish, seafood, amphibians, reptiles and invertebrates","River eels, PROCESS Frying",0.343,0.343,0.343,0.343,0.343,0.343,0.343
"Fish, seafood, amphibians, reptiles and invertebrates","River eels, PROCESS Steaming",0.338,0.34,0.338,0.34,0.35,0.338,0.35
"Fish, seafood, amphibians, reptiles and invertebrates",Roaches,0.13,0.13,0.13,0.13,0.13,0.13,0.13
"Fish, seafood, amphibians, reptiles and invertebrates","Salmon roe, atlantic",0.72,0.72,0.72,0.72,0.72,0.72,0.72
"Fish, seafood, amphibians, reptiles and invertebrates","Salmon, threadfin",0.36,0.36,0.36,0.36,0.36,0.36,0.36
"Fish, seafood, amphibians, reptiles and invertebrates","Salmon, threadfin, PROCESS Baking",0.08,0.08,0.08,0.08,0.08,0.08,0.08
"Fish, seafood, amphibians, reptiles and invertebrates","Salmon, threadfin, PROCESS Cooking in water",0.08,0.08,0.08,0.08,0.08,0.08,0.08
"Fish, seafood, amphibians, reptiles and invertebrates","Salmon, threadfin, PROCESS Steaming",0.08,0.08,0.08,0.08,0.08,0.08,0.08
"Fish, seafood, amphibians, reptiles and invertebrates",Sardines and sardine-type fishes,0.25,0.25,0.25,0.25,0.22,0.25,0.22
"Fish, seafood, amphibians, reptiles and invertebrates","Sardines and sardine-type fishes, PROCESS Baking",0.269,0.35,0.269,0.35,0.25,0.269,0.25
"Fish, seafood, amphibians, reptiles and invertebrates","Sardines and sardine-type fishes, PROCESS Cooking in water",0.39,0.268,0.268,0.268,0.17,0.39,0.268
"Fish, seafood, amphibians, reptiles and invertebrates","Sardines and sardine-type fishes, PROCESS Frying",0.269,0.269,0.269,0.269,0.269,0.269,0.269
"Fish, seafood, amphibians, reptiles and invertebrates","Sardines and sardine-type fishes, PROCESS Steaming",0.17,0.268,0.268,0.268,0.17,0.17,0.268
"Fish, seafood, amphibians, reptiles and invertebrates","Scallops, pectens",0.19,0.065,0.19,0.07,0.07,0.19,0.07
"Fish, seafood, amphibians, reptiles and invertebrates","Scallops, pectens, PROCESS Baking",0.206,0.206,0.206,0.206,0.206,0.206,0.206
"Fish, seafood, amphibians, reptiles and invertebrates","Scallops, pectens, PROCESS Cooking in water",0.164,0.065,0.164,0.065,0.05,0.164,0.05
"Fish, seafood, amphibians, reptiles and invertebrates","Scallops, pectens, PROCESS Frying",,0.065,0.206,0.065,0.065,,0.206
"Fish, seafood, amphibians, reptiles and invertebrates","Scallops, pectens, PROCESS Steaming",0.164,0.164,0.164,0.164,0.05,0.164,0.05
"Fish, seafood, amphibians, reptiles and invertebrates",Sea bass,0.093,0.093,0.093,0.16,0.093,0.093,0.093
"Fish, seafood, amphibians, reptiles and invertebrates","Sea bass, PROCESS Cooking in water",0.13,0.13,0.13,0.13,0.13,0.13,0.13
"Fish, seafood, amphibians, reptiles and invertebrates","Sea bass, PROCESS Steaming",0.13,0.13,0.13,0.13,0.13,0.13,0.13
"Fish, seafood, amphibians, reptiles and invertebrates",Sea bream,0.1,0.093,0.1,0.1,0.1,0.1,0.1
"Fish, seafood, amphibians, reptiles and invertebrates","Sea bream, PROCESS Cooking in water",0.049,0.049,0.049,0.049,0.049,0.049,0.049
"Fish, seafood, amphibians, reptiles and invertebrates","Sea bream, PROCESS Steaming",0.049,0.049,0.049,0.049,0.049,0.049,0.049
"Fish, seafood, amphibians, reptiles and invertebrates",Sea-squirts and other tunicates,0.107,0.107,0.107,0.107,0.107,0.107,0.107
"Fish, seafood, amphibians, reptiles and invertebrates","Sea-squirts and other tunicates, PROCESS Baking",0.094,0.094,0.094,0.094,0.094,0.094,0.094
"Fish, seafood, amphibians, reptiles and invertebrates","Sea-squirts and other tunicates, PROCESS Cooking in water",0.065,0.19,0.065,0.19,0.17,0.065,0.17
"Fish, seafood, amphibians, reptiles and invertebrates","Sea-squirts and other tunicates, PROCESS Frying",0.094,0.094,0.094,0.094,0.094,0.094,0.094
"Fish, seafood, amphibians, reptiles and invertebrates","Sea-squirts and other tunicates, PROCESS Steaming",0.065,0.065,0.065,0.065,0.17,0.065,0.17
"Fish, seafood, amphibians, reptiles and invertebrates",Shads,0.24,0.24,0.24,0.24,0.24,0.24,0.24
"Fish, seafood, amphibians, reptiles and invertebrates","Shads, PROCESS Baking",0.233,0.233,0.233,0.233,0.233,0.233,0.233
"Fish, seafood, amphibians, reptiles and invertebrates","Shads, PROCESS Cooking in water",0.192,0.192,0.192,0.192,0.192,0.192,0.192
"Fish, seafood, amphibians, reptiles and invertebrates","Shads, PROCESS Frying",0.233,0.233,0.233,0.233,0.233,0.233,0.233
"Fish, seafood, amphibians, reptiles and invertebrates","Shads, PROCESS Steaming",0.192,0.192,0.192,0.192,0.192,0.192,0.192
"Fish, seafood, amphibians, reptiles and invertebrates",Sharks,0.14,0.14,0.14,0.14,0.14,0.14,0.3
"Fish, seafood, amphibians, reptiles and invertebrates","Sharks, PROCESS Baking",0.082,0.1,0.082,0.1,0.1,0.082,0.082
"Fish, seafood, amphibians, reptiles and invertebrates","Sharks, PROCESS Cooking in water",0.082,0.1,0.082,0.1,0.1,0.082,0.082
"Fish, seafood, amphibians, reptiles and invertebrates","Sharks, PROCESS Frying",0.082,0.1,0.082,0.1,0.1,0.082,0.082
"Fish, seafood, amphibians, reptiles and invertebrates","Sharks, PROCESS Steaming",0.082,0.1,0.082,0.1,0.1,0.082,0.082
"Fish, seafood, amphibians, reptiles and invertebrates",Shrimps and prawns,0.034,0.034,0.034,0.02,0.12,0.034,0.12
"Fish, seafood, amphibians, reptiles and invertebrates","Shrimps and prawns, PROCESS Baking",0.033,0.038,0.033,0.038,0.038,0.033,0.033
"Fish, seafood, amphibians, reptiles and invertebrates","Shrimps and prawns, PROCESS Cooking in water",,0.038,0.03,0.038,0.33,,0.12
"Fish, seafood, amphibians, reptiles and invertebrates","Shrimps and prawns, PROCESS Frying",0.037,0.038,0.037,0.038,0.038,0.037,0.037
"Fish, seafood, amphibians, reptiles and invertebrates","Shrimps and prawns, PROCESS Steaming",,0.038,0.03,0.038,0.33,,0.12
"Fish, seafood, amphibians, reptiles and invertebrates","Shrimps, common",0.03,0.034,0.034,0.1,0.034,0.03,0.034
"Fish, seafood, amphibians, reptiles and invertebrates","Shrimps, common, PROCESS Baking",,0.07,0.037,0.038,0.038,,0.037
"Fish, seafood, amphibians, reptiles and invertebrates","Shrimps, common, PROCESS Cooking in water",0.03,0.07,0.03,0.038,0.33,0.03,0.01
"Fish, seafood, amphibians, reptiles and invertebrates","Shrimps, common, PROCESS Frying",0.04,0.038,0.037,0.038,0.038,0.04,0.037
"Fish, seafood, amphibians, reptiles and invertebrates","Shrimps, common, PROCESS Steaming",0.03,0.07,0.032,0.038,0.33,0.03,0.01
"Fish, seafood, amphibians, reptiles and invertebrates",Smelt,0.12,0.12,0.12,0.12,0.12,0.12,0.12
"Fish, seafood, amphibians, reptiles and invertebrates","Smelt, PROCESS Baking",0.133,0.133,0.133,0.133,0.133,0.133,0.133
"Fish, seafood, amphibians, reptiles and invertebrates","Smelt, PROCESS Cooking in water",0.133,0.133,0.133,0.133,0.133,0.133,0.133
"Fish, seafood, amphibians, reptiles and invertebrates","Smelt, PROCESS Frying",0.133,0.133,0.133,0.133,0.133,0.133,0.133
"Fish, seafood, amphibians, reptiles and invertebrates","Smelt, PROCESS Steaming",0.133,0.133,0.133,0.133,0.133,0.133,0.133
"Fish, seafood, amphibians, reptiles and invertebrates",Smoked herring,0.27,0.22,0.17,0.28,0.17,0.27,0.28
"Fish, seafood, amphibians, reptiles and invertebrates",Smoked salmon,,0.1,0.233,0.17,0.17,0.17,0.17
"Fish, seafood, amphibians, reptiles and invertebrates",Snails,0.18,0.11,0.18,0.11,0.18,,0.18
"Fish, seafood, amphibians, reptiles and invertebrates",Sole,0.076,0.1,0.1,0.05,0.08,0.076,0.1
"Fish, seafood, amphibians, reptiles and invertebrates","Sole, PROCESS Baking",0.109,0.2,0.109,0.2,0.2,0.109,0.109
"Fish, seafood, amphibians, reptiles and invertebrates","Sole, PROCESS Cooking in water",0.108,0.108,0.108,0.108,0.12,0.108,0.12
"Fish, seafood, amphibians, reptiles and invertebrates","Sole, PROCESS Frying",0.109,0.109,0.109,0.109,0.109,0.109,0.109
"Fish, seafood, amphibians, reptiles and invertebrates","Sole, PROCESS Steaming",0.108,0.2,0.108,0.2,0.12,0.108,0.12
"Fish, seafood, amphibians, reptiles and invertebrates",Spiny and rock lobsters,0.08,0.08,0.08,0.08,0.08,0.08,0.08
"Fish, seafood, amphibians, reptiles and invertebrates","Spiny and rock lobsters, PROCESS Baking",0.095,0.095,0.095,0.095,0.095,0.095,0.095
"Fish, seafood, amphibians, reptiles and invertebrates","Spiny and rock lobsters, PROCESS Cooking in water",0.083,0.06,0.083,0.06,0.06,0.083,0.083
"Fish, seafood, amphibians, reptiles and invertebrates","Spiny and rock lobsters, PROCESS Frying",0.087,0.087,0.087,0.087,0.087,0.087,0.087
"Fish, seafood, amphibians, reptiles and invertebrates","Spiny and rock lobsters, PROCESS Steaming",0.083,0.083,0.083,0.083,0.083,0.083,0.083
"Fish, seafood, amphibians, reptiles and invertebrates",Sprat,0.26,0.25,0.25,0.25,0.26,0.26,0.2
"Fish, seafood, amphibians, reptiles and invertebrates","Sprat, PROCESS Baking",0.233,0.233,0.233,0.233,0.233,0.233,0.233
"Fish, seafood, amphibians, reptiles and invertebrates","Sprat, PROCESS Cooking in water",0.192,0.192,0.192,0.192,0.192,0.192,0.192
"Fish, seafood, amphibians, reptiles and invertebrates","Sprat, PROCESS Frying",0.233,0.233,0.233,0.233,0.2,0.233,0.2
"Fish, seafood, amphibians, reptiles and invertebrates","Sprat, PROCESS Steaming",0.192,0.192,0.192,0.192,0.192,0.192,0.192
"Fish, seafood, amphibians, reptiles and invertebrates",Squids,0.12,0.12,0.12,0.16,0.05,0.12,0.12
"Fish, seafood, amphibians, reptiles and invertebrates","Squids, cuttlefishes, octopuses",0.12,0.48,0.12,0.48,0.05,0.12,0.12
"Fish, seafood, amphibians, reptiles and invertebrates","Squids, cuttlefishes, octopuses, PROCESS Frying",0.13,0.13,0.13,0.13,0.13,0.13,0.13
"Fish, seafood, amphibians, reptiles and invertebrates","Squids, PROCESS Frying",0.06,0.06,0.06,0.06,0.06,0.06,0.06
"Fish, seafood, amphibians, reptiles and invertebrates",Stockfish,0.09,0.11,0.11,,0.09,0.09,0.09
"Fish, seafood, amphibians, reptiles and invertebrates","Stockfish, PROCESS Baking",0.049,0.049,0.049,0.049,0.049,0.049,0.049
"Fish, seafood, amphibians, reptiles and invertebrates","Stockfish, PROCESS Cooking in water",0.01,0.049,0.049,0.049,0.049,0.01,0.049
"Fish, seafood, amphibians, reptiles and invertebrates","Stockfish, PROCESS Steaming",0.01,0.049,0.049,0.049,0.049,0.01,0.049
"Fish, seafood, amphibians, reptiles and invertebrates",Sturgeon roe,,,,0.62,1,0.28,0.3
"Fish, seafood, amphibians, reptiles and invertebrates",Tilapia,,0.09,0.09,0.09,0.09,,0.09
"Fish, seafood, amphibians, reptiles and invertebrates",Trouts,0.21,0.076,0.076,0.06,0.14,0.21,0.11
"Fish, seafood, amphibians, reptiles and invertebrates","Trouts, PROCESS Baking",0.076,0.08,0.076,0.08,0.12,0.076,0.12
"Fish, seafood, amphibians, reptiles and invertebrates","Trouts, PROCESS Cooking in water",,0.067,0.067,0.067,0.1,,0.12
"Fish, seafood, amphibians, reptiles and invertebrates","Trouts, PROCESS Frying",0.084,0.084,0.084,0.084,0.1,0.084,0.1
"Fish, seafood, amphibians, reptiles and invertebrates","Trouts, PROCESS Steaming",,0.09,0.067,0.09,0.1,,0.12
"Fish, seafood, amphibians, reptiles and invertebrates",Tuna and bonito (generic),0.13,0.158,0.16,0.12,0.12,0.13,0.13
"Fish, seafood, amphibians, reptiles and invertebrates","Tuna and bonito (generic), PROCESS Baking",0.169,0.163,0.169,0.163,0.163,0.169,0.169
"Fish, seafood, amphibians, reptiles and invertebrates","Tuna and bonito (generic), PROCESS Cooking in water",0.14,0.14,0.14,0.14,0.14,0.14,0.14
"Fish, seafood, amphibians, reptiles and invertebrates","Tuna and bonito (generic), PROCESS Frying",0.12,0.169,0.169,0.169,0.169,0.12,0.169
"Fish, seafood, amphibians, reptiles and invertebrates","Tuna and bonito (generic), PROCESS Steaming",0.168,0.168,0.168,0.168,0.168,0.168,0.168
"Fish, seafood, amphibians, reptiles and invertebrates","Water snails, conches and whelks, PROCESS Cooking in water",0.17,0.19,0.17,0.19,0.17,0.17,0.17
"Fish, seafood, amphibians, reptiles and invertebrates",Whitefishes or coregonus,0.07,0.11,0.11,0.07,0.07,0.07,0.11
"Fish, seafood, amphibians, reptiles and invertebrates","Whitefishes or coregonus, PROCESS Baking",0.121,0.121,0.121,0.121,0.121,0.121,0.121
"Fish, seafood, amphibians, reptiles and invertebrates","Whitefishes or coregonus, PROCESS Cooking in water",0.121,0.121,0.121,0.121,0.121,0.121,0.121
"Fish, seafood, amphibians, reptiles and invertebrates","Whitefishes or coregonus, PROCESS Frying",0.121,0.121,0.121,0.121,0.121,0.121,0.121
"Fish, seafood, amphibians, reptiles and invertebrates","Whitefishes or coregonus, PROCESS Steaming",0.121,0.121,0.121,0.121,0.121,0.121,0.121
"Fish, seafood, amphibians, reptiles and invertebrates",Wolffish,0.045,0.06,0.06,0.06,0.045,0.045,0.06
"Fish, seafood, amphibians, reptiles and invertebrates","Wolffish, PROCESS Baking",0.065,0.065,0.065,0.065,0.065,0.065,0.065
"Fish, seafood, amphibians, reptiles and invertebrates","Wolffish, PROCESS Cooking in water",0.065,0.065,0.065,0.065,0.065,0.065,0.065
"Fish, seafood, amphibians, reptiles and invertebrates","Wolffish, PROCESS Frying",0.065,0.065,0.065,0.065,0.065,0.065,0.065
"Fish, seafood, amphibians, reptiles and invertebrates","Wolffish, PROCESS Steaming",0.053,0.053,0.053,0.053,0.053,0.053,0.053
"Fish, seafood, amphibians, reptiles and invertebrates",Wolffishes,0.045,0.093,0.06,0.093,0.045,0.045,0.06
"Fish, seafood, amphibians, reptiles and invertebrates","Wolffishes, PROCESS Baking",0.065,0.065,0.065,0.065,0.065,0.065,0.065
"Fish, seafood, amphibians, reptiles and invertebrates","Wolffishes, PROCESS Cooking in water",0.065,0.065,0.065,0.065,0.065,0.065,0.065
"Fish, seafood, amphibians, reptiles and invertebrates","Wolffishes, PROCESS Frying",0.065,0.065,0.065,0.065,0.065,0.065,0.065
"Fish, seafood, amphibians, reptiles and invertebrates","Wolffishes, PROCESS Steaming",0.053,0.053,0.053,0.053,0.053,0.053,0.053
Food products for young population,"Biscuits, rusks and cookies for children",0.05,,,,0.05,,
Food products for young population,Cereals with an added high protein food which have to be reconstituted with water or other protein-free liquid,0.3,0.3,0.3,0.3,0.3,0.3,0.3
Food products for young population,"Follow-on formulae, liquid",0.16,0.16,0.16,0.16,0.16,0.16,0.16
Food products for young population,"Follow-on formulae, powder",0.8,0.8,0.8,0.8,0.8,0.8,0.8
Food products for young population,"Infant formulae, liquid",0.15,0.16,0.16,0.16,0.16,0.15,0.16
Food products for young population,"Infant formulae, powder",0.8,0.8,0.545,0.8,0.545,0.8,0.8
Food products for young population,"Pasta for children (dry, to be cooked)",0.073,0.073,0.073,0.073,0.073,0.073,0.073
Food products for young population,Ready-to-eat cereal-based meal for children,,0.3,0.02,0.3,0.02,,0.02
Food products for young population,Ready-to-eat dairy-based meal for children,,0.03,0.03,0.03,0.03,,0.03
Food products for young population,Ready-to-eat fish-based meal for children,0.02,0.086,0.04,0.086,0.04,0.02,0.04
Food products for young population,Ready-to-eat fruit-based meal for children,0.04,0.01,0.01,0.01,0.01,0.04,0.01
Food products for young population,Ready-to-eat meat-based meal for children,0.03,0.086,0.03,0.086,0.03,0.03,0.03
Food products for young population,Ready-to-eat mixed meal for children,0.086,0.086,0.086,0.086,0.086,0.086,0.086
Food products for young population,Ready-to-eat vegetable-based meal for children,0.03,0.02,0.02,0.02,0.02,0.03,0.02
Food products for young population,Simple cereals which have to be reconstituted with milk or other appropriate nutritious liquids,0.38,0.06,0.38,0.06,0.06,0.38,0.06
Fruit and fruit products,American persimmons,0.18,0.045,0.03,0.045,0.18,0.18,0.03
Fruit and fruit products,Apples and similar-,0.01,0.022,0.009,0.022,0.01,0.02,0.02
Fruit and fruit products,"Apples and similar-, PROCESS Baking",,0.009,0.009,0.009,0.024,0.024,0.02
Fruit and fruit products,"Apples and similar-, PROCESS Cooking in water",0.008,0.008,0.008,0.008,0.01,0.008,0.01
Fruit and fruit products,"Apples and similar-, PROCESS Steaming",0.008,0.008,0.008,0.008,0.01,0.008,0.01
Fruit and fruit products,Apricots,0.05,0.04,0.053,0.03,0.05,0.04,0.05
Fruit and fruit products,Arbutus berries,0.06,0.06,0.06,0.06,0.06,0.06,0.06
Fruit and fruit products,Avocados,0.16,0.137,0.1,0.12,0.18,0.12,0.17
Fruit and fruit products,Bilberries (European blueberries),0.07,0.02,0.02,0.02,0.02,0.07,0.03
Fruit and fruit products,Blackberries,0.04,0.042,0.04,0.05,0.04,0.04,0.05
Fruit and fruit products,Blackcurrants,0.07,0.04,0.044,0.06,0.04,0.07,0.06
Fruit and fruit products,Blueberries,0.03,0.041,0.02,0.05,0.03,0.03,0.03
Fruit and fruit products,"Candied fruit, cherry",0.03,0.03,0.03,,0.03,0.03,0.03
Fruit and fruit products,"Candied fruit, mixed fruit",0.04,0.04,0.04,0.04,0.04,0.04,0.04
Fruit and fruit products,"Candied fruit, orange peel",0.08,0.03,0.03,0.05,0.08,0.08,0.03
Fruit and fruit products,Canned fruit cocktail,0.06,0.01,0.01,0.01,,0.02,
Fruit and fruit products,"Canned fruit cocktail, MEDIUM In diluted sweet liquid-syrup",0.06,0.02,0.009,0.01,,0.06,0.01
Fruit and fruit products,"Canned fruit cocktail, MEDIUM In fruit/vegetable juice",0.02,0.009,0.009,0.009,0.01,0.009,0.01
Fruit and fruit products,Canned or jarred apple,0.017,0.004,0.004,0.004,0.017,0.017,0.004
Fruit and fruit products,"Canned or jarred apple, MEDIUM In diluted sweet liquid-syrup",0.025,0.004,0.004,0.004,0.025,0.025,0.004
Fruit and fruit products,"Canned or jarred apple, MEDIUM In fruit/vegetable juice",0.004,0.004,0.004,0.004,0.004,0.004,0.004
Fruit and fruit products,Canned or jarred apricot,0.02,0.02,0.02,0.01,0.01,0.02,0.01
Fruit and fruit products,"Canned or jarred apricot, MEDIUM In diluted sweet liquid-syrup",0.02,0.02,0.022,0.01,0.01,0.02,0.01
Fruit and fruit products,"Canned or jarred apricot, MEDIUM In fruit/vegetable juice",0.02,0.022,0.022,0.022,0.02,0.02,0.01
Fruit and fruit products,Canned or jarred cranberry,0.021,0.021,0.021,0.021,0.021,0.021,0.021
Fruit and fruit products,"Canned or jarred cranberry, MEDIUM In diluted sweet liquid-syrup",0.01,0.02,0.02,0.02,0.01,0.01,0.02
Fruit and fruit products,"Canned or jarred cranberry, MEDIUM In fruit/vegetable juice",0.02,0.02,0.02,0.02,0.02,0.02,0.02
Fruit and fruit products,Canned or jarred mandarin,0.04,0.014,0.014,0.014,0.01,0.04,0.01
Fruit and fruit products,"Canned or jarred mandarin, MEDIUM In diluted sweet liquid-syrup",0.013,0.013,0.013,0.013,0.01,0.013,0.01
Fruit and fruit products,"Canned or jarred mandarin, MEDIUM In fruit/vegetable juice",0.013,0.013,0.013,0.013,0.01,0.013,0.01
Fruit and fruit products,Canned or jarred mixed fruit,0.01,0.01,0.01,0.01,,0.01,
Fruit and fruit products,"Canned or jarred mixed fruit, MEDIUM In diluted sweet liquid-syrup",0.02,0.02,0.009,0.01,,0.009,0.01
Fruit and fruit products,"Canned or jarred mixed fruit, MEDIUM In fruit/vegetable juice",0.02,0.009,0.009,0.009,0.03,0.009,0.01
Fruit and fruit products,Canned or jarred peach,0.02,0.022,0.022,0.02,0.01,0.02,0.01
Fruit and fruit products,"Canned or jarred peach, MEDIUM In diluted sweet liquid-syrup",0.02,0.02,0.022,0.01,0.01,0.02,0.01
Fruit and fruit products,"Canned or jarred peach, MEDIUM In fruit/vegetable juice",0.022,0.022,0.022,0.022,0.01,0.022,0.01
Fruit and fruit products,Canned or jarred pear,0.02,0.02,0.02,0.02,,0.02,
Fruit and fruit products,"Canned or jarred pear, MEDIUM In diluted sweet liquid-syrup",0.02,0.02,0.02,0.02,,0.02,0.01
Fruit and fruit products,"Canned or jarred pear, MEDIUM In fruit/vegetable juice",0.02,0.02,0.02,0.02,0.01,0.02,0.01
Fruit and fruit products,Canned or jarred pineapple,0.02,0.02,0.02,0.02,,0.02,
Fruit and fruit products,"Canned or jarred pineapple, MEDIUM In diluted sweet liquid-syrup",0.02,0.016,0.013,0.01,,0.02,0.01
Fruit and fruit products,"Canned or jarred pineapple, MEDIUM In fruit/vegetable juice",0.01,0.013,0.013,0.013,0.01,0.01,0.01
Fruit and fruit products,Canned or jarred plum,0.028,0.028,0.028,0.028,0.01,0.028,0.01
Fruit and fruit products,"Canned or jarred plum, MEDIUM In diluted sweet liquid-syrup",0.027,0.027,0.027,0.027,0.01,0.027,0.01
Fruit and fruit products,"Canned or jarred plum, MEDIUM In fruit/vegetable juice",0.027,0.027,0.027,0.027,0.027,0.027,0.027
Fruit and fruit products,Canned or jarred sour cherry,0.026,0.026,0.026,0.026,0.026,0.026,0.026
Fruit and fruit products,"Canned or jarred sour cherry, MEDIUM In diluted sweet liquid-syrup",0.025,0.025,0.025,0.025,0.025,0.025,0.025
Fruit and fruit products,"Canned or jarred sour cherry, MEDIUM In fruit/vegetable juice",0.025,0.025,0.025,0.025,0.025,0.025,0.025
Fruit and fruit products,Canned or jarred sweet cherry,0.019,0.019,0.019,0.019,0.01,0.019,0.01
Fruit and fruit products,"Canned or jarred sweet cherry, MEDIUM In diluted sweet liquid-syrup",0.018,0.02,0.018,0.02,0.01,0.018,0.01
Fruit and fruit products,"Canned or jarred sweet cherry, MEDIUM In fruit/vegetable juice",0.018,0.018,0.018,0.018,0.018,0.018,0.018
Fruit and fruit products,Carambolas,0.02,0.022,0.03,0.022,0.03,0.02,0.03
Fruit and fruit products,Cherimoyas,0.11,0.11,0.11,0.11,0.04,0.11,0.11
Fruit and fruit products,Cherries (sweet),0.07,0.03,0.042,0.03,0.02,0.07,0.03
Fruit and fruit products,Chocolate coated dried fruit,0.138,0.138,0.138,0.138,0.138,0.138,0.138
Fruit and fruit products,Chokecherries,0.09,0.09,0.09,0.09,0.09,0.09,0.09
Fruit and fruit products,Citrons,0.02,0.02,,0.02,0.02,0.02,0.02
Fruit and fruit products,Citrus fruit peel,0.08,0.08,0.08,,0.08,0.08,0.08
Fruit and fruit products,Cloudberries,0.07,0.02,0.02,0.02,0.05,0.07,0.02
Fruit and fruit products,Common banana,0.06,0.07,0.057,0.06,0.03,0.1,0.06
Fruit and fruit products,"Common banana, PROCESS Baking",0.05,0.059,0.059,0.059,0.057,,0.059
Fruit and fruit products,"Common banana, PROCESS Cooking in water",0.052,0.052,0.052,0.052,0.052,0.052,0.052
Fruit and fruit products,"Common banana, PROCESS Steaming",0.054,0.054,0.054,0.054,0.054,0.054,0.054
Fruit and fruit products,Cranberries,0.07,0.02,0.02,0.02,0.01,0.07,0.02
Fruit and fruit products,Dates,0.05,0.07,0.07,0.07,0.07,0.05,0.07
Fruit and fruit products,Dewberries and similar-,0.034,0.05,0.034,0.05,0.04,0.034,0.05
Fruit and fruit products,Dried apples,0.16,0.1,0.1,0.06,0.1,0.16,0.1
Fruit and fruit products,Dried apricots,0.1,0.16,0.11,0.16,0.16,0.15,0.2
Fruit and fruit products,Dried bananas,0.05,0.148,0.148,0.148,0.148,,0.07
Fruit and fruit products,Dried dates,0.09,0.1,0.073,0.15,0.1,0.1,0.09
Fruit and fruit products,Dried figs,,0.09,0.085,0.1,0.08,0.09,0.1
Fruit and fruit products,Dried pears,0.14,0.111,0.111,0.111,0.04,0.14,0.04
Fruit and fruit products,Dried prunes,0.34,0.16,0.12,0.02,0.06,0.16,0.18
Fruit and fruit products,"Dried prunes, PROCESS Baking",0.1,0.117,0.117,0.117,0.1,0.1,0.117
Fruit and fruit products,"Dried prunes, PROCESS Cooking in water",0.041,0.041,0.041,0.041,0.08,0.041,0.08
Fruit and fruit products,"Dried prunes, PROCESS Steaming",0.042,0.042,0.042,0.042,0.08,0.042,0.08
Fruit and fruit products,Dried vine fruits (raisins etc.),0.12,0.13,0.055,0.08,0.03,0.09,0.05
Fruit and fruit products,Elderberries,0.078,0.078,0.078,0.078,0.07,0.078,0.07
Fruit and fruit products,Figs,0.1,0.04,0.05,0.04,0.05,0.05,0.03
Fruit and fruit products,Fruit chips,0.098,0.1,0.1,0.1,0.098,0.098,0.07
Fruit and fruit products,"Fruit compote, apple",0.01,0.028,0.006,0.028,0.02,0.01,0.01
Fruit and fruit products,"Fruit compote, apricot",,0.027,0.027,0.027,0.03,,0.03
Fruit and fruit products,"Fruit compote, mixed fruit",0.01,0.01,0.01,0.04,0.01,0.01,0.01
Fruit and fruit products,"Fruit compote, peach",0.025,0.025,0.025,0.025,0.025,0.025,0.025
Fruit and fruit products,"Fruit compote, pear",0.02,0.02,0.02,0.02,0.02,0.02,0.02
Fruit and fruit products,"Fruit compote, pineapple",0.02,0.02,0.02,0.02,0.02,0.02,0.02
Fruit and fruit products,"Fruit compote, plum",0.029,0.029,0.029,0.029,0.029,0.029,0.029
Fruit and fruit products,"Fruit compote, sour cherry",0.038,0.038,0.038,0.038,0.038,0.038,0.038
Fruit and fruit products,"Fruit compote, sweet cherry",0.027,0.027,0.027,0.027,0.02,0.027,0.02
Fruit and fruit products,Fruit or fruit-vegetable puree,0.02,0.02,0.02,0.02,0.02,0.02,0.02
Fruit and fruit products,Fruit preparations for fillings and/or flavouring,0.012,0.012,0.012,0.012,0.02,0.012,0.01
Fruit and fruit products,Fruit salad,0.03,0.034,0.035,0.034,0.03,,0.03
Fruit and fruit products,Gooseberries and similar-,0.07,0.028,0.018,0.028,0.01,0.03,0.03
Fruit and fruit products,Granate apples,,0.03,0.02,0.09,0.02,0.03,0.04
Fruit and fruit products,Grapefruits,0.04,0.028,0.024,0.03,0.02,0.02,0.02
Fruit and fruit products,Guavas and similar-,,0.03,0.04,0.04,0.04,0.05,0.04
Fruit and fruit products,"Jam, apricots",0.012,0.022,0.012,0.02,0.01,0.012,0.01
Fruit and fruit products,"Jam, apricots, SWEET Fructose",0.005,0.005,0.005,0.005,0.005,0.005,0.005
Fruit and fruit products,"Jam, blackberries",0.015,0.015,0.015,0.015,0.01,0.015,0.01
Fruit and fruit products,"Jam, blackberries, SWEET Fructose",0.005,0.005,0.005,0.005,0.005,0.005,0.005
Fruit and fruit products,"Jam, blueberries",0.01,0.002,0.002,0.002,0.01,0.002,0.01
Fruit and fruit products,"Jam, blueberries, SWEET Fructose",0.005,0.005,0.005,0.005,0.005,0.005,0.005
Fruit and fruit products,"Jam, cranberries",0.01,0.003,0.003,0.003,0.01,0.003,0.01
Fruit and fruit products,"Jam, cranberries, SWEET Fructose",0.005,0.005,0.005,0.005,0.005,0.005,0.005
Fruit and fruit products,"Jam, currants (black)",0.01,0.005,0.005,0.005,0.01,0.005,0.01
Fruit and fruit products,"Jam, currants (black), SWEET Fructose",0.005,0.005,0.005,0.005,0.005,0.005,0.005
Fruit and fruit products,"Jam, currants (red)",0.01,0.008,0.008,0.008,0.01,0.008,0.01
Fruit and fruit products,"Jam, currants (red), SWEET Fructose",0.005,0.005,0.005,0.005,0.005,0.005,0.005
Fruit and fruit products,"Jam, gooseberries",0.002,0.002,0.002,0.002,0.01,0.002,0.01
Fruit and fruit products,"Jam, gooseberries, SWEET Fructose",0.005,0.005,0.005,0.005,0.005,0.005,0.005
Fruit and fruit products,"Jam, lingonberry",,0.003,0.003,0.003,0.01,0.02,0.01
Fruit and fruit products,"Jam, lingonberry, SWEET Fructose",0.005,0.005,0.005,0.005,0.005,0.005,0.005
Fruit and fruit products,"Jam, mixed fruit",0.03,0.02,0.005,0.02,0.01,0.03,0.01
Fruit and fruit products,"Jam, mixed fruit, SWEET Fructose",0.03,0.005,0.005,0.005,0.03,0.03,0.005
Fruit and fruit products,"Jam, oranges",0.005,0.025,0.005,,0.01,0.005,0.01
Fruit and fruit products,"Jam, oranges, SWEET Fructose",,0.004,0.004,0.004,,,0.004
Fruit and fruit products,"Jam, peaches",0.006,0.006,0.006,0.006,0.01,0.006,0.01
Fruit and fruit products,"Jam, peaches, SWEET Fructose",0.005,0.005,0.005,0.005,0.005,0.005,0.005
Fruit and fruit products,"Jam, plums",0.005,0.005,0.005,0.02,0.01,0.005,0.01
Fruit and fruit products,"Jam, plums, SWEET Fructose",0.005,0.005,0.005,0.005,0.005,0.005,0.005
Fruit and fruit products,"Jam, raspberries",0.01,0.015,0.015,0.015,0.01,0.015,0.01
Fruit and fruit products,"Jam, raspberries, SWEET Fructose",0.005,0.005,0.005,0.005,0.005,0.005,0.005
Fruit and fruit products,"Jam, rose hips",0.008,0.008,0.008,0.008,0.02,0.008,0.02
Fruit and fruit products,"Jam, rose hips, SWEET Fructose",0.005,0.005,0.005,0.005,0.005,0.005,0.005
Fruit and fruit products,"Jam, sour cherry",0.014,0.014,0.014,0.014,0.01,0.014,0.01
Fruit and fruit products,"Jam, sour cherry, SWEET Fructose",0.005,0.005,0.005,0.005,0.005,0.005,0.005
Fruit and fruit products,"Jam, strawberries",0.03,0.04,0.015,0.04,0.01,0.02,0.01
Fruit and fruit products,"Jam, strawberries, SWEET Fructose",0.035,0.005,0.005,0.005,0.035,0.035,0.005
Fruit and fruit products,"Jam, sweet cherry",0.014,0.03,0.014,0.03,0.01,0.014,0.01
Fruit and fruit products,"Jam, sweet cherry, SWEET Fructose",0.005,0.005,0.005,0.005,0.005,0.005,0.005
Fruit and fruit products,Kaki and similar-,,0.02,0.03,0.03,0.02,,0.03
Fruit and fruit products,"Kiwi fruits (green, red, yellow)",0.05,0.035,0.05,0.05,0.02,0.05,0.03
Fruit and fruit products,Lemons,0.02,0.023,0.02,0.01,0.02,0.02,0.02
Fruit and fruit products,Limes,0.02,0.015,0.02,0.03,0.02,0.02,0.02
Fruit and fruit products,Lingonberries,0.07,0.024,0.024,0.024,0.01,0.04,0.01
Fruit and fruit products,Litchis,0.13,0.065,0.05,0.07,0.04,0.13,0.06
Fruit and fruit products,Loganberries,0.03,0.03,0.03,0.03,0.04,0.03,0.05
Fruit and fruit products,Loquats,0.03,0.037,0.03,0.05,0.03,0.03,0.03
Fruit and fruit products,Mandarins,0.04,0.04,0.03,0.07,0.03,0.04,0.03
Fruit and fruit products,Mandarins and similar-,0.04,0.04,0.03,0.07,0.03,0.02,0.03
Fruit and fruit products,Mangoes,0.06,0.054,0.05,0.04,0.04,0.06,0.05
Fruit and fruit products,"Marmalade, oranges",0.01,0.025,0.007,,0.01,0.01,0.01
Fruit and fruit products,"Marmalade, oranges, SWEET Fructose",0.044,0.004,0.004,0.004,0.044,0.044,0.004
Fruit and fruit products,Medlars,0.015,0.02,0.02,0.02,0.015,0.015,0.02
Fruit and fruit products,Mixed dried fruits,0.099,0.105,0.099,0.18,0.09,0.099,0.05
Fruit and fruit products,Mulberries (black and white),0.04,0.101,0.04,0.04,0.05,0.04,0.05
Fruit and fruit products,Oranges and similar-,0.04,0.04,0.042,0.05,0.03,0.04,0.04
Fruit and fruit products,Papayas,0.03,0.032,0.039,0.03,0.04,0.03,0.04
Fruit and fruit products,Passionfruits,0.13,0.13,0.1,0.14,0.12,0.13,0.12
Fruit and fruit products,Peaches and similar-,0.06,0.046,0.051,0.046,0.02,0.04,0.04
Fruit and fruit products,Pears and similar-,0.03,0.028,0.038,0.03,0.01,0.03,0.03
Fruit and fruit products,"Pears and similar-, PROCESS Baking",0.03,0.036,0.036,0.036,0.03,0.03,0.036
Fruit and fruit products,"Pears and similar-, PROCESS Cooking in water",0.034,0.02,0.034,0.02,0.02,0.034,0.02
Fruit and fruit products,Pineapples,0.02,0.027,0.03,0.01,0.02,0.04,0.03
Fruit and fruit products,"Pineapples, PROCESS Baking",0.09,0.031,0.031,0.031,0.09,0.09,0.031
Fruit and fruit products,"Pineapples, PROCESS Cooking in water",0.027,0.027,0.027,0.027,0.027,0.027,0.027
Fruit and fruit products,"Pineapples, PROCESS Steaming",0.028,0.028,0.028,0.028,0.028,0.028,0.028
Fruit and fruit products,Plums and similar-,0.12,0.043,0.043,0.05,0.03,0.12,0.03
Fruit and fruit products,Pomelos,0.03,0.03,0.03,0.03,0.03,0.03,0.03
Fruit and fruit products,Prickly pears,0.06,0.045,0.03,0.04,0.04,0.06,0.04
Fruit and fruit products,Quinces,0.01,0.03,0.03,0.03,0.01,0.01,0.02
Fruit and fruit products,Raspberries (red and yellow),0.07,0.196,0.05,0.02,0.06,0.05,0.05
Fruit and fruit products,Raspberries and similar-,0.07,0.196,0.05,0.02,0.06,0.07,0.05
Fruit and fruit products,Redcurrants,0.07,0.03,0.03,0.06,0.02,0.07,0.06
Fruit and fruit products,Rose hips and similar-,0.07,0.067,0.067,0.067,0.067,0.07,0.067
Fruit and fruit products,Sea buckthorns,0.07,0.21,0.21,0.21,0.04,0.07,0.21
Fruit and fruit products,Sour cherries,0.06,0.06,0.06,0.05,0.02,0.02,0.02
Fruit and fruit products,Strawberries and similar-,0.07,0.022,0.054,0.04,0.03,0.07,0.03
Fruit and fruit products,Table grapes,0.06,0.025,0.025,0.03,0.01,0.06,0.01
Fruit and fruit products,Tamarillos,0.025,0.045,0.04,0.045,0.025,0.025,0.04
Fruit and fruit products,Tangelos (except minneolas),0.011,0.011,0.011,0.011,0.011,0.011,0.011
Fruit and fruit products,Wine grapes,0.04,0.025,0.025,0.025,0.018,0.04,0.025
Fruit and vegetable juices and nectars,Dehydrated/powdered vegetable juice,0.453,0.453,0.453,0.453,0.453,0.453,0.453
Fruit and vegetable juices and nectars,Fruit smoothies,0.118,0.118,0.118,0.118,0.02,0.118,0.02
Fruit and vegetable juices and nectars,"Juice concentrate, orange",0.028,0.01,0.028,0.01,0.028,0.028,0.01
Fruit and vegetable juices and nectars,"Juice, apple",0.03,0.019,0.025,0.01,0.01,0.2,0.01
Fruit and vegetable juices and nectars,"Juice, apple-carrot",,0.006,0.006,0.006,0.055,,0.006
Fruit and vegetable juices and nectars,"Juice, apple-cherry",0.01,0.01,0.01,0.01,0.01,0.01,0.01
Fruit and vegetable juices and nectars,"Juice, apple-cherry, FORT Combination of vitamin and mineral only supplements",0.01,0.01,0.01,0.01,0.01,0.01,0.01
Fruit and vegetable juices and nectars,"Juice, apple, FORT Vitamin only supplements",0.007,0.007,0.007,0.007,0.01,0.007,0.01
Fruit and vegetable juices and nectars,"Juice, apricot",0.043,0.043,0.043,0.01,0.043,0.043,0.043
Fruit and vegetable juices and nectars,"Juice, apricot-orange",0.022,0.022,0.022,0.022,0.01,0.022,0.01
Fruit and vegetable juices and nectars,"Juice, apricot-orange, FORT Combination of vitamin and mineral only supplements",0.02,0.02,0.02,0.02,0.01,0.02,0.01
Fruit and vegetable juices and nectars,"Juice, beetroot",0.031,0.031,0.031,0.01,0.06,0.031,0.06
Fruit and vegetable juices and nectars,"Juice, black currant",0.02,0.036,0.036,0.036,,0.02,
Fruit and vegetable juices and nectars,"Juice, blackberry",0.033,0.033,0.033,0.033,,0.033,
Fruit and vegetable juices and nectars,"Juice, carrot",0.06,0.062,0.01,0.062,0.06,0.06,0.07
Fruit and vegetable juices and nectars,"Juice, celery",0.051,0.051,0.051,0.051,0.051,0.051,0.051
Fruit and vegetable juices and nectars,"Juice, cranberry",0.07,0.017,0.017,0.017,,0.07,
Fruit and vegetable juices and nectars,"Juice, elderberry",0.06,0.06,0.06,0.06,0.06,0.06,0.06
Fruit and vegetable juices and nectars,"Juice, grape",0.04,0.028,0.016,0.06,0.05,0.04,0.01
Fruit and vegetable juices and nectars,"Juice, grapefruit",0.02,0.017,0.018,0.02,0.01,0.02,0.01
Fruit and vegetable juices and nectars,"Juice, lemon",0.01,0.01,0.016,0.02,0.01,0.01,0.01
Fruit and vegetable juices and nectars,"Juice, lime",0.01,0.003,0.014,0.003,0.01,0.01,0.01
Fruit and vegetable juices and nectars,"Juice, mango",0.041,0.01,0.041,0.01,0.01,0.041,0.01
Fruit and vegetable juices and nectars,"Juice, mixed fruit",0.02,0.11,0.009,0.03,0.01,0.02,0.01
Fruit and vegetable juices and nectars,"Juice, multi-vegetable",0.06,0.041,0.057,0.041,0.03,,0.03
Fruit and vegetable juices and nectars,"Juice, orange",0.02,0.023,0.01,0.03,0.02,0.03,0.02
Fruit and vegetable juices and nectars,"Juice, orange-grapefruit",0.01,0.01,0.01,0.03,0.01,0.01,0.01
Fruit and vegetable juices and nectars,"Juice, orange-grapefruit, FORT Combination of vitamin and mineral only supplements",0.01,0.01,0.01,0.03,0.01,0.01,0.01
Fruit and vegetable juices and nectars,"Juice, orange-peach",0.01,0,0.01,0.01,0.01,0.01,0.01
Fruit and vegetable juices and nectars,"Juice, orange-peach, FORT Combination of vitamin and mineral only supplements",0.01,0,0.01,0.01,0.01,0.01,0.01
Fruit and vegetable juices and nectars,"Juice, orange, FORT Vitamin only supplements",,0.01,0.01,0.01,,,0.02
Fruit and vegetable juices and nectars,"Juice, peach",0.041,0.041,0.041,0.01,0.041,0.041,0.041
Fruit and vegetable juices and nectars,"Juice, pear",0.03,0.032,0.032,0.01,,0.03,
Fruit and vegetable juices and nectars,"Juice, pineapple",0.02,0.021,0.02,0.02,0.02,0.02,0.01
Fruit and vegetable juices and nectars,"Juice, pomegranate",0.03,0.03,0.03,0.03,0.03,0.03,0.03
Fruit and vegetable juices and nectars,"Juice, red currant",0.025,0.025,0.025,0.025,,0.025,
Fruit and vegetable juices and nectars,"Juice, strawberry-cherry",0.01,0.01,0.01,0.01,0.01,0.01,0.01
Fruit and vegetable juices and nectars,"Juice, strawberry-cherry, FORT Combination of vitamin and mineral only supplements",0.01,0.01,0.01,0.01,0.01,0.01,0.01
Fruit and vegetable juices and nectars,"Juice, tomato",0.04,0.03,0.026,0.02,0.02,0.03,0.02
Fruit and vegetable juices and nectars,"Juice, tomato-leafy vegetables",0.031,0.041,0.057,0.041,0.03,0.031,0.03
Fruit and vegetable juices and nectars,Mixed fruit nectars,0.005,0.015,0.005,0.03,0.02,0.005,0.02
Fruit and vegetable juices and nectars,Mixed vegetable juice,0.048,0.057,0.057,0.057,0.03,0.048,0.03
Fruit and vegetable juices and nectars,Multivitamin juices,0.29,0.02,,,0.21,0.29,
Fruit and vegetable juices and nectars,"Multivitamin juices, FORT Combination of vitamin and mineral only supplements",0.29,0.02,0.011,0.011,0.21,0.011,0.011
Fruit and vegetable juices and nectars,"Multivitamin juices, FORT Vitamin only supplements",0.29,0.02,,0.128,0.21,,
Fruit and vegetable juices and nectars,"Nectar, apple",0.004,0.004,0.004,0.004,0.02,0.004,0.02
Fruit and vegetable juices and nectars,"Nectar, apricot",0.016,0.02,0.016,0.01,0.02,0.016,0.02
Fruit and vegetable juices and nectars,"Nectar, banana",0.012,0.012,0.012,0.012,0.012,0.012,0.012
Fruit and vegetable juices and nectars,"Nectar, mango",0.013,0.01,0.013,0.01,0.02,0.013,0.02
Fruit and vegetable juices and nectars,"Nectar, orange",0.01,0.01,0.005,0.01,0.02,0.01,0.02
Fruit and vegetable juices and nectars,"Nectar, peach",0.017,0.02,0.017,0.01,0.02,0.017,0.02
Fruit and vegetable juices and nectars,"Nectar, pear",0.015,0.016,0.015,0.01,0.02,0.015,0.02
Fruit and vegetable juices and nectars,"Nectar, pineapple",0.01,0.01,0.01,0.02,0.02,0.01,0.02
Fruit and vegetable juices and nectars,Vegetable juice concentrate,0.057,0.057,0.057,0.057,0.057,0.057,0.057
Grains and grain-based products,Amaranth flour,0.208,0.208,0.208,0.208,0.208,0.208,0.208
Grains and grain-based products,Apple strudel,0.021,0.013,0.021,0.013,0.013,0.021,0.021
Grains and grain-based products,Asian-style noodles other than glass noodles,0.02,0,,,0.03,0.02,0.01
Grains and grain-based products,"Asian-style noodles other than glass noodles, PROCESS Cooking in water",0,0,,,0.03,0,0.01
Grains and grain-based products,"Asian-style noodles other than glass noodles, PROCESS Steaming",0,0,,,0.03,0,0.01
Grains and grain-based products,Baklava,0.084,0.3,0.084,0.3,0.04,0.084,0.04
Grains and grain-based products,Barley flour,0.12,0.08,0.08,0.08,0.11,0.12,0.08
Grains and grain-based products,"Barley grain, pearled",0.08,0.08,0.08,0.08,0.03,0.08,0.05
Grains and grain-based products,"Barley grain, pearled, PROCESS Cooking in water",0.02,0.023,0.023,0.023,0.01,0.02,0.01
Grains and grain-based products,"Barley grain, pearled, PROCESS Steaming",0.02,0.023,0.023,0.023,0.01,0.02,0.01
Grains and grain-based products,Barley porridge,0.16,0.15,0.15,0.15,0.15,0.15,0.15
Grains and grain-based products,"Barley porridge, INGRED Cow milk, skimmed (low fat)",0.17,0.15,0.15,0.15,0.15,0.15,0.15
Grains and grain-based products,"Barley porridge, INGRED Cow milk, whole",0.16,0.12,0.12,0.12,0.12,0.12,0.12
Grains and grain-based products,"Barley porridge, INGRED Tap water",0.01,0.01,0.01,0.01,0.01,0.02,0.01
Grains and grain-based products,Barley rolled grains,0.03,0.08,0.08,0.08,0.08,0.03,0.08
Grains and grain-based products,Beignets,0.095,0.1,0.095,0.1,0.1,0.095,0.095
Grains and grain-based products,"Biscuit with inclusions, filling or coating",0.12,0.07,0.627,0.07,0.03,0.09,0.15
Grains and grain-based products,"Biscuits, chocolate",,0.07,0.637,0.13,0.08,,0.21
Grains and grain-based products,"Biscuits, oat meal",0.03,0.068,0.068,0.068,0.02,,0.13
Grains and grain-based products,"Biscuits, sweet, plain",0.05,0.05,0.727,0.05,0.05,0.08,0.06
Grains and grain-based products,"Biscuits, sweet, plain, FORT Combination of vitamin and mineral only supplements",,1.95,,,0.08,,
Grains and grain-based products,"Biscuits, sweet, plain, FORT Vitamin only supplements",,1.8,,,0.08,,
Grains and grain-based products,"Biscuits, sweet, wheat wholemeal",,0.727,0.727,0.727,0.1,0.03,0.11
Grains and grain-based products,Bread and rolls with special ingredients added,0.07,0.061,0.058,0.061,0.08,0.07,0.05
Grains and grain-based products,"Bread and rolls with special ingredients added, FORT Protein and amino acids supplements",0.153,0.153,0.153,0.153,0.153,0.153,0.153
Grains and grain-based products,Bread stuffing,0.06,0.06,0.06,0.06,0.06,0.06,0.06
Grains and grain-based products,Breadcrumbs,0.06,0.05,0.05,0.08,0.2,0.06,0.08
Grains and grain-based products,Brioche type products,0.163,0.27,0.163,0.27,,0.163,
Grains and grain-based products,Buckwheat flour,0.11,0.15,0.15,0.07,0.05,0.11,0.05
Grains and grain-based products,Buckwheat groats,0.16,0.51,0.51,0.51,0.07,0.16,0.07
Grains and grain-based products,Buns,,0.013,0.053,0.013,0.1,0.053,0.14
Grains and grain-based products,Butter biscuits,,0.15,0.045,0.15,0.04,0.02,0.04
Grains and grain-based products,"Cake marbled, with chocolate",,0.21,0.117,0.21,0.21,,0.117
Grains and grain-based products,Cereal bars mixed,,0.56,0.061,0.56,0.045,,0.12
Grains and grain-based products,Cereal bars plain,,,0.061,,0.05,,0.05
Grains and grain-based products,Cereal bran,0.284,0.36,0.284,0.36,0.36,0.284,0.36
Grains and grain-based products,Cereals and cereal-like grains not separately listed,0.094,0.094,0.094,0.094,0.094,0.094,0.094
Grains and grain-based products,Chapatti flour,0.06,0.06,0.06,0.06,0.06,0.06,0.06
Grains and grain-based products,Cheese cake,,0.1,0.168,0.1,0.09,0.27,0.09
Grains and grain-based products,Chocolate cake,,0.155,0.111,0.155,0.11,0.1,0.1
Grains and grain-based products,Chocolate cake with fruits,0.11,0.117,0.117,0.117,0.11,0.11,0.117
Grains and grain-based products,Choux pastry doughs,0.127,0.127,0.127,0.127,0.12,0.127,0.12
Grains and grain-based products,"Choux pastry doughs, PROCESS Baking",0.127,0.19,0.127,0.07,0.16,0.127,0.16
Grains and grain-based products,Common millet and similar-,0.29,0.14,0.14,0.14,0.14,0.29,0.14
Grains and grain-based products,"Common millet and similar-, PROCESS Cooking in water",0.04,0.031,0.031,0.031,0.05,0.04,0.05
Grains and grain-based products,"Common millet and similar-, PROCESS Steaming",0.04,0.031,0.031,0.031,0.05,0.04,0.05
Grains and grain-based products,Common wheat grain,0.125,0.093,0.093,0.14,0.04,0.125,0.04
Grains and grain-based products,Corn chips,0.08,0.05,0.05,0.05,0.1,0.08,0.09
Grains and grain-based products,Corn curls,0.06,0.14,0.043,0.14,0.123,0.03,0.15
Grains and grain-based products,Corn semolina based thick soup,,0.003,0.003,0.05,0.003,,0.003
Grains and grain-based products,Cornmeal porridge,,0.037,0.037,0.05,0.037,,0.037
Grains and grain-based products,"Cornmeal porridge, INGRED Cow milk, whole",0.15,0.15,0.15,0.15,0.15,0.15,0.15
Grains and grain-based products,"Cornmeal porridge, INGRED Tap water",0.037,0.05,0.037,0.05,0.05,0.037,0.037
Grains and grain-based products,Couscous,0.05,0.07,0.017,0.07,0.08,0.05,0.08
Grains and grain-based products,"Couscous, PROCESS Cooking in water",0.02,0.037,0.007,0.037,0.03,0.03,0.06
Grains and grain-based products,"Couscous, PROCESS Steaming",0.02,0.037,0.007,0.037,0.03,0.03,0.06
Grains and grain-based products,Crackers and breadsticks,,0.26,0.072,0.26,0.05,0.07,0.05
Grains and grain-based products,Cream cake,0.12,0.065,0.131,0.065,0.12,0.15,0.09
Grains and grain-based products,Cream cheese cake,,0.132,0.132,0.132,0.09,0.132,0.09
Grains and grain-based products,Cream custard cake,0.142,0.48,0.142,0.48,0.16,0.142,0.16
Grains and grain-based products,Cream-cheese strudel,0.14,0.14,0.14,0.14,0.14,0.14,0.14
Grains and grain-based products,"Crisp bread, rye wholemeal",,0.066,0.066,0.15,0.1,0.11,0.14
Grains and grain-based products,"Crisp bread, rye, refined flour",0.23,0.066,0.066,0.066,0.23,0.16,0.066
Grains and grain-based products,"Crisp bread, wheat, refined flour",,0.22,0.088,0.22,0.1,,0.1
Grains and grain-based products,"Crisp bread, wheat, wholemeal",0.17,0.088,0.088,0.088,0.2,0.08,0.2
Grains and grain-based products,Croissant,,0.18,0.143,0.16,0.1,0.143,0.16
Grains and grain-based products,Croissant from puff pastry,,0.18,0.143,0.16,0.1,,0.16
Grains and grain-based products,"Croissant, filled with chocolate",0.212,0.2,0.212,0.2,0.1,0.212,0.1
Grains and grain-based products,"Croissant, filled with cream",0.16,0.16,0.16,0.16,0.16,0.16,0.16
Grains and grain-based products,"Croissant, filled with jam",0.15,0.15,0.15,0.15,0.15,0.15,0.15
Grains and grain-based products,Croquembouche,0.065,0.065,0.065,0.065,0.065,0.065,0.065
Grains and grain-based products,Croutons,,0.22,0.06,0.22,0.05,,0.05
Grains and grain-based products,Doughnuts-berliner,0.08,0.07,0.129,0.07,0.12,0.07,
Grains and grain-based products,Dried egg pasta,0.16,0.073,0.073,0.19,0.073,0.09,0.073
Grains and grain-based products,"Dried egg pasta, PROCESS Baking",0.05,,,,0.03,,
Grains and grain-based products,"Dried egg pasta, PROCESS Cooking in water",0.05,0.04,0.022,0.04,0.03,0.022,0.03
Grains and grain-based products,"Dried egg pasta, PROCESS Steaming",0.05,0.022,0.022,0.022,0.03,0.022,0.03
Grains and grain-based products,"Dumpling, sweet",0.129,0.129,0.129,0.129,0.129,0.129,0.129
Grains and grain-based products,Durum wheat grain,0.093,,0.093,0.15,0.04,0.093,0.04
Grains and grain-based products,"Durum wheat grain, PROCESS Baking",0.025,0.025,0.025,0.025,0.025,0.025,0.025
Grains and grain-based products,"Durum wheat grain, PROCESS Cooking in water",0.026,0.05,0.026,0.15,0.05,0.026,0.026
Grains and grain-based products,"Durum wheat grain, PROCESS Steaming",0.026,0.05,0.026,0.05,0.05,0.026,0.026
Grains and grain-based products,Éclair,0.134,0.19,0.134,0.19,0.11,0.134,0.19
Grains and grain-based products,"Extruded, pressed or puffed bread",,0.22,0.063,0.22,0.08,0.05,0.08
Grains and grain-based products,Flan tart,0.075,0.15,0.075,0.15,0.04,0.075,0.02
Grains and grain-based products,Flour mix (like wheat/rye/barley/oats and other),0.1,0.1,0.1,0.1,0.1,0.1,0.1
Grains and grain-based products,Fresh egg pasta,0.11,0.09,0.07,0.09,0.03,0.04,0.03
Grains and grain-based products,"Fresh egg pasta, PROCESS Baking",0.03,0.06,,,0.03,,
Grains and grain-based products,"Fresh egg pasta, PROCESS Cooking in water",0.03,0.06,0.019,0.04,0.03,,0.03
Grains and grain-based products,"Fresh egg pasta, PROCESS Steaming",0.03,0.06,0.022,0.022,0.03,,0.03
Grains and grain-based products,Fruit cake,,0.1,0.083,0.1,0.05,0.14,0.07
Grains and grain-based products,Fruit pie-tarts,0.032,0.02,0.032,0.02,0.1,0.032,0.02
Grains and grain-based products,Gingerbread,0.124,0.02,0.124,0.02,0.124,0.124,0.08
Grains and grain-based products,"Gingerbread dough, PROCESS Baking",0.08,0.02,0.08,0.02,0.08,0.08,0.08
Grains and grain-based products,"Gluten free bread, brown",,0.08,0.08,0.08,0.08,,0.08
Grains and grain-based products,"Gluten free bread, white",,0.046,0.046,0.046,0.046,,0.046
Grains and grain-based products,Gnocchi,,0.007,0.007,0.007,0.007,,0.007
Grains and grain-based products,"Gnocchi, PROCESS Baking",0.007,0.007,0.007,0.007,0.007,0.007,0.007
Grains and grain-based products,"Gnocchi, PROCESS Cooking in water",0.006,0.02,0.006,0.02,0.02,0.006,0.006
Grains and grain-based products,"Gnocchi, PROCESS Steaming",0.007,0.007,0.007,0.007,0.007,0.007,0.007
Grains and grain-based products,Gougere,0.194,0.348,0.194,0.348,0.11,0.194,0.11
Grains and grain-based products,Graham flour,0.075,0.09,0.075,0.09,0.075,0.075,0.09
Grains and grain-based products,Indian rice grain,0.262,0.262,0.262,0.262,0.262,0.262,0.262
Grains and grain-based products,"Indian rice grain, PROCESS Cooking in water",0.09,0.074,0.074,0.074,0.074,0.09,0.074
Grains and grain-based products,"Indian rice grain, PROCESS Steaming",0.09,0.074,0.074,0.074,0.074,0.09,0.074
Grains and grain-based products,Ingredient rich fine dough without yeast,0.112,0.112,0.112,0.112,0.112,0.112,0.112
Grains and grain-based products,"Ingredient rich fine dough without yeast, PROCESS Baking",0.112,0.18,0.112,0.18,0.18,0.112,0.112
Grains and grain-based products,Kringles,0.075,0.075,0.075,0.075,0.05,0.075,0.05
Grains and grain-based products,Laminated doughs,0.013,0.02,0.013,0.02,0.04,0.013,0.04
Grains and grain-based products,"Laminated doughs, PROCESS Baking",0.012,0.04,0.012,0.04,0.04,0.012,0.012
Grains and grain-based products,Leavened bread doughs-deprecated,0.149,0.149,0.149,0.149,0.149,0.149,0.149
Grains and grain-based products,"Leavened bread doughs-deprecated, PROCESS Baking",,0.07,0.051,0.07,0.06,,0.06
Grains and grain-based products,"Leavened bread doughs-deprecated, PROCESS Cooking in water",0.091,0.091,0.091,0.091,0.091,0.091,0.091
Grains and grain-based products,"Leavened bread doughs-deprecated, PROCESS Steaming",0.052,0.052,0.052,0.052,0.052,0.052,0.052
Grains and grain-based products,Lebkuchen,0.29,0.126,0.126,0.126,0.29,0.29,0.126
Grains and grain-based products,Macaroons,0.19,1.6,0.069,1.6,0.05,0.19,0.35
Grains and grain-based products,Maize flour,0.06,,0.13,0.1,0.08,0.06,0.08
Grains and grain-based products,Maize semolina,0.04,0.04,0.04,0.04,0.04,0.04,0.04
Grains and grain-based products,"Maize semolina, PROCESS Baking",0.054,0.054,0.054,0.054,0.054,0.054,0.054
Grains and grain-based products,"Maize semolina, PROCESS Cooking in water",0.057,0.05,0.057,0.05,0.05,0.057,0.057
Grains and grain-based products,"Maize semolina, PROCESS Steaming",0.057,0.05,0.057,0.05,0.05,0.057,0.057
Grains and grain-based products,Maize starch,,0.008,0.008,0.008,,,
Grains and grain-based products,Marzipan pie,0.21,0.19,0.067,0.19,0.15,0.21,0.15
Grains and grain-based products,Matzo,0.03,0.03,0.03,0.03,0.06,0.03,0.03
Grains and grain-based products,Meringue,0.14,0.25,0.137,0.24,0.21,0.1,0.21
Grains and grain-based products,Meringue tart,,0.101,0.101,0.101,0.16,0.101,0.04
Grains and grain-based products,Millet flour,0.14,0.19,0.19,0.19,0.19,0.14,0.19
Grains and grain-based products,Millet groats,0.14,0.14,0.14,0.14,0.14,0.14,0.14
Grains and grain-based products,Millet rolled grains,0.14,0.14,0.14,0.14,0.14,0.14,0.14
Grains and grain-based products,Miscellaneous mixed and processed breakfast cereals-deprecated,1.5,1.42,0.131,1,0.06,0.131,1.3
Grains and grain-based products,Mixed breakfast cereals,0.32,1.11,0.094,0.7,0.05,0.07,0.5
Grains and grain-based products,Mixed cereal rolled grains,,0.114,0.114,0.114,0.114,,0.114
Grains and grain-based products,Mixed cereal-based snacks,0.04,0.04,0.04,0.04,0.073,0.04,0.13
Grains and grain-based products,Muesli plain,0.13,0.28,0.028,0.7,0.05,0.13,0.7
Grains and grain-based products,Muffins,,0.14,0.101,0.14,0.12,,0.12
Grains and grain-based products,Multigrain (not only rye-wheat) bread and rolls,0.1,0.12,0.101,0.12,0.07,0.1,0.07
Grains and grain-based products,"Noodle, rice",0.02,0.017,0.017,0.017,0.01,0.02,0.01
Grains and grain-based products,"Noodle, rice, PROCESS Cooking in water",0.01,0.01,0.01,0.01,0.01,0.01,0.01
Grains and grain-based products,"Noodle, rice, PROCESS Steaming",0.01,0.01,0.01,0.01,0.01,0.01,0.01
Grains and grain-based products,Nut cream cake,,0.126,0.126,0.126,0.16,,0.11
Grains and grain-based products,Oat bran,0.17,0.028,0.028,0.028,0.028,0.22,0.028
Grains and grain-based products,Oat flour,0.09,0.12,0.12,0.17,0.12,0.09,0.12
Grains and grain-based products,Oat groats,0.128,0.15,0.15,0.15,0.1,0.15,0.1
Grains and grain-based products,Oat high-bran flakes,0.034,0.034,0.034,0.14,0.034,0.034,0.034
Grains and grain-based products,Oat porridge,0,0.13,0.13,0.13,0.17,0.02,0.09
Grains and grain-based products,"Oat porridge, INGRED Cow milk, skimmed (low fat)",0.15,0.12,0.12,0.12,0.17,0.08,0.11
Grains and grain-based products,"Oat porridge, INGRED Cow milk, whole",0.15,0.13,0.13,0.13,0.17,0.08,0.22
Grains and grain-based products,"Oat porridge, INGRED Tap water",0,0.01,0.005,0.015,0.01,0.02,0.01
Grains and grain-based products,Oat rolled grains,0.13,0.028,0.028,0.028,0.05,0.13,0.1
Grains and grain-based products,"Oat rolled grains, instant",0.028,0.028,0.028,0.028,0.05,0.028,0.09
Grains and grain-based products,Pancakes,,0.149,0.124,0.149,0.22,0.124,0.18
Grains and grain-based products,Pasta flavoured and/or/coloured-deprecated,0.1,0.085,0.085,0.085,0.085,0.1,0.085
Grains and grain-based products,Pasta wholemeal,0.12,0.11,0.11,0.11,0.14,0.12,0.11
Grains and grain-based products,"Pasta wholemeal, PROCESS Baking",0.035,0.035,0.035,0.035,0.035,0.035,0.035
Grains and grain-based products,"Pasta wholemeal, PROCESS Cooking in water",,0.12,0.037,0.12,0.02,0.037,0.02
Grains and grain-based products,"Pasta wholemeal, PROCESS Steaming",0.02,0.02,0.02,0.02,0.02,0.02,0.02
Grains and grain-based products,"Pasta, gluten free",0.06,0.007,0.007,0.007,0.007,0.06,0.007
Grains and grain-based products,"Pasta, gluten free, PROCESS Cooking in water",,0.002,0.002,0.002,0.002,,0.002
Grains and grain-based products,"Pasta, gluten free, PROCESS Steaming",,0.002,0.002,0.002,0.002,,0.002
Grains and grain-based products,"Pasta, simple-deprecated",0.05,0.06,0.06,0.11,0.06,0.05,0.03
Grains and grain-based products,"Pasta, simple-deprecated, PROCESS Baking",0.017,0.017,0.017,0.017,0.017,0.017,0.017
Grains and grain-based products,"Pasta, simple-deprecated, PROCESS Cooking in water",0.01,0.01,0.018,0.04,0.03,0.01,0.01
Grains and grain-based products,"Pasta, simple-deprecated, PROCESS Steaming",0.018,0.018,0.018,0.04,0.03,0.018,0.03
Grains and grain-based products,Pita bread,0.07,0.06,0.06,0.06,0.03,0.03,0.08
Grains and grain-based products,"Pizza base, cooked",,0.008,0.008,0.05,0.05,,0.05
Grains and grain-based products,"Popcorn (maize, popped)",0.2,0.102,0.118,0.28,0.12,0.03,0.11
Grains and grain-based products,Popcorn kernels,0.07,0.2,0.2,0.2,0.08,0.07,0.08
Grains and grain-based products,Popped cereals,0.2,1.3,0.06,1.3,1.3,0.02,0.5
Grains and grain-based products,Pretzels,,0.26,0.037,0.26,0.62,,0.62
Grains and grain-based products,Processed and mixed breakfast cereals,1,1.42,0.034,1,1.16,0.034,0.034
Grains and grain-based products,Processed barley-based flakes,0.08,0.08,0.08,0.08,0.08,0.08,0.08
Grains and grain-based products,Processed maize-based flakes,1.3,1.3,,1.3,1.3,1.3,1.3
Grains and grain-based products,Processed mixed cereal-based flakes,0.05,1.3,0.028,1,,0.05,0.028
Grains and grain-based products,Processed oat-based flakes,0.09,0.034,0.034,0.14,0.05,0.14,1
Grains and grain-based products,Processed rice-based flakes,0.01,,,0.05,0.03,0.02,0.05
Grains and grain-based products,Processed rye-based flakes,0.1,0.17,0.17,0.17,0.17,0.1,0.17
Grains and grain-based products,Processed wheat-based flakes,0.08,1.13,0.131,1.32,1,0.12,1
Grains and grain-based products,Profiterole,0.14,0.21,0.14,0.21,0.11,0.14,0.14
Grains and grain-based products,Pumpernickel,0.1,0.052,0.052,0.052,0.05,0.15,0.05
Grains and grain-based products,Pyramid cake,0.177,0.177,0.177,0.177,0.177,0.177,0.177
Grains and grain-based products,Rice chips,,0.1,0.1,0.1,0.04,,0.04
Grains and grain-based products,Rice flour,0.01,0.03,0.03,0.04,0.03,0.01,0.05
Grains and grain-based products,"Rice grain, brown",0.05,0.06,,0.05,0.03,0.05,0.07
Grains and grain-based products,"Rice grain, brown, PROCESS Baking",0.009,0.009,0.009,0.009,0.009,0.009,0.009
Grains and grain-based products,"Rice grain, brown, PROCESS Cooking in water",0.02,0.01,0.026,0.02,0.01,0.02,0.02
Grains and grain-based products,"Rice grain, brown, PROCESS Steaming",0.02,0.01,0.009,0.02,0.01,0.02,0.02
Grains and grain-based products,"Rice grain, long-grain",0.07,0.048,0.032,0.048,0.03,0.07,0.02
Grains and grain-based products,"Rice grain, long-grain, PROCESS Cooking in water",0.01,0.01,0.01,0.01,0.01,0.01,0.01
Grains and grain-based products,"Rice grain, long-grain, PROCESS Steaming",0.01,0.01,0.009,0.01,0.01,0.01,0.01
Grains and grain-based products,"Rice grain, mixed",0.05,0.09,,,0.03,0.08,0.03
Grains and grain-based products,"Rice grain, mixed, PROCESS Cooking in water",0.01,0.038,0.038,0.038,0.01,0.01,0.01
Grains and grain-based products,"Rice grain, mixed, PROCESS Steaming",0.01,0.009,0.009,0.009,0.009,0.01,0.009
Grains and grain-based products,"Rice grain, parboiled",0.07,0.04,0.03,0.04,0.035,0.05,0.02
Grains and grain-based products,"Rice grain, parboiled, PROCESS Cooking in water",0.01,0.01,0.008,0.01,0.01,0.008,0.01
Grains and grain-based products,"Rice grain, parboiled, PROCESS Steaming",0.008,0.019,0.008,0.019,0.01,0.008,0.01
Grains and grain-based products,"Rice grain, polished",0.03,0.048,0.032,0.03,0.03,0.04,0.02
Grains and grain-based products,Rice porridge,0.12,0.13,0.13,0.13,0.18,0.13,0.18
Grains and grain-based products,"Rice porridge, INGRED Cow milk, skimmed (low fat)",0.12,0.12,0.12,0.12,0.12,0.12,0.12
Grains and grain-based products,"Rice porridge, INGRED Cow milk, whole",0.12,0.13,0.13,0.13,0.18,0.12,0.18
Grains and grain-based products,Rice rolled grains,0.032,0.032,0.032,0.032,0.032,0.032,0.032
Grains and grain-based products,Rice starch,0,0,0,0,0,0,0
Grains and grain-based products,"Rice, popped",0.01,1.29,0.1,1.28,0.03,0.01,0.03
Grains and grain-based products,"Rusk, refined flour",0.08,0.14,0.07,0.3,0.12,0.17,1.3
Grains and grain-based products,"Rusk, wholemeal",0.1,0.13,0.39,0.39,0.1,0.2,1
Grains and grain-based products,Rye bran,0.16,0.16,0.16,0.16,0.16,0.16,0.16
Grains and grain-based products,"Rye bread, refined flour",,0.051,0.051,0.05,0.102,,0.05
Grains and grain-based products,"Rye bread, wholemeal",,0.15,0.15,0.15,0.06,0.09,0.06
Grains and grain-based products,"Rye flour, light",0.049,0.092,0.092,0.092,0.07,0.049,0.07
Grains and grain-based products,"Rye flour, medium",0.2,0.1,0.1,0.1,0.2,0.2,0.2
Grains and grain-based products,"Rye flour, wholemeal",0.16,0.17,0.17,,0.106,0.16,0.22
Grains and grain-based products,Rye groats,0.1,0.17,0.17,0.17,0.17,0.1,0.17
Grains and grain-based products,Rye porridge,0,0.02,0.02,0.02,0.02,0.02,0.02
Grains and grain-based products,"Rye porridge, INGRED Cow milk, whole",0.16,0.13,0.13,0.13,0.13,0.13,0.13
Grains and grain-based products,"Rye porridge, INGRED Tap water",0,0.01,0.01,0.01,0.01,0.02,0.01
Grains and grain-based products,Rye rolled grains,0.17,0.17,0.17,0.17,0.17,0.17,0.17
Grains and grain-based products,Rye starch,0,0,0,0,0,0,0
Grains and grain-based products,"Rye-wheat bread, refined flour",,0.16,0.08,0.16,0.061,0.09,0.08
Grains and grain-based products,"Rye-wheat bread, wholemeal",0.13,0.112,0.112,0.112,0.07,0.05,0.07
Grains and grain-based products,Scones and similar,0.09,0.09,0.09,0.09,0.09,0.09,0.09
Grains and grain-based products,Short pastry dough and similar,0.1,0.052,0.052,0.052,0.02,0.1,0.02
Grains and grain-based products,"Short pastry dough and similar, PROCESS Baking",0.04,,0.04,,0.02,0.04,0.02
Grains and grain-based products,Sorghum flour,0.19,0.19,0.19,0.19,0.19,0.19,0.19
Grains and grain-based products,Speculaas,0.062,0.062,0.062,0.062,0.03,0.062,0.03
Grains and grain-based products,Spelt flour,0.027,0.1,0.1,0.1,0.1,0.1,0.1
Grains and grain-based products,"Spelt flour, wholemeal",0.026,0.026,0.026,0.026,0.026,0.026,0.026
Grains and grain-based products,Spelt grain,0.155,0.155,0.155,0.155,0.155,0.155,0.155
Grains and grain-based products,"Spelt grain, PROCESS Baking",0.025,0.025,0.025,0.025,0.025,0.025,0.025
Grains and grain-based products,"Spelt grain, PROCESS Cooking in water",0.026,0.026,0.026,0.026,0.026,0.026,0.026
Grains and grain-based products,"Spelt grain, PROCESS Steaming",0.026,0.026,0.026,0.026,0.026,0.026,0.026
Grains and grain-based products,Spelt rolled grains,0.38,0.155,0.155,0.155,0.38,0.38,0.155
Grains and grain-based products,Spice cakes,0.09,0.02,0.121,0.02,0.14,0.09,0.14
Grains and grain-based products,Sponge cake,0.09,0.19,0.08,0.19,0.17,0.09,0.07
Grains and grain-based products,"Sponge cake dough (génoise), PROCESS Baking",0.217,0.19,0.217,0.19,0.17,0.217,0.17
Grains and grain-based products,"Sponge cake dough (génoise), PROCESS Steaming",0.217,0.217,0.217,0.217,0.217,0.217,0.217
Grains and grain-based products,Sponge cake roll,,0.13,0.101,0.13,0.1,0.07,0.18
Grains and grain-based products,"Sticks, salty",,0.08,0.04,0.1,0.62,0.04,0.62
Grains and grain-based products,Sweet almond pastry mass,0.33,0.33,0.33,0.33,0.33,0.33,0.33
Grains and grain-based products,"Sweet almond pastry mass, PROCESS Baking",0.088,0.088,0.088,0.36,0.088,0.088,0.088
Grains and grain-based products,Tortilla,0.03,0.03,0.03,0.03,0.06,0.03,0.01
Grains and grain-based products,Tortilla chips,0.09,0.097,0.05,0.097,0.1,0.14,0.09
Grains and grain-based products,"Unleavened doughs, PROCESS Baking",0.052,0.052,0.052,0.052,0.08,0.052,0.08
Grains and grain-based products,Waffles,,0.07,0.129,0.07,0.03,0.129,0.23
Grains and grain-based products,Wheat bran,0.35,0.51,0.51,0.36,0.36,0.35,0.36
Grains and grain-based products,Wheat bran rolled flakes,0.16,1.16,,1.5,1.16,0.16,1.1
Grains and grain-based products,"Wheat bread and rolls, brown or wholemeal",0.09,0.12,0.15,0.12,0.06,,0.07
Grains and grain-based products,"Wheat bread and rolls, white (refined flour)",,0.06,0.093,0.07,0.04,0.14,0.06
Grains and grain-based products,"Wheat bread and rolls, white with maize",,0.05,0.05,0.05,0.05,,0.05
Grains and grain-based products,Wheat flour white,0.05,,0.013,0.03,0.04,0.05,0.03
Grains and grain-based products,"Wheat flour, brown",0.12,0.17,0.17,0.17,0.15,0.12,0.07
Grains and grain-based products,"Wheat flour, durum",0.12,0.013,0.013,0.013,0.04,0.12,0.04
Grains and grain-based products,Wheat germ,0.63,0.56,0.72,0.61,0.85,0.63,0.72
Grains and grain-based products,Wheat germs rolled flakes,0.125,0.72,0.72,0.72,0.125,0.125,0.72
Grains and grain-based products,Wheat groats,0.12,0.17,0.17,0.17,0.1,0.12,0.1
Grains and grain-based products,Wheat rolled grains,0.093,0.093,0.093,0.093,0.093,0.093,0.093
Grains and grain-based products,Wheat semolina,0.05,0.038,0.038,0.15,0.03,0.04,0.03
Grains and grain-based products,"Wheat semolina porridge, INGRED Cow milk, whole",0.12,0.097,0.097,0.097,0.16,0.12,0.16
Grains and grain-based products,"Wheat semolina porridge, INGRED Tap water",0.01,0.007,0.007,0.007,0.007,0.01,0.007
Grains and grain-based products,"Wheat semolina, PROCESS Cooking in water",0.02,0.04,,,,0.03,
Grains and grain-based products,"Wheat semolina, PROCESS Steaming",0.02,0.04,,,,0.03,
Grains and grain-based products,Wheat starch,0,0,0,0,0,0,0
Grains and grain-based products,Wheat wholemeal flour,0.15,0.17,0.17,0.16,0.075,0.15,0.09
Grains and grain-based products,"Wheat, popped",,1.3,0.06,1.3,0.06,,0.06
Grains and grain-based products,Yeast leavened sweet doughs,0.114,0.114,0.114,0.114,0.114,0.114,0.114
Grains and grain-based products,"Yeast leavened sweet doughs, PROCESS Baking",0.108,0.1,0.108,0.1,0.15,0.108,0.15
"Legumes, nuts, oilseeds and spices",Allspice fruit,0.06,0.21,0.06,0.21,0.06,0.06,0.06
"Legumes, nuts, oilseeds and spices",Almonds sweet,0.8,0.44,0.169,0.4,0.7,0.8,0.75
"Legumes, nuts, oilseeds and spices","Almonds sweet, PROCESS Baking",0.78,0.162,0.162,0.162,0.57,0.78,0.57
"Legumes, nuts, oilseeds and spices","Almonds sweet, PROCESS Cooking in water",0.149,0.149,0.149,0.149,0.149,0.149,0.149
"Legumes, nuts, oilseeds and spices","Almonds sweet, PROCESS Steaming",0.149,0.149,0.149,0.149,0.149,0.149,0.149
"Legumes, nuts, oilseeds and spices",Anise seed,0.2,0.2,0.2,0.2,0.2,0.2,0.2
"Legumes, nuts, oilseeds and spices",Azuki beans (dry),0.2,0.188,0.188,0.22,0.22,0.2,0.22
"Legumes, nuts, oilseeds and spices","Azuki beans (dry), PROCESS Baking",0.179,0.179,0.179,0.179,0.179,0.179,0.179
"Legumes, nuts, oilseeds and spices","Azuki beans (dry), PROCESS Cooking in water",0.057,0.057,0.057,0.057,0.08,0.057,0.08
"Legumes, nuts, oilseeds and spices","Azuki beans (dry), PROCESS Steaming",0.057,0.057,0.057,0.057,0.08,0.057,0.08
"Legumes, nuts, oilseeds and spices",Beans (dry) and similar-,0.14,0.26,0.26,0.1,0.1,0.14,0.19
"Legumes, nuts, oilseeds and spices","Beans (dry) and similar-, PROCESS Baking",0.09,0.09,0.09,0.09,0.09,0.09,0.09
"Legumes, nuts, oilseeds and spices","Beans (dry) and similar-, PROCESS Cooking in water",0.09,0.046,0.09,0.046,0.05,0.09,0.05
"Legumes, nuts, oilseeds and spices","Beans (dry) and similar-, PROCESS Steaming",0.09,0.046,0.09,0.046,0.05,0.09,0.05
"Legumes, nuts, oilseeds and spices",Beans (fresh seeds without pods) and similar-,0.14,0.14,0.14,0.1,0.04,0.14,0.04
"Legumes, nuts, oilseeds and spices","Beans (fresh seeds without pods) and similar-, PROCESS Cooking in water",0.09,0.069,0.069,0.03,0.06,0.09,0.06
"Legumes, nuts, oilseeds and spices","Beans (fresh seeds without pods) and similar-, PROCESS Steaming",0.09,0.069,0.069,0.03,0.06,0.09,0.06
"Legumes, nuts, oilseeds and spices",Bitter almonds,0.7,0.169,0.169,0.169,0.7,0.7,0.7
"Legumes, nuts, oilseeds and spices",Borage seeds,0.15,0.15,0.15,0.15,0.15,0.15,0.15
"Legumes, nuts, oilseeds and spices",Borlotti or other common beans (dry),0.146,0.26,0.26,0.12,0.1,0.146,0.07
"Legumes, nuts, oilseeds and spices","Borlotti or other common beans (dry), PROCESS Baking",0.09,0.09,0.09,0.09,0.09,0.09,0.09
"Legumes, nuts, oilseeds and spices","Borlotti or other common beans (dry), PROCESS Cooking in water",0.05,0.046,0.09,0.03,0.05,0.04,0.04
"Legumes, nuts, oilseeds and spices","Borlotti or other common beans (dry), PROCESS Steaming",0.05,0.046,0.09,0.03,0.05,0.04,0.04
"Legumes, nuts, oilseeds and spices",Broad beans (dry),0.1,0.26,0.26,0.26,0.26,0.1,0.26
"Legumes, nuts, oilseeds and spices","Broad beans (dry), PROCESS Baking",0.09,0.09,0.09,0.09,0.09,0.09,0.09
"Legumes, nuts, oilseeds and spices","Broad beans (dry), PROCESS Cooking in water",0.09,0.08,0.09,0.08,0.06,0.09,0.06
"Legumes, nuts, oilseeds and spices","Broad beans (dry), PROCESS Steaming",0.09,0.08,0.09,0.08,0.06,0.09,0.06
"Legumes, nuts, oilseeds and spices",Broad beans (without pods),0.14,0.14,0.14,0.11,0.15,0.14,0.04
"Legumes, nuts, oilseeds and spices","Broad beans (without pods), PROCESS Cooking in water",0.069,0.069,0.069,0.069,0.15,0.069,0.06
"Legumes, nuts, oilseeds and spices","Broad beans (without pods), PROCESS Steaming",0.069,0.069,0.069,0.069,0.15,0.069,0.06
"Legumes, nuts, oilseeds and spices",Canned or jarred chickpea,0.31,0.02,0.064,0.03,0.31,0.31,0.03
"Legumes, nuts, oilseeds and spices",Canned or jarred common beans,0.07,0.037,0.037,0.037,0.04,0.07,0.06
"Legumes, nuts, oilseeds and spices",Canned or jarred lentils,0.05,0.03,0.05,0.03,0.03,0.05,0.05
"Legumes, nuts, oilseeds and spices",Canned or jarred peas,0.065,0.06,0.055,0.07,0.07,0.055,0.07
"Legumes, nuts, oilseeds and spices",Capers buds,,0.07,0.14,,0.14,,0.14
"Legumes, nuts, oilseeds and spices",Caraway fruit,0.379,0.327,0.38,0.327,0.38,0.38,0.38
"Legumes, nuts, oilseeds and spices",Cardamom fruit,0.18,0.18,0.18,0.18,0.18,0.18,0.18
"Legumes, nuts, oilseeds and spices",Cashew nuts,0.2,0.18,0.18,0.2,0.13,0.2,0.14
"Legumes, nuts, oilseeds and spices","Cashew nuts, PROCESS Baking",0.2,0.17,0.175,0.17,0.16,0.2,0.16
"Legumes, nuts, oilseeds and spices","Cashew nuts, PROCESS Cooking in water",0.138,0.138,0.138,0.138,0.138,0.138,0.138
"Legumes, nuts, oilseeds and spices","Cashew nuts, PROCESS Steaming",0.18,0.18,0.18,0.18,0.18,0.18,0.18
"Legumes, nuts, oilseeds and spices",Cassia buds,0.2,0.2,0.2,0.2,0.2,0.2,0.2
"Legumes, nuts, oilseeds and spices",Chestnut puree (castanea vulgaris),0.126,,0.126,,,0.126,0.126
"Legumes, nuts, oilseeds and spices",Chestnuts,0.22,0.21,0.21,0.28,0.05,0.22,0.02
"Legumes, nuts, oilseeds and spices","Chestnuts, PROCESS Baking",0.18,0.175,0.18,0.175,0.175,0.18,0.175
"Legumes, nuts, oilseeds and spices","Chestnuts, PROCESS Cooking in water",0.165,0.104,0.165,0.104,0.104,0.165,0.165
"Legumes, nuts, oilseeds and spices","Chestnuts, PROCESS Steaming",0.165,0.165,0.165,0.165,0.165,0.165,0.165
"Legumes, nuts, oilseeds and spices",Chickpea flour,0.134,0.134,0.134,0.14,0.24,0.134,0.24
"Legumes, nuts, oilseeds and spices",Chickpeas (dry),0.15,0.197,0.197,0.1,0.15,0.15,0.24
"Legumes, nuts, oilseeds and spices","Chickpeas (dry), PROCESS Baking",0.13,0.13,0.13,0.13,0.13,0.13,0.13
"Legumes, nuts, oilseeds and spices","Chickpeas (dry), PROCESS Cooking in water",0.06,0.06,0.068,0.04,0.03,0.03,0.07
"Legumes, nuts, oilseeds and spices","Chickpeas (dry), PROCESS Steaming",0.06,0.06,0.068,0.04,0.03,0.06,0.07
"Legumes, nuts, oilseeds and spices",Cinnamon bark and similar-,0.041,0.14,0.14,0.14,0.14,0.041,0.14
"Legumes, nuts, oilseeds and spices",Cloves buds,0.27,0.27,0.27,0.27,0.27,0.27,0.27
"Legumes, nuts, oilseeds and spices",Coconut milk (cocos nucifera) liquid,,0.03,,0.03,,,0.06
"Legumes, nuts, oilseeds and spices",Coconuts,0.02,0.015,0.008,0.02,0.01,0.02,0.01
"Legumes, nuts, oilseeds and spices","Coconuts, PROCESS Drying (dehydration)",0.03,0.07,,0.05,0.05,0.1,0.05
"Legumes, nuts, oilseeds and spices",Coriander seed,0.29,0.29,0.29,0.29,0.29,0.29,0.29
"Legumes, nuts, oilseeds and spices",Cumin seed,0.35,0.327,0.35,0.33,0.33,0.35,0.35
"Legumes, nuts, oilseeds and spices",Dill seed,0.28,0.28,0.28,0.28,0.28,0.28,0.28
"Legumes, nuts, oilseeds and spices",Fennel seed,0.353,0.353,0.353,0.35,0.353,0.353,0.35
"Legumes, nuts, oilseeds and spices",Fenugreek seed,0.37,0.37,0.37,0.37,0.35,0.37,0.35
"Legumes, nuts, oilseeds and spices",Garden peas (dry),0.3,0.275,0.275,0.15,0.1,0.3,0.3
"Legumes, nuts, oilseeds and spices","Garden peas (dry), PROCESS Cooking in water",,0.06,0.117,0.06,0.04,,0.07
"Legumes, nuts, oilseeds and spices","Garden peas (dry), PROCESS Steaming",,0.06,0.117,0.06,0.04,,0.07
"Legumes, nuts, oilseeds and spices",Ginger roots,,0.185,0.04,0.185,0.04,,0.03
"Legumes, nuts, oilseeds and spices",Hazelnuts,0.13,0.158,0.15,0.1,0.07,0.13,0.16
"Legumes, nuts, oilseeds and spices","Hazelnuts, PROCESS Baking",0.11,0.144,0.144,0.144,0.144,0.11,0.144
"Legumes, nuts, oilseeds and spices","Hazelnuts, PROCESS Cooking in water",0.114,0.114,0.114,0.114,0.114,0.114,0.114
"Legumes, nuts, oilseeds and spices","Hazelnuts, PROCESS Steaming",0.114,0.114,0.114,0.114,0.114,0.114,0.114
"Legumes, nuts, oilseeds and spices",Juniper berry,0.38,0.38,0.38,0.38,0.38,0.38,0.38
"Legumes, nuts, oilseeds and spices",Kidney bean (dry seeds),0.19,,0.188,0.06,0.19,0.188,0.19
"Legumes, nuts, oilseeds and spices","Kidney bean (dry seeds), PROCESS Baking",0.06,0.06,,,,,
"Legumes, nuts, oilseeds and spices","Kidney bean (dry seeds), PROCESS Cooking in water",0.06,0.06,0.057,0.01,0.05,0.04,0.05
"Legumes, nuts, oilseeds and spices","Kidney bean (dry seeds), PROCESS Steaming",0.06,0.06,0.057,0.01,0.05,0.057,0.05
"Legumes, nuts, oilseeds and spices",Lentils (dry),0.27,0.258,0.258,0.2,0.1,0.13,0.27
"Legumes, nuts, oilseeds and spices","Lentils (dry), PROCESS Cooking in water",0.07,0.061,0.07,0.05,0.05,0.07,0.08
"Legumes, nuts, oilseeds and spices","Lentils (dry), PROCESS Steaming",0.07,0.061,0.07,0.05,0.05,0.07,0.08
"Legumes, nuts, oilseeds and spices",Lentils (without pods),,0.258,0.258,0.2,,,0.258
"Legumes, nuts, oilseeds and spices","Lentils (without pods), PROCESS Cooking in water",0.08,0.07,0.07,0.05,0.07,0.07,0.07
"Legumes, nuts, oilseeds and spices","Lentils (without pods), PROCESS Steaming",0.07,0.07,0.07,0.05,0.07,0.07,0.07
"Legumes, nuts, oilseeds and spices",Lima beans (without pods),0.12,0.12,0.12,0.12,0.13,0.12,0.13
"Legumes, nuts, oilseeds and spices","Lima beans (without pods), PROCESS Cooking in water",0.11,0.11,0.11,0.11,0.05,0.11,0.05
"Legumes, nuts, oilseeds and spices","Lima beans (without pods), PROCESS Steaming",0.11,0.11,0.11,0.11,0.05,0.11,0.05
"Legumes, nuts, oilseeds and spices",Linseeds,0.16,0.15,0.15,0.15,0.96,0.16,0.96
"Legumes, nuts, oilseeds and spices",Liquorice roots,0.034,0.23,0.23,0.23,0.034,0.034,0.23
"Legumes, nuts, oilseeds and spices",Macadamias,,0.162,0.12,0.1,0.09,,0.06
"Legumes, nuts, oilseeds and spices",Mace aril,0.45,0.45,0.45,0.45,0.06,0.45,0.45
"Legumes, nuts, oilseeds and spices",Mung beans (dry),0.233,0.23,0.23,0.26,0.233,0.233,0.26
"Legumes, nuts, oilseeds and spices","Mung beans (dry), PROCESS Cooking in water",0.06,0.118,0.118,0.118,0.07,0.06,0.07
"Legumes, nuts, oilseeds and spices","Mung beans (dry), PROCESS Steaming",0.06,0.118,0.118,0.118,0.07,0.06,0.07
"Legumes, nuts, oilseeds and spices",Mustard seeds and similar-,0.38,0.38,0.38,0.38,0.38,0.38,0.38
"Legumes, nuts, oilseeds and spices",Navy beans (dry seeds),0.177,0.177,0.177,0.177,0.13,0.177,0.13
"Legumes, nuts, oilseeds and spices","Navy beans (dry seeds), PROCESS Cooking in water",0.061,0.046,0.061,0.046,0.04,0.061,0.04
"Legumes, nuts, oilseeds and spices","Navy beans (dry seeds), PROCESS Steaming",0.061,0.046,0.061,0.046,0.04,0.061,0.04
"Legumes, nuts, oilseeds and spices",Nutmeg seed,0.057,0.06,0.06,0.1,0.06,0.057,0.06
"Legumes, nuts, oilseeds and spices","Olives, processed",0.03,0.057,0.057,0.057,,0.03,
"Legumes, nuts, oilseeds and spices",Paprika powder,1.74,1.74,1.74,1.74,1.74,1.74,1.74
"Legumes, nuts, oilseeds and spices",Peanut butter,0.1,0.103,0.1,0.103,0.1,0.1,0.09
"Legumes, nuts, oilseeds and spices",Peanuts,0.12,0.11,0.155,0.11,0.1,0.12,0.1
"Legumes, nuts, oilseeds and spices","Peanuts, PROCESS Baking",0.023,0.1,0.023,0.08,0.08,0.023,0.13
"Legumes, nuts, oilseeds and spices","Peanuts, PROCESS Cooking in water",0.118,0.118,0.118,0.118,0.118,0.118,0.118
"Legumes, nuts, oilseeds and spices","Peanuts, PROCESS Steaming",0.118,0.118,0.118,0.118,0.118,0.118,0.118
"Legumes, nuts, oilseeds and spices",Peas (without pods) and similar-,0.12,0.16,0.16,0.08,0.15,0.12,0.02
"Legumes, nuts, oilseeds and spices","Peas (without pods) and similar-, PROCESS Baking",0.164,0.164,0.164,0.164,0.164,0.164,0.164
"Legumes, nuts, oilseeds and spices","Peas (without pods) and similar-, PROCESS Cooking in water",0.08,0.13,0.16,0.13,0.15,0.08,0.03
"Legumes, nuts, oilseeds and spices","Peas (without pods) and similar-, PROCESS Steaming",0.158,0.13,0.158,0.13,0.15,0.158,0.03
"Legumes, nuts, oilseeds and spices",Pecans,,0.13,0.06,0.15,0.15,0.1,0.15
"Legumes, nuts, oilseeds and spices","Peppercorn (black, green and white) and similar-",0.24,0.24,0.24,0.24,0.24,0.24,0.24
"Legumes, nuts, oilseeds and spices","Peppers, dried",0.92,0.92,0.92,0.23,0.92,0.92,0.92
"Legumes, nuts, oilseeds and spices",Pine nut kernels and similar-,0.227,0.238,0.19,0.25,0.19,0.227,0.19
"Legumes, nuts, oilseeds and spices","Pine nut kernels and similar-, PROCESS Baking",0.133,0.133,0.133,0.133,0.19,0.133,0.19
"Legumes, nuts, oilseeds and spices","Pine nut kernels and similar-, PROCESS Cooking in water",0.183,0.183,0.183,0.183,0.183,0.183,0.183
"Legumes, nuts, oilseeds and spices","Pine nut kernels and similar-, PROCESS Steaming",0.183,0.183,0.183,0.183,0.183,0.183,0.183
"Legumes, nuts, oilseeds and spices",Pistachios,,0.2,0.2,0.1,0.16,,0.2
"Legumes, nuts, oilseeds and spices","Pistachios, PROCESS Baking",0.17,0.24,0.238,0.24,0.15,0.17,0.23
"Legumes, nuts, oilseeds and spices","Pistachios, PROCESS Cooking in water",0.153,0.153,0.153,0.153,0.153,0.153,0.153
"Legumes, nuts, oilseeds and spices","Pistachios, PROCESS Steaming",0.153,0.153,0.153,0.153,0.153,0.153,0.153
"Legumes, nuts, oilseeds and spices",Poppy seeds,0.173,0.17,0.17,0.17,0.06,0.173,0.17
"Legumes, nuts, oilseeds and spices","Poppy seeds, PROCESS Baking",0.06,0.06,0.06,0.06,0.06,0.06,0.06
"Legumes, nuts, oilseeds and spices",Pumpkin seeds,0.042,0.042,0.042,0.042,0.32,0.042,0.32
"Legumes, nuts, oilseeds and spices","Pumpkin seeds, PROCESS Baking",0.32,0.029,0.029,0.029,0.14,0.32,0.14
"Legumes, nuts, oilseeds and spices","Pumpkin seeds, PROCESS Cooking in water",0.032,0.032,0.032,0.032,0.032,0.032,0.032
"Legumes, nuts, oilseeds and spices","Pumpkin seeds, PROCESS Steaming",0.032,0.032,0.032,0.032,0.032,0.032,0.032
"Legumes, nuts, oilseeds and spices",Saffron,,,,0.27,,,
"Legumes, nuts, oilseeds and spices",Sesame paste (tahini) (sesamus indicum),,0.51,0.51,0.51,0.13,,0.17
"Legumes, nuts, oilseeds and spices",Sesame seeds,0.18,0.247,0.25,0.247,0.08,0.18,0.17
"Legumes, nuts, oilseeds and spices","Sesame seeds, PROCESS Baking",0.08,0.159,0.159,0.159,0.159,0.08,0.159
"Legumes, nuts, oilseeds and spices",Soya proteins,0.28,0.28,0.28,0.28,0.28,0.28,0.28
"Legumes, nuts, oilseeds and spices",Sunflower seeds,0.25,0.245,0.26,0.19,0.17,0.25,0.19
"Legumes, nuts, oilseeds and spices","Sunflower seeds, PROCESS Baking",0.25,0.165,0.165,0.165,0.165,0.25,0.165
"Legumes, nuts, oilseeds and spices","Sunflower seeds, PROCESS Cooking in water",0.202,0.202,0.202,0.202,0.202,0.202,0.202
"Legumes, nuts, oilseeds and spices","Sunflower seeds, PROCESS Steaming",0.202,0.202,0.202,0.202,0.202,0.202,0.202
"Legumes, nuts, oilseeds and spices",Table olives and similar-,0.016,0.08,0.08,0.08,0.016,0.016,0.08
"Legumes, nuts, oilseeds and spices",Table olives ready for consumption,,,0.08,0.1,,,
"Legumes, nuts, oilseeds and spices",Turmeric roots,0.23,0.23,0.23,0.23,0.11,0.23,0.11
"Legumes, nuts, oilseeds and spices",Vanilla,0.14,0.14,0.14,0.14,0.14,0.14,0.14
"Legumes, nuts, oilseeds and spices",Walnuts,0.13,0.148,0.13,0.1,0.11,0.15,0.14
Meat and meat products,Bacon,0.1,0.226,0.226,0.13,0.1,0.1,0.11
Meat and meat products,"Bacon, PROCESS Baking",0.16,0.233,0.233,0.233,0.15,0.16,0.15
Meat and meat products,"Bacon, PROCESS Cooking in water",0.12,0.2,0.292,0.2,0.2,0.12,0.292
Meat and meat products,"Bacon, PROCESS Frying",0.12,0.2,0.127,0.2,0.127,0.12,0.14
Meat and meat products,"Bacon, PROCESS Steaming",0.12,0.2,0.292,0.2,0.2,0.12,0.292
Meat and meat products,Beef kidney,2.26,2.26,2.26,2.25,2.53,2.26,2.53
Meat and meat products,"Beef kidney, PROCESS Baking",1.9,2.41,2.571,2.41,1.9,1.9,2.571
Meat and meat products,"Beef kidney, PROCESS Cooking in water",2.79,2.41,3.29,2.41,3.29,2.79,3.29
Meat and meat products,"Beef kidney, PROCESS Frying",2.6,,,,2.6,,
Meat and meat products,"Beef kidney, PROCESS Steaming",2.79,2.97,3.29,2.97,3.29,2.79,3.29
Meat and meat products,Beef liver,2.67,3.085,3.085,3.3,2.95,2.67,2.52
Meat and meat products,"Beef liver, PROCESS Baking",2.15,2.711,2.711,2.711,2.15,2.15,2.711
Meat and meat products,"Beef liver, PROCESS Cooking in water",1.883,1.883,1.883,1.883,3,1.883,3
Meat and meat products,"Beef liver, PROCESS Frying",2.89,2.89,2.89,2.89,3.87,2.89,2.89
Meat and meat products,"Beef liver, PROCESS Steaming",1.883,1.883,1.883,1.883,3,1.883,3
Meat and meat products,"Beerwurst, PROCESS Baking",0.147,0.147,0.147,0.147,0.147,0.147,0.147
Meat and meat products,"Beerwurst, PROCESS Cooking in water",0.147,0.147,0.147,0.147,0.147,0.147,0.147
Meat and meat products,"Beerwurst, PROCESS Steaming",0.147,0.147,0.147,0.147,0.147,0.147,0.147
Meat and meat products,Blood-type sausage,0.11,0.062,0.053,0.062,0.14,0.06,0.07
Meat and meat products,"Blood-type sausage, QUAL Low fat (naturally or reduced)",0.112,0.112,0.112,0.112,0.112,0.112,0.112
Meat and meat products,"Bockwurst, PROCESS Baking",0.152,0.152,0.152,0.152,0.152,0.152,0.152
Meat and meat products,"Bockwurst, PROCESS Cooking in water",0.152,0.152,0.152,0.152,0.152,0.152,0.152
Meat and meat products,"Bockwurst, PROCESS Steaming",0.152,0.152,0.152,0.152,0.152,0.152,0.152
Meat and meat products,"Bockwurst, QUAL Low fat (naturally or reduced), PROCESS Baking",0.09,0.09,0.09,0.09,0.09,0.09,0.09
Meat and meat products,"Bockwurst, QUAL Low fat (naturally or reduced), PROCESS Cooking in water",0.09,0.09,0.09,0.09,0.09,0.09,0.09
Meat and meat products,"Bockwurst, QUAL Low fat (naturally or reduced), PROCESS Steaming",0.09,0.09,0.09,0.09,0.09,0.09,0.09
Meat and meat products,"Bologna-type sausage, PROCESS Baking",0.113,0.113,0.113,0.113,0.113,0.113,0.113
Meat and meat products,"Bologna-type sausage, PROCESS Cooking in water",0.24,0.137,0.137,0.137,0.12,0.24,0.1
Meat and meat products,"Bologna-type sausage, PROCESS Steaming",0.24,0.137,0.137,0.137,0.12,0.24,0.1
Meat and meat products,"Bologna-type sausage, QUAL Low fat (naturally or reduced), PROCESS Cooking in water",0.12,0.12,0.12,0.12,0.12,0.12,0.12
Meat and meat products,"Bologna-type sausage, QUAL Low fat (naturally or reduced), PROCESS Steaming",0.12,0.12,0.12,0.12,0.12,0.12,0.12
Meat and meat products,"Bologna-type sausage, QUAL Low sodium / reduced salt, PROCESS Cooking in water",0.24,0.24,0.24,0.24,0.24,0.24,0.24
Meat and meat products,"Bologna-type sausage, QUAL Low sodium / reduced salt, PROCESS Steaming",0.24,0.24,0.24,0.24,0.24,0.24,0.24
Meat and meat products,Bovine and pig fresh meat,0.16,0.214,0.214,0.214,0.13,0.16,0.13
Meat and meat products,"Bovine and pig fresh meat, PROCESS Baking",0.212,0.212,0.212,0.212,0.212,0.212,0.212
Meat and meat products,"Bovine and pig fresh meat, PROCESS Cooking in water",0.262,0.262,0.262,0.262,0.262,0.262,0.262
Meat and meat products,"Bovine and pig fresh meat, PROCESS Frying",0.278,0.278,0.278,0.278,0.22,0.278,0.22
Meat and meat products,"Bovine and pig fresh meat, PROCESS Steaming",0.262,0.262,0.262,0.262,0.262,0.262,0.262
Meat and meat products,"Bovine and pig fresh meat, QUAL Half fat or medium fat, PROCESS Frying",0.19,0.19,0.19,0.19,0.19,0.19,0.19
Meat and meat products,Bovine fresh meat,0.18,0.19,0.184,0.18,0.14,0.184,0.21
Meat and meat products,"Bovine fresh meat, PROCESS Baking",,0.24,0.253,0.24,0.18,,0.16
Meat and meat products,"Bovine fresh meat, PROCESS Cooking in water",,0.26,0.325,0.26,0.22,,0.22
Meat and meat products,"Bovine fresh meat, PROCESS Frying",0.18,0.232,0.232,0.232,0.16,0.18,0.25
Meat and meat products,"Bovine fresh meat, PROCESS Steaming",,0.325,0.325,0.325,0.22,,0.22
Meat and meat products,Bovine heart,0.75,0.91,0.91,0.89,0.75,0.75,0.8
Meat and meat products,"Bovine heart, PROCESS Baking",1.034,1.42,1.034,1.42,1.42,1.034,1.034
Meat and meat products,"Bovine heart, PROCESS Cooking in water",1.034,1.42,1.034,1.42,1.2,1.034,1.2
Meat and meat products,"Bovine heart, PROCESS Frying",1.034,1.034,1.034,1.034,1.034,1.034,1.034
Meat and meat products,"Bovine heart, PROCESS Steaming",1.034,1.42,1.034,1.42,1.2,1.034,1.2
Meat and meat products,Bovine marrowbone,,,,0.01,,,
Meat and meat products,"Bovine meat, dried",,0.575,0.575,0.575,0.25,,0.18
Meat and meat products,"Bovine meat, dried, PROCESS Cooking in water",0.12,0.12,0.12,0.12,0.12,0.12,0.12
Meat and meat products,"Bovine meat, dried, PROCESS Steaming",0.12,0.12,0.12,0.12,0.12,0.12,0.12
Meat and meat products,Bovine stomach,0.07,0.07,0.07,0.18,0.07,0.07,0.07
Meat and meat products,"Bovine stomach, PROCESS Baking",0.08,0.08,0.08,0.08,0.08,0.08,0.08
Meat and meat products,"Bovine stomach, PROCESS Cooking in water",0.08,0.08,0.08,0.08,0.08,0.08,0.08
Meat and meat products,"Bovine stomach, PROCESS Frying",0.08,0.08,0.08,0.08,0.08,0.08,0.08
Meat and meat products,"Bovine stomach, PROCESS Steaming",0.08,0.08,0.08,0.08,0.08,0.08,0.08
Meat and meat products,Bovine tail,0.17,0.17,0.17,0.17,0.29,0.17,0.29
Meat and meat products,"Bovine tail, PROCESS Cooking in water",0.197,0.197,0.197,0.197,0.28,0.197,0.28
Meat and meat products,"Bovine tail, PROCESS Frying",0.214,0.214,0.214,0.214,0.214,0.214,0.214
Meat and meat products,"Bovine tail, PROCESS Steaming",0.197,0.197,0.197,0.197,0.28,0.197,0.28
Meat and meat products,Bovine tongue,0.29,0.29,0.29,0.3,0.34,0.29,0.34
Meat and meat products,"Bovine tongue, PROCESS Baking",0.309,0.294,0.309,0.294,0.294,0.309,0.309
Meat and meat products,"Bovine tongue, PROCESS Cooking in water",0.31,0.294,0.309,0.294,0.28,0.31,0.28
Meat and meat products,"Bovine tongue, PROCESS Frying",0.309,0.294,0.309,0.294,0.294,0.309,0.309
Meat and meat products,"Bovine tongue, PROCESS Steaming",0.31,0.294,0.309,0.294,0.28,0.31,0.28
Meat and meat products,Breakfast-type sausage,0.13,0.165,0.165,0.165,0.13,0.13,0.11
Meat and meat products,"Breakfast-type sausage, PROCESS Baking",0.169,0.169,0.169,0.169,0.13,0.169,0.13
Meat and meat products,"Breakfast-type sausage, PROCESS Cooking in water",0.18,0.169,0.169,0.169,0.169,0.169,0.169
Meat and meat products,"Breakfast-type sausage, PROCESS Frying",0.13,0.13,0.13,0.13,0.13,0.13,0.13
Meat and meat products,"Breakfast-type sausage, PROCESS Steaming",0.169,0.169,0.169,0.169,0.169,0.169,0.169
Meat and meat products,Canned meat,0.15,0.19,0.19,0.29,0.08,0.15,0.08
Meat and meat products,"Cervelat (swiss type), PROCESS Baking",0.152,0.152,0.152,0.152,0.16,0.152,0.16
Meat and meat products,"Cervelat (swiss type), PROCESS Cooking in water",0.152,0.152,0.152,0.152,0.152,0.152,0.152
Meat and meat products,"Cervelat (swiss type), PROCESS Steaming",0.152,0.152,0.152,0.152,0.152,0.152,0.152
Meat and meat products,"Cervelat (swiss type), QUAL Low fat (naturally or reduced), PROCESS Baking",0.09,0.09,0.09,0.09,0.09,0.09,0.09
Meat and meat products,"Cervelat (swiss type), QUAL Low fat (naturally or reduced), PROCESS Cooking in water",0.09,0.09,0.09,0.09,0.09,0.09,0.09
Meat and meat products,"Cervelat (swiss type), QUAL Low fat (naturally or reduced), PROCESS Steaming",0.09,0.09,0.09,0.09,0.09,0.09,0.09
Meat and meat products,Chicken fresh meat,0.16,0.18,0.158,0.2,0.03,0.16,0.14
Meat and meat products,"Chicken fresh meat, PROCESS Baking",0.22,0.178,0.152,0.39,0.24,0.22,0.16
Meat and meat products,"Chicken fresh meat, PROCESS Cooking in water",,0.28,0.171,0.28,0.13,0.171,0.13
Meat and meat products,"Chicken fresh meat, PROCESS Frying",0.19,0.098,0.17,0.2,0.08,,0.16
Meat and meat products,"Chicken fresh meat, PROCESS Steaming",,0.098,0.171,0.098,0.168,0.168,0.13
Meat and meat products,Chicken liver,2.46,2.49,2.49,2.49,1.04,2.46,2.16
Meat and meat products,"Chicken liver, PROCESS Baking",2.806,1.8,2.806,1.8,1.8,2.806,2.806
Meat and meat products,"Chicken liver, PROCESS Cooking in water",1.52,1.52,1.52,1.52,1.52,1.52,1.52
Meat and meat products,"Chicken liver, PROCESS Frying",2.806,2.806,2.806,2.806,2.72,2.806,2.72
Meat and meat products,"Chicken liver, PROCESS Steaming",1.52,1.8,1.52,1.8,1.8,1.52,1.52
Meat and meat products,"Chicken, other organs (edible offal non-muscle)",0.36,0.36,0.36,0.36,0.36,0.36,0.36
Meat and meat products,"Chicken, other organs (edible offal non-muscle), PROCESS Baking",0.36,0.36,0.36,0.36,0.36,0.36,0.36
Meat and meat products,"Chicken, other organs (edible offal non-muscle), PROCESS Cooking in water",0.36,0.36,0.36,0.36,0.36,0.36,0.36
Meat and meat products,"Chicken, other organs (edible offal non-muscle), PROCESS Steaming",0.36,0.36,0.36,0.36,0.36,0.36,0.36
Meat and meat products,Chorizo and similar,,0.26,0.187,0.26,0.12,0.14,0.12
Meat and meat products,"Chorizo and similar, QUAL Low fat (naturally or reduced)",0.18,0.163,0.163,0.163,0.163,0.18,0.163
Meat and meat products,Cooked bovine tongue,0.309,0.294,0.309,0.294,0.39,0.309,0.39
Meat and meat products,"Cooked bratwurst-type sausage, PROCESS Baking",0.179,0.179,0.179,0.179,0.18,0.179,0.18
Meat and meat products,"Cooked bratwurst-type sausage, PROCESS Cooking in water",,0.179,0.179,0.179,0.179,,0.179
Meat and meat products,"Cooked bratwurst-type sausage, PROCESS Steaming",0.179,0.179,0.179,0.179,0.179,0.179,0.179
Meat and meat products,"Cooked bratwurst-type sausage, QUAL Low fat (naturally or reduced), PROCESS Baking",0.1,0.1,0.1,0.1,0.1,0.1,0.1
Meat and meat products,"Cooked bratwurst-type sausage, QUAL Low fat (naturally or reduced), PROCESS Cooking in water",0.1,0.1,0.1,0.1,0.1,0.1,0.1
Meat and meat products,"Cooked bratwurst-type sausage, QUAL Low fat (naturally or reduced), PROCESS Steaming",0.1,0.1,0.1,0.1,0.1,0.1,0.1
Meat and meat products,Cooked other poultry meat,,0.18,0.18,0.18,0.18,,0.18
Meat and meat products,Cooked pork ham,,0.197,0.06,0.15,0.17,0.2,0.17
Meat and meat products,Cooked pork tongue,0.42,0.54,0.54,0.54,0.42,0.42,0.54
Meat and meat products,"Cooked sausages (generic), QUAL Low fat (naturally or reduced)",0.162,0.162,0.162,0.162,0.12,0.162,0.11
Meat and meat products,"Cooked sausages (generic), QUAL Low sodium / reduced salt",0.08,0.08,0.08,0.08,0.08,0.08,0.08
Meat and meat products,Cooked turkey meat,0.15,0.19,0.098,0.19,0.18,0.15,0.18
Meat and meat products,"Corned beef, uncooked",,0.1,0.1,0.18,,,0.1
Meat and meat products,"Corned beef, uncooked, PROCESS Baking",0.129,0.129,0.129,0.129,0.129,0.129,0.129
Meat and meat products,"Corned beef, uncooked, PROCESS Cooking in water",0.129,0.129,0.129,0.129,0.1,0.129,0.2
Meat and meat products,"Corned beef, uncooked, PROCESS Frying",0.129,0.129,0.129,0.129,0.129,0.129,0.129
Meat and meat products,"Corned beef, uncooked, PROCESS Steaming",0.129,0.129,0.129,0.129,0.1,0.129,0.2
Meat and meat products,"Corned pork meat, cooked",0.109,0.109,0.109,0.109,0.109,0.109,0.109
Meat and meat products,"Corned pork, uncooked, PROCESS Baking",0.234,0.234,0.234,0.234,0.234,0.234,0.234
Meat and meat products,"Corned pork, uncooked, PROCESS Cooking in water",0.234,0.234,0.234,0.234,0.234,0.234,0.234
Meat and meat products,"Corned pork, uncooked, PROCESS Steaming",0.234,0.234,0.234,0.234,0.234,0.234,0.234
Meat and meat products,Cured pork fat,0.073,,0.073,,0.073,0.073,0.073
Meat and meat products,Cured seasoned poultry meat,0.081,0.081,0.081,0.081,0.081,0.081,0.081
Meat and meat products,"Cured seasoned poultry meat, PROCESS Baking",0.071,0.071,0.071,0.071,0.1,0.071,0.1
Meat and meat products,"Cured seasoned poultry meat, PROCESS Cooking in water",0.071,0.071,0.071,0.071,0.071,0.071,0.071
Meat and meat products,"Cured seasoned poultry meat, PROCESS Steaming",0.071,0.071,0.071,0.071,0.071,0.071,0.071
Meat and meat products,"Deer, fallow fresh meat",0.25,0.25,0.25,0.48,0.25,0.25,0.25
Meat and meat products,"Deer, fallow fresh meat, PROCESS Baking",0.33,0.33,0.33,0.33,0.33,0.33,0.33
Meat and meat products,"Deer, fallow fresh meat, PROCESS Cooking in water",0.152,0.152,0.152,0.152,0.152,0.152,0.152
Meat and meat products,"Deer, fallow fresh meat, PROCESS Steaming",0.152,0.152,0.152,0.152,0.152,0.152,0.152
Meat and meat products,"Deer, red fresh meat",0.34,0.25,0.25,0.25,0.25,0.34,0.25
Meat and meat products,"Deer, red fresh meat, PROCESS Baking",,0.4,0.33,0.4,0.4,,0.33
Meat and meat products,"Deer, red fresh meat, PROCESS Cooking in water",,0.152,0.152,0.152,0.152,,0.152
Meat and meat products,"Deer, red fresh meat, PROCESS Steaming",,0.152,0.152,0.152,0.152,,0.152
Meat and meat products,Dry and fermented sausages-deprecated,0.18,0.3,0.198,0.2,0.12,0.198,0.23
Meat and meat products,"Dry and fermented sausages-deprecated, QUAL Low fat (naturally or reduced)",0.12,0.12,0.12,0.12,0.12,0.12,0.12
Meat and meat products,Duck fresh meat,0.2,0.88,0.2,0.18,0.2,0.2,0.51
Meat and meat products,"Duck fresh meat, PROCESS Baking",,0.47,0.258,0.47,0.377,,0.51
Meat and meat products,"Duck fresh meat, PROCESS Cooking in water",,0.232,0.232,0.232,0.232,,0.232
Meat and meat products,"Duck fresh meat, PROCESS Steaming",,0.232,0.232,0.232,0.232,,0.232
Meat and meat products,Duck liver,2.5,2.5,2.5,2.5,2.5,2.5,2.5
Meat and meat products,"Duck liver, PROCESS Baking",3.2,3.2,3.2,3.2,3.2,3.2,3.2
Meat and meat products,"Duck liver, PROCESS Frying",0.6,0.6,0.6,0.6,0.6,0.6,0.6
Meat and meat products,Equine fresh meat,0.15,0.15,0.15,0.18,0.1,0.15,0.1
Meat and meat products,"Equine fresh meat, PROCESS Baking",0.14,0.355,0.175,0.355,0.14,0.14,0.175
Meat and meat products,"Equine fresh meat, PROCESS Frying",0.14,0.14,0.14,0.14,0.14,0.14,0.14
Meat and meat products,European moose meat,0.3,0.37,0.37,0.37,0.3,0.37,0.37
Meat and meat products,"European moose meat, PROCESS Baking",0.39,0.39,0.39,0.39,0.39,0.39,0.39
Meat and meat products,"European moose meat, PROCESS Frying",0.39,,,,0.39,,
Meat and meat products,"Frankfurt-type sausage, PROCESS Baking",0.113,0.113,0.113,0.46,0.15,0.113,0.15
Meat and meat products,"Frankfurt-type sausage, PROCESS Cooking in water",0.2,0.2,0.137,0.3,0.08,0.2,0.08
Meat and meat products,"Frankfurt-type sausage, PROCESS Steaming",0.137,0.2,0.137,0.2,0.08,0.137,0.08
Meat and meat products,"Frankfurt-type sausage, QUAL Low fat (naturally or reduced), PROCESS Baking",0.185,0.185,0.185,0.185,0.185,0.185,0.185
Meat and meat products,"Frankfurt-type sausage, QUAL Low fat (naturally or reduced), PROCESS Cooking in water",0.185,0.185,0.185,0.185,0.08,0.185,0.08
Meat and meat products,"Frankfurt-type sausage, QUAL Low fat (naturally or reduced), PROCESS Steaming",0.185,0.185,0.185,0.185,0.08,0.185,0.08
Meat and meat products,"Frankfurter sausage, PROCESS Baking",0.2,0.113,0.113,0.113,0.2,0.2,0.15
Meat and meat products,"Frankfurter sausage, PROCESS Cooking in water",0.14,0.2,0.137,0.2,0.08,0.14,0.08
Meat and meat products,"Frankfurter sausage, PROCESS Steaming",0.14,0.137,0.137,0.137,0.2,0.14,0.137
Meat and meat products,"Frankfurter sausage, QUAL Low fat (naturally or reduced), PROCESS Baking",0.185,0.185,0.185,0.185,0.185,0.185,0.185
Meat and meat products,"Frankfurter sausage, QUAL Low fat (naturally or reduced), PROCESS Cooking in water",0.185,0.185,0.185,0.185,0.08,0.185,0.08
Meat and meat products,"Frankfurter sausage, QUAL Low fat (naturally or reduced), PROCESS Steaming",0.185,0.185,0.185,0.185,0.185,0.185,0.185
Meat and meat products,Fresh bratwurst,0.16,0.165,0.165,0.165,0.14,0.16,0.14
Meat and meat products,"Fresh bratwurst, PROCESS Baking",0.169,0.169,0.169,0.169,0.18,0.169,0.18
Meat and meat products,"Fresh bratwurst, PROCESS Cooking in water",0.169,0.169,0.169,0.169,0.169,0.169,0.169
Meat and meat products,"Fresh bratwurst, PROCESS Steaming",0.169,0.169,0.169,0.169,0.169,0.169,0.169
Meat and meat products,Fresh raw sausages,,0.2,0.2,0.03,0.14,,0.11
Meat and meat products,"Fresh raw sausages, PROCESS Baking",0.169,0.169,0.169,0.169,0.13,0.169,0.13
Meat and meat products,"Fresh raw sausages, PROCESS Cooking in water",0.169,0.2,0.169,0.2,0.2,0.169,0.169
Meat and meat products,"Fresh raw sausages, PROCESS Frying",0.169,0.169,0.169,0.1,0.19,0.169,0.13
Meat and meat products,"Fresh raw sausages, PROCESS Steaming",0.169,0.169,0.169,0.169,0.169,0.169,0.169
Meat and meat products,Fresh smoked sausages-deprecated,0.18,0.147,0.189,0.147,0.147,0.189,0.189
Meat and meat products,"Fresh smoked sausages-deprecated, QUAL Low fat (naturally or reduced)",0.378,0.378,0.378,0.378,0.378,0.378,0.378
Meat and meat products,"Fresh smoked sausages-deprecated, QUAL Low sodium / reduced salt",0.189,0.189,0.189,0.189,0.189,0.189,0.189
Meat and meat products,Fresh spiced sausages in casing,0.14,0.14,0.14,0.2,0.14,0.14,0.14
Meat and meat products,"Fresh spiced sausages in casing, PROCESS Baking",0.19,0.19,0.19,0.1,0.19,0.19,0.19
Meat and meat products,Game birds fresh meat,0.9,0.27,0.27,0.27,0.27,0.9,0.27
Meat and meat products,"Game birds fresh meat, PROCESS Baking",1.07,0.29,0.258,0.29,0.8,1.07,0.8
Meat and meat products,"Game birds fresh meat, PROCESS Cooking in water",,0.232,0.232,0.232,0.232,,0.232
Meat and meat products,"Game birds fresh meat, PROCESS Steaming",,0.232,0.232,0.232,0.232,,0.232
Meat and meat products,"Generic traditionally farmed mammals, fresh fat tissue",0.05,0.05,0.05,0.05,0.05,0.05,0.05
Meat and meat products,"Generic traditionally farmed mammals, fresh fat tissue, PROCESS Cooking in water",0.17,0.17,0.17,0.17,0.17,0.17,0.17
Meat and meat products,"Generic traditionally farmed mammals, fresh fat tissue, PROCESS Steaming",0.17,0.17,0.17,0.17,0.17,0.17,0.17
Meat and meat products,German salami,0.2,0.2,0.2,0.2,0.12,0.2,0.12
Meat and meat products,"German salami, QUAL Low fat (naturally or reduced)",0.163,0.163,0.163,0.163,0.12,0.163,0.12
Meat and meat products,Goat fresh meat,0.28,0.28,0.28,0.1,0.49,0.28,0.49
Meat and meat products,"Goat fresh meat, PROCESS Baking",0.27,0.323,0.323,0.323,0.27,0.27,0.323
Meat and meat products,"Goat fresh meat, PROCESS Cooking in water",0.38,0.38,0.38,0.38,0.38,0.38,0.38
Meat and meat products,"Goat fresh meat, PROCESS Steaming",0.38,0.38,0.38,0.38,0.38,0.38,0.38
Meat and meat products,"Goat liver, PROCESS Baking",2.5,2.5,2.5,2.5,2.5,2.5,2.5
Meat and meat products,Goose fresh meat,0.3,0.26,0.26,0.2,0.3,0.26,0.3
Meat and meat products,"Goose fresh meat, PROCESS Baking",0.36,0.4,0.36,0.4,0.51,0.36,0.51
Meat and meat products,"Goose fresh meat, PROCESS Cooking in water",,0.164,0.164,0.164,0.164,,0.164
Meat and meat products,"Goose fresh meat, PROCESS Steaming",,0.164,0.164,0.164,0.164,,0.164
Meat and meat products,Goose liver,3.2,3.2,3.2,3.2,3.2,3.2,3.2
Meat and meat products,"Goose liver, PROCESS Baking",1.9,1.9,1.9,1.9,1.9,1.9,1.9
Meat and meat products,"Goose liver, PROCESS Cooking in water",3.2,3.2,3.2,3.2,3.2,3.2,3.2
Meat and meat products,"Goose liver, PROCESS Frying",0.567,0.567,0.567,0.567,0.567,0.567,0.567
Meat and meat products,"Grouse fresh meat, PROCESS Baking",0.53,0.8,0.53,0.8,0.53,0.53,0.8
Meat and meat products,Guinea-fowl fresh meat,0.16,0.16,0.16,0.35,0.16,0.16,0.16
Meat and meat products,"Ham, beef",0.14,0.243,0.243,0.23,0.243,0.14,0.243
Meat and meat products,"Ham, beef, PROCESS Baking",0.243,0.243,0.243,0.243,0.243,0.243,0.243
Meat and meat products,"Ham, beef, PROCESS Cooking in water",0.243,0.243,0.243,0.243,0.243,0.243,0.243
Meat and meat products,"Ham, beef, PROCESS Steaming",0.243,0.243,0.243,0.243,0.243,0.243,0.243
Meat and meat products,"Ham, pork",0.27,0.38,0.227,0.38,0.17,0.25,0.13
Meat and meat products,"Ham, pork, PROCESS Baking",0.2,0.222,0.222,0.222,0.14,0.2,0.18
Meat and meat products,"Ham, pork, PROCESS Cooking in water",0.23,0.197,0.282,0.197,0.17,0.23,0.16
Meat and meat products,"Ham, pork, PROCESS Steaming",0.23,0.282,0.282,0.282,0.17,0.23,0.16
Meat and meat products,Hare fresh meat,0.19,0.06,0.06,0.06,0.06,0.19,0.06
Meat and meat products,"Hare fresh meat, PROCESS Baking",0.24,0.079,0.079,0.079,0.158,0.24,0.079
Meat and meat products,"Hare fresh meat, PROCESS Cooking in water",,0.036,0.036,0.036,0.036,,0.036
Meat and meat products,"Hare fresh meat, PROCESS Steaming",,0.036,0.036,0.036,0.036,,0.036
Meat and meat products,Head cheese,0.1,0.108,0.18,0.108,0.16,0.1,0.16
Meat and meat products,Hungarian-type salami,0.187,0.187,0.187,0.25,0.2,0.187,0.2
Meat and meat products,"Hungarian-type salami, QUAL Low fat (naturally or reduced)",0.163,0.163,0.163,0.163,0.163,0.163,0.163
Meat and meat products,Italian-type salami,0.18,0.215,0.215,0.21,0.2,0.18,0.16
Meat and meat products,"Knackwurst-type sausage, PROCESS Baking",0.171,0.171,0.171,0.171,0.171,0.171,0.171
Meat and meat products,"Knackwurst-type sausage, PROCESS Cooking in water",0.204,0.2,0.204,0.2,0.08,0.204,0.08
Meat and meat products,"Knackwurst-type sausage, PROCESS Steaming",0.171,0.171,0.171,0.171,0.171,0.171,0.171
Meat and meat products,"Knackwurst-type sausage, QUAL Low fat (naturally or reduced), PROCESS Cooking in water",0.08,0.08,0.08,0.08,0.08,0.08,0.08
Meat and meat products,Liver based spreadable-textured specialities,,0.766,0.766,0.766,0.81,,1.17
Meat and meat products,Liver cheese,0.15,0.15,0.15,0.15,0.84,0.15,0.84
Meat and meat products,Liver-type sausage,0.55,0.92,0.92,0.92,0.78,0.55,1.16
Meat and meat products,"Liver-type sausage, QUAL Low fat (naturally or reduced)",0.86,1.876,1.876,1.876,1.876,0.86,1.876
Meat and meat products,Luncheon spiced ham-type tinned meat,0.115,0.194,0.194,0.194,0.12,0.115,0.15
Meat and meat products,Mallard fresh meat,0.27,0.27,0.27,0.27,0.2,0.27,0.2
Meat and meat products,"Mallard fresh meat, PROCESS Baking",0.258,0.258,0.258,0.258,0.258,0.258,0.258
Meat and meat products,"Mallard fresh meat, PROCESS Cooking in water",0.232,0.232,0.232,0.232,0.232,0.232,0.232
Meat and meat products,"Mallard fresh meat, PROCESS Steaming",0.232,0.232,0.232,0.232,0.232,0.232,0.232
Meat and meat products,Matured charcuterie products for cooking,0.198,0.198,0.198,0.198,0.198,0.198,0.198
Meat and meat products,Meat based spreadable-textured specialities,0.166,0.166,0.166,0.166,0.19,0.166,0.19
Meat and meat products,Mettwurst-type sausage,0.148,0.154,0.154,0.154,0.12,0.148,0.12
Meat and meat products,"Mettwurst-type sausage, QUAL Low fat (naturally or reduced)",0.484,0.484,0.484,0.484,0.362,0.484,0.362
Meat and meat products,Miscellaneous cooked sausages,0.18,0.2,0.12,0.2,0.2,0.12,0.12
Meat and meat products,Mixed beef and mutton/lamb fresh meat,0.25,0.25,0.15,0.25,0.25,0.25,0.25
Meat and meat products,"Mixed beef and mutton/lamb fresh meat, QUAL Half fat or medium fat",0.16,0.16,0.16,0.16,0.16,0.16,0.16
Meat and meat products,"Mixed beef and mutton/lamb fresh meat, QUAL Low fat (naturally or reduced)",0.17,0.17,0.17,0.17,0.17,0.17,0.17
Meat and meat products,Mixed fresh fat tissue,0,0,0,0,0,0,0
Meat and meat products,"Mixed fresh fat tissue, PROCESS Baking",0,0,0,0,0,0,0
Meat and meat products,Mixed fresh meat,0.207,0.17,0.207,0.17,0.17,0.207,0.207
Meat and meat products,"Mixed fresh meat, PROCESS Baking",0.178,0.205,0.205,0.205,0.178,0.178,0.205
Meat and meat products,"Mixed fresh meat, PROCESS Cooking in water",0.254,0.254,0.254,0.254,0.254,0.254,0.254
Meat and meat products,"Mixed fresh meat, PROCESS Steaming",0.254,0.254,0.254,0.254,0.254,0.254,0.254
Meat and meat products,"Mixed fresh meat, QUAL Half fat or medium fat",0.15,0.15,0.15,0.15,0.15,0.15,0.15
Meat and meat products,"Mixed fresh meat, QUAL Low fat (naturally or reduced)",0.18,0.18,0.18,0.18,0.18,0.18,0.18
Meat and meat products,Mixed pork and mutton/lamb fresh meat,0.198,0.198,0.198,0.198,0.198,0.198,0.198
Meat and meat products,"Mixed pork and mutton/lamb fresh meat, QUAL Half fat or medium fat, PROCESS Cooking in water",0.27,0.27,0.27,0.27,0.27,0.27,0.27
Meat and meat products,"Mixed pork and mutton/lamb fresh meat, QUAL Half fat or medium fat, PROCESS Steaming",0.27,0.27,0.27,0.27,0.27,0.27,0.27
Meat and meat products,Mortadella-type sausage,0.177,0.15,0.177,0.26,0.12,0.177,0.16
Meat and meat products,"Mortadella-type sausage, QUAL Low fat (naturally or reduced)",0.04,0.04,0.04,0.04,0.12,0.04,0.12
Meat and meat products,Pancetta,0.155,0.155,0.155,0.155,0.155,0.155,0.155
Meat and meat products,"Pancetta, PROCESS Baking",0.46,0.46,0.46,0.46,0.46,0.46,0.46
Meat and meat products,Partridge fresh meat,0.15,0.15,0.15,0.19,0.12,0.15,0.12
Meat and meat products,"Partridge fresh meat, PROCESS Baking",0.153,0.153,0.153,0.153,0.153,0.153,0.153
Meat and meat products,"Partridge fresh meat, PROCESS Cooking in water",0.18,0.18,0.18,0.18,0.18,0.18,0.18
Meat and meat products,"Partridge fresh meat, PROCESS Steaming",0.18,0.18,0.18,0.18,0.18,0.18,0.18
Meat and meat products,"Pastrami, beef",0.1,0.1,0.1,0.1,0.1,0.1,0.1
Meat and meat products,"Pate, chicken liver",1.17,1.17,1.17,1.17,1.17,1.17,1.17
Meat and meat products,"Pate, goose liver",2.489,1.4,2.489,1.4,1.4,2.489,2.489
Meat and meat products,"Pate, pork liver",1.5,0.8,0.6,0.8,0.81,0.15,0.81
Meat and meat products,Pheasant fresh meat,0.135,0.135,0.135,0.19,0.12,0.135,0.12
Meat and meat products,"Pheasant fresh meat, PROCESS Baking",0.285,0.29,0.285,0.29,0.285,0.285,0.29
Meat and meat products,"Pheasant fresh meat, PROCESS Cooking in water",,0.082,0.082,0.082,0.082,,0.082
Meat and meat products,"Pheasant fresh meat, PROCESS Frying",0.082,0.082,0.082,0.082,0.082,0.082,0.082
Meat and meat products,"Pheasant fresh meat, PROCESS Steaming",,0.082,0.082,0.082,0.082,,0.082
Meat and meat products,Pig fresh meat,0.25,0.208,0.198,0.31,0.15,0.25,0.24
Meat and meat products,"Pig fresh meat, PROCESS Baking",0.44,0.243,0.193,0.243,0.27,0.26,0.3
Meat and meat products,"Pig fresh meat, PROCESS Cooking in water",0.36,0.38,0.24,0.38,0.25,0.23,0.25
Meat and meat products,"Pig fresh meat, PROCESS Frying",0.31,0.41,0.41,0.5,0.26,0.31,0.41
Meat and meat products,"Pig fresh meat, PROCESS Steaming",0.36,0.24,0.24,0.24,0.25,0.23,0.25
Meat and meat products,Pig kidney,1.8,1.8,1.8,1.8,2.58,1.8,2.58
Meat and meat products,"Pig kidney, PROCESS Baking",2.053,2.1,2.053,2.1,2.1,2.053,2.053
Meat and meat products,"Pig kidney, PROCESS Cooking in water",1.072,2.1,1.072,2.1,2.1,1.072,2.1
Meat and meat products,"Pig kidney, PROCESS Frying",2.053,2.053,2.053,2.053,3.7,2.053,3.7
Meat and meat products,"Pig kidney, PROCESS Steaming",1.072,2.1,1.072,2.1,2.1,1.072,2.1
Meat and meat products,Pig liver,2.69,3.17,3.17,2.98,3.08,2.69,3.36
Meat and meat products,"Pig liver, PROCESS Baking",2.336,2.336,2.336,2.336,2.336,2.336,2.336
Meat and meat products,"Pig liver, PROCESS Cooking in water",1.934,1.934,1.934,1.934,3,1.934,3.1
Meat and meat products,"Pig liver, PROCESS Frying",,3.96,3.96,3.96,3.96,,3.96
Meat and meat products,"Pig liver, PROCESS Steaming",1.934,1.934,1.934,1.934,3,1.934,3.1
Meat and meat products,Pig trotters and feet,0.21,0.21,0.21,0.21,0.21,0.21,0.21
Meat and meat products,"Pig trotters and feet, PROCESS Cooking in water",0.2,0.2,0.2,0.28,0.2,0.2,0.2
Meat and meat products,"Pig trotters and feet, PROCESS Steaming",0.2,0.2,0.2,0.28,0.2,0.2,0.2
Meat and meat products,Pigeon fresh meat,0.28,0.28,0.28,0.15,0.28,0.28,0.28
Meat and meat products,"Pigeon fresh meat, PROCESS Baking",0.327,,0.327,,1.17,0.327,1.17
Meat and meat products,"Pigeon fresh meat, PROCESS Frying",0.327,0.327,0.327,0.327,0.327,0.327,0.327
Meat and meat products,Polish-type cooked sausage,0.195,0.195,0.195,0.195,0.195,0.195,0.195
Meat and meat products,Ptarmigan fresh meat,0.53,0.53,0.53,0.53,0.53,0.53,0.53
Meat and meat products,Quail fresh meat,0.16,0.16,0.16,0.15,0.16,0.16,0.16
Meat and meat products,"Quail fresh meat, PROCESS Baking",0.141,,0.141,,,0.141,0.141
Meat and meat products,"Quail fresh meat, PROCESS Cooking in water",0.22,0.22,0.22,0.22,0.22,0.22,0.22
Meat and meat products,"Quail fresh meat, PROCESS Steaming",0.22,0.22,0.22,0.22,0.22,0.22,0.22
Meat and meat products,Rabbit fresh meat,0.08,0.18,0.066,0.3,0.05,0.08,0.19
Meat and meat products,"Rabbit fresh meat, PROCESS Baking",0.059,0.21,0.059,0.21,0.21,0.059,0.059
Meat and meat products,"Rabbit fresh meat, PROCESS Cooking in water",0.04,0.24,0.04,0.24,0.16,0.04,0.16
Meat and meat products,"Rabbit fresh meat, PROCESS Steaming",0.04,0.04,0.04,0.04,0.16,0.04,0.16
Meat and meat products,Reindeer meat,0.2,0.2,0.2,0.2,0.2,0.2,0.2
Meat and meat products,"Reindeer meat, PROCESS Baking",0.26,0.187,0.187,0.187,0.187,0.71,0.187
Meat and meat products,"Reindeer meat, PROCESS Cooking in water",0.21,0.21,0.21,0.21,0.21,0.21,0.21
Meat and meat products,"Reindeer meat, PROCESS Frying",0.21,,,,0.21,,
Meat and meat products,"Reindeer meat, PROCESS Steaming",0.21,0.21,0.21,0.21,0.21,0.21,0.21
Meat and meat products,Roe deer meat,0.25,0.25,0.25,0.25,0.25,0.25,0.25
Meat and meat products,"Roe deer meat, PROCESS Baking",0.331,0.331,0.331,0.331,0.331,0.331,0.331
Meat and meat products,"Roe deer meat, PROCESS Cooking in water",,0.152,0.152,0.152,0.152,,0.152
Meat and meat products,"Roe deer meat, PROCESS Steaming",,0.152,0.152,0.152,0.152,,0.152
Meat and meat products,Sheep fresh meat,0.23,0.21,0.21,0.28,0.22,0.23,0.22
Meat and meat products,"Sheep fresh meat, PROCESS Baking",0.27,0.26,0.244,0.28,0.26,0.27,0.26
Meat and meat products,"Sheep fresh meat, PROCESS Cooking in water",0.27,0.25,0.25,0.25,0.21,0.27,0.21
Meat and meat products,"Sheep fresh meat, PROCESS Frying",0.3,0.2,0.2,0.2,0.25,0.3,0.2
Meat and meat products,"Sheep fresh meat, PROCESS Steaming",0.27,0.25,0.25,0.25,0.21,0.27,0.21
Meat and meat products,Sheep kidney,2.14,2.35,2.35,2.35,2.38,2.35,2.38
Meat and meat products,"Sheep kidney, PROCESS Baking",2.688,2.688,2.688,2.688,2.688,2.688,2.688
Meat and meat products,"Sheep kidney, PROCESS Cooking in water",1.398,2.3,1.398,2.3,2.3,1.398,1.398
Meat and meat products,"Sheep kidney, PROCESS Frying",2.688,2.688,2.688,2.688,3.1,2.688,3.1
Meat and meat products,"Sheep kidney, PROCESS Steaming",1.398,2.3,1.398,2.3,2.3,1.398,1.398
Meat and meat products,Sheep liver,4.26,3.3,3.3,3.28,4.64,3.3,4.64
Meat and meat products,"Sheep liver, PROCESS Baking",3.725,3.725,3.725,3.725,3.725,3.725,3.725
Meat and meat products,"Sheep liver, PROCESS Cooking in water",3.725,3.725,3.725,3.725,3.725,3.725,3.725
Meat and meat products,"Sheep liver, PROCESS Frying",,5.65,5.65,5.65,5.65,,5.65
Meat and meat products,"Sheep liver, PROCESS Steaming",3.725,3.725,3.725,3.725,3.725,3.725,3.725
Meat and meat products,"Smoked cooked sausage-deprecated, PROCESS Baking",0.13,0.113,0.113,0.113,0.113,0.13,0.113
Meat and meat products,"Smoked cooked sausage-deprecated, PROCESS Cooking in water",0.12,0.2,0.137,0.2,0.12,0.12,0.12
Meat and meat products,"Smoked cooked sausage-deprecated, PROCESS Steaming",0.12,0.137,0.137,0.137,0.137,0.12,0.137
Meat and meat products,"Smoked cooked sausage-deprecated, QUAL Low fat (naturally or reduced), PROCESS Baking",0.11,0.11,0.11,0.11,0.11,0.11,0.11
Meat and meat products,"Smoked cooked sausage-deprecated, QUAL Low fat (naturally or reduced), PROCESS Cooking in water",0.11,0.11,0.11,0.11,0.11,0.11,0.11
Meat and meat products,Snack sausages (like Cabanos and landjäger),0.166,0.166,0.166,0.166,0.166,0.166,0.166
Meat and meat products,"Snack sausages (like Cabanos and landjäger), QUAL Low fat (naturally or reduced)",0.117,0.117,0.117,0.117,0.117,0.117,0.117
Meat and meat products,Teewurst-type sausage,0.074,0.074,0.074,0.074,0.12,0.074,0.12
Meat and meat products,"Teewurst-type sausage, QUAL Low fat (naturally or reduced)",0.404,0.404,0.404,0.404,0.404,0.404,0.404
Meat and meat products,"Teewurst-type sausage, QUAL Low sodium / reduced salt",0.074,0.074,0.074,0.074,0.074,0.074,0.074
Meat and meat products,Thuringian sausage,0.165,0.165,0.165,0.165,0.165,0.165,0.165
Meat and meat products,"Thuringian sausage, PROCESS Baking",0.169,0.169,0.169,0.169,0.169,0.169,0.169
Meat and meat products,"Thuringian sausage, PROCESS Cooking in water",0.169,0.169,0.169,0.169,0.169,0.169,0.169
Meat and meat products,"Thuringian sausage, PROCESS Steaming",0.169,0.169,0.169,0.169,0.169,0.169,0.169
Meat and meat products,Tinned bulk sausages,0.2,1.431,1.431,1.431,0.2,0.2,1.431
Meat and meat products,Tiroler speck,0.145,0.145,0.145,0.14,0.145,0.145,0.145
Meat and meat products,"Tiroler speck, PROCESS Cooking in water",0.161,0.161,0.161,0.161,0.161,0.161,0.161
Meat and meat products,"Tiroler speck, PROCESS Steaming",0.161,0.161,0.161,0.161,0.161,0.161,0.161
Meat and meat products,Turkey fresh meat,0.24,0.16,0.16,0.2,0.17,0.24,0.22
Meat and meat products,"Turkey fresh meat, PROCESS Baking",0.26,0.19,0.202,0.19,0.45,0.26,0.19
Meat and meat products,"Turkey fresh meat, PROCESS Cooking in water",0.18,0.098,0.098,0.098,0.2,0.18,0.2
Meat and meat products,"Turkey fresh meat, PROCESS Frying",,0.12,0.12,0.1,0.12,,0.12
Meat and meat products,"Turkey fresh meat, PROCESS Steaming",0.18,0.098,0.098,0.098,0.2,0.18,0.2
Meat and meat products,"Turkey liver, PROCESS Baking",0.892,0.892,0.892,0.892,0.892,0.892,0.892
Meat and meat products,"Undefined mixed fresh meat, other species",,0.207,0.207,0.207,0.207,,0.207
Meat and meat products,"Undefined mixed fresh meat, other species, PROCESS Baking",0.22,0.205,0.205,0.205,0.22,0.22,0.205
Meat and meat products,"Undefined mixed fresh meat, other species, PROCESS Cooking in water",0.254,0.254,0.254,0.254,0.254,0.254,0.254
Meat and meat products,"Undefined mixed fresh meat, other species, PROCESS Steaming",0.254,0.254,0.254,0.254,0.254,0.254,0.254
Meat and meat products,"Undefined mixed poultry fresh meat, PROCESS Baking",0.19,0.19,0.19,0.19,0.19,0.19,0.19
Meat and meat products,"Undefined mixed poultry fresh meat, PROCESS Cooking in water",0.19,0.19,0.19,0.19,0.19,0.19,0.19
Meat and meat products,"Undefined mixed poultry fresh meat, PROCESS Steaming",0.19,0.19,0.19,0.19,0.19,0.19,0.19
Meat and meat products,Veal kidney,2.48,2.48,2.48,2.48,2.53,2.48,2.53
Meat and meat products,"Veal kidney, PROCESS Baking",1.65,2.41,2.813,2.41,1.65,1.65,2.813
Meat and meat products,"Veal kidney, PROCESS Cooking in water",2.813,2.2,2.813,2.2,2.2,2.813,2.813
Meat and meat products,"Veal kidney, PROCESS Steaming",2.813,2.2,2.813,2.2,2.2,2.813,2.813
Meat and meat products,Veal liver,2.61,2.61,2.61,2.61,2.95,2.61,2.95
Meat and meat products,"Veal liver, PROCESS Baking",2.95,2.295,2.295,2.295,2.95,2.95,2.295
Meat and meat products,"Veal liver, PROCESS Cooking in water",1.591,1.591,1.591,1.591,1.591,1.591,1.591
Meat and meat products,"Veal liver, PROCESS Frying",3.1,3.1,3.1,3.1,3.1,3.1,3.1
Meat and meat products,"Veal liver, PROCESS Steaming",1.591,1.591,1.591,1.591,1.591,1.591,1.591
Meat and meat products,Weisswurst,0.036,0.13,0.036,0.13,0.13,0.036,0.036
Meat and meat products,"Wiener sausage, PROCESS Baking",0.124,0.124,0.124,0.124,0.124,0.124,0.124
Meat and meat products,"Wiener sausage, PROCESS Cooking in water",0.2,0.124,0.124,0.124,0.08,0.2,0.08
Meat and meat products,"Wiener sausage, PROCESS Steaming",0.2,0.124,0.124,0.124,0.2,0.2,0.124
Meat and meat products,"Wiener sausage, QUAL Low fat (naturally or reduced), PROCESS Baking",0.081,0.081,0.081,0.081,0.081,0.081,0.081
Meat and meat products,"Wiener sausage, QUAL Low fat (naturally or reduced), PROCESS Cooking in water",0.081,0.081,0.081,0.081,0.08,0.081,0.08
Meat and meat products,"Wiener sausage, QUAL Low fat (naturally or reduced), PROCESS Steaming",0.081,0.081,0.081,0.081,0.081,0.081,0.081
Meat and meat products,Wild boar fresh meat,0.2,0.2,0.2,0.2,0.2,0.2,0.2
Meat and meat products,"Wild boar fresh meat, PROCESS Baking",,0.14,0.261,0.14,0.06,,0.261
Meat and meat products,"Wild boar fresh meat, PROCESS Cooking in water",,0.123,0.123,0.123,0.123,,0.123
Meat and meat products,"Wild boar fresh meat, PROCESS Steaming",,0.123,0.123,0.123,0.123,,0.123
Meat and meat products,Wild goose fresh meat,0.26,0.26,0.26,0.26,0.26,0.26,0.26
Meat and meat products,"Wild goose fresh meat, PROCESS Baking",0.36,0.36,0.36,0.36,0.36,0.36,0.36
Meat and meat products,"Wild goose fresh meat, PROCESS Cooking in water",0.164,0.164,0.164,0.164,0.164,0.164,0.164
Meat and meat products,"Wild goose fresh meat, PROCESS Steaming",0.164,0.164,0.164,0.164,0.164,0.164,0.164
Milk and dairy products,Acidophilus milk,0.185,0.21,0.18,0.21,0.15,0.185,0.15
Milk and dairy products,"Acidophilus milk, QUAL Semi-skimmed",0.18,0.144,0.18,0.144,0.15,0.18,0.15
Milk and dairy products,"Acidophilus milk, QUAL Skim",0.17,0.203,0.17,0.203,0.15,0.17,0.15
Milk and dairy products,Ass milk,0.064,0.064,0.064,0.064,0.064,0.064,0.064
Milk and dairy products,Buttermilk,0.175,0.16,0.16,0.16,0.15,0.175,0.18
Milk and dairy products,"Buttermilk, QUAL Fat free",0.15,0.15,0.15,0.15,0.15,0.15,0.15
Milk and dairy products,"Buttermilk, QUAL Low fat (naturally or reduced)",0.2,0.15,0.171,0.15,0.15,0.2,0.15
Milk and dairy products,"Cheese, asiago",0.45,0.45,0.45,0.45,0.45,0.45,0.45
Milk and dairy products,"Cheese, bavarian blue",0.5,0.5,0.5,0.5,0.5,0.5,0.5
Milk and dairy products,"Cheese, beaufort",0.3,0.3,0.3,0.3,0.3,0.3,0.3
Milk and dairy products,"Cheese, blue castello",0.5,0.5,0.5,0.5,0.5,0.5,0.5
Milk and dairy products,"Cheese, brie",0.34,0.5,0.4,0.43,0.52,0.34,0.33
Milk and dairy products,"Cheese, brie, QUAL Half fat or medium fat",0.34,0.59,0.58,0.59,0.34,0.34,0.34
Milk and dairy products,"Cheese, butterkase",0.32,0.32,0.32,0.3,0.32,0.32,0.32
Milk and dairy products,"Cheese, butterkase, QUAL Half fat or medium fat",0.35,0.35,0.35,0.35,0.35,0.35,0.35
Milk and dairy products,"Cheese, butterkase, QUAL Low fat (naturally or reduced)",0.35,0.35,0.35,0.35,0.35,0.35,0.35
Milk and dairy products,"Cheese, caciocavallo",0.45,0.45,0.39,0.45,0.45,0.45,0.45
Milk and dairy products,"Cheese, caerphilly",0.47,0.47,0.47,0.47,0.47,0.47,0.47
Milk and dairy products,"Cheese, camembert",0.33,0.57,0.6,0.52,0.6,0.45,0.52
Milk and dairy products,"Cheese, cantal",0.3,0.3,0.3,0.3,0.3,0.3,0.3
Milk and dairy products,"Cheese, chaource",0.57,0.57,0.57,0.57,0.57,0.57,0.57
Milk and dairy products,"Cheese, cheddar",0.38,0.5,0.44,0.45,0.38,0.38,0.4
Milk and dairy products,"Cheese, cheddar, QUAL Half fat or medium fat",0.62,0.62,0.62,0.62,0.53,0.62,0.53
Milk and dairy products,"Cheese, cheddar, QUAL Low fat (naturally or reduced)",0.561,0.561,0.561,0.561,0.561,0.561,0.561
Milk and dairy products,"Cheese, cheshire",0.5,0.45,0.45,0.45,0.5,0.5,0.48
Milk and dairy products,"Cheese, cheshire, QUAL Half fat or medium fat",0.5,0.5,0.5,0.5,0.56,0.5,0.56
Milk and dairy products,"Cheese, cheshire, QUAL Low fat (naturally or reduced)",0.5,0.5,0.5,0.5,0.5,0.5,0.5
Milk and dairy products,"Cheese, chevre mould ripened",0.23,0.398,0.23,0.398,0.3,0.23,0.39
Milk and dairy products,"Cheese, coulommiers",0.6,0.34,0.6,0.34,0.34,0.6,0.6
Milk and dairy products,"Cheese, danbo",0.33,0.35,0.35,0.35,0.33,0.33,0.35
Milk and dairy products,"Cheese, danbo, QUAL Half fat or medium fat",0.325,0.32,0.32,0.32,0.325,0.325,0.32
Milk and dairy products,"Cheese, danbo, QUAL Low fat (naturally or reduced)",0.32,0.35,0.35,0.35,0.32,0.32,0.35
Milk and dairy products,"Cheese, edam",0.36,0.39,0.35,0.39,0.21,0.36,0.35
Milk and dairy products,"Cheese, edam, QUAL Half fat or medium fat",0.4,0.35,0.35,0.35,0.35,0.4,0.35
Milk and dairy products,"Cheese, edam, QUAL Low fat (naturally or reduced)",0.4,0.35,0.35,0.35,0.35,0.4,0.35
Milk and dairy products,"Cheese, emmental",0.3,0.34,0.215,0.45,0.34,0.3,0.35
Milk and dairy products,"Cheese, emmental, QUAL Half fat or medium fat",0.3,0.25,0.62,0.25,0.25,0.3,0.62
Milk and dairy products,"Cheese, emmental, QUAL Low fat (naturally or reduced)",0.3,0.561,0.561,0.561,0.561,0.3,0.561
Milk and dairy products,"Cheese, feta",0.21,0.37,0.43,0.21,0.3,0.21,0.21
Milk and dairy products,"Cheese, feta, QUAL Low fat (naturally or reduced)",,0.45,0.45,0.45,0.45,,0.45
Milk and dairy products,"Cheese, fourme d'ambert",0.5,0.5,0.5,0.5,0.5,0.5,0.5
Milk and dairy products,"Cheese, gorgonzola",0.43,0.18,0.43,0.18,0.18,0.43,0.18
Milk and dairy products,"Cheese, gouda",0.31,0.28,0.161,0.2,0.29,0.31,0.3
Milk and dairy products,"Cheese, gouda, QUAL Half fat or medium fat",0.35,0.35,0.35,0.35,0.35,0.35,0.35
Milk and dairy products,"Cheese, gouda, QUAL Low fat (naturally or reduced)",0.35,0.35,0.35,0.35,0.35,0.35,0.35
Milk and dairy products,"Cheese, grana padano",0.332,0.36,0.332,0.36,0.332,0.332,0.332
Milk and dairy products,"Cheese, gruyere",0.5,0.39,0.215,0.45,0.34,0.5,0.39
Milk and dairy products,"Cheese, gruyere, QUAL Half fat or medium fat",0.62,0.62,0.62,0.62,0.62,0.62,0.62
Milk and dairy products,"Cheese, gruyere, QUAL Low fat (naturally or reduced)",0.62,0.62,0.62,0.62,0.62,0.62,0.62
Milk and dairy products,"Cheese, leicester",0.46,0.46,0.46,0.46,0.46,0.46,0.46
Milk and dairy products,"Cheese, maasdam",0.24,0.3,0.24,0.3,0.24,0.24,0.24
Milk and dairy products,"Cheese, mimolette",0.33,0.33,0.33,0.33,0.33,0.33,0.33
Milk and dairy products,"Cheese, morbier",0.3,0.3,0.3,0.3,0.3,0.3,0.3
Milk and dairy products,"Cheese, munster",0.33,0.32,0.32,0.32,0.33,0.33,0.32
Milk and dairy products,"Cheese, nagelkaas, QUAL Half fat or medium fat",0.18,0.18,0.18,0.18,0.18,0.18,0.18
Milk and dairy products,"Cheese, nagelkaas, QUAL Low fat (naturally or reduced)",0.18,0.18,0.18,0.18,0.18,0.18,0.18
Milk and dairy products,"Cheese, parmigiano reggiano",0.332,0.35,0.167,0.37,0.62,0.332,0.62
Milk and dairy products,"Cheese, pecorino romano",0.41,0.41,0.41,0.41,0.41,0.41,0.41
Milk and dairy products,"Cheese, provolone",0.3,0.3,0.3,0.22,0.3,0.3,0.3
Milk and dairy products,"Cheese, provolone, QUAL Half fat or medium fat",0.351,0.351,0.351,0.351,0.351,0.351,0.351
Milk and dairy products,"Cheese, provolone, QUAL Low fat (naturally or reduced)",0.32,0.32,0.32,0.32,0.32,0.32,0.32
Milk and dairy products,"Cheese, roquefort",0.5,0.56,0.59,0.65,0.41,0.5,0.65
Milk and dairy products,"Cheese, saint marcellin",0.38,0.3,0.38,0.3,0.3,0.38,0.38
Milk and dairy products,"Cheese, stilton",0.3,0.3,0.3,0.3,0.4,0.3,0.47
Milk and dairy products,"Cheese, tilsit",0.33,0.36,0.36,0.36,0.36,0.33,0.36
Milk and dairy products,"Cheese, tilsit, QUAL Half fat or medium fat",0.32,0.32,0.32,0.32,0.32,0.32,0.32
Milk and dairy products,"Cheese, tilsit, QUAL Low fat (naturally or reduced)",0.35,0.35,0.35,0.35,0.35,0.35,0.35
Milk and dairy products,"Cheese, trappist",0.32,0.32,0.32,0.32,0.32,0.32,0.32
Milk and dairy products,"Cheese, trappist, QUAL Half fat or medium fat",0.35,0.35,0.35,0.35,0.35,0.35,0.35
Milk and dairy products,"Cheese, trappist, QUAL Low fat (naturally or reduced)",0.35,0.35,0.35,0.35,0.35,0.35,0.35
Milk and dairy products,"Cheese, white stilton",0.3,0.3,0.3,0.3,0.4,0.3,0.37
Milk and dairy products,"Cheese, white stilton, QUAL Half fat or medium fat",0.3,0.3,0.3,0.3,0.3,0.3,0.3
Milk and dairy products,"Cheese, white stilton, QUAL Low fat (naturally or reduced)",0.3,0.3,0.3,0.3,0.3,0.3,0.3
Milk and dairy products,Condensed milk (sometimes with added sugars),0.42,0.86,0.411,0.43,0.4,0.42,0.46
Milk and dairy products,Cottage cheese,0.22,0.15,0.28,0.4,0.25,0.15,0.24
Milk and dairy products,"Cottage cheese, QUAL Fat free",0.11,0.16,0.24,0.4,0.24,0.11,0.24
Milk and dairy products,"Cow milk, natural high fat",0.18,0.18,0.18,0.18,0.21,0.14,0.22
Milk and dairy products,"Cow milk, natural high fat, QUAL Low / reduced lactose",0.18,0.18,0.18,0.18,0.18,0.18,0.18
Milk and dairy products,"Cow milk, semi skimmed (half fat)",0.19,0.188,0.18,0.17,0.18,0.15,0.24
Milk and dairy products,"Cow milk, semi skimmed (half fat), FORT Mixed supplements/formulations",0.19,0.273,0.19,0.273,0.2,0.15,0.19
Milk and dairy products,"Cow milk, semi skimmed (half fat), QUAL Low / reduced lactose",0.19,0.19,0.19,0.19,0.19,0.15,0.19
Milk and dairy products,"Cow milk, skimmed (low fat)",0.19,0.167,0.17,0.17,0.18,0.15,0.22
Milk and dairy products,"Cow milk, skimmed (low fat), FORT Mixed supplements/formulations",0.24,0.24,0.24,0.24,0.24,0.15,0.24
Milk and dairy products,"Cow milk, skimmed (low fat), QUAL Low / reduced lactose",0.19,0.19,0.19,0.19,0.19,0.19,0.19
Milk and dairy products,"Cow milk, whole",0.18,0.17,0.18,0.18,0.18,0.14,0.23
Milk and dairy products,"Cow milk, whole, QUAL Low / reduced lactose",,0.18,0.18,0.18,0.18,,0.18
Milk and dairy products,Cream powder,1.4,1.4,1.4,1.4,1.4,1.4,1.4
Milk and dairy products,Cream sprayable,0.26,0.26,0.26,0.26,0.1,0.26,0.26
Milk and dairy products,Cream with other ingredients,,0.15,0.15,0.15,0.1,,0.1
Milk and dairy products,"Cream with other ingredients, QUAL Half fat or medium fat",0.15,0.15,0.15,0.15,0.15,0.15,0.15
Milk and dairy products,"Cream, plain",0.17,0.17,0.15,0.11,0.12,0.09,0.19
Milk and dairy products,"Cream, plain, QUAL Half fat or medium fat",0.16,0.16,0.198,0.16,0.16,0.13,0.19
Milk and dairy products,"Cream, plain, QUAL Low fat (naturally or reduced)",0.1,0.17,0.198,0.17,0.19,0.17,0.19
Milk and dairy products,Créme fraiche and other mild variants of sour cream,0.16,0.17,0.13,0.17,0.12,0.1,0.21
Milk and dairy products,"Créme fraiche and other mild variants of sour cream, QUAL Half fat or medium fat",0.1,0.16,0.2,0.16,0.15,0.13,0.21
Milk and dairy products,"Créme fraiche and other mild variants of sour cream, QUAL Low fat (naturally or reduced)",0.17,0.17,0.17,0.17,0.176,0.17,0.17
Milk and dairy products,Cultured buttermilk,0.19,0.18,0.18,0.18,0.18,0.19,0.18
Milk and dairy products,Custard,0.16,0.22,0.165,0.22,0.12,,0.19
Milk and dairy products,"Evaporated milk (liquid, unsweetened)",0.48,0.48,0.48,0.35,0.32,0.48,0.42
Milk and dairy products,"Extra hard cheese (parmesan, grana type)",0.39,0.35,0.167,0.35,0.486,0.39,0.32
Milk and dairy products,Filmjölk,0.14,0.14,0.14,0.14,0.14,0.14,0.14
Milk and dairy products,"Filmjölk, QUAL Low fat (naturally or reduced)",0.15,0.15,0.15,0.15,0.15,0.15,0.15
Milk and dairy products,Firm brined cheese (ricotta salata type),0.24,0.19,0.24,0.19,0.19,0.24,0.19
Milk and dairy products,Firm-ripened bloomy (white mould) or washed rind cheese,0.2,0.2,0.2,0.2,0.2,0.2,0.2
Milk and dairy products,Firm-ripened blue mould-veined cheese,0.5,0.5,0.5,0.65,0.5,0.5,0.5
Milk and dairy products,"Firm-ripened cheese with added herbs, spices or other ingredients",0.36,0.17,,,,0.33,0.41
Milk and dairy products,Firm/semi-hard cheese (gouda and edam type),0.36,0.28,0.161,0.28,0.33,0.36,0.35
Milk and dairy products,"Firm/semi-hard cheese (gouda and edam type), QUAL Half fat or medium fat",0.4,0.35,0.35,0.35,0.32,0.4,0.35
Milk and dairy products,"Firm/semi-hard cheese (gouda and edam type), QUAL Low fat (naturally or reduced)",0.35,0.32,0.35,0.32,0.35,0.35,0.35
Milk and dairy products,Flavoured milks,0.16,0.17,0.149,0.17,,0.16,
Milk and dairy products,Flavoured sour cream,0.16,0.15,0.15,0.15,0.15,0.16,0.15
Milk and dairy products,"Flavoured sour cream, QUAL Half fat or medium fat",0.17,0.17,0.17,0.17,0.17,0.17,0.17
Milk and dairy products,"Flavoured sour cream, QUAL Low fat (naturally or reduced)",0.15,0.15,0.15,0.15,0.15,0.15,0.15
Milk and dairy products,Flavoured traditional sour milk products,,0.151,0.151,0.151,0.151,,0.151
Milk and dairy products,Flavoured whey,0.14,0.134,0.134,0.134,0.134,0.134,0.134
Milk and dairy products,Frozen yoghurt,0.125,0.125,0.125,0.125,0.125,0.125,0.125
Milk and dairy products,Goat milk,0.14,0.14,0.15,0.11,0.04,0.14,0.04
Milk and dairy products,"Hard cheese (cheddar, emmental type)",0.5,0.34,0.215,0.34,0.5,0.28,0.4
Milk and dairy products,"Hard cheese (cheddar, emmental type), QUAL Half fat or medium fat",0.332,0.25,0.62,0.25,0.332,0.332,0.53
Milk and dairy products,"Hard cheese (cheddar, emmental type), QUAL Low fat (naturally or reduced)",0.561,0.561,0.561,0.561,0.561,0.28,0.561
Milk and dairy products,Horse milk,0.051,0.03,0.03,0.03,0.03,0.03,0.03
Milk and dairy products,Human milk,0.04,,0.03,,0.03,0.04,
Milk and dairy products,"Ice cream, milk-based",0.25,0.21,0.104,0.21,0.14,0.14,0.28
Milk and dairy products,"Ice cream, milk-imitate based",,0.26,0.26,0.26,0.26,0.02,0.26
Milk and dairy products,Kefir,0.203,0.17,0.17,0.17,,0.203,
Milk and dairy products,Lactose,0,0,0,0,0,0,0
Milk and dairy products,Mascarpone,0.25,0.25,0.25,0.22,0.22,0.25,0.22
Milk and dairy products,Milk from other milk producer animals,0.04,0.04,0.04,0.04,0.04,0.04,0.04
Milk and dairy products,"Milk powder, full fat",1.42,1.47,1.4,1.31,1.3,1.42,1.4
Milk and dairy products,"Milk powder, skimmed",2.18,1.83,2.18,1.8,1.8,1.55,1.63
Milk and dairy products,Milk protein,0.07,0.07,0.07,0.07,0.07,0.07,0.07
Milk and dairy products,Milkshakes,0.17,0.2,0.165,0.2,0.16,0.09,0.23
Milk and dairy products,Mozzarella,0.28,0.35,0.33,0.27,0.51,0.4,0.4
Milk and dairy products,Probiotic milk-like drinks,0.081,0.21,0.081,0.21,0.17,0.081,0.17
Milk and dairy products,"Probiotic milk-like drinks, QUAL Semi-skimmed",0.081,0.144,0.081,0.144,0.17,0.081,0.17
Milk and dairy products,"Probiotic milk-like drinks, QUAL Skim",0.081,0.203,0.081,0.203,0.203,0.081,0.081
Milk and dairy products,Processed cheese and spreads,0.5,0.32,0.38,0.17,0.43,0.19,0.25
Milk and dairy products,"Processed cheese and spreads, QUAL Half fat or medium fat",0.25,0.42,0.38,0.42,0.43,0.25,0.25
Milk and dairy products,"Processed cheese and spreads, QUAL Low fat (naturally or reduced)",0.25,0.4,0.38,0.4,0.436,0.25,0.38
Milk and dairy products,Processed cheese wedges and similar,0.43,0.32,0.38,0.3,0.3,0.28,0.3
Milk and dairy products,"Processed cheese wedges and similar, QUAL Half fat or medium fat",0.43,0.42,0.38,0.2,0.2,0.23,0.2
Milk and dairy products,"Processed cheese wedges and similar, QUAL Low fat (naturally or reduced)",0.436,0.4,0.38,0.4,0.2,0.23,0.2
Milk and dairy products,"Processed cheese, sliceable",0.32,0.4,0.38,0.28,0.43,0.32,0.25
Milk and dairy products,"Processed cheese, sliceable, QUAL Half fat or medium fat",0.38,0.38,0.38,0.38,0.2,0.38,0.25
Milk and dairy products,"Processed cheese, sliceable, QUAL Low fat (naturally or reduced)",0.436,0.38,0.38,0.38,0.3,0.32,0.3
Milk and dairy products,"Processed cheese, spreadable",0.14,0.17,0.38,0.3,0.3,0.33,0.36
Milk and dairy products,"Processed cheese, spreadable, QUAL Half fat or medium fat",0.23,0.24,0.38,0.2,0.2,0.23,0.53
Milk and dairy products,"Processed cheese, spreadable, QUAL Low fat (naturally or reduced)",0.436,0.38,0.38,0.38,0.2,0.19,0.2
Milk and dairy products,Quark,0.23,0.2,0.27,0.2,0.3,0.15,0.3
Milk and dairy products,Ricotta,0.24,0.19,0.24,0.19,0.19,0.24,0.19
Milk and dairy products,Sheep milk,0.3,0.3,0.363,0.25,0.32,0.363,0.32
Milk and dairy products,Skyr,0.202,0.202,0.202,0.202,0.202,0.202,0.202
Milk and dairy products,Soft brined cheese (feta type),0.21,0.58,0.26,0.21,0.3,0.21,0.21
Milk and dairy products,"Soft brined cheese (feta type), QUAL Low fat (naturally or reduced)",,0.45,0.45,0.45,0.45,,0.45
Milk and dairy products,"Soft-ripened cheese veined with blue mould (blue bavarian, blue de graven type )",0.5,0.41,0.5,0.41,0.5,0.5,0.5
Milk and dairy products,"Soft-ripened cheese with bloomy rind (white mould) (brie, camembert type)",0.34,0.59,0.6,0.43,0.34,0.34,0.33
Milk and dairy products,Soft-ripened cheese with natural rind and other soft-ripened cheeses,0.33,0.6,0.6,0.6,0.33,0.33,0.6
Milk and dairy products,Soft-ripened cheese with white and blue mould (cambozola type),0.2,0.5,0.5,0.5,0.5,0.2,0.5
Milk and dairy products,Soft-ripened washed-rind cheese (limburger type),0.33,0.3,0.34,0.3,0.21,0.33,0.21
Milk and dairy products,Sour cream products,0.17,0.15,0.15,0.15,0.15,0.15,0.17
Milk and dairy products,"Sour cream products, QUAL Half fat or medium fat",0.17,0.17,0.17,0.17,0.17,0.17,0.17
Milk and dairy products,"Sour cream products, QUAL Low fat (naturally or reduced)",,0.15,0.15,0.15,0.15,0.15,0.15
Milk and dairy products,"Sour cream, plain",0.16,0.15,0.15,0.15,0.15,0.13,0.17
Milk and dairy products,"Sour cream, plain, QUAL Half fat or medium fat",0.17,0.17,0.17,0.17,0.17,0.17,0.17
Milk and dairy products,"Sour cream, plain, QUAL Low fat (naturally or reduced)",,0.15,0.15,0.15,0.15,0.15,0.15
Milk and dairy products,Starchy pudding,0.18,0.148,0.148,0.16,0.15,0.18,0.13
Milk and dairy products,Traditional buttermilk (churning),0.15,0.15,0.15,0.15,0.15,0.15,0.15
Milk and dairy products,Traditional nordic fermented milks,0.203,0.203,0.203,0.203,0.203,0.203,0.203
Milk and dairy products,Viili,0.17,0.17,0.17,0.17,0.17,0.17,0.17
Milk and dairy products,"Viili, QUAL Fat free",0.19,0.19,0.19,0.19,0.19,0.19,0.19
Milk and dairy products,"Viili, QUAL Low fat (naturally or reduced)",0.17,0.17,0.17,0.17,0.17,0.17,0.17
Milk and dairy products,Water buffalo milk,0.1,0.1,0.1,0.1,0.1,0.1,0.1
Milk and dairy products,Whey powder,2.4,2.5,2.5,2.5,2.21,2.4,2.4
Milk and dairy products,"Whey, sour",0.11,0.14,0.14,0.14,0.14,0.14,0.14
Milk and dairy products,"Whey, sweet",,0.15,0.15,0.15,0.158,0.14,0.13
Milk and dairy products,"Yoghurt drinks, including sweetened and/or flavoured variants",0.16,0.154,0.154,0.154,0.163,,0.16
Milk and dairy products,"Yoghurt drinks, including sweetened and/or flavoured variants, FORT Mixed supplements/formulations",0.18,0.18,0.18,0.18,0.18,0.18,0.18
Milk and dairy products,"Yoghurt drinks, including sweetened and/or flavoured variants, FORT Mixed supplements/formulations, QUAL Semi-skimmed",0.18,0.18,0.18,0.18,0.18,0.18,0.18
Milk and dairy products,"Yoghurt drinks, including sweetened and/or flavoured variants, FORT Mixed supplements/formulations, QUAL Skim",0.65,0.65,0.65,0.65,0.65,0.65,0.65
Milk and dairy products,"Yoghurt drinks, including sweetened and/or flavoured variants, QUAL Low / Reduced sugar",0.178,0.178,0.178,0.178,0.178,0.178,0.178
Milk and dairy products,"Yoghurt drinks, including sweetened and/or flavoured variants, QUAL Semi-skimmed",0.329,0.489,0.492,0.489,0.489,0.492,0.498
Milk and dairy products,"Yoghurt drinks, including sweetened and/or flavoured variants, QUAL Skim",0.505,0.505,0.505,0.505,0.414,0.481,0.414
Milk and dairy products,"Yoghurt drinks, including sweetened and/or flavoured variants, QUAL Sugar free",0.178,0.178,0.178,0.178,0.178,0.178,0.178
Milk and dairy products,"Yoghurt, cow milk, flavoured",0.16,0.2,0.158,0.2,0.22,0.14,0.16
Milk and dairy products,"Yoghurt, cow milk, flavoured, FORT Mixed supplements/formulations, QUAL Skim",0.25,0.25,0.25,0.25,0.25,0.25,0.25
Milk and dairy products,"Yoghurt, cow milk, flavoured, QUAL Low / Reduced sugar",0.176,0.176,0.176,0.176,0.176,0.176,0.176
Milk and dairy products,"Yoghurt, cow milk, flavoured, QUAL Semi-skimmed",0.48,0.527,0.477,0.527,0.527,0.467,0.537
Milk and dairy products,"Yoghurt, cow milk, flavoured, QUAL Skim",0.356,0.626,0.514,0.566,0.536,0.356,0.646
Milk and dairy products,"Yoghurt, cow milk, flavoured, QUAL Sugar free",0.176,0.176,0.176,0.16,0.176,0.176,0.176
Milk and dairy products,"Yoghurt, cow milk, plain",0.2,0.2,0.18,0.19,0.17,0.14,0.27
Milk and dairy products,"Yoghurt, cow milk, plain, FORT Mixed supplements/formulations, QUAL Semi-skimmed",0.36,0.36,0.36,0.36,0.36,0.36,0.36
Milk and dairy products,"Yoghurt, cow milk, plain, FORT Mixed supplements/formulations, QUAL Skim",0.352,0.352,0.352,0.352,0.352,0.352,0.352
Milk and dairy products,"Yoghurt, cow milk, plain, QUAL Low / Reduced sugar",0.176,0.176,0.176,0.176,0.176,0.176,0.176
Milk and dairy products,"Yoghurt, cow milk, plain, QUAL Semi-skimmed",0.524,0.584,0.504,0.527,0.504,0.494,0.554
Milk and dairy products,"Yoghurt, cow milk, plain, QUAL Skim",0.352,0.686,0.532,0.596,0.606,0.352,0.642
Milk and dairy products,"Yoghurt, cow milk, plain, QUAL Sugar free",0.176,0.176,0.176,0.19,0.176,0.176,0.176
Milk and dairy products,"Yoghurt, goat milk, plain",0.13,0.13,0.13,0.13,0.13,0.13,0.13
Milk and dairy products,"Yoghurt, goat milk, plain, QUAL Semi-skimmed",0.16,0.16,0.16,0.16,0.16,0.16,0.16
Milk and dairy products,"Yoghurt, sheep milk, flavoured",0.158,0.158,0.158,0.158,0.158,0.158,0.158
Milk and dairy products,"Yoghurt, sheep milk, flavoured, QUAL Low / Reduced sugar",0.176,0.176,0.176,0.176,0.176,0.176,0.176
Milk and dairy products,"Yoghurt, sheep milk, flavoured, QUAL Semi-skimmed",0.484,0.484,0.484,0.484,0.484,0.484,0.484
Milk and dairy products,"Yoghurt, sheep milk, flavoured, QUAL Skim",0.51,0.51,0.51,0.51,0.51,0.51,0.51
Milk and dairy products,"Yoghurt, sheep milk, flavoured, QUAL Sugar free",0.176,0.176,0.176,0.176,0.176,0.176,0.176
Milk and dairy products,"Yoghurt, sheep milk, plain",0.18,0.18,0.18,0.18,0.33,0.18,0.33
Milk and dairy products,"Yoghurt, sheep milk, plain, QUAL Low / Reduced sugar",0.176,0.176,0.176,0.176,0.176,0.176,0.176
Milk and dairy products,"Yoghurt, sheep milk, plain, QUAL Semi-skimmed",0.504,0.504,0.504,0.504,0.504,0.504,0.504
Milk and dairy products,"Yoghurt, sheep milk, plain, QUAL Skim",0.532,0.532,0.532,0.532,0.532,0.532,0.532
Milk and dairy products,"Yoghurt, sheep milk, plain, QUAL Sugar free",0.176,0.176,0.176,0.176,0.176,0.176,0.176
"Products for non-standard diets, food imitates and food supplements or fortifying agents",Almond drink,0.02,0.01,0.02,0.01,0.02,0.02,0.02
"Products for non-standard diets, food imitates and food supplements or fortifying agents",Carbohydrate-electrolyte solutions for sports people,0.002,,0.002,,,0.002,0.002
"Products for non-standard diets, food imitates and food supplements or fortifying agents",Dietary foods for special medical purposes,,0,0,0,0,,0
"Products for non-standard diets, food imitates and food supplements or fortifying agents",Imitation cheese,0.004,0.004,0.004,0.004,0.62,0.004,0.62
"Products for non-standard diets, food imitates and food supplements or fortifying agents",Imitation cream,0.38,0.16,0.16,0.16,0.16,0.38,0.16
"Products for non-standard diets, food imitates and food supplements or fortifying agents","Imitation cream, QUAL Half fat or medium fat",,0,0,0,0,0,0
"Products for non-standard diets, food imitates and food supplements or fortifying agents",Non dairy coffee creamer,0.03,0.03,0.03,0.03,0.01,0.03,0.01
"Products for non-standard diets, food imitates and food supplements or fortifying agents","Non dairy coffee creamer, QUAL Half fat or medium fat",0.01,0.01,0.01,0.01,0.01,0.01,0.01
"Products for non-standard diets, food imitates and food supplements or fortifying agents",Oats drink,0.01,0.01,0.01,0.01,0.01,0.01,0.01
"Products for non-standard diets, food imitates and food supplements or fortifying agents",Protein and protein components for sports people,0,0,,,0,,
"Products for non-standard diets, food imitates and food supplements or fortifying agents",Rice drink,,0,0,0,,0,0
"Products for non-standard diets, food imitates and food supplements or fortifying agents",Single meal replacement for weight reduction,,0.22,0.31,0.22,0.31,,0.31
"Products for non-standard diets, food imitates and food supplements or fortifying agents",Soya drink,,0.135,0.03,0.27,0.05,0.3,0.05
"Products for non-standard diets, food imitates and food supplements or fortifying agents",Soya yoghurt,0.03,0,,0.29,0.21,0.03,0.02
"Products for non-standard diets, food imitates and food supplements or fortifying agents","Soya yoghurt, QUAL Half fat or medium fat",0.03,0,,0.29,0.21,0.03,0.02
"Products for non-standard diets, food imitates and food supplements or fortifying agents",Textured fungal proteins,0.03,0.03,0.03,0.03,0.03,0.03,0.03
"Products for non-standard diets, food imitates and food supplements or fortifying agents",Textured soy protein,0.14,0.4,0.4,0.4,0.02,0.14,0.02
"Products for non-standard diets, food imitates and food supplements or fortifying agents",Tofu,0.03,0.037,0.07,0.05,0.02,0.03,0.02
"Products for non-standard diets, food imitates and food supplements or fortifying agents",Total daily diet replacement for weight reduction,0.75,0.75,0.75,0.75,0.75,0.75,0.75
"Seasoning, sauces and condiments",Alcoholic sweet sauce,0.087,0.087,0.087,0.087,0.087,0.087,0.087
"Seasoning, sauces and condiments",Apple chutney,0.012,0.012,0.012,0.012,0.01,0.012,0.01
"Seasoning, sauces and condiments",Barbecue or steak sauces,,0.02,0.052,0.02,0.032,,0.02
"Seasoning, sauces and condiments",Bechamel sauce,0.15,0.122,0.006,0.122,0.26,0.15,0.26
"Seasoning, sauces and condiments",Butter sauce,0.1,0.04,0.002,0.04,0.04,0.1,0.002
"Seasoning, sauces and condiments",Cheese sauce,0.2,0.11,0.077,0.11,0.13,0.2,0.28
"Seasoning, sauces and condiments",Chilli pickle,0.03,0.09,0.05,0.09,0.05,0.03,0.09
"Seasoning, sauces and condiments",Chocolate sauce,,0.134,0.134,0.134,0.134,0.134,0.134
"Seasoning, sauces and condiments",Chutneys,,0.023,0.023,0.023,0.01,,0.01
"Seasoning, sauces and condiments","Continental european brown cooked sauce, gravy",,0.12,0.001,0.12,,0.001,
"Seasoning, sauces and condiments",Cream sauce,,0.11,0.057,0.11,0.11,0.11,0.057
"Seasoning, sauces and condiments",Curry powder,0.281,0.281,0.299,0.281,0.281,0.281,0.28
"Seasoning, sauces and condiments",Curry sauce,0.02,1.7,0.057,1.7,0.09,0.05,0.02
"Seasoning, sauces and condiments",Fruit sauce,0.019,0.074,0.019,0.074,0.02,0.019,0.02
"Seasoning, sauces and condiments",Fudge sauce,0.135,0.135,0.135,0.135,0.135,0.135,0.135
"Seasoning, sauces and condiments",Gravy browning,0.31,0.31,0.31,0.31,,0.31,
"Seasoning, sauces and condiments",Gravy ingredients,0.31,0.31,0.31,0.31,0.31,0.31,0.31
"Seasoning, sauces and condiments",Gravy instant granules,0.31,0.31,0.31,0.31,,0.31,
"Seasoning, sauces and condiments",Gravy thickener,0.008,0.008,0.008,0.008,,0.008,
"Seasoning, sauces and condiments",Hollandaise type sauce,0.1,0.08,0.07,0.08,0.18,0.1,0.18
"Seasoning, sauces and condiments",Horseradish sauce,,0.11,0.11,0.11,0.11,,0.11
"Seasoning, sauces and condiments",Lime pickle,0.06,0.06,0.06,0.06,0.06,0.06,0.06
"Seasoning, sauces and condiments",Malt extract,0,0,0,0,0,0,0
"Seasoning, sauces and condiments",Mango chutney,,0.023,0.023,0.023,0.01,,0.01
"Seasoning, sauces and condiments",Mango pickle,0.07,0.07,0.07,0.07,0.07,0.07,0.07
"Seasoning, sauces and condiments",Mayonnaise sauce,0.04,0.03,0.04,0.04,0.03,0.04,0.07
"Seasoning, sauces and condiments","Mayonnaise, low fat",0.08,,0.02,,0.01,0.02,0.01
"Seasoning, sauces and condiments",Meat extract,0.3,0.24,0.24,0.1,0.243,0.243,
"Seasoning, sauces and condiments",Miscellaneous savoury extracts,0.18,0.18,0.18,0.18,0.18,0.18,0.18
"Seasoning, sauces and condiments",Mixed and other not listed condiments,0.01,0.09,0.06,0.09,0.06,0.01,0.01
"Seasoning, sauces and condiments",Mixed herbs and spices,,,,0.27,0.34,,0.34
"Seasoning, sauces and condiments",Mushrooms cooked sauce,0.22,0.06,0.012,0.06,0.06,0.17,0.012
"Seasoning, sauces and condiments",Mustard and related sauces,0.025,0.025,0.2,0.025,0.025,0.025,0.2
"Seasoning, sauces and condiments","Mustard, hot",0.025,0.2,0.2,0.2,0.025,0.025,0.2
"Seasoning, sauces and condiments","Mustard, mild",,0.2,0.2,0.2,0.06,0.2,0.06
"Seasoning, sauces and condiments","Mustard, sweet",0.2,0.2,0.2,0.2,0.2,0.2,0.2
"Seasoning, sauces and condiments",Oyster sauce,0.075,0.075,0.075,0.075,0.04,0.075,0.04
"Seasoning, sauces and condiments",Pesto,0.22,0.115,0.144,0.115,0.23,0.15,0.22
"Seasoning, sauces and condiments",Piccalilly pickle,0.02,0.02,0.02,0.02,0.02,0.02,0.02
"Seasoning, sauces and condiments",Pickles,,0.01,,0.01,,,0.01
"Seasoning, sauces and condiments",Pickling spice,0.209,0.209,0.209,0.209,0.209,0.209,0.209
"Seasoning, sauces and condiments",Salad dressing,0.03,,0.011,,0.01,0.03,
"Seasoning, sauces and condiments","Salad dressing, low fat",0.01,,0.151,,0.03,0.01,0.03
"Seasoning, sauces and condiments",Salsa,0.04,0.03,0.05,0.03,0.05,0.04,0.05
"Seasoning, sauces and condiments",Salt,0,0,,0,0,0,
"Seasoning, sauces and condiments","Salt, flavoured",0.02,0.017,0.017,0.017,0.017,,0.017
"Seasoning, sauces and condiments","Salt, iodised",0,0,0,0,0,0,0
"Seasoning, sauces and condiments","Salt, iodised and fluoridated",0,0,0,0,0,0,0
"Seasoning, sauces and condiments","Salt, low sodium",0,0,0,0,0,0,0
"Seasoning, sauces and condiments",Sea salt,0,0,,0,0,0,
"Seasoning, sauces and condiments",Seasoning mixes,,0.22,0.209,0.22,0.25,,0.25
"Seasoning, sauces and condiments",Soy sauce,0.25,0.13,0.075,0.13,0.08,0.19,0.13
"Seasoning, sauces and condiments","Stock cube or granulate, beef",0.3,,0.24,,0.1,0.33,0.1
"Seasoning, sauces and condiments",Stock cubes or granulate (bouillon base),0.3,0.23,0.24,,0.1,0.33,0.1
"Seasoning, sauces and condiments","Stock cubes or granulate (bouillon base), QUAL Low sodium / reduced salt",0.3,0.23,,0.01,0.1,0.3,0.1
"Seasoning, sauces and condiments","Stock cubes or granulate, chicken",0.16,,0.24,,0.1,0.16,0.1
"Seasoning, sauces and condiments","Stock cubes or granulate, vegetables",0.41,0.01,0.24,0.45,0.1,0.41,0.1
"Seasoning, sauces and condiments",Tabasco sauce,0.164,0.164,0.164,0.164,0.164,0.164,0.164
"Seasoning, sauces and condiments",Tartar sauce,0.12,0.02,0.02,0.02,0.02,0.12,0.02
"Seasoning, sauces and condiments",Teriyaki sauce,0.11,0.075,0.075,0.075,0.075,0.11,0.075
"Seasoning, sauces and condiments",Tomato chutney,0.021,0.08,0.021,0.08,0.01,0.021,0.01
"Seasoning, sauces and condiments",Tomato ketchup and related sauces,0.16,0.19,0.09,0.09,0.09,0.05,0.09
"Seasoning, sauces and condiments",Tomato-containing cooking sauces,0.03,0.12,0.035,0.12,0.01,0.01,0.5
"Seasoning, sauces and condiments",Vegetable savoury extracts,0.005,0.005,0.005,0.005,0.005,0.005,0.005
"Seasoning, sauces and condiments",Vegetables-based cooked sauce,,0.06,0.048,0.06,0.01,0.048,0.01
"Seasoning, sauces and condiments",Vinegar,0,0,0,0,0,0,0
"Seasoning, sauces and condiments","Vinegar, apple",0,0,0,0,0,0,0
"Seasoning, sauces and condiments","Vinegar, wine",0,0,0,0,0,0,0
"Seasoning, sauces and condiments",Yeast extract,,0.391,0.391,0.391,,,
"Starchy roots or tubers and products thereof, sugar plants",Arrowroots,0.073,0.073,0.073,0.073,0.073,0.073,0.073
"Starchy roots or tubers and products thereof, sugar plants","Arrowroots, PROCESS Baking",0.069,0.069,0.069,0.069,0.069,0.069,0.069
"Starchy roots or tubers and products thereof, sugar plants","Arrowroots, PROCESS Cooking in water",0.066,0.066,0.066,0.066,0.066,0.066,0.066
"Starchy roots or tubers and products thereof, sugar plants","Arrowroots, PROCESS Steaming",0.066,0.066,0.066,0.066,0.066,0.066,0.066
"Starchy roots or tubers and products thereof, sugar plants",Cassava roots,0.03,0.03,0.03,0.03,0.02,0.03,0.02
"Starchy roots or tubers and products thereof, sugar plants","Cassava roots, PROCESS Baking",0.028,0.028,0.028,0.028,0.02,0.028,0.02
"Starchy roots or tubers and products thereof, sugar plants","Cassava roots, PROCESS Cooking in water",0.027,0.027,0.027,0.027,0.02,0.027,0.02
"Starchy roots or tubers and products thereof, sugar plants","Cassava roots, PROCESS Steaming",0.027,0.027,0.027,0.027,0.02,0.027,0.02
"Starchy roots or tubers and products thereof, sugar plants",Fries (finger chips),0.03,0.031,0.084,0.02,0.07,0.03,0.05
"Starchy roots or tubers and products thereof, sugar plants",Main-crop potatoes,,0.007,0.007,0.04,0.04,,0.02
"Starchy roots or tubers and products thereof, sugar plants","Main-crop potatoes, PROCESS Baking",0.03,0.021,0.05,0.02,0.01,0.03,0.01
"Starchy roots or tubers and products thereof, sugar plants","Main-crop potatoes, PROCESS Cooking in water",0.02,0.026,0.05,0.01,0.01,0.02,0.01
"Starchy roots or tubers and products thereof, sugar plants","Main-crop potatoes, PROCESS Steaming",0.02,0.02,0.008,0.03,0.01,0.02,0.01
"Starchy roots or tubers and products thereof, sugar plants",Mashed potato powder,0.27,0.19,0.19,0.19,0.22,0.27,0.19
"Starchy roots or tubers and products thereof, sugar plants",Mexican yam beans,0.03,0.03,0.03,0.03,0.03,0.03,0.03
"Starchy roots or tubers and products thereof, sugar plants","Mexican yam beans, PROCESS Cooking in water",0.027,0.027,0.027,0.027,0.027,0.027,0.027
"Starchy roots or tubers and products thereof, sugar plants","Mexican yam beans, PROCESS Steaming",0.027,0.027,0.027,0.027,0.027,0.027,0.027
"Starchy roots or tubers and products thereof, sugar plants",New potatoes,0.03,0.02,0.02,0.03,0.04,0.03,0.02
"Starchy roots or tubers and products thereof, sugar plants","New potatoes, PROCESS Baking",0.01,0.01,0.01,0.01,0.01,0.01,0.01
"Starchy roots or tubers and products thereof, sugar plants","New potatoes, PROCESS Cooking in water",0.03,0.06,0.06,0.06,0.01,0.03,0.06
"Starchy roots or tubers and products thereof, sugar plants","New potatoes, PROCESS Steaming",0.03,0.06,0.048,0.06,0.01,0.03,0.06
"Starchy roots or tubers and products thereof, sugar plants",Pan-fried potato,0.03,0.03,0.007,0.02,0.01,0.03,0.02
"Starchy roots or tubers and products thereof, sugar plants",Potato baked,0.03,0.021,0.05,0.04,0.01,0.03,0.01
"Starchy roots or tubers and products thereof, sugar plants",Potato boiled,0.02,0.026,0.05,0.03,0.01,0.02,0.01
"Starchy roots or tubers and products thereof, sugar plants",Potato crisps or sticks,0.07,0.127,0.1,0.07,0.08,0.06,0.08
"Starchy roots or tubers and products thereof, sugar plants",Potato flakes,0.13,0.19,0.19,0.14,0.19,0.13,0.19
"Starchy roots or tubers and products thereof, sugar plants",Potato flour,0.003,0.007,0.007,0.007,,0.003,
"Starchy roots or tubers and products thereof, sugar plants",Potato starch,,0.007,0.007,,,,
"Starchy roots or tubers and products thereof, sugar plants",Potato starch-based snacks,0.03,0.08,0.007,0.08,0.08,0.03,0.08
"Starchy roots or tubers and products thereof, sugar plants",Sweet potatoes,0.06,0.05,0.05,0.05,,0.06,
"Starchy roots or tubers and products thereof, sugar plants","Sweet potatoes, PROCESS Baking",0.06,0.076,0.057,0.076,0.01,,0.01
"Starchy roots or tubers and products thereof, sugar plants","Sweet potatoes, PROCESS Cooking in water",0.05,0.076,0.047,0.076,0.01,,0.01
"Starchy roots or tubers and products thereof, sugar plants","Sweet potatoes, PROCESS Steaming",0.05,0.076,0.047,0.076,0.01,0.05,0.01
"Starchy roots or tubers and products thereof, sugar plants",Tannias,0.05,0.05,0.05,0.05,0.02,0.05,0.05
"Starchy roots or tubers and products thereof, sugar plants","Tannias, PROCESS Baking",0.07,0.07,0.07,0.07,0.07,0.07,0.07
"Starchy roots or tubers and products thereof, sugar plants",Tapioca starch,0.1,0.1,0.1,0.1,,0.1,
"Starchy roots or tubers and products thereof, sugar plants",Tapioca starch-based snacks,0.1,0.1,0.1,0.1,0.1,0.1,0.1
"Starchy roots or tubers and products thereof, sugar plants",Taros,0.053,0.053,0.053,0.053,0.03,0.053,0.03
"Starchy roots or tubers and products thereof, sugar plants","Taros, PROCESS Baking",0.02,0.02,0.02,0.02,0.02,0.02,0.02
"Starchy roots or tubers and products thereof, sugar plants","Taros, PROCESS Cooking in water",0.048,0.048,0.048,0.048,0.02,0.048,0.02
"Starchy roots or tubers and products thereof, sugar plants","Taros, PROCESS Steaming",0.048,0.048,0.048,0.048,0.02,0.048,0.02
"Starchy roots or tubers and products thereof, sugar plants",Yams,0.03,0.03,0.03,0.03,0.01,0.03,0.01
"Starchy roots or tubers and products thereof, sugar plants","Yams, PROCESS Baking",0.028,0.028,0.028,0.028,0.01,0.028,0.01
"Starchy roots or tubers and products thereof, sugar plants","Yams, PROCESS Cooking in water",0.027,0.027,0.027,0.027,0.01,0.027,0.01
"Starchy roots or tubers and products thereof, sugar plants","Yams, PROCESS Steaming",0.027,0.027,0.027,0.027,0.01,0.027,0.01
"Sugar, confectionery and water-based sweet desserts",Basic sweet masses,,0.11,0.11,0.11,0.37,,0.37
"Sugar, confectionery and water-based sweet desserts",Bitter chocolate,0.05,0.288,0.099,0.288,0.09,0.05,0.09
"Sugar, confectionery and water-based sweet desserts","Bitter chocolate, QUAL Sugar free",0.09,0.29,0.09,0.29,0.09,0.09,0.09
"Sugar, confectionery and water-based sweet desserts",Bitter-sweet chocolate,0.08,0.065,0.065,0.07,,0.08,0.06
"Sugar, confectionery and water-based sweet desserts","Bitter-sweet chocolate, QUAL Sugar free",0.09,0.09,0.09,0.09,0.09,0.09,0.09
"Sugar, confectionery and water-based sweet desserts","Caramel, hard",0,0,0,0,0,0,0
"Sugar, confectionery and water-based sweet desserts","Caramel, hard, QUAL Low / Reduced sugar",0,0,0,0,0,0,0
"Sugar, confectionery and water-based sweet desserts","Caramel, hard, QUAL Sugar free",0,0,0,0,0,0,0
"Sugar, confectionery and water-based sweet desserts","Caramel, soft",0,0,0,0,0,0,0
"Sugar, confectionery and water-based sweet desserts","Caramel, soft, QUAL Low / Reduced sugar",0,0,0,0,0,0,0
"Sugar, confectionery and water-based sweet desserts","Caramel, soft, QUAL Sugar free",0,0,0,0,0,0,0
"Sugar, confectionery and water-based sweet desserts",Chewing gum,0,0,0,0,0,0,0
"Sugar, confectionery and water-based sweet desserts","Chewing gum, QUAL Low / Reduced sugar",0,0,0,0,0,0,0
"Sugar, confectionery and water-based sweet desserts","Chewing gum, QUAL Sugar free",0,0,0,0,0,0,0
"Sugar, confectionery and water-based sweet desserts",Chocolate and chocolate products,0.27,0.105,0.37,0.07,0.35,0.27,0.49
"Sugar, confectionery and water-based sweet desserts","Chocolate and chocolate products, QUAL Low / Reduced sugar",0.472,0.472,0.472,0.472,0.472,0.472,0.472
"Sugar, confectionery and water-based sweet desserts","Chocolate and chocolate products, QUAL Sugar free",0.472,0.472,0.472,0.472,0.35,0.472,0.23
"Sugar, confectionery and water-based sweet desserts",Chocolate coated confectionery,,0.21,0.402,0.79,0.02,0.21,0.34
"Sugar, confectionery and water-based sweet desserts",Cream chocolate,0.4,0.195,0.195,0.1,0.17,0.4,0.15
"Sugar, confectionery and water-based sweet desserts",Dessert halva,0.014,0.014,0.014,0.014,0.02,0.014,0.02
"Sugar, confectionery and water-based sweet desserts","Dragée, sugar coated",,0.051,0.051,0.051,,,
"Sugar, confectionery and water-based sweet desserts","Dragée, sugar coated, QUAL Low / Reduced sugar",0,0,0,0,0,0,0
"Sugar, confectionery and water-based sweet desserts","Dragée, sugar coated, QUAL Sugar free",0,0,0,0,0,0,0
"Sugar, confectionery and water-based sweet desserts",Filled chocolate,,,0.26,,0.17,,0.2
"Sugar, confectionery and water-based sweet desserts",Foamed sugar products (marshmallows),0,0,0,0,0,0,0
"Sugar, confectionery and water-based sweet desserts",Fructose,0,0,0,0,0,0,0
"Sugar, confectionery and water-based sweet desserts",Fudge,,,,,,,0.17
"Sugar, confectionery and water-based sweet desserts",Gelatine dessert,0.03,0.17,,0.17,,0.03,
"Sugar, confectionery and water-based sweet desserts","Gelatine dessert, QUAL Sugar free",0,0,0,0,0,0,0
"Sugar, confectionery and water-based sweet desserts",Glucose,0,0,0,0,0,0,0
"Sugar, confectionery and water-based sweet desserts",Granita,0,0,0,0,0,0,0
"Sugar, confectionery and water-based sweet desserts",Gum drops,0,0,0,0,0,0,0
"Sugar, confectionery and water-based sweet desserts","Gum drops, QUAL Sugar free",0,0,0,0,0,0,0
"Sugar, confectionery and water-based sweet desserts",Hard candies,,0.03,,0.03,,,
"Sugar, confectionery and water-based sweet desserts","Hard candies, QUAL Low / Reduced sugar",0,0,0,0,0,0,0
"Sugar, confectionery and water-based sweet desserts","Hard candies, QUAL Sugar free",0,0,0,0,0,0,0
"Sugar, confectionery and water-based sweet desserts","Honey, polyfloral",0.04,0.05,0.05,0.04,0.03,0.04,0.05
"Sugar, confectionery and water-based sweet desserts",Jelly candies,0.01,0.013,,0.013,,,
"Sugar, confectionery and water-based sweet desserts",Liquorice candies,,0.017,0.017,,,,
"Sugar, confectionery and water-based sweet desserts","Liquorice candies, QUAL Sugar free",0,0,0,0,0,0,0
"Sugar, confectionery and water-based sweet desserts",Marzipan,0.36,0.382,0.45,0.382,0.24,0.35,0.19
"Sugar, confectionery and water-based sweet desserts",Marzipan raw mass,0.35,0.11,0.11,0.11,0.24,0.11,0.37
"Sugar, confectionery and water-based sweet desserts",Milk chocolate,0.49,0.38,0.37,0.39,0.35,0.22,0.49
"Sugar, confectionery and water-based sweet desserts","Milk chocolate, QUAL Low / Reduced sugar",0.472,0.472,0.472,0.472,0.472,0.472,0.472
"Sugar, confectionery and water-based sweet desserts","Milk chocolate, QUAL Sugar free",0.472,0.472,0.472,0.472,0.35,0.472,0.35
"Sugar, confectionery and water-based sweet desserts",Molasses,0.1,0.1,0.1,0.1,0.1,0.1,0.1
"Sugar, confectionery and water-based sweet desserts",Nougat,0.28,0.15,0.061,0.15,0.21,0.28,0.11
"Sugar, confectionery and water-based sweet desserts","Nougat, QUAL Low / Reduced sugar",0.25,0.25,0.25,0.25,0.25,0.25,0.25
"Sugar, confectionery and water-based sweet desserts","Nougat, QUAL Sugar free",0.25,0.25,0.25,0.25,0.25,0.25,0.25
"Sugar, confectionery and water-based sweet desserts",Nuts-seeds based halva,0.13,0.014,0.014,0.014,0.13,0.13,0.13
"Sugar, confectionery and water-based sweet desserts",Polyols,0,0,0,0,0,0,0
"Sugar, confectionery and water-based sweet desserts",Pralines,0.21,0.025,0.025,0.025,0.17,0.21,0.03
"Sugar, confectionery and water-based sweet desserts",Sorbet,0.07,0.225,0.009,0.04,0.01,0.05,0.01
"Sugar, confectionery and water-based sweet desserts",Sucrose (common sugar),0,0,0,0,0,0,0
"Sugar, confectionery and water-based sweet desserts",Sweet confectionery-deprecated,,0.013,,0.013,,,
"Sugar, confectionery and water-based sweet desserts","Sweet confectionery-deprecated, QUAL Low / Reduced sugar",0.26,,,0.14,0.11,,
"Sugar, confectionery and water-based sweet desserts","Sweet confectionery-deprecated, QUAL Sugar free",0,0,0,0,0,0,0
"Sugar, confectionery and water-based sweet desserts",Syrups,0.01,0.005,0.06,0.005,,0.01,0.06
"Sugar, confectionery and water-based sweet desserts",Toffee,0.1,,,,,0.02,
"Sugar, confectionery and water-based sweet desserts","Toffee, QUAL Low / Reduced sugar",0,0,0,0,0,0,0
"Sugar, confectionery and water-based sweet desserts","Toffee, QUAL Sugar free",0,0,0,0,0,0,0
"Sugar, confectionery and water-based sweet desserts",White chocolate,0.49,0.49,0.28,0.49,0.43,0.42,0.49
Vegetables and vegetable products,Alfalfa sprouts,0.13,0.126,0.126,0.06,0.06,0.13,0.06
Vegetables and vegetable products,"Alfalfa sprouts, PROCESS Cooking in water",0.111,0.111,0.111,0.111,0.111,0.111,0.111
Vegetables and vegetable products,"Alfalfa sprouts, PROCESS Steaming",0.124,0.132,0.132,0.132,0.124,0.124,0.132
Vegetables and vegetable products,Angelica (leaves and stems),0.34,0.34,0.34,0.34,0.34,0.34,0.34
Vegetables and vegetable products,Aniseed myrtle,0.2,0.2,0.2,0.2,0.2,0.2,0.2
Vegetables and vegetable products,Asparagus,0.06,0.105,0.105,0.25,0.07,0.06,0.06
Vegetables and vegetable products,"Asparagus, PROCESS Baking",0.11,0.11,0.11,0.11,0.11,0.11,0.11
Vegetables and vegetable products,"Asparagus, PROCESS Cooking in water",,0.08,0.11,0.08,0.07,0.04,0.06
Vegetables and vegetable products,"Asparagus, PROCESS Steaming",,0.139,0.105,0.139,0.07,0.04,0.06
Vegetables and vegetable products,Aubergines,0.03,0.045,0.045,0.05,0.05,0.03,0.01
Vegetables and vegetable products,"Aubergines, PROCESS Baking",0.047,0.128,0.047,0.128,0.047,0.047,0.047
Vegetables and vegetable products,"Aubergines, PROCESS Cooking in water",0.042,0.128,0.042,0.128,0.05,0.042,0.05
Vegetables and vegetable products,"Aubergines, PROCESS Frying",0.02,0.017,0.017,0.017,0.017,0.02,0.017
Vegetables and vegetable products,"Aubergines, PROCESS Steaming",0.047,0.047,0.047,0.047,0.05,0.047,0.05
Vegetables and vegetable products,Bamboo shoots,0.03,0.08,0.08,0.08,0.08,0.03,0.08
Vegetables and vegetable products,"Bamboo shoots, PROCESS Cooking in water",0.06,0.055,0.055,0.055,0.07,0.06,0.06
Vegetables and vegetable products,"Bamboo shoots, PROCESS Frying",0.075,0.075,0.075,0.075,0.075,0.075,0.075
Vegetables and vegetable products,"Bamboo shoots, PROCESS Steaming",0.06,0.055,0.055,0.055,0.07,0.06,0.06
Vegetables and vegetable products,Basil,0.31,0.192,0.31,0.31,0.31,0.07,0.31
Vegetables and vegetable products,Beans (with pods) and similar-,0.11,0.12,0.111,0.15,0.09,0.11,0.03
Vegetables and vegetable products,"Beans (with pods) and similar-, PROCESS Baking",0.2,0.116,0.116,0.116,0.2,0.2,0.116
Vegetables and vegetable products,"Beans (with pods) and similar-, PROCESS Cooking in water",0.09,0.084,0.079,0.09,0.08,0.05,0.02
Vegetables and vegetable products,"Beans (with pods) and similar-, PROCESS Steaming",0.09,0.084,0.106,0.09,0.08,0.09,0.02
Vegetables and vegetable products,Beetroots,0.05,0.042,0.042,0.02,0.05,0.03,0.01
Vegetables and vegetable products,"Beetroots, PROCESS Baking",,0.025,,0.025,,,
Vegetables and vegetable products,"Beetroots, PROCESS Cooking in water",0.04,0.025,0.03,0.025,0.05,,0.01
Vegetables and vegetable products,"Beetroots, PROCESS Steaming",0.04,0.036,0.036,0.036,0.05,,0.01
Vegetables and vegetable products,Borage,0.15,0.15,0.15,0.15,0.15,0.15,0.15
Vegetables and vegetable products,Broccoli and similar-,0.2,0.178,0.178,0.21,0.11,0.2,0.06
Vegetables and vegetable products,"Broccoli and similar-, PROCESS Baking",0.16,0.186,0.186,0.186,0.16,0.16,0.186
Vegetables and vegetable products,"Broccoli and similar-, PROCESS Cooking in water",0.16,0.087,0.18,0.087,0.07,0.16,0.05
Vegetables and vegetable products,"Broccoli and similar-, PROCESS Frying",0.177,0.177,0.177,0.177,0.177,0.177,0.177
Vegetables and vegetable products,"Broccoli and similar-, PROCESS Steaming",0.16,0.087,0.177,0.087,0.07,0.16,0.05
Vegetables and vegetable products,Brussels sprouts,0.16,0.16,0.134,0.14,0.12,0.16,0.11
Vegetables and vegetable products,"Brussels sprouts, PROCESS Baking",0.036,0.139,0.139,0.139,0.036,0.036,0.139
Vegetables and vegetable products,"Brussels sprouts, PROCESS Cooking in water",0.13,0.07,0.12,0.07,0.08,,0.09
Vegetables and vegetable products,"Brussels sprouts, PROCESS Steaming",0.13,0.08,0.09,0.08,0.08,,0.09
Vegetables and vegetable products,Canned mushrooms,0.25,0.1,0.297,0.19,0.2,0.297,0.2
Vegetables and vegetable products,"Canned mushrooms, PROCESS Baking",0.21,0.21,0.21,0.21,0.21,0.21,0.21
Vegetables and vegetable products,"Canned mushrooms, PROCESS Cooking in water",0.19,0.215,0.215,0.215,0.2,0.19,0.25
Vegetables and vegetable products,"Canned mushrooms, PROCESS Steaming",0.19,,,,0.2,0.19,0.25
Vegetables and vegetable products,Cardoons,0.012,0.035,0.012,0.04,0.035,0.012,0.012
Vegetables and vegetable products,"Cardoons, PROCESS Cooking in water",0.009,0.009,0.009,0.009,0.009,0.009,0.009
Vegetables and vegetable products,"Cardoons, PROCESS Steaming",0.009,0.009,0.009,0.009,0.009,0.009,0.009
Vegetables and vegetable products,Carrots,0.07,0.042,0.014,0.04,0.03,0.04,0.02
Vegetables and vegetable products,"Carrots, PROCESS Baking",0.015,0.015,0.015,0.015,0.015,0.015,0.015
Vegetables and vegetable products,"Carrots, PROCESS Cooking in water",0.06,0.03,0.03,0.03,0.02,0.06,0.01
Vegetables and vegetable products,"Carrots, PROCESS Frying",0.06,0.044,,0.044,,0.05,
Vegetables and vegetable products,"Carrots, PROCESS Steaming",0.06,0.044,0.014,0.044,0.02,0.06,0.01
Vegetables and vegetable products,Cauliflowers,0.06,0.079,0.092,0.1,0.06,0.05,0.05
Vegetables and vegetable products,"Cauliflowers, PROCESS Baking",0.05,0.096,0.096,0.096,0.05,0.05,0.096
Vegetables and vegetable products,"Cauliflowers, PROCESS Cooking in water",0.05,0.052,0.08,0.052,0.05,,0.04
Vegetables and vegetable products,"Cauliflowers, PROCESS Steaming",0.05,0.052,0.092,0.052,0.05,,0.04
Vegetables and vegetable products,Celeriacs,0.14,0.073,0.07,0.11,0.03,0.14,0.02
Vegetables and vegetable products,"Celeriacs, PROCESS Baking",0.073,0.073,0.073,0.073,0.073,0.073,0.073
Vegetables and vegetable products,"Celeriacs, PROCESS Cooking in water",0.048,0.04,0.048,0.04,0.03,0.048,0.02
Vegetables and vegetable products,"Celeriacs, PROCESS Steaming",0.055,0.037,0.07,0.037,0.03,0.055,0.02
Vegetables and vegetable products,Celeries,0.04,0.066,0.076,0.19,0.15,0.08,0.01
Vegetables and vegetable products,"Celeries, PROCESS Cooking in water",0.055,0.047,0.055,0.047,0.15,0.055,0.01
Vegetables and vegetable products,"Celeries, PROCESS Steaming",0.11,0.047,0.11,0.047,0.15,0.11,0.01
Vegetables and vegetable products,Celery leaves,0.43,0.04,0.04,0.04,0.1,0.43,0.1
Vegetables and vegetable products,"Celtuce, PROCESS Steaming",0.1,0.1,0.1,0.1,0.1,0.1,0.1
Vegetables and vegetable products,Ceps,0.37,0.37,0.37,0.26,0.37,0.37,0.37
Vegetables and vegetable products,"Ceps, PROCESS Baking",0.425,0.425,0.425,0.425,0.425,0.425,0.425
Vegetables and vegetable products,"Ceps, PROCESS Cooking in water",0.46,0.266,0.266,0.266,0.266,0.46,0.266
Vegetables and vegetable products,"Ceps, PROCESS Steaming",0.46,0.453,0.453,0.453,0.453,0.46,0.453
Vegetables and vegetable products,Chanterelles,0.4,0.23,0.23,0.23,0.3,0.4,0.3
Vegetables and vegetable products,"Chanterelles, PROCESS Baking",0.268,0.268,0.268,0.268,0.268,0.268,0.268
Vegetables and vegetable products,"Chanterelles, PROCESS Cooking in water",0.166,0.166,0.166,0.166,0.3,0.166,0.3
Vegetables and vegetable products,"Chanterelles, PROCESS Steaming",0.302,0.302,0.302,0.302,0.3,0.302,0.3
Vegetables and vegetable products,Chards,0.16,0.16,0.16,0.19,0.17,0.16,0.09
Vegetables and vegetable products,"Chards, PROCESS Baking",0.1,0.165,0.165,0.165,0.1,0.1,0.165
Vegetables and vegetable products,"Chards, PROCESS Cooking in water",0.116,0.086,0.116,0.086,0.17,0.116,0.09
Vegetables and vegetable products,"Chards, PROCESS Steaming",0.1,0.086,0.16,0.086,0.17,0.1,0.09
Vegetables and vegetable products,Chervil,0.34,0.34,0.34,0.34,0.34,0.34,0.34
Vegetables and vegetable products,Chickpea sprouts,0.15,0.15,0.15,0.15,0.15,0.15,0.15
Vegetables and vegetable products,Chili peppers,,0.09,0.09,0.23,0.15,,0.08
Vegetables and vegetable products,"Chili peppers, PROCESS Baking",0.06,0.083,0.083,0.083,0.06,0.06,0.083
Vegetables and vegetable products,"Chili peppers, PROCESS Cooking in water",0.083,0.083,0.083,0.083,0.083,0.083,0.083
Vegetables and vegetable products,Chinese cabbages and similar-,0.04,0.037,0.037,0.037,0.04,0.04,0.04
Vegetables and vegetable products,"Chinese cabbages and similar-, PROCESS Baking",0.04,0.04,0.04,0.04,0.04,0.04,0.04
Vegetables and vegetable products,"Chinese cabbages and similar-, PROCESS Cooking in water",0.027,0.027,0.027,0.027,0.04,0.027,0.04
Vegetables and vegetable products,"Chinese cabbages and similar-, PROCESS Steaming",0.04,0.04,0.04,0.04,0.04,0.04,0.04
Vegetables and vegetable products,Chives,0.2,0.165,0.15,0.18,0.15,0.2,0.18
Vegetables and vegetable products,Chives and similar-,0.15,0.165,0.15,0.18,0.15,0.15,0.18
Vegetables and vegetable products,Common bean sprouts,0.215,0.215,0.215,0.215,0.215,0.215,0.215
Vegetables and vegetable products,Common mushrooms,0.42,0.402,0.422,0.13,0.3,0.4,0.31
Vegetables and vegetable products,"Common mushrooms, PROCESS Baking",0.491,0.491,0.491,0.491,0.491,0.491,0.491
Vegetables and vegetable products,"Common mushrooms, PROCESS Cooking in water",0.43,0.22,0.305,0.22,0.3,0.43,0.35
Vegetables and vegetable products,"Common mushrooms, PROCESS Frying",0.34,0.34,0.34,0.34,0.29,0.34,0.34
Vegetables and vegetable products,"Common mushrooms, PROCESS Steaming",0.43,0.22,0.527,0.22,0.3,0.43,0.35
Vegetables and vegetable products,Common nettle,0.15,0.15,0.15,0.15,0.15,0.02,0.15
Vegetables and vegetable products,Courgettes,0.02,0.03,0.073,0.03,0.09,0.03,0.02
Vegetables and vegetable products,Courgettes and similar-,0.02,0.11,0.073,0.12,0.09,0.03,0.02
Vegetables and vegetable products,"Courgettes and similar-, PROCESS Baking",0.019,0.077,0.077,0.077,0.019,0.019,0.077
Vegetables and vegetable products,"Courgettes and similar-, PROCESS Cooking in water",0.02,0.01,0.053,0.053,0.05,0.02,0.02
Vegetables and vegetable products,"Courgettes and similar-, PROCESS Frying",0.02,0.01,0.01,0.01,0.01,0.02,0.01
Vegetables and vegetable products,"Courgettes and similar-, PROCESS Steaming",0.02,0.01,0.073,0.073,0.05,0.02,0.02
Vegetables and vegetable products,"Courgettes, PROCESS Baking",0.02,0.041,0.077,0.041,0.02,0.02,0.077
Vegetables and vegetable products,"Courgettes, PROCESS Cooking in water",,0.053,0.053,0.053,0.05,,0.02
Vegetables and vegetable products,"Courgettes, PROCESS Frying",0.01,0.01,0.01,0.01,0.01,0.01,0.01
Vegetables and vegetable products,"Courgettes, PROCESS Steaming",,0.073,0.073,0.073,0.05,,0.02
Vegetables and vegetable products,Cresses,0.19,0.19,0.19,0.19,0.1,0.26,0.04
Vegetables and vegetable products,Cucumbers,0.09,0.025,0.03,0.03,0.01,0.02,0.01
Vegetables and vegetable products,Curly kales,0.35,0.25,0.25,0.25,0.2,0.13,0.09
Vegetables and vegetable products,"Curly kales, PROCESS Cooking in water",0.143,0.143,0.143,0.143,0.22,0.143,0.06
Vegetables and vegetable products,"Curly kales, PROCESS Frying",0.11,0.11,0.11,0.11,0.11,0.11,0.11
Vegetables and vegetable products,"Curly kales, PROCESS Steaming",0.143,0.143,0.143,0.143,0.22,0.143,0.06
Vegetables and vegetable products,Curry leaves,0.21,0.21,0.21,0.21,0.21,0.21,0.21
Vegetables and vegetable products,Dandelions,0.17,0.26,0.17,0.17,0.14,0.17,0.14
Vegetables and vegetable products,Dill leaves,0.15,0.43,0.43,0.43,0.58,0.43,0.58
Vegetables and vegetable products,Dried mushrooms,3.473,3.473,3.473,1.27,3.473,3.473,3.473
Vegetables and vegetable products,"Dried mushrooms, PROCESS Cooking in water",0.389,0.389,0.389,0.389,0.389,0.389,0.389
Vegetables and vegetable products,"Dried mushrooms, PROCESS Steaming",0.389,0.389,0.389,0.389,0.389,0.389,0.389
Vegetables and vegetable products,Dried vegetables,,0.52,0.52,0.52,0.52,,0.52
Vegetables and vegetable products,Dulse,0.58,0.45,0.45,0.45,0.45,0.45,0.45
Vegetables and vegetable products,"Dulse, PROCESS Cooking in water",0.222,0.222,0.222,0.222,0.222,0.222,0.222
Vegetables and vegetable products,"Dulse, PROCESS Steaming",0.222,0.222,0.222,0.222,0.222,0.222,0.222
Vegetables and vegetable products,Escaroles,0.14,0.038,0.038,0.3,0.06,0.14,0.06
Vegetables and vegetable products,Escaroles and similar-,0.14,0.031,0.038,0.3,0.06,0.14,0.1
Vegetables and vegetable products,"Escaroles and similar-, PROCESS Baking",0.045,0.045,0.045,0.045,0.045,0.045,0.045
Vegetables and vegetable products,"Escaroles and similar-, PROCESS Cooking in water",0.06,0.06,0.06,0.06,0.06,0.06,0.06
Vegetables and vegetable products,"Escaroles and similar-, PROCESS Steaming",0.06,0.045,0.06,0.045,0.06,0.06,0.06
Vegetables and vegetable products,Fennel leaves,0.3,0.021,0.11,0.021,0.3,0.3,0.01
Vegetables and vegetable products,Florence fennels,,0.01,,0.04,0.11,0.11,0.01
Vegetables and vegetable products,"Florence fennels, PROCESS Baking",0.07,0,,0.02,0.01,0.07,0.01
Vegetables and vegetable products,"Florence fennels, PROCESS Cooking in water",0.07,0,,0.02,0.01,0.07,0.01
Vegetables and vegetable products,"Florence fennels, PROCESS Steaming",0.07,0,,0.02,0.01,0.07,0.01
Vegetables and vegetable products,Garden cress sprouts,0.04,0.04,0.04,0.04,0.04,0.04,0.04
Vegetables and vegetable products,"Garden cress sprouts, PROCESS Steaming",0.128,0.128,0.128,0.128,0.128,0.128,0.128
Vegetables and vegetable products,Garden sorrel,0.02,0.1,0.16,0.1,0.1,0.02,0.16
Vegetables and vegetable products,Garlic and similar-,0.03,0.07,0.08,0.02,0.08,0.03,0.03
Vegetables and vegetable products,"Garlic and similar-, PROCESS Baking",0.015,0.081,0.081,0.081,0.015,0.015,0.081
Vegetables and vegetable products,"Garlic and similar-, PROCESS Cooking in water",0.058,0.058,0.058,0.058,0.058,0.058,0.058
Vegetables and vegetable products,"Garlic and similar-, PROCESS Steaming",0.078,0.078,0.078,0.078,0.078,0.078,0.078
Vegetables and vegetable products,Garlic puree,0.058,0.058,0.058,0.058,0.1,0.058,0.1
Vegetables and vegetable products,Gherkins,0.142,0.03,0.03,0.02,,0.142,0.05
Vegetables and vegetable products,Globe artichokes,0.07,0.06,0.012,0.1,0.01,0.06,0.05
Vegetables and vegetable products,"Globe artichokes, PROCESS Cooking in water",0.06,0.02,0.009,0.045,0.02,0.04,0.02
Vegetables and vegetable products,"Globe artichokes, PROCESS Steaming",0.06,0.02,0.009,0.045,,,0.02
Vegetables and vegetable products,Grape leaves,0.24,0.354,0.354,0.354,0.354,0.24,0.354
Vegetables and vegetable products,"Grape leaves, PROCESS Cooking in water",0.257,0.257,0.257,0.257,0.257,0.257,0.257
Vegetables and vegetable products,"Grape leaves, PROCESS Steaming",0.257,0.257,0.257,0.257,0.257,0.257,0.257
Vegetables and vegetable products,Head cabbages,0.05,0.06,0.047,0.04,0.04,0.03,0.02
Vegetables and vegetable products,Head cabbages and similar-,0.05,0.043,0.047,0.05,0.02,0.05,0.02
Vegetables and vegetable products,"Head cabbages and similar-, PROCESS Baking",0.05,0.049,0.049,0.049,0.05,0.05,0.049
Vegetables and vegetable products,"Head cabbages and similar-, PROCESS Cooking in water",,0.037,0.031,0.037,0.01,,0.01
Vegetables and vegetable products,"Head cabbages and similar-, PROCESS Frying",0.04,0.04,0.04,0.04,0.04,0.04,0.04
Vegetables and vegetable products,"Head cabbages and similar-, PROCESS Steaming",,0.037,0.01,0.037,0.01,,0.01
Vegetables and vegetable products,"Head cabbages, PROCESS Baking",,0.049,0.049,0.049,,,0.049
Vegetables and vegetable products,"Head cabbages, PROCESS Cooking in water",0.05,0.02,0.031,0.04,0.01,0.031,0.01
Vegetables and vegetable products,"Head cabbages, PROCESS Frying",0.05,,,,0.04,,
Vegetables and vegetable products,"Head cabbages, PROCESS Steaming",0.05,0.02,0.01,0.04,0.01,,0.01
Vegetables and vegetable products,Hijiki,0.15,0.15,0.15,0.15,0.15,0.15,0.15
Vegetables and vegetable products,"Hijiki, PROCESS Cooking in water",0.074,0.074,0.074,0.074,0.074,0.074,0.074
Vegetables and vegetable products,"Hijiki, PROCESS Steaming",0.074,0.074,0.074,0.074,0.074,0.074,0.074
Vegetables and vegetable products,Honey mushroom,0.4,0.4,0.4,0.13,0.4,0.4,0.4
Vegetables and vegetable products,"Honey mushroom, PROCESS Cooking in water",0.368,0.368,0.368,0.368,0.368,0.368,0.368
Vegetables and vegetable products,"Honey mushroom, PROCESS Steaming",0.368,0.368,0.368,0.368,0.368,0.368,0.368
Vegetables and vegetable products,Horseradish roots,0.11,0.11,0.11,0.11,0.03,0.11,0.03
Vegetables and vegetable products,"Horseradish roots, PROCESS Cooking in water",0.099,0.099,0.099,0.099,0.099,0.099,0.099
Vegetables and vegetable products,"Horseradish roots, PROCESS Steaming",0.18,0.099,0.099,0.099,0.18,0.18,0.099
Vegetables and vegetable products,Jerusalem artichokes,0.05,0.06,0.06,0.06,0.06,0.05,0.06
Vegetables and vegetable products,"Jerusalem artichokes, PROCESS Baking",0.08,0.03,0.056,0.03,0.08,0.08,0.056
Vegetables and vegetable products,"Jerusalem artichokes, PROCESS Cooking in water",0.053,0.03,0.053,0.03,0.053,0.053,0.053
Vegetables and vegetable products,"Jerusalem artichokes, PROCESS Steaming",0.053,0.03,0.053,0.03,0.053,0.053,0.053
Vegetables and vegetable products,Kales and similar-,0.35,0.25,0.25,0.25,0.2,0.13,0.09
Vegetables and vegetable products,"Kales and similar-, PROCESS Baking",0.14,0.14,0.14,0.14,0.14,0.14,0.14
Vegetables and vegetable products,"Kales and similar-, PROCESS Cooking in water",0.143,0.143,0.143,0.143,0.22,0.143,0.06
Vegetables and vegetable products,"Kales and similar-, PROCESS Steaming",0.143,0.143,0.143,0.143,0.22,0.143,0.06
Vegetables and vegetable products,Kohlrabies,0.06,0.046,0.046,0.046,0.05,0.02,0.05
Vegetables and vegetable products,"Kohlrabies, PROCESS Baking",0.015,0.048,0.048,0.048,0.015,0.015,0.048
Vegetables and vegetable products,"Kohlrabies, PROCESS Cooking in water",,0.032,0.032,0.032,0.05,,0.01
Vegetables and vegetable products,"Kohlrabies, PROCESS Steaming",,0.01,0.01,0.01,0.05,,0.01
Vegetables and vegetable products,Lamb's lettuces,,0.09,0.08,0.09,0.09,,0.08
Vegetables and vegetable products,Land cresses,0.19,0.19,0.19,0.19,0.06,0.19,0.06
Vegetables and vegetable products,Laurel,0.162,0.067,0.067,0.42,0.162,0.162,0.12
Vegetables and vegetable products,Laver,0.45,0.45,0.45,0.45,0.45,0.45,0.45
Vegetables and vegetable products,"Laver, PROCESS Cooking in water",0.222,0.222,0.222,0.222,0.222,0.222,0.222
Vegetables and vegetable products,"Laver, PROCESS Steaming",0.222,0.222,0.222,0.222,0.222,0.222,0.222
Vegetables and vegetable products,Leeks,0.02,0.065,0.068,0.08,0.04,0.06,0.05
Vegetables and vegetable products,"Leeks, PROCESS Baking",0.071,0.02,0.071,0.02,0.02,0.071,0.071
Vegetables and vegetable products,"Leeks, PROCESS Cooking in water",,0.02,0.049,0.02,0.02,0.049,0.02
Vegetables and vegetable products,"Leeks, PROCESS Steaming",,0.02,0.068,0.02,0.02,0.03,0.02
Vegetables and vegetable products,Lentil sprouts,0.12,0.12,0.12,0.12,0.12,0.12,0.12
Vegetables and vegetable products,"Lentil sprouts, PROCESS Steaming",0.124,0.124,0.124,0.124,0.124,0.124,0.124
Vegetables and vegetable products,"Lentils, fresh",0.258,0.258,0.258,0.258,0.27,0.258,0.27
Vegetables and vegetable products,"Lentils, fresh, PROCESS Baking",0.032,0.032,0.032,0.032,0.032,0.032,0.032
Vegetables and vegetable products,"Lentils, fresh, PROCESS Cooking in water",0.07,0.061,0.07,0.061,0.05,0.07,0.08
Vegetables and vegetable products,"Lentils, fresh, PROCESS Steaming",0.07,0.061,0.07,0.061,0.05,0.07,0.08
Vegetables and vegetable products,Lettuces (generic),0.07,0.03,0.032,0.18,0.05,,0.02
Vegetables and vegetable products,Lovage leaves,0.15,0.15,0.15,0.15,0.15,0.15,0.15
Vegetables and vegetable products,Mashed vegetable puree,0.03,0.048,0.02,0.048,0.12,0.03,0.02
Vegetables and vegetable products,Melons and similar-,0.01,0.02,0.02,0.04,0.05,0.01,0.01
Vegetables and vegetable products,Mints,0.33,0.257,0.33,0.33,0.33,0.33,0.33
Vegetables and vegetable products,Morels,,0.06,0.06,0.06,0.02,,0.02
Vegetables and vegetable products,"Morels, PROCESS Baking",,0.055,0.055,0.055,,,0.055
Vegetables and vegetable products,"Morels, PROCESS Cooking in water",0.055,0.055,0.055,0.055,0.055,0.055,0.055
Vegetables and vegetable products,"Morels, PROCESS Steaming",0.074,0.074,0.074,0.074,0.074,0.074,0.074
Vegetables and vegetable products,Mung bean sprouts,0.12,0.124,0.092,0.124,0.4,0.12,0.04
Vegetables and vegetable products,"Mung bean sprouts, PROCESS Cooking in water",0.05,0.05,0.05,0.05,0.4,0.05,0.05
Vegetables and vegetable products,"Mung bean sprouts, PROCESS Steaming",0.05,0.05,0.05,0.05,0.4,0.05,0.05
Vegetables and vegetable products,Mushy peas,0.06,0.054,0.054,0.054,0.06,0.06,0.054
Vegetables and vegetable products,Nasturtium flowers and leaves,0.17,0.17,0.17,0.17,0.17,0.17,0.17
Vegetables and vegetable products,Okra,0.142,0.08,0.08,0.08,0.12,0.142,0.06
Vegetables and vegetable products,"Okra, PROCESS Cooking in water",0.074,0.074,0.074,0.074,0.05,0.074,0.05
Vegetables and vegetable products,"Okra, PROCESS Steaming",0.074,0.074,0.074,0.074,0.05,0.074,0.05
Vegetables and vegetable products,Onions,0.02,0.03,0.02,0.03,0.01,0.03,0.01
Vegetables and vegetable products,Onions and similar-,0.02,0.03,0.02,0.03,0.01,0.02,0.01
Vegetables and vegetable products,"Onions and similar-, PROCESS Baking",0.021,0.032,0.021,0.032,0.021,0.021,0.021
Vegetables and vegetable products,"Onions and similar-, PROCESS Cooking in water",,0.014,0.014,0.014,0.01,,0.01
Vegetables and vegetable products,"Onions and similar-, PROCESS Frying",0.02,0.01,0.01,0.01,0.02,0.02,0.01
Vegetables and vegetable products,"Onions and similar-, PROCESS Steaming",,0.01,0.01,0.01,0.01,,0.01
Vegetables and vegetable products,"Onions, PROCESS Baking",0.11,0.032,0.021,0.032,0.08,0.11,0.021
Vegetables and vegetable products,"Onions, PROCESS Cooking in water",0.02,0.014,0.014,0.014,0.01,0,0.01
Vegetables and vegetable products,"Onions, PROCESS Frying",0.02,0.01,0.01,0.01,0.02,0,0.01
Vegetables and vegetable products,"Onions, PROCESS Steaming",0.02,0.01,0.01,0.01,0.01,0,0.01
Vegetables and vegetable products,Palm hearts,0.04,0.04,0.04,0.04,0.04,0.04,0.04
Vegetables and vegetable products,"Palm hearts, PROCESS Cooking in water",0.037,0.057,0.037,0.057,0.057,0.037,0.037
Vegetables and vegetable products,"Palm hearts, PROCESS Steaming",0.124,0.037,0.037,0.037,0.124,0.124,0.037
Vegetables and vegetable products,Parsley,0.3,0.153,0.3,0.21,0.3,0.3,0.06
Vegetables and vegetable products,Parsley roots,0.08,0.086,0.086,0.086,0.086,0.08,0.086
Vegetables and vegetable products,Parsnip roots,0.09,0.023,0.13,0.023,0.04,0.18,0.01
Vegetables and vegetable products,"Parsnip roots, PROCESS Baking",0.043,0.043,0.043,0.043,0.043,0.043,0.043
Vegetables and vegetable products,"Parsnip roots, PROCESS Cooking in water",0.07,0.043,0.107,0.043,0.01,0.07,0.01
Vegetables and vegetable products,"Parsnip roots, PROCESS Frying",0.043,0.043,0.043,0.043,0.043,0.043,0.043
Vegetables and vegetable products,"Parsnip roots, PROCESS Steaming",0.07,0.043,0.107,0.043,0.01,0.07,0.01
Vegetables and vegetable products,Pearl oyster mushrooms,0.2,0.285,0.285,0.285,0.43,0.2,0.43
Vegetables and vegetable products,"Pearl oyster mushrooms, PROCESS Baking",0.23,0.23,0.23,0.23,0.23,0.23,0.23
Vegetables and vegetable products,"Pearl oyster mushrooms, PROCESS Cooking in water",0.205,0.205,0.205,0.205,0.205,0.205,0.205
Vegetables and vegetable products,"Pearl oyster mushrooms, PROCESS Steaming",0.261,0.261,0.261,0.261,0.261,0.261,0.261
Vegetables and vegetable products,Peas (with pods) and similar-,0.15,0.1,0.15,0.1,0.14,0.15,0.14
Vegetables and vegetable products,"Peas (with pods) and similar-, PROCESS Cooking in water",0.109,0.109,0.109,0.109,0.11,0.109,0.11
Vegetables and vegetable products,"Peas (with pods) and similar-, PROCESS Frying",,0.045,0.045,0.045,0.045,,0.045
Vegetables and vegetable products,"Peas (with pods) and similar-, PROCESS Steaming",0.148,0.148,0.148,0.148,0.11,0.148,0.11
Vegetables and vegetable products,Peas shoots and sprouts,0.15,0.15,0.15,0.15,0.15,0.15,0.15
Vegetables and vegetable products,Pickled / marinated vegetables,0.04,0.027,0.027,0.01,,0.04,
Vegetables and vegetable products,Pumpkins,0.09,0.065,0.065,0.02,,0.09,
Vegetables and vegetable products,"Pumpkins, PROCESS Baking",0.068,0.04,0.068,0.04,0.04,0.068,0.068
Vegetables and vegetable products,"Pumpkins, PROCESS Cooking in water",0.051,0.037,0.051,0.037,,0.051,
Vegetables and vegetable products,"Pumpkins, PROCESS Steaming",0.06,0.04,0.06,0.04,,0.06,
Vegetables and vegetable products,Purslanes,0.02,0.112,0.1,0.112,0.04,0.02,0.04
Vegetables and vegetable products,Purslanes and similar-,0.1,0.112,0.1,0.112,0.04,0.1,0.04
Vegetables and vegetable products,Radish sprouts,0.07,0.07,0.02,0.07,0.07,0.07,0.07
Vegetables and vegetable products,"Radish sprouts, PROCESS Cooking in water",0.04,0.04,0.04,0.04,0.04,0.04,0.04
Vegetables and vegetable products,"Radish sprouts, PROCESS Steaming",0.118,0.118,0.118,0.118,0.118,0.118,0.118
Vegetables and vegetable products,Radishes and similar-,0.04,0.04,0.03,0.02,0.03,0.04,0.03
Vegetables and vegetable products,"Radishes and similar-, PROCESS Cooking in water",0.027,0.027,0.027,0.027,0.027,0.027,0.027
Vegetables and vegetable products,"Radishes and similar-, PROCESS Steaming",0.05,0.027,0.027,0.027,0.05,0.05,0.027
Vegetables and vegetable products,Red mustard leaves,0.24,0.24,0.24,0.24,0.24,0.24,0.24
Vegetables and vegetable products,Rhubarbs,0.03,0.03,0.03,0.03,0.02,0.03,0.03
Vegetables and vegetable products,"Rhubarbs, PROCESS Cooking in water",0.028,0.028,0.028,0.028,0.02,0.028,0.02
Vegetables and vegetable products,"Rhubarbs, PROCESS Steaming",0.028,0.028,0.028,0.028,0.02,0.028,0.02
Vegetables and vegetable products,Roman rocket,0.09,0.09,0.09,0.09,0.17,0.09,0.17
Vegetables and vegetable products,Roman rocket and similar-,0.09,0.09,0.09,0.09,0.17,0.09,0.17
Vegetables and vegetable products,Rosemary,0,0,0,0,0,0,0
Vegetables and vegetable products,Sage,0.055,0.055,0.055,0.055,0.055,0.055,0.055
Vegetables and vegetable products,Salsifies,0.04,0.035,0.035,0.035,0.02,0.04,0.01
Vegetables and vegetable products,"Salsifies, PROCESS Cooking in water",0.04,0.17,0.04,0.17,0.02,0.04,0.02
Vegetables and vegetable products,"Salsifies, PROCESS Steaming",0.045,0.173,0.04,0.173,0.02,0.045,0.02
Vegetables and vegetable products,Sauerkraut,0.05,0.05,0.05,0.05,0.04,0.05,
Vegetables and vegetable products,"Sauerkraut, PROCESS Baking",0.052,0.052,0.052,0.052,0.052,0.052,0.052
Vegetables and vegetable products,"Sauerkraut, PROCESS Cooking in water",0.02,0.05,0.037,0.05,0.01,0.02,0.01
Vegetables and vegetable products,"Sauerkraut, PROCESS Steaming",0.037,0.05,0.037,0.05,0.01,0.037,0.01
Vegetables and vegetable products,Shallots,0.06,0.03,0.06,0.06,0.01,0.06,0.06
Vegetables and vegetable products,"Shallots, PROCESS Baking",0.018,0.018,0.018,0.018,0.018,0.018,0.018
Vegetables and vegetable products,"Shallots, PROCESS Cooking in water",0.01,0.01,0.01,0.01,0.01,0.01,0.01
Vegetables and vegetable products,"Shallots, PROCESS Frying",0.02,0.02,0.02,0.02,0.02,0.02,0.02
Vegetables and vegetable products,Shiitake,0.15,0.17,0.17,0.17,0.17,0.15,0.17
Vegetables and vegetable products,"Shiitake, PROCESS Baking",0.17,0.17,0.17,0.17,0.17,0.17,0.17
Vegetables and vegetable products,"Shiitake, PROCESS Cooking in water",0.156,0.156,0.156,0.156,0.156,0.156,0.156
Vegetables and vegetable products,"Shiitake, PROCESS Frying",0.402,0.402,0.402,0.402,0.402,0.402,0.402
Vegetables and vegetable products,"Shiitake, PROCESS Steaming",0.156,0.156,0.156,0.156,0.156,0.156,0.156
Vegetables and vegetable products,Sorrel,0.16,0.1,0.16,0.1,0.1,0.16,0.16
Vegetables and vegetable products,Soyabeans sprouts,0.2,0.163,0.163,0.2,0.163,0.163,0.163
Vegetables and vegetable products,"Soyabeans sprouts, PROCESS Cooking in water",0.143,0.143,0.143,0.143,0.143,0.143,0.143
Vegetables and vegetable products,"Soyabeans sprouts, PROCESS Steaming",0.143,0.143,0.143,0.143,0.143,0.143,0.143
Vegetables and vegetable products,Spinaches,0.24,0.22,0.202,0.37,0.2,0.28,0.09
Vegetables and vegetable products,Spinaches and similar-,0.24,0.263,0.202,0.263,0.2,0.24,0.09
Vegetables and vegetable products,"Spinaches and similar-, PROCESS Baking",0.211,0.211,0.211,0.211,0.211,0.211,0.211
Vegetables and vegetable products,"Spinaches and similar-, PROCESS Cooking in water",0.147,0.236,0.147,0.236,0.15,0.147,0.05
Vegetables and vegetable products,"Spinaches and similar-, PROCESS Steaming",0.201,0.236,0.201,0.236,0.15,0.201,0.05
Vegetables and vegetable products,"Spinaches, PROCESS Baking",0.09,0.236,0.211,0.236,0.15,0.09,0.05
Vegetables and vegetable products,"Spinaches, PROCESS Cooking in water",0.09,0.236,0.147,0.236,0.15,0.09,0.05
Vegetables and vegetable products,"Spinaches, PROCESS Steaming",0.09,0.236,0.201,0.236,0.15,0.09,0.05
Vegetables and vegetable products,Spirulina,0.34,0.34,0.34,0.34,0.34,0.34,0.34
Vegetables and vegetable products,Spring onions,0.06,0.06,0.06,0.04,0.04,0.06,0.03
Vegetables and vegetable products,"Spring onions, PROCESS Baking",0.062,0.062,0.062,0.062,0.062,0.062,0.062
Vegetables and vegetable products,"Spring onions, PROCESS Cooking in water",0.043,0.043,0.043,0.043,0.04,0.043,0.04
Vegetables and vegetable products,"Spring onions, PROCESS Frying",0.094,0.094,0.094,0.094,0.094,0.094,0.094
Vegetables and vegetable products,"Spring onions, PROCESS Steaming",0.04,0.04,0.04,0.04,0.04,0.04,0.04
Vegetables and vegetable products,"Sprouts, shoots and similar",,0.092,0.092,0.092,0.4,,0.04
Vegetables and vegetable products,"Sprouts, shoots and similar, PROCESS Cooking in water",0.143,0.143,0.143,0.143,0.4,0.143,0.05
Vegetables and vegetable products,"Sprouts, shoots and similar, PROCESS Steaming",0.126,0.143,0.143,0.143,0.4,0.126,0.05
Vegetables and vegetable products,Sun-dried tomatoes,0.38,0.099,0.099,0.49,0.49,0.06,0.49
Vegetables and vegetable products,"Sunflower shoots and sprouts, PROCESS Steaming",0.41,0.41,0.41,0.41,0.41,0.41,0.41
Vegetables and vegetable products,Swedes,0.06,0.058,0.058,0.058,0.03,0.03,0.03
Vegetables and vegetable products,"Swedes, PROCESS Baking",0.052,0.052,0.052,0.052,0.052,0.052,0.052
Vegetables and vegetable products,"Swedes, PROCESS Cooking in water",0.05,0.043,0.043,0.043,0.03,,0.01
Vegetables and vegetable products,"Swedes, PROCESS Steaming",0.05,0.058,0.058,0.058,0.03,,0.01
Vegetables and vegetable products,Sweet corn,0.08,0.12,0.12,0.2,0.075,0.08,0.05
Vegetables and vegetable products,Sweet corn canned,0.063,0.073,0.12,0.18,0.063,0.063,0.06
Vegetables and vegetable products,"Sweet corn, PROCESS Baking",0.123,0.072,0.123,0.072,0.072,0.123,0.123
Vegetables and vegetable products,"Sweet corn, PROCESS Cooking in water",0.06,0.073,0.087,0.073,0.07,0.1,0.05
Vegetables and vegetable products,"Sweet corn, PROCESS Steaming",0.06,0.072,0.11,0.072,0.07,0.1,0.05
Vegetables and vegetable products,Sweet peppers,0.08,0.05,,0.07,0.04,0.08,0.03
Vegetables and vegetable products,"Sweet peppers, PROCESS Baking",0.09,0.03,0.021,0.03,0.05,0.03,0.021
Vegetables and vegetable products,"Sweet peppers, PROCESS Cooking in water",0.09,0.03,0.087,0.03,0.05,0.087,0.03
Vegetables and vegetable products,"Sweet peppers, PROCESS Frying",0.09,0.01,0.01,,0.05,,0.01
Vegetables and vegetable products,"Sweet peppers, PROCESS Steaming",0.09,0.03,,0.03,0.05,,0.03
Vegetables and vegetable products,Tarragon,0.234,0.234,0.234,0.234,0.234,0.234,0.234
Vegetables and vegetable products,Thyme,0.05,0.4,0.065,0.4,0.05,0.05,0.065
Vegetables and vegetable products,Tigernuts,0.1,0.1,0.1,0.1,0.1,0.1,0.1
Vegetables and vegetable products,"Tigernuts, PROCESS Steaming",0.04,0.04,0.04,0.04,0.04,0.04,0.04
Vegetables and vegetable products,Tomato puree,0.05,0.052,0.12,0.052,0.12,0.05,0.19
Vegetables and vegetable products,Tomatoes and similar-,0.04,0.028,0.035,0.028,0.01,0.02,0.01
Vegetables and vegetable products,"Tomatoes and similar-, PROCESS Baking",0.09,0.063,0.037,0.063,0.09,0.09,0.01
Vegetables and vegetable products,"Tomatoes and similar-, PROCESS Cooking in water",0.03,0.031,0.028,0.031,0.01,0.03,0.01
Vegetables and vegetable products,"Tomatoes and similar-, PROCESS Steaming",0.035,0.035,0.035,0.035,0.02,0.035,0.02
Vegetables and vegetable products,Truffles,0.4,0.021,0.4,0.09,0.021,0.4,0.4
Vegetables and vegetable products,Turnips,0.06,0.043,0.051,0.07,0.01,0.04,0.01
Vegetables and vegetable products,"Turnips, PROCESS Baking",0.046,0.023,0.046,0.023,0.023,0.046,0.046
Vegetables and vegetable products,"Turnips, PROCESS Cooking in water",,0.023,0.038,0.023,0.02,,0.02
Vegetables and vegetable products,"Turnips, PROCESS Steaming",,0.023,0.038,0.023,0.09,,0.02
Vegetables and vegetable products,Vietnamese mint,0.489,0.489,0.489,0.489,0.489,0.489,0.489
Vegetables and vegetable products,Wakame,0.15,0.15,0.15,0.14,0.15,0.15,0.15
Vegetables and vegetable products,"Wakame, PROCESS Cooking in water",0.074,0.074,0.074,0.074,0.074,0.074,0.074
Vegetables and vegetable products,"Wakame, PROCESS Steaming",0.074,0.074,0.074,0.074,0.074,0.074,0.074
Vegetables and vegetable products,Watercresses,0.02,0.12,0.17,0.06,0.11,0.02,0.06
Vegetables and vegetable products,Watercresses and similar-,0.17,0.12,0.17,0.06,0.06,0.17,0.06
Vegetables and vegetable products,Watermelons,0.02,0.02,0.05,0.02,0.05,0.02,0.01
Vegetables and vegetable products,White ginger,0.185,0.185,0.185,0.185,0.185,0.185,0.185
Vegetables and vegetable products,Winter savory,0,0,0,0,0,0,0
Vegetables and vegetable products,Witloofs,0.036,0.031,0.036,0.03,0.03,0.036,0.03
Vegetables and vegetable products,"Witloofs, PROCESS Baking",0.038,0.045,0.038,0.045,0.045,0.038,0.038
Vegetables and vegetable products,"Witloofs, PROCESS Cooking in water",0.027,0.027,0.027,0.027,0.02,0.027,0.02
Vegetables and vegetable products,"Witloofs, PROCESS Steaming",0.036,0.045,0.036,0.045,0.02,0.036,0.02
Water and water-based beverages,Bottled drinking water,0,0,0,0,0,0,0
Water and water-based beverages,"Cola beverages, caffeinic",0,0,0,0,0,0,0
Water and water-based beverages,"Cola beverages, decaffeinated",0,0,0,0,0,0,0
Water and water-based beverages,"Cola mix, flavoured cola",0,0,0,0,0,0,0
Water and water-based beverages,Cola-type drinks,,0,,0,,,
Water and water-based beverages,Diet soft drink with caffeine,,,0.023,,,0.023,
Water and water-based beverages,Diet soft drinks with flavours,0,0,0,,0,0,0
Water and water-based beverages,Diet soft drinks with fruit juice,,,0.001,,,,
Water and water-based beverages,Energy drinks,0.4,0.58,,0.58,0.65,,0.65
Water and water-based beverages,Filtered tap water,0,0,0,0,0,0,0
Water and water-based beverages,Flavoured bottled water,0.008,,0.008,,,0.008,0.008
Water and water-based beverages,"Flavoured bottled water, FORT Combination of vitamin and mineral only supplements",0.008,0.008,0.008,0.008,0.008,0.008,0.008
Water and water-based beverages,"Flavoured bottled water, FORT Mineral only supplements",0.008,0.008,0.008,0.008,,0.008,
Water and water-based beverages,"Flavoured bottled water, FORT Vitamin only supplements",0.008,0.008,0.008,0.008,0.008,0.008,0.008
Water and water-based beverages,Fortified bottled water,,0.009,0.009,0.009,,,
Water and water-based beverages,"Fruit soft drink, currant red",0.007,0.007,0.007,0.007,,0.007,
Water and water-based beverages,"Fruit soft drink, gooseberry",0,0,0,0,0,0,0
Water and water-based beverages,"Fruit soft drink, grape red",0.006,0.006,0.006,0.006,,0.006,
Water and water-based beverages,"Fruit soft drink, grape white",0.006,0.006,0.006,0.006,,0.006,
Water and water-based beverages,"Fruit soft drink, grapefruit",0.001,0.001,0.001,0.001,,0.001,
Water and water-based beverages,"Fruit soft drink, mixed fruit",0,0,0,0,0,0,0
Water and water-based beverages,"Fruit soft drink, orange",0.001,0.03,0.001,0.03,,0.001,
Water and water-based beverages,"Fruit soft drink, pear",0,0,0,0,0,0,0
Water and water-based beverages,"Fruit soft drink, pineapple",0,0,0,0,0,0,0
Water and water-based beverages,"Fruit soft drink, plum",0,0,0,0,0,0,0
Water and water-based beverages,"Fruit soft drink, raspberry",0,0,0,0,0,0,0
Water and water-based beverages,Isotonic and sport drinks,,,0.002,,,,
Water and water-based beverages,Liquid drink bases (including concentrates and home-made preparations),0.003,0.003,0.003,0.003,,0.003,
Water and water-based beverages,Natural mineral water,,0,0,0,0,,0
Water and water-based beverages,Powdered drink bases,0.21,0.21,0.21,0.21,0.21,0.21,0.21
Water and water-based beverages,Soft drink with bitter principle,0,0,0,0,0,0,0
Water and water-based beverages,"Soft drink, apple flavour",0,0,0,0,0,0,0
Water and water-based beverages,"Soft drink, cherry flavour",0,0,0,0,0,0,0
Water and water-based beverages,"Soft drink, flavoured with herbs",0,0,0,0,0,0,0
Water and water-based beverages,"Soft drink, flavoured, no fruit",,,0.001,,,,
Water and water-based beverages,"Soft drink, lemon flavour",0,0,0,0,0,0,0
Water and water-based beverages,"Soft drink, lime flavour",0,0,0,0,0,0,0
Water and water-based beverages,"Soft drink, mixed flavours",0.001,,0.001,,,0.001,
Water and water-based beverages,"Soft drink, orange flavour",0,0,0,,0,0,0
Water and water-based beverages,"Soft drink, with fruit juice (fruit content below the minimum for nectars)",,,0.001,,,,
Water and water-based beverages,Tap water,0,0,0,0,0,0,0
