Food class level 1,Food (FoodEx2 description),Finland,France,Germany,Italy,Netherlands,Sweden,United Kingdom
"Additives,flavours, baking and processing aids","Artificial sweeteners (e.g., aspartam, saccharine)",,,0,,,0,0
"Additives,flavours, baking and processing aids",Aspartame,0,0,0,,0,0,0
"Additives,flavours, baking and processing aids",Baking yeast,12,140,23,13,25,13,80
"Additives,flavours, baking and processing aids",Cyclamate,0,0,0,0,0,0,0
"Additives,flavours, baking and processing aids",Flavour enhancer,0,0,0,0,0,0,0
"Additives,flavours, baking and processing aids",Modified starch,10,10,10,10,10,10,10
"Additives,flavours, baking and processing aids",Preparations for gelling home-made food,600,600,600,600,600,600,600
"Additives,flavours, baking and processing aids",Preparations for pickling vegetables,0,0,0,0,0,0,0
"Additives,flavours, baking and processing aids",Preparations for raising and flavouring home-made bakery,,1130,1130,1130,1130,,1130
"Additives,flavours, baking and processing aids",Saccharine,0,0,0,,0,0,0
"Additives,flavours, baking and processing aids",Vanilla essence,,,,11,,,
"Additives,flavours, baking and processing aids",Vanilla pods extract,1228,1228,1228,1228,1228,1228,1228
Alcoholic beverages,Alcopop and flavoured wine,,3,3,3,6,,6
Alcoholic beverages,Ale beer,4,4,4,5,7,4,7
Alcoholic beverages,"Beer, alcohol-free",5.5,4.6,5,8,5,,3
Alcoholic beverages,"Beer, light",6,6,4,10,5,6,10
Alcoholic beverages,"Beer, regular",4,4.5,4,1,3,4,5
Alcoholic beverages,"Beer, strong",4,4,4,4,3,4,14
Alcoholic beverages,Brandy,,,2,1,,,
Alcoholic beverages,Champagne-like wine,,5.1,6,9,3,,3
Alcoholic beverages,Chocolate liqueur,1,1,1,1,,1,
Alcoholic beverages,Cider,1.6,7.3,5,8,10,9,8
Alcoholic beverages,Cocktail drink,9.6,7.12,3,7.12,7.12,,3
Alcoholic beverages,Coffee liqueur,1,1,1,1,,1,
Alcoholic beverages,Cream liqueur,16.5,17,17,18,28,16.5,18
Alcoholic beverages,Egg liqueur,14,14,14,14,20,14,20
Alcoholic beverages,Fruit liqueur,,2,2,2,,,
Alcoholic beverages,Gin,0,0,0,0,0,0,
Alcoholic beverages,Herb liqueur,,2,,2,,,
Alcoholic beverages,Ice wine,14,14,14,14,14,14,14
Alcoholic beverages,Lager beer,6.5,4.5,4,4.5,6.5,6.5,5
Alcoholic beverages,Low-malt beers,3,3,3,3,3,3,3
Alcoholic beverages,Madeira,8.8,3,3,3,,8.8,
Alcoholic beverages,Mixed beer drinks,12,12,12,12,12,12,12
Alcoholic beverages,Noble rot wine,14,14,14,14,14,14,14
Alcoholic beverages,Port,8.8,8.4,7,4,4,8.8,4
Alcoholic beverages,Raisin wine,8.8,8.8,8.8,8.8,8.8,8.8,8.8
Alcoholic beverages,Red or rosÇ sparkling wine,12,12,12,12,12,12,12
Alcoholic beverages,Rum,,,,,,,27
Alcoholic beverages,Shandy,12,2.75,12,2.75,2,12,8
Alcoholic beverages,Sherry,8.8,8.4,7,8,8,8,8
Alcoholic beverages,Spirits made from stone fruits,2,2,2,5,2,2,2
Alcoholic beverages,Stout beer,8,8,8,4,4,8,4
Alcoholic beverages,Tequila and similar spirits,2,,2,,,2,2
Alcoholic beverages,Vermouth,8.8,8.8,7,8.8,6,8.8,7
Alcoholic beverages,Vodka and vodka-like spirits,,0.13,,,,,27
Alcoholic beverages,Wheat beer,1,1,1,1,1,1,1
Alcoholic beverages,Whisky,,0.73,2,,2,,
Alcoholic beverages,"Wine, red",7.8,6.36,9,6.36,8,7,7
Alcoholic beverages,"Wine, rosÇ",,10,12,12,12,,12
Alcoholic beverages,"Wine, white",9,5.64,10,9,12,44,12
Animal and vegetable fats and oils,Beef tallow (including processed suet),0,0,0,0,0,0,0
Animal and vegetable fats and oils,Blended fat and oils,24,39,39,39,15,24,15
Animal and vegetable fats and oils,"Blended fat and oils, QUAL Half fat or medium fat",19.6,114,114,114,114,19.6,114
Animal and vegetable fats and oils,"Blended fat and oils, QUAL Low fat (naturally or reduced)",108.1,200,200,200,200,108.1,200
Animal and vegetable fats and oils,"Blended fat and oils, QUAL Low sodium / reduced salt",39,39,39,39,39,39,39
Animal and vegetable fats and oils,Blended frying oil/fats,16.5,0.9,,,,16.5,
Animal and vegetable fats and oils,Blended margarine,18,11.1,35,4,12,18,14
Animal and vegetable fats and oils,"Blended margarine, QUAL Half fat or medium fat",30,12,47,12,47,30,47
Animal and vegetable fats and oils,"Blended margarine, QUAL Low fat (naturally or reduced)",47,35,47,35,35,47,47
Animal and vegetable fats and oils,"Blended margarine, QUAL Low sodium / reduced salt",8,8,8,8,8,8,8
Animal and vegetable fats and oils,Butter,24,14.5,13,25,17,18,18
Animal and vegetable fats and oils,Butter and margarine/oil blends,,15,15,15,15,,15
Animal and vegetable fats and oils,"Butter and margarine/oil blends, QUAL Half fat or medium fat",11,11,11,11,11,11,11
Animal and vegetable fats and oils,"Butter and margarine/oil blends, QUAL Low fat (naturally or reduced)",11,11,11,11,11,11,11
Animal and vegetable fats and oils,Butter oil,18,6,6,6,18,18,18
Animal and vegetable fats and oils,"Butter, QUAL Half fat or medium fat",,,115,,11,,11
Animal and vegetable fats and oils,"Butter, QUAL Low fat (naturally or reduced)",60,23,115,23,11,115,11
Animal and vegetable fats and oils,Cocoa butter,0,0,0,0,0,0,0
Animal and vegetable fats and oils,Coconut oil/fat,0,,0,0,0,0,0
Animal and vegetable fats and oils,Cod liver oil,1.15,1,1,,1.15,1.15,1
Animal and vegetable fats and oils,"Cotton seed oil, edible",,1,1,1,,,1
Animal and vegetable fats and oils,Functional vegetable margarines/fats,,14,14,14,14,,14
Animal and vegetable fats and oils,"Functional vegetable margarines/fats, QUAL Half fat or medium fat",16.2,,,,,16.2,
Animal and vegetable fats and oils,Ghee,6,6,6,6,6,6,6
Animal and vegetable fats and oils,Grape seed oil,0,0,0,0,0,0,0
Animal and vegetable fats and oils,Herring oil,10,10,10,10,10,10,10
Animal and vegetable fats and oils,Linseed oil,,1,1,1,,,1
Animal and vegetable fats and oils,"Maize oil, edible",,,15,,,15,
Animal and vegetable fats and oils,"Olive oil, refined",0,0,0,0,0,0,0
Animal and vegetable fats and oils,"Olive oil, virgin or extra-virgin",,1.85,,,,,
Animal and vegetable fats and oils,"Palm kernel oil, edible",0,0,0,0,0,0,0
Animal and vegetable fats and oils,Palm oil/fat,,1,1,,,,1
Animal and vegetable fats and oils,"Peanut oil, edible",,,1,,,,
Animal and vegetable fats and oils,Pork lard,1,1,,,,1,1
Animal and vegetable fats and oils,"Poultry fats, processed",,,1,,,,1
Animal and vegetable fats and oils,Processed fat (blubber) of marine mammals,1.15,1.15,1.15,1.15,1.15,1.15,1.15
Animal and vegetable fats and oils,Pumpkin seed oil,0,0,0,0,0,0,0
Animal and vegetable fats and oils,"Rape seed oil, edible",0,0,0,0,0,0,0
Animal and vegetable fats and oils,"Safflower seed oil, edible",0,0,0,0,0,0,0
Animal and vegetable fats and oils,"Sesame seed oil, edible",,10,10,10,,,10
Animal and vegetable fats and oils,Shortening and similar baking fats,,11.1,1,11.1,10,,4
Animal and vegetable fats and oils,"Shortening and similar baking fats, QUAL Half fat or medium fat",10,12,10,12,10,10,10
Animal and vegetable fats and oils,"Shortening and similar baking fats, QUAL Low fat (naturally or reduced)",23,23,23,23,23,23,23
Animal and vegetable fats and oils,"Shortening and similar baking fats, QUAL Low sodium / reduced salt",10,10,10,10,10,10,10
Animal and vegetable fats and oils,"Soya bean oil, refined",,,,,4,,4
Animal and vegetable fats and oils,Spreadable vegetable fat-deprecated,,,8,4,10,,14
Animal and vegetable fats and oils,"Spreadable vegetable fat-deprecated, QUAL Half fat or medium fat",20.5,12,24,12,20,20.5,20
Animal and vegetable fats and oils,"Spreadable vegetable fat-deprecated, QUAL Low fat (naturally or reduced)",19.8,24,24,24,20,19.8,20
Animal and vegetable fats and oils,"Spreadable vegetable fat-deprecated, QUAL Low sodium / reduced salt",8,8,8,8,10,8,10
Animal and vegetable fats and oils,"Sunflower seed oil, edible",,,1,,,0.2,
Animal and vegetable fats and oils,Tallow from other animals,2,2,2,2,2,2,2
Animal and vegetable fats and oils,Traditional margarine,,11.1,8,20,10,,4
Animal and vegetable fats and oils,"Traditional margarine, QUAL Half fat or medium fat",12,24,24,24,20,12,20
Animal and vegetable fats and oils,"Traditional margarine, QUAL Low fat (naturally or reduced)",12,35,24,35,20,12,20
Animal and vegetable fats and oils,"Traditional margarine, QUAL Low sodium / reduced salt",8,8,8,8,10,8,10
Animal and vegetable fats and oils,Walnut oil,0,0,0,0,0,0,0
Animal and vegetable fats and oils,Wheat germ oil,,1,1,,,,1
"Coffee, cocoa, tea and infusions",Camomile infusion,2,2,2,2,2,2,2
"Coffee, cocoa, tea and infusions",Chicory coffee infusion,3,120,3,120,1,3,1
"Coffee, cocoa, tea and infusions",Chicory coffee ingredient,20,126,20,126,30,20,30
"Coffee, cocoa, tea and infusions",Cocoa beans (fermented or dried),154,154,154,154,154,154,154
"Coffee, cocoa, tea and infusions",Cocoa beverages,112,113,100,113,102,112,118
"Coffee, cocoa, tea and infusions","Cocoa beverages, QUAL Low / Reduced sugar",70,70,70,70,119,70,119
"Coffee, cocoa, tea and infusions","Cocoa beverages, QUAL Sugar free",170,70,70,70,118,70,118
"Coffee, cocoa, tea and infusions",Cocoa mass,154,102,154,102,102,154,154
"Coffee, cocoa, tea and infusions",Cocoa powder,105,84.7,154,51,150,105,130
"Coffee, cocoa, tea and infusions","Cocoa powder, QUAL Low / Reduced sugar",154,154,154,154,154,154,154
"Coffee, cocoa, tea and infusions","Cocoa powder, QUAL Sugar free",154,154,154,154,154,154,154
"Coffee, cocoa, tea and infusions",Coffee (average strenght) beverage,,6.4,2,2,4,,3
"Coffee, cocoa, tea and infusions",Coffee (weak strenght) beverage,3,3,3,2,4,3,2
"Coffee, cocoa, tea and infusions","Coffee beans, roasted",120,130,120,130,120,120,120
"Coffee, cocoa, tea and infusions",Coffee beverage decaffeinated,4,3.3,2,2,4,4,2
"Coffee, cocoa, tea and infusions","Coffee drink, cafÇ macchiato",107,107,107,107,107,107,107
"Coffee, cocoa, tea and infusions","Coffee drink, cappuccino",61,61,61,61,53,61,53
"Coffee, cocoa, tea and infusions",Coffee espresso (beverage),2,4,2,2,4,2,3
"Coffee, cocoa, tea and infusions","Coffee ground, roasted",120,130,120,130,120,120,120
"Coffee, cocoa, tea and infusions","Coffee ground, roasted and decaffeinated",130,130,130,130,130,130,130
"Coffee, cocoa, tea and infusions",Coffee with milk or cream,6,62.2,6,62.2,3,6,19
"Coffee, cocoa, tea and infusions",Fermented tea infusion,,6.9,8,,5,,16
"Coffee, cocoa, tea and infusions",Flowers used for herbal infusions,300,300,300,300,300,300,300
"Coffee, cocoa, tea and infusions",Fruit infusion,0.2,2,2,2,2,0.2,2
"Coffee, cocoa, tea and infusions",Herbal infusion materials from leaves and herbs,302,302,302,302,302,302,302
"Coffee, cocoa, tea and infusions",Hot chocolate,113.8,105,100,105,102,113.8,118
"Coffee, cocoa, tea and infusions",Hot chocolate with added ingredients,109,109,109,109,109,109,109
"Coffee, cocoa, tea and infusions","Hot chocolate with added ingredients, QUAL Sugar free",70,70,70,70,70,70,70
"Coffee, cocoa, tea and infusions","Hot chocolate, QUAL Low / Reduced sugar",100,100,100,100,119,100,119
"Coffee, cocoa, tea and infusions","Hot chocolate, QUAL Sugar free",70,70,70,70,118,70,118
"Coffee, cocoa, tea and infusions",Instant coffee (beverage),4,2.5,3,1,11,4,1
"Coffee, cocoa, tea and infusions",Instant coffee powder,,127,170,140,160,160,140
"Coffee, cocoa, tea and infusions","Instant coffee powder, decaffeinated",140,140,140,140,140,140,140
"Coffee, cocoa, tea and infusions","Instant coffee powder, decaffeinated, QUAL Low / Reduced sugar",140,140,140,140,140,140,140
"Coffee, cocoa, tea and infusions","Instant coffee powder, decaffeinated, QUAL Sugar free",140,140,140,140,140,140,140
"Coffee, cocoa, tea and infusions","Instant coffee powder, QUAL Low / Reduced sugar",4,170,170,170,4,4,170
"Coffee, cocoa, tea and infusions","Instant coffee powder, QUAL Sugar free",4,170,170,170,4,4,170
"Coffee, cocoa, tea and infusions",Jasmine infusion,2,2,2,2,2,2,2
"Coffee, cocoa, tea and infusions",Malt coffee infusion,4,4,4,4,4,4,4
"Coffee, cocoa, tea and infusions",Mixed coffee imitates,20,126,20,126,126,20,20
"Coffee, cocoa, tea and infusions",Non-fermented tea leaves (green or white tea),302,302,302,302,302,302,302
"Coffee, cocoa, tea and infusions","Non-fermented tea, infusion",0.2,6.9,8,6.9,2,,2
"Coffee, cocoa, tea and infusions",Rooibos infusion,2,2,2,2,2,2,2
"Coffee, cocoa, tea and infusions",Tea infusion with added flavouring ingredients,0.3,,,,0.3,,
"Coffee, cocoa, tea and infusions",Tea leaves and stalks decaffeinated,302,302,302,430,302,302,302
"Coffee, cocoa, tea and infusions",Tea leaves and stalks with fruit and flavours,306,306,306,306,306,306,306
"Coffee, cocoa, tea and infusions","Tea leaves and stalks, fermented",430,302,302,30,430,430,302
"Coffee, cocoa, tea and infusions",Tea powder ingredients and extracts,55,55,55,55,55,55,55
"Coffee, cocoa, tea and infusions","Tea, decaffeinated, infusion",8,8,8,,8,8,8
Composite dishes,Beans and meat meal,25.4,45.4,34,45.4,20,25.4,20
Composite dishes,Beans and vegetables meal,,17,17,17,58,282,58
Composite dishes,Beef loaf,32.2,37,37,37,37,32.2,37
Composite dishes,Bouillabaisse,,41,41,41,41,,41
Composite dishes,Ceasar salad,19.9,19.9,19.9,19.9,19.9,19.9,19.9
Composite dishes,Cereal products and grains based soup,37.8,13,13,13,13,80,13
Composite dishes,Cheese omelette,262.8,470,143,470,287,262.8,287
Composite dishes,Cheese savoury pie,194.7,62,62,62,36,194.7,92
Composite dishes,Creamed vegetable mix,59,83.1,32,83.1,120,59,120
Composite dishes,Dairy/egg soup,142,20,20,20,20,,20
Composite dishes,Dolma,43.4,74,74,74,74,43.4,74
Composite dishes,"Dolma, PROCESS Baking",45,74,74,74,74,45,74
Composite dishes,"Dolma, PROCESS Cooking in water",166.1,74,74,74,11,166.1,126
Composite dishes,"Dolma, PROCESS Steaming",166.1,74,74,74,11,166.1,126
Composite dishes,Doner kebab,,23.2,49,23.2,37,14.45,37
Composite dishes,Finger food,147,147,147,147,147,147,147
Composite dishes,Fish and potatoes meal,139.9,17,17,17,34,139.9,34
Composite dishes,Fish and rice meal,53.7,13.3,4,13.3,35,60,35
Composite dishes,Fish and vegetables meal,94.5,29,29,29,29,,29
Composite dishes,Fish balls,67.7,29,29,29,29,,29
Composite dishes,"Fish balls, PROCESS Baking",55,55,55,55,55,55,55
Composite dishes,"Fish balls, PROCESS Cooking in water",94.1,55,55,55,26,94.1,26
Composite dishes,"Fish balls, PROCESS Frying",76,55,55,55,76,76,55
Composite dishes,"Fish balls, PROCESS Steaming",94.1,55,55,55,26,94.1,26
Composite dishes,"Fish fingers, breaded",,22,17,46,15,,92
Composite dishes,Fish gratin,159.9,101,101,101,101,,101
Composite dishes,Fish pÉtÇ,43,30.5,33,30.5,12,43,12
Composite dishes,Fish soup,64.4,89,45,89,89,64.4,45
Composite dishes,"Fish soup, INGRED Tap water",17,89,17,89,89,17,17
Composite dishes,Fishcakes,,61.1,55,61.1,28,,28
Composite dishes,Fried eggs,60.5,57,52,57,59,60.5,65
Composite dishes,Fruit soup,22,18,18,18,18,22,18
Composite dishes,Goulash,18,18,18,18,16,18,12
Composite dishes,Greek salad,68.9,57,57,57,61,68.9,61
Composite dishes,Hamburger with bread,13.5,85.7,33,85.7,40,66.48,40
Composite dishes,Hot dog with bread,,33.6,32,33.6,33.6,,32
Composite dishes,Hummus,,43.5,41,43.5,41,,41
Composite dishes,Lasagna,103.7,91.8,114,91.8,80,103.7,80
Composite dishes,Legume (beans) soup,21.4,25,23,25,28,9,11
Composite dishes,Legumes based dishes,47.3,17.9,12,17.9,37,47.3,37
Composite dishes,Meat and vegetable soup,16.5,16.9,15,16.9,12,16.5,14
Composite dishes,Meat balls,21.4,29,37,29,19,28,42
Composite dishes,Meat burger (no sandwich),13.4,37,37,37,14,13.4,10
Composite dishes,Meat in aspic,30,,30,,,30,30
Composite dishes,Meat loaf,44.6,17,17,17,44,,44
Composite dishes,"Meat loaf with cheese, vegetables or other",31.3,24,24,24,24,31.3,24
Composite dishes,Meat soup,8.5,13.9,17,27,12,8.5,40
Composite dishes,Meat stew,10.5,16.5,23,16.5,15,10.5,15
Composite dishes,Meat terrine,21,28,21,28,28,21,21
Composite dishes,Mixed green salad,28,16,26,72.6,51,26,19
Composite dishes,Mixed vegetable salad,13,20.8,36,72.6,51,13,25
Composite dishes,Mixed vegetables soup,9.6,21,15,21,5,9.6,12
Composite dishes,"Mixed vegetables, boiled",13,35.5,21,35.5,43,52,35
Composite dishes,"Mixed vegetables, braised",22,50.9,22,50.9,50.9,22,22
Composite dishes,"Mixed vegetables, fried",40.8,52.4,21,52.4,30,40.8,30
Composite dishes,"Mixed vegetables, grilled",,25.5,23,25.5,25.5,,23
Composite dishes,Moussaka,65.4,137,25,137,64,,64
Composite dishes,Mushroom based dishes,10.6,59,59,59,10,10.6,10
Composite dishes,Mushroom salad,25.2,18.1,35,18.1,18.1,25.2,35
Composite dishes,Mushroom soup,38.8,45.5,14,17,5,34,30
Composite dishes,Omelette with bacon,52,58.4,52,58.4,58.4,52,52
Composite dishes,Omelette with mushrooms,42,58,42,58,58,42,42
Composite dishes,Omelette with vegetables,71.7,101,50,101,31,,31
Composite dishes,"Omelette, plain",56.8,80.2,53,80.2,51,56.8,51
Composite dishes,Onion soup,59.9,20,7,12,5,5,16
Composite dishes,Paella,17,31,12,31,31,17,12
Composite dishes,Pasta based dishes (cooked),68.9,140,140,140,140,68.9,140
Composite dishes,"Pasta based dishes (cooked), PROCESS Baking",,170,170,170,170,,170
Composite dishes,"Pasta based dishes (cooked), PROCESS Cooking in water",115,115,115,115,115,115,115
Composite dishes,"Pasta based dishes (cooked), PROCESS Steaming",115,115,115,115,115,115,115
Composite dishes,"Pasta-based dishes, uncooked",61,61,61,61,61,61,61
Composite dishes,"Pasta-based dishes, uncooked, PROCESS Baking",20,20,20,20,20,20,20
Composite dishes,"Pasta-based dishes, uncooked, PROCESS Cooking in water",434,141,20,141,66,434,115
Composite dishes,"Pasta-based dishes, uncooked, PROCESS Steaming",434,20,20,20,66,434,115
Composite dishes,"Pasta, cooked, with cheese/cream",,36.1,270,36.1,36.1,270,270
Composite dishes,"Pasta, cooked, with vegetables",,14,17,14,14,,17
Composite dishes,"Pasta, cooked, with vegetables and cheese/cream",20,20,20,20,20,20,20
Composite dishes,"Pasta, filled with meat mix, cooked",61,61,61,61,61,61,61
Composite dishes,"Pasta, filled with meat mix, cooked, PROCESS Baking",20,20,20,20,20,20,20
Composite dishes,"Pasta, filled with meat mix, cooked, PROCESS Cooking in water",16.4,20,20,20,66,12,66
Composite dishes,"Pasta, filled with meat mix, cooked, PROCESS Steaming",20,20,20,20,66,20,66
Composite dishes,"Pasta, filled with vegetable mix, cooked",59,59,59,59,59,59,59
Composite dishes,"Pasta, filled with vegetable mix, cooked, PROCESS Cooking in water",68.1,115,115,115,66,,115
Composite dishes,"Pasta, filled with vegetable mix, cooked, PROCESS Steaming",115,115,115,115,66,115,115
Composite dishes,Pastas and rice (or other cereal) -based dishes,15,15,15,15,15,15,15
Composite dishes,"Pastas and rice (or other cereal) -based dishes, PROCESS Baking",100,100,100,,100,100,100
Composite dishes,"Pastas and rice (or other cereal) -based dishes, PROCESS Cooking in water",8,8,8,,8,8,8
Composite dishes,"Pastas and rice (or other cereal) -based dishes, PROCESS Steaming",29,29,29,,29,29,29
Composite dishes,Pizza and similar with cheese topping,,232,369,,148,,230
Composite dishes,"Pizza and similar with cheese, and mushrooms",,80,80,80,148,,148
Composite dishes,"Pizza and similar with cheese, and vegetables",,63,63,63,148,,196
Composite dishes,"Pizza and similar with cheese, meat, and mushrooms",,,60,,90,,90
Composite dishes,"Pizza and similar with cheese, meat, and vegetables",,148,196,148,90,160,221
Composite dishes,"Pizza and similar with meat, and vegetables",160,60,60,60,90,160,90
Composite dishes,Poached eggs,48,68.2,48,68.2,57,48,57
Composite dishes,Pork meat loaf,36,36,36,36,36,36,36
Composite dishes,Potato casserole,37.6,71,71,71,23,37.6,23
Composite dishes,Potato croquettes,10.2,28.9,29,28.9,44,21,44
Composite dishes,Potato soup,48.9,18.6,9,18.6,30,48.9,30
Composite dishes,Potatoes and cheese meal,153,45.3,176,45.3,92,,92
Composite dishes,Potatoes and meat meal,16.3,34.9,24,34.9,15,12,15
Composite dishes,Potatoes and vegetables meal,9.6,31,31,31,105,9.6,105
Composite dishes,"Potatoes, meat, and vegetables meal",27.3,21,21,21,11,10,11
Composite dishes,Prepared fish salad,,20.7,9,20.7,78,,78
Composite dishes,Prepared legume (beans) salad,,28.1,48,28.1,36,,36
Composite dishes,Prepared meat salad,20.3,28.1,19,28.1,13,,13
Composite dishes,Prepared mixed egg/meat/fish/vegetable salad,,35,35,35,35,,35
Composite dishes,Prepared nut salad,31.4,22,22,22,38,31.4,38
Composite dishes,Prepared pasta salad,12.3,18.1,23,18.1,18.1,,23
Composite dishes,Prepared potato salad,8.3,19,14,19,10,8.3,9
Composite dishes,Prepared rice salad,11.9,79,19,79,79,11.9,19
Composite dishes,Quiche,75,73,75,73,164,75,231
Composite dishes,Ratatouille,17,19.4,23,19.4,17,,17
Composite dishes,Rice and meat meal,,8,8,8,16,,39
Composite dishes,Rice and vegetables meal,,13,13,13,16,,32
Composite dishes,"Rice based dishes cooked, PROCESS Baking",20,20,20,,20,20,20
Composite dishes,"Rice based dishes cooked, PROCESS Cooking in water",,79,79,79,79,,79
Composite dishes,"Rice based dishes cooked, PROCESS Steaming",,16.7,16.7,16.7,16.7,,16.7
Composite dishes,Rice pudding,90.1,80.1,73,80.1,88,,88
Composite dishes,"Rice, meat, and vegetables meal",,16.7,7,16.7,16,,16
Composite dishes,Risotto,9.5,4,4,4,25,9.5,25
Composite dishes,Roesti,12.5,12.3,10,12.3,15,,15
Composite dishes,Sandwich and sandwich-like dishes,40,51.8,40,51.8,51.8,40,40
Composite dishes,Sandwich with cheese and vegetable topping/filling,105,535,535,535,535,105,535
Composite dishes,Sandwich with cheese topping/filling,348.4,144,262,144,321,183,321
Composite dishes,Sandwich with fish and vegetable topping/filling,57.4,45.9,205,45.9,45.9,57.4,205
Composite dishes,Sandwich with fish topping/filling,,45.9,205,45.9,100,,100
Composite dishes,Sandwich with meat and vegetable topping/filling,39.1,26.7,19,26.7,95,39.1,95
Composite dishes,Sandwich with processed meat topping/filling,16.6,236,34,236,98,16.6,98
Composite dishes,Sausage roll,11,11,11,11,11,11,11
Composite dishes,Seafood salad,41.2,36,36,36,78,,52
Composite dishes,Seafood-based meals,,56.6,16,56.6,35,29.1,35
Composite dishes,Spring rolls,13,30.7,24,30.7,34,,32
Composite dishes,Tomato soup,17.2,17.5,11,6,5,8,17
Composite dishes,Vegetable casserole,82,49,49,49,23,82,23
Composite dishes,Vegetable soufflÇ,,84,84,84,84,84,84
Composite dishes,"Vegetables, gratinated",130.4,83.1,84,83.1,105,,105
Eggs and egg products,Boiled eggs,57,69.9,48,69.9,64,52.1,57
Eggs and egg products,Duck eggs,64,63,63,57,64,64,63
Eggs and egg products,"Duck eggs, PROCESS Cooking in water",60,60,60,60,60,60,60
Eggs and egg products,Eggs from other eggs producer birds,67.7,99,99,50,99,99,99
Eggs and egg products,"Eggs from other eggs producer birds, PROCESS Cooking in water",57,57,57,57,57,57,57
Eggs and egg products,Geese eggs,60,60,60,52,60,60,60
Eggs and egg products,"Geese eggs, PROCESS Cooking in water",57,57,57,57,57,57,57
Eggs and egg products,Hen egg mixed whole,57,72.4,51,48,57,55.1,57
Eggs and egg products,"Hen egg mixed whole, dried",231,190,190,201,225,231,225
Eggs and egg products,Hen egg white,5,6.67,11,7,12,11,5
Eggs and egg products,"Hen egg white, dried",62,84,84,84,62,62,41
Eggs and egg products,Hen egg yolk,140,121,140,116,150,140.8,130
Eggs and egg products,"Hen egg yolk, dried",284,282,282,282,284,284,282
Eggs and egg products,Hen eggs,57,72.4,51,48,57,57,57
Eggs and egg products,"Hen eggs, PROCESS Cooking in water",57,69.9,48,69.9,64,57,57
Eggs and egg products,"Hen eggs, PROCESS Frying",60.5,57,65,57,59,60.5,65
Eggs and egg products,Quail eggs,57,51,51,51,64,57,64
Eggs and egg products,"Quail eggs, PROCESS Cooking in water",48,48,48,48,48,48,48
"Fish, seafood, amphibians, reptiles and invertebrates",Amphibians and Reptiles,18,18,18,18,18,18,18
"Fish, seafood, amphibians, reptiles and invertebrates",Anchovies,90,56,82,148,145,90,82
"Fish, seafood, amphibians, reptiles and invertebrates","Anchovies, PROCESS Baking",98,98,98,98,98,98,98
"Fish, seafood, amphibians, reptiles and invertebrates","Anchovies, PROCESS Cooking in water",99,103,103,103,103,99,103
"Fish, seafood, amphibians, reptiles and invertebrates","Anchovies, PROCESS Frying",98,98,98,98,98,98,98
"Fish, seafood, amphibians, reptiles and invertebrates","Anchovies, PROCESS Steaming",103,103,103,103,103,103,103
"Fish, seafood, amphibians, reptiles and invertebrates",Anglerfish and monkfish,29,20,20,28,8,20,8
"Fish, seafood, amphibians, reptiles and invertebrates","Anglerfish and monkfish, PROCESS Baking",25,25,25,25,12,25,12
"Fish, seafood, amphibians, reptiles and invertebrates","Anglerfish and monkfish, PROCESS Cooking in water",25,25,25,25,25,25,25
"Fish, seafood, amphibians, reptiles and invertebrates","Anglerfish and monkfish, PROCESS Frying",25,25,25,25,25,25,25
"Fish, seafood, amphibians, reptiles and invertebrates","Anglerfish and monkfish, PROCESS Steaming",25,25,25,25,25,25,25
"Fish, seafood, amphibians, reptiles and invertebrates",Atlantic salmon,,,,27,12,,21
"Fish, seafood, amphibians, reptiles and invertebrates","Atlantic salmon, PROCESS Baking",,,,,9,,25
"Fish, seafood, amphibians, reptiles and invertebrates","Atlantic salmon, PROCESS Cooking in water",,,,,12,,23
"Fish, seafood, amphibians, reptiles and invertebrates","Atlantic salmon, PROCESS Curing",,,,,,26,
"Fish, seafood, amphibians, reptiles and invertebrates","Atlantic salmon, PROCESS Frying",19.2,,,,,19.2,
"Fish, seafood, amphibians, reptiles and invertebrates","Atlantic salmon, PROCESS Preserving with salt",16,19,19,,16,16,19
"Fish, seafood, amphibians, reptiles and invertebrates","Atlantic salmon, PROCESS Steaming",,9.23,,9.23,12,,23
"Fish, seafood, amphibians, reptiles and invertebrates","Atlantic salmon, PROD Farmed / cultivated / aquaculture",,8.68,,,,,
"Fish, seafood, amphibians, reptiles and invertebrates","Atlantic salmon, STATE Primal cuts / fillets / halves or quarters",16,,,,,,
"Fish, seafood, amphibians, reptiles and invertebrates",Barracudas,20,20,20,20,20,20,20
"Fish, seafood, amphibians, reptiles and invertebrates","Barracudas, PROCESS Baking",14,14,14,14,14,14,14
"Fish, seafood, amphibians, reptiles and invertebrates","Barracudas, PROCESS Cooking in water",14,14,14,14,14,14,14
"Fish, seafood, amphibians, reptiles and invertebrates","Barracudas, PROCESS Frying",14,14,14,14,14,14,14
"Fish, seafood, amphibians, reptiles and invertebrates","Barracudas, PROCESS Steaming",14,14,14,14,14,14,14
"Fish, seafood, amphibians, reptiles and invertebrates",Bogue,65,65,65,65,65,65,65
"Fish, seafood, amphibians, reptiles and invertebrates","Bream, silver",40,40,40,40,40,40,40
"Fish, seafood, amphibians, reptiles and invertebrates",Canned/jarred fish in brine-deprecated,,40,47,185,91,,8
"Fish, seafood, amphibians, reptiles and invertebrates","Canned/jarred fish in brine-deprecated, RACSOURCE Atlantic salmon",,,,66,,,
"Fish, seafood, amphibians, reptiles and invertebrates",Canned/jarred fish in oil-deprecated,13,471,32,7,12,13,12
"Fish, seafood, amphibians, reptiles and invertebrates","Canned/jarred fish in vinegar, pickles or sauces-deprecated",8,24.4,34,24.4,150,8,82
"Fish, seafood, amphibians, reptiles and invertebrates",Canned/jarred smoked fish in oil-deprecated,38,49,38,49,49,38,38
"Fish, seafood, amphibians, reptiles and invertebrates",Carps,66,66,66,34,66,66,66
"Fish, seafood, amphibians, reptiles and invertebrates","Carps, PROCESS Baking",79,40,79,40,40,79,79
"Fish, seafood, amphibians, reptiles and invertebrates","Carps, PROCESS Cooking in water",83,83,83,83,83,83,83
"Fish, seafood, amphibians, reptiles and invertebrates","Carps, PROCESS Frying",81,81,81,81,81,81,81
"Fish, seafood, amphibians, reptiles and invertebrates","Carps, PROCESS Steaming",83,83,83,83,83,83,83
"Fish, seafood, amphibians, reptiles and invertebrates",Catfishes (freshwater),,26,26,5,35,,20
"Fish, seafood, amphibians, reptiles and invertebrates","Catfishes (freshwater), PROCESS Baking",,32,32,32,32,,32
"Fish, seafood, amphibians, reptiles and invertebrates","Catfishes (freshwater), PROCESS Cooking in water",,31,31,31,18,,18
"Fish, seafood, amphibians, reptiles and invertebrates","Catfishes (freshwater), PROCESS Frying",,32,32,32,32,,32
"Fish, seafood, amphibians, reptiles and invertebrates","Catfishes (freshwater), PROCESS Steaming",,31,31,31,18,,18
"Fish, seafood, amphibians, reptiles and invertebrates",Clams,69,69,69,69,69,69,69
"Fish, seafood, amphibians, reptiles and invertebrates","Clams, cockles, arkshells",30,72.9,24,72.9,38,24,38
"Fish, seafood, amphibians, reptiles and invertebrates","Clams, cockles, arkshells, PROCESS Baking",28,28,28,28,28,28,28
"Fish, seafood, amphibians, reptiles and invertebrates","Clams, cockles, arkshells, PROCESS Cooking in water",,78.6,29,78.6,52,29,52
"Fish, seafood, amphibians, reptiles and invertebrates","Clams, cockles, arkshells, PROCESS Frying",28,28,28,28,28,28,28
"Fish, seafood, amphibians, reptiles and invertebrates","Clams, cockles, arkshells, PROCESS Steaming",,25,25,25,52,25,52
"Fish, seafood, amphibians, reptiles and invertebrates","Clams, PROCESS Baking",28,28,28,28,28,28,28
"Fish, seafood, amphibians, reptiles and invertebrates","Clams, PROCESS Cooking in water",29,53,29,53,53,29,29
"Fish, seafood, amphibians, reptiles and invertebrates","Clams, PROCESS Frying",28,28,28,28,28,28,28
"Fish, seafood, amphibians, reptiles and invertebrates","Clams, PROCESS Steaming",25,25,25,25,25,25,25
"Fish, seafood, amphibians, reptiles and invertebrates",Cockles,56,56,56,56,56,56,56
"Fish, seafood, amphibians, reptiles and invertebrates","Cockles, PROCESS Cooking in water",91,91,91,91,91,91,91
"Fish, seafood, amphibians, reptiles and invertebrates","Cockles, PROCESS Steaming",91,91,91,91,91,91,91
"Fish, seafood, amphibians, reptiles and invertebrates",Cod,28,,,25,16,28,9
"Fish, seafood, amphibians, reptiles and invertebrates",Cod liver,10,10,10,10,10,10,10
"Fish, seafood, amphibians, reptiles and invertebrates",Cod roe,10,20,20,20,10,10,13
"Fish, seafood, amphibians, reptiles and invertebrates","Cod roe, PROCESS Smoking",8.2,,,,8.2,8.2,
"Fish, seafood, amphibians, reptiles and invertebrates","Cod, atlantic",,18.2,,,,,
"Fish, seafood, amphibians, reptiles and invertebrates","Cod, murray",15,15,15,15,15,15,15
"Fish, seafood, amphibians, reptiles and invertebrates","Cod, PROCESS Boiling",,,,,,,22
"Fish, seafood, amphibians, reptiles and invertebrates","Cod, PROCESS Drying (dehydration)",,,,31,,,
"Fish, seafood, amphibians, reptiles and invertebrates","Cod, PROCESS Preserving with salt",,71,71,,,,
"Fish, seafood, amphibians, reptiles and invertebrates","Cod, STATE Slices, steaks or other flat cuts",,,28,,,,
"Fish, seafood, amphibians, reptiles and invertebrates","Cods, hakes, haddocks, PROCESS Baking",34,18.4,34,18.4,11,34,11
"Fish, seafood, amphibians, reptiles and invertebrates","Cods, hakes, haddocks, PROCESS Cooking in water",10,10,35,10,29,35,10
"Fish, seafood, amphibians, reptiles and invertebrates","Cods, hakes, haddocks, PROCESS Frying",34,34,34,34,13,34,13
"Fish, seafood, amphibians, reptiles and invertebrates","Cods, hakes, haddocks, PROCESS Steaming",35,10,35,10,13,35,10
"Fish, seafood, amphibians, reptiles and invertebrates",Conger,17,17,17,17,17,17,17
"Fish, seafood, amphibians, reptiles and invertebrates","Conger, european",17,17,17,17,71,17,71
"Fish, seafood, amphibians, reptiles and invertebrates","Conger, european, PROCESS Baking",20,20,20,20,85,20,85
"Fish, seafood, amphibians, reptiles and invertebrates","Conger, european, PROCESS Cooking in water",20,20,20,20,20,20,20
"Fish, seafood, amphibians, reptiles and invertebrates","Conger, european, PROCESS Frying",20,20,20,20,20,20,20
"Fish, seafood, amphibians, reptiles and invertebrates","Conger, european, PROCESS Steaming",20,20,20,20,20,20,20
"Fish, seafood, amphibians, reptiles and invertebrates","Conger, PROCESS Baking",20,20,20,20,20,20,20
"Fish, seafood, amphibians, reptiles and invertebrates","Conger, PROCESS Cooking in water",20,20,20,20,20,20,20
"Fish, seafood, amphibians, reptiles and invertebrates","Conger, PROCESS Frying",20,20,20,20,20,20,20
"Fish, seafood, amphibians, reptiles and invertebrates","Conger, PROCESS Steaming",20,20,20,20,20,20,20
"Fish, seafood, amphibians, reptiles and invertebrates","Crabmeat, cooked-deprecated",136,120,116,120,120,136,120
"Fish, seafood, amphibians, reptiles and invertebrates","Crabs, sea-spiders",120,92,92,89,120,120,92
"Fish, seafood, amphibians, reptiles and invertebrates","Crabs, sea-spiders, PROCESS Baking",110,110,110,110,110,110,110
"Fish, seafood, amphibians, reptiles and invertebrates","Crabs, sea-spiders, PROCESS Cooking in water",43,19.7,116,19.7,29,43,116
"Fish, seafood, amphibians, reptiles and invertebrates","Crabs, sea-spiders, PROCESS Frying",116,116,116,116,116,116,116
"Fish, seafood, amphibians, reptiles and invertebrates","Crabs, sea-spiders, PROCESS Steaming",43,116,116,116,29,43,116
"Fish, seafood, amphibians, reptiles and invertebrates",Cuttlefishes,59,18,59,27,27,59,59
"Fish, seafood, amphibians, reptiles and invertebrates","Cuttlefishes, PROCESS Frying",27,27,27,27,27,27,27
"Fish, seafood, amphibians, reptiles and invertebrates",Diadromous fish,,,,27,,,
"Fish, seafood, amphibians, reptiles and invertebrates","Diadromous fish, PROCESS Baking",0,0,0,0,0,0,0
"Fish, seafood, amphibians, reptiles and invertebrates","Diadromous fish, PROCESS Cooking in water",0,0,0,0,0,0,0
"Fish, seafood, amphibians, reptiles and invertebrates","Diadromous fish, PROCESS Frying",0,0,0,0,0,0,0
"Fish, seafood, amphibians, reptiles and invertebrates","Diadromous fish, PROCESS Steaming",0,0,0,0,0,0,0
"Fish, seafood, amphibians, reptiles and invertebrates",Dories,15,15,15,15,15,15,15
"Fish, seafood, amphibians, reptiles and invertebrates",Dried fish,,60,60,60,685,,140
"Fish, seafood, amphibians, reptiles and invertebrates","Dried fish, PROCESS Baking",84,84,84,84,84,84,84
"Fish, seafood, amphibians, reptiles and invertebrates","Dried fish, PROCESS Cooking in water",84,84,84,84,84,84,84
"Fish, seafood, amphibians, reptiles and invertebrates","Dried fish, PROCESS Steaming",84,84,84,84,84,84,84
"Fish, seafood, amphibians, reptiles and invertebrates",Drums,74,74,74,74,74,74,74
"Fish, seafood, amphibians, reptiles and invertebrates",Fish paste or surimi,31,18.2,26,9,31,31,280
"Fish, seafood, amphibians, reptiles and invertebrates","Flat-fishes, dried",49,60,60,60,49,49,60
"Fish, seafood, amphibians, reptiles and invertebrates","Flat-fishes, dried, PROCESS Baking",84,84,84,84,84,84,84
"Fish, seafood, amphibians, reptiles and invertebrates","Flat-fishes, dried, PROCESS Cooking in water",84,84,84,84,84,84,84
"Fish, seafood, amphibians, reptiles and invertebrates","Flat-fishes, dried, PROCESS Steaming",84,84,84,84,84,84,84
"Fish, seafood, amphibians, reptiles and invertebrates",Flounders,59,48,48,48,35,59,27
"Fish, seafood, amphibians, reptiles and invertebrates","Flounders, PROCESS Baking",58,58,58,58,58,58,58
"Fish, seafood, amphibians, reptiles and invertebrates","Flounders, PROCESS Cooking in water",58,58,58,58,16,58,34
"Fish, seafood, amphibians, reptiles and invertebrates","Flounders, PROCESS Frying",68,58,58,58,58,68,58
"Fish, seafood, amphibians, reptiles and invertebrates","Flounders, PROCESS Steaming",58,58,58,58,16,58,34
"Fish, seafood, amphibians, reptiles and invertebrates",Freshwater bream - Europe,63,90,90,90,63,63,90
"Fish, seafood, amphibians, reptiles and invertebrates",Freshwater crabs,43,43,29,43,43,43,43
"Fish, seafood, amphibians, reptiles and invertebrates",Freshwater crayfishes,58,45.5,43,33,58,58,33
"Fish, seafood, amphibians, reptiles and invertebrates","Freshwater crayfishes, cooked-deprecated",72.5,54,54,54,60,72.5,60
"Fish, seafood, amphibians, reptiles and invertebrates","Freshwater crayfishes, PROCESS Baking",52,52,52,52,52,52,52
"Fish, seafood, amphibians, reptiles and invertebrates","Freshwater crayfishes, PROCESS Cooking in water",54,54,54,54,60,54,60
"Fish, seafood, amphibians, reptiles and invertebrates","Freshwater crayfishes, PROCESS Frying",45,52,52,52,52,45,52
"Fish, seafood, amphibians, reptiles and invertebrates","Freshwater crayfishes, PROCESS Steaming",45,45,45,45,60,45,60
"Fish, seafood, amphibians, reptiles and invertebrates",Freshwater crustaceans,92,45.5,92,45.5,45.5,92,92
"Fish, seafood, amphibians, reptiles and invertebrates","Freshwater crustaceans, PROCESS Baking",110,110,110,110,110,110,110
"Fish, seafood, amphibians, reptiles and invertebrates","Freshwater crustaceans, PROCESS Cooking in water",116,116,116,116,116,116,116
"Fish, seafood, amphibians, reptiles and invertebrates","Freshwater crustaceans, PROCESS Frying",110,110,110,110,110,110,110
"Fish, seafood, amphibians, reptiles and invertebrates","Freshwater crustaceans, PROCESS Steaming",97,97,97,97,97,97,97
"Fish, seafood, amphibians, reptiles and invertebrates",Freshwater fish,38,12,12,31,38,38,12
"Fish, seafood, amphibians, reptiles and invertebrates","Freshwater fish, PROCESS Baking",14,57.5,14,57.5,57.5,14,14
"Fish, seafood, amphibians, reptiles and invertebrates","Freshwater fish, PROCESS Cooking in water",,15,15,15,15,,15
"Fish, seafood, amphibians, reptiles and invertebrates","Freshwater fish, PROCESS Frying",14,14,14,14,14,14,14
"Fish, seafood, amphibians, reptiles and invertebrates","Freshwater fish, PROCESS Steaming",,60,15,60,60,,15
"Fish, seafood, amphibians, reptiles and invertebrates",Freshwater shrimps or prawns,110,110,63,110,110,110,110
"Fish, seafood, amphibians, reptiles and invertebrates","Freshwater shrimps or prawns, PROCESS Cooking in water",45.5,45.5,45.5,45.5,45.5,45.5,45.5
"Fish, seafood, amphibians, reptiles and invertebrates",Frogs (legs),18,18,18,20,18,18,18
"Fish, seafood, amphibians, reptiles and invertebrates",Garfish,25,25,25,25,25,25,25
"Fish, seafood, amphibians, reptiles and invertebrates",Hakes,,14,41,14,41,,14
"Fish, seafood, amphibians, reptiles and invertebrates","Hakes, PROCESS Baking",,17,17,17,17,,17
"Fish, seafood, amphibians, reptiles and invertebrates","Hakes, PROCESS Cooking in water",25.7,25.7,25.7,25.7,25.7,25.7,25.7
"Fish, seafood, amphibians, reptiles and invertebrates","Hakes, PROCESS Steaming",25.7,25.7,25.7,25.7,25.7,25.7,25.7
"Fish, seafood, amphibians, reptiles and invertebrates",Halibut,15,15,14,15,15,15,29
"Fish, seafood, amphibians, reptiles and invertebrates","Halibut, PROCESS Baking",17,17,17,17,13,17,34
"Fish, seafood, amphibians, reptiles and invertebrates","Halibut, PROCESS Cooking in water",58,18,18,18,58,18,58
"Fish, seafood, amphibians, reptiles and invertebrates","Halibut, PROCESS Frying",17,17,17,17,17,17,17
"Fish, seafood, amphibians, reptiles and invertebrates","Halibut, PROCESS Steaming",58,18,18,18,58,18,58
"Fish, seafood, amphibians, reptiles and invertebrates",Herring roe,20,20,20,20,16,20,16
"Fish, seafood, amphibians, reptiles and invertebrates","Herring, atlantic",38,34,34,34,100,34,60
"Fish, seafood, amphibians, reptiles and invertebrates","Herring, atlantic, PROCESS Baking",40,79,40,79,79,40,79
"Fish, seafood, amphibians, reptiles and invertebrates","Herring, atlantic, PROCESS Cooking in water",42,42,42,42,42,42,42
"Fish, seafood, amphibians, reptiles and invertebrates","Herring, atlantic, PROCESS Frying",40,79,40,79,79,40,40
"Fish, seafood, amphibians, reptiles and invertebrates","Herring, atlantic, PROCESS Pickling",,40,,40,38,,
"Fish, seafood, amphibians, reptiles and invertebrates","Herring, atlantic, PROCESS Steaming",42,42,42,42,42,42,42
"Fish, seafood, amphibians, reptiles and invertebrates",Herrings,,,,63,100,,60
"Fish, seafood, amphibians, reptiles and invertebrates","Herrings, PROCESS Baking",40,79,40,79,79,40,79
"Fish, seafood, amphibians, reptiles and invertebrates","Herrings, PROCESS Cooking in water",42,42,42,42,42,42,42
"Fish, seafood, amphibians, reptiles and invertebrates","Herrings, PROCESS Frying",40,40,40,40,40,40,40
"Fish, seafood, amphibians, reptiles and invertebrates","Herrings, PROCESS Pickling",,40,112,112,38,,
"Fish, seafood, amphibians, reptiles and invertebrates","Herrings, PROCESS Steaming",42,42,42,42,42,42,42
"Fish, seafood, amphibians, reptiles and invertebrates",Largemouth black bass,21,21,21,21,21,21,21
"Fish, seafood, amphibians, reptiles and invertebrates","Lobster, european",48,61,61,60,48,48,61
"Fish, seafood, amphibians, reptiles and invertebrates","Lobster, european, PROCESS Baking",74,74,74,74,74,74,74
"Fish, seafood, amphibians, reptiles and invertebrates","Lobster, european, PROCESS Cooking in water",60,74.2,64,74,60,60,62
"Fish, seafood, amphibians, reptiles and invertebrates","Lobster, european, PROCESS Frying",74,74,74,74,74,74,74
"Fish, seafood, amphibians, reptiles and invertebrates","Lobster, european, PROCESS Steaming",60,64,64,64,60,60,62
"Fish, seafood, amphibians, reptiles and invertebrates","Lobster, norway",48,48,48,48,48,48,48
"Fish, seafood, amphibians, reptiles and invertebrates","Lobster, norway, PROCESS Cooking in water",,60,60,60,60,,60
"Fish, seafood, amphibians, reptiles and invertebrates","Lobster, norway, PROCESS Steaming",,60,60,60,60,,60
"Fish, seafood, amphibians, reptiles and invertebrates","Lobsters (including lobster meat), cooked-deprecated",85,74.2,64,74.2,60,85,62
"Fish, seafood, amphibians, reptiles and invertebrates",Mackerel,15,12,12,38,12,15,11
"Fish, seafood, amphibians, reptiles and invertebrates",Mackerel and mackerel-like fishes-deprecated,15,12,12,38,12,12,11
"Fish, seafood, amphibians, reptiles and invertebrates","Mackerel and mackerel-like fishes-deprecated, PROCESS Baking",14,15,14,15,12,14,12
"Fish, seafood, amphibians, reptiles and invertebrates","Mackerel and mackerel-like fishes-deprecated, PROCESS Cooking in water",20,14,14,14,12,20,12
"Fish, seafood, amphibians, reptiles and invertebrates","Mackerel and mackerel-like fishes-deprecated, PROCESS Frying",14,15,14,15,14,14,14
"Fish, seafood, amphibians, reptiles and invertebrates","Mackerel and mackerel-like fishes-deprecated, PROCESS Steaming",14,14,14,14,12,14,12
"Fish, seafood, amphibians, reptiles and invertebrates","Mackerel, PROCESS Baking",,15,14,15,12,,12
"Fish, seafood, amphibians, reptiles and invertebrates","Mackerel, PROCESS Cooking in water",14,14,14,14,12,14,12
"Fish, seafood, amphibians, reptiles and invertebrates","Mackerel, PROCESS Frying",14,15,14,15,14,14,14
"Fish, seafood, amphibians, reptiles and invertebrates","Mackerel, PROCESS Steaming",14,14,14,14,12,14,12
"Fish, seafood, amphibians, reptiles and invertebrates","Marine shrimps or prawns, cooked-deprecated",115,83.2,116,83.2,134,115,110
"Fish, seafood, amphibians, reptiles and invertebrates",Miscellaneous coastal marine fishes,20,70,12,70,20,20,66
"Fish, seafood, amphibians, reptiles and invertebrates","Miscellaneous coastal marine fishes, PROCESS Baking",9,57.2,9,57.2,77,9,77
"Fish, seafood, amphibians, reptiles and invertebrates","Miscellaneous coastal marine fishes, PROCESS Cooking in water",21.5,40,14,40,40,14,14
"Fish, seafood, amphibians, reptiles and invertebrates","Miscellaneous coastal marine fishes, PROCESS Frying",14,14,14,14,14,14,14
"Fish, seafood, amphibians, reptiles and invertebrates","Miscellaneous coastal marine fishes, PROCESS Steaming",21.5,25.7,14,25.7,25.7,14,14
"Fish, seafood, amphibians, reptiles and invertebrates",Miscellaneous demersal marine fishes,20,61,61,61,20,20,61
"Fish, seafood, amphibians, reptiles and invertebrates","Miscellaneous demersal marine fishes, PROCESS Baking",74,57.2,74,57.2,57.2,74,74
"Fish, seafood, amphibians, reptiles and invertebrates","Miscellaneous demersal marine fishes, PROCESS Cooking in water",77,23.9,77,23.9,23.9,77,77
"Fish, seafood, amphibians, reptiles and invertebrates","Miscellaneous demersal marine fishes, PROCESS Frying",74,74,74,74,74,74,74
"Fish, seafood, amphibians, reptiles and invertebrates","Miscellaneous demersal marine fishes, PROCESS Steaming",77,25.7,77,25.7,25.7,77,77
"Fish, seafood, amphibians, reptiles and invertebrates",Miscellaneous marine crustaceans,92,92,92,92,92,92,92
"Fish, seafood, amphibians, reptiles and invertebrates","Miscellaneous marine crustaceans, PROCESS Baking",110,83.2,110,83.2,83.2,110,110
"Fish, seafood, amphibians, reptiles and invertebrates","Miscellaneous marine crustaceans, PROCESS Cooking in water",116,83.2,116,83.2,83.2,116,116
"Fish, seafood, amphibians, reptiles and invertebrates","Miscellaneous marine crustaceans, PROCESS Frying",110,83.2,110,83.2,83.2,110,110
"Fish, seafood, amphibians, reptiles and invertebrates","Miscellaneous marine crustaceans, PROCESS Steaming",97,83.2,97,83.2,83.2,97,97
"Fish, seafood, amphibians, reptiles and invertebrates",Miscellaneous pelagic marine fishes,24,56,34,56,24,24,34
"Fish, seafood, amphibians, reptiles and invertebrates","Miscellaneous pelagic marine fishes, PROCESS Baking",40,40,40,40,40,40,40
"Fish, seafood, amphibians, reptiles and invertebrates","Miscellaneous pelagic marine fishes, PROCESS Cooking in water",42,42,42,42,42,42,42
"Fish, seafood, amphibians, reptiles and invertebrates","Miscellaneous pelagic marine fishes, PROCESS Frying",40,40,40,40,40,40,40
"Fish, seafood, amphibians, reptiles and invertebrates","Miscellaneous pelagic marine fishes, PROCESS Steaming",42,42,42,42,42,42,42
"Fish, seafood, amphibians, reptiles and invertebrates",Mullets,53,53,53,26,66,53,66
"Fish, seafood, amphibians, reptiles and invertebrates","Mullets, PROCESS Baking",51,30,51,30,77,51,77
"Fish, seafood, amphibians, reptiles and invertebrates","Mullets, PROCESS Cooking in water",51,51,51,51,51,51,51
"Fish, seafood, amphibians, reptiles and invertebrates","Mullets, PROCESS Frying",51,51,51,51,51,51,51
"Fish, seafood, amphibians, reptiles and invertebrates","Mullets, PROCESS Steaming",51,51,51,51,51,51,51
"Fish, seafood, amphibians, reptiles and invertebrates",Mussels,71,24,24,88,30,71,38
"Fish, seafood, amphibians, reptiles and invertebrates","Mussels, PROCESS Baking",28,28,28,28,28,28,28
"Fish, seafood, amphibians, reptiles and invertebrates","Mussels, PROCESS Cooking in water",71,78.6,29,78.6,67,71,52
"Fish, seafood, amphibians, reptiles and invertebrates","Mussels, PROCESS Frying",28,28,28,28,27,28,27
"Fish, seafood, amphibians, reptiles and invertebrates","Mussels, PROCESS Steaming",71,25,25,25,67,71,52
"Fish, seafood, amphibians, reptiles and invertebrates",Nile perch,95,95,95,95,95,95,95
"Fish, seafood, amphibians, reptiles and invertebrates","Nile perch, PROCESS Baking",115,115,115,115,115,115,115
"Fish, seafood, amphibians, reptiles and invertebrates","Nile perch, PROCESS Cooking in water",120,120,120,120,120,120,120
"Fish, seafood, amphibians, reptiles and invertebrates","Nile perch, PROCESS Frying",117,117,117,117,117,117,117
"Fish, seafood, amphibians, reptiles and invertebrates","Nile perch, PROCESS Steaming",120,120,120,120,120,120,120
"Fish, seafood, amphibians, reptiles and invertebrates",Ocean perch,22.9,22.9,22.9,22.9,22.9,22.9,22.9
"Fish, seafood, amphibians, reptiles and invertebrates","Ocean perch, PROCESS Baking",60,60,60,60,60,60,60
"Fish, seafood, amphibians, reptiles and invertebrates",Octopuses,33,27,27,144,27,33,33
"Fish, seafood, amphibians, reptiles and invertebrates","Octopuses, PROCESS Baking",33,33,33,33,33,33,33
"Fish, seafood, amphibians, reptiles and invertebrates","Octopuses, PROCESS Cooking in water",34,34,34,34,34,34,34
"Fish, seafood, amphibians, reptiles and invertebrates","Octopuses, PROCESS Frying",33,33,33,33,33,33,33
"Fish, seafood, amphibians, reptiles and invertebrates","Octopuses, PROCESS Steaming",34,34,34,34,34,34,34
"Fish, seafood, amphibians, reptiles and invertebrates",Other fish offal,9.3,9.3,276,9.3,9.3,9.3,9.3
"Fish, seafood, amphibians, reptiles and invertebrates",Oysters,19,72.9,82,186,70,90,140
"Fish, seafood, amphibians, reptiles and invertebrates","Oysters, PROCESS Baking",99,99,99,99,99,99,99
"Fish, seafood, amphibians, reptiles and invertebrates","Oysters, PROCESS Cooking in water",86,86,86,86,86,86,86
"Fish, seafood, amphibians, reptiles and invertebrates","Oysters, PROCESS Frying",99,99,99,99,99,99,99
"Fish, seafood, amphibians, reptiles and invertebrates","Oysters, PROCESS Steaming",86,86,86,86,86,86,86
"Fish, seafood, amphibians, reptiles and invertebrates",Pacific salmon (generic),20,22,22,22,12,20,12
"Fish, seafood, amphibians, reptiles and invertebrates","Pacific salmon (generic), PROCESS Baking",12,12,12,12,12,12,12
"Fish, seafood, amphibians, reptiles and invertebrates","Pacific salmon (generic), PROCESS Cooking in water",12,12,12,12,12,12,12
"Fish, seafood, amphibians, reptiles and invertebrates","Pacific salmon (generic), PROCESS Frying",0,0,0,0,0,0,0
"Fish, seafood, amphibians, reptiles and invertebrates","Pacific salmon (generic), PROCESS Steaming",12,12,12,12,12,12,12
"Fish, seafood, amphibians, reptiles and invertebrates",Perch,109,95,95,80,110,109,95
"Fish, seafood, amphibians, reptiles and invertebrates","Perch, golden",7.75,7.75,7.75,7.75,7.75,7.75,7.75
"Fish, seafood, amphibians, reptiles and invertebrates","Perch, PROCESS Baking",120,60,115,60,60,120,60
"Fish, seafood, amphibians, reptiles and invertebrates","Perch, PROCESS Cooking in water",120,120,120,120,120,120,120
"Fish, seafood, amphibians, reptiles and invertebrates","Perch, PROCESS Frying",,117,117,117,117,,117
"Fish, seafood, amphibians, reptiles and invertebrates","Perch, PROCESS Steaming",120,120,120,120,120,120,120
"Fish, seafood, amphibians, reptiles and invertebrates",Pike,50,32,32,20,50,50,32
"Fish, seafood, amphibians, reptiles and invertebrates",Pike-perch,54,53,53,53,54,54,53
"Fish, seafood, amphibians, reptiles and invertebrates","Pike-perch, PROCESS Baking",65,65,65,65,65,65,65
"Fish, seafood, amphibians, reptiles and invertebrates","Pike-perch, PROCESS Cooking in water",67,67,67,67,67,67,67
"Fish, seafood, amphibians, reptiles and invertebrates","Pike-perch, PROCESS Frying",65,65,65,65,65,65,65
"Fish, seafood, amphibians, reptiles and invertebrates","Pike-perch, PROCESS Steaming",67,67,67,67,67,67,67
"Fish, seafood, amphibians, reptiles and invertebrates","Pike, PROCESS Baking",39,46,39,46,46,39,39
"Fish, seafood, amphibians, reptiles and invertebrates","Pike, PROCESS Cooking in water",40,40,40,40,40,40,40
"Fish, seafood, amphibians, reptiles and invertebrates","Pike, PROCESS Frying",,39,39,39,39,,39
"Fish, seafood, amphibians, reptiles and invertebrates","Pike, PROCESS Steaming",39,39,39,39,39,39,39
"Fish, seafood, amphibians, reptiles and invertebrates",Plaice,45,61,61,61,16,45,45
"Fish, seafood, amphibians, reptiles and invertebrates","Plaice, PROCESS Baking",74,35,74,35,54,74,54
"Fish, seafood, amphibians, reptiles and invertebrates","Plaice, PROCESS Cooking in water",77,77,77,77,53,77,27
"Fish, seafood, amphibians, reptiles and invertebrates","Plaice, PROCESS Frying",74,35,74,35,101,74,101
"Fish, seafood, amphibians, reptiles and invertebrates","Plaice, PROCESS Steaming",77,35,77,35,53,77,27
"Fish, seafood, amphibians, reptiles and invertebrates","Pomfret, atlantic",32,32,32,32,32,32,32
"Fish, seafood, amphibians, reptiles and invertebrates",Rays,9,31,31,31,31,9,31
"Fish, seafood, amphibians, reptiles and invertebrates","Rays, PROCESS Baking",50,50,50,50,50,50,50
"Fish, seafood, amphibians, reptiles and invertebrates","Rays, PROCESS Cooking in water",40,40,40,40,40,40,40
"Fish, seafood, amphibians, reptiles and invertebrates","Rays, PROCESS Steaming",40,40,40,40,40,40,40
"Fish, seafood, amphibians, reptiles and invertebrates",River eels,19,17,17,31,20,19,19
"Fish, seafood, amphibians, reptiles and invertebrates","River eels, PROCESS Baking",20,26,20,26,26,20,20
"Fish, seafood, amphibians, reptiles and invertebrates","River eels, PROCESS Cooking in water",20,20,20,20,20,20,20
"Fish, seafood, amphibians, reptiles and invertebrates","River eels, PROCESS Frying",20,20,20,20,20,20,20
"Fish, seafood, amphibians, reptiles and invertebrates","River eels, PROCESS Steaming",20,20,20,20,20,20,20
"Fish, seafood, amphibians, reptiles and invertebrates",Roaches,96.4,96.4,96.4,96.4,96.4,96.4,96.4
"Fish, seafood, amphibians, reptiles and invertebrates","Salmon roe, atlantic",20,20,20,20,20,20,20
"Fish, seafood, amphibians, reptiles and invertebrates","Salmon, threadfin",12,12,12,12,12,12,12
"Fish, seafood, amphibians, reptiles and invertebrates","Salmon, threadfin, PROCESS Baking",12,12,12,12,12,12,12
"Fish, seafood, amphibians, reptiles and invertebrates","Salmon, threadfin, PROCESS Cooking in water",12,12,12,12,12,12,12
"Fish, seafood, amphibians, reptiles and invertebrates","Salmon, threadfin, PROCESS Steaming",12,12,12,12,12,12,12
"Fish, seafood, amphibians, reptiles and invertebrates",Sardines and sardine-type fishes,85,85,85,33,84,85,84
"Fish, seafood, amphibians, reptiles and invertebrates","Sardines and sardine-type fishes, PROCESS Baking",102,85,102,85,130,102,130
"Fish, seafood, amphibians, reptiles and invertebrates","Sardines and sardine-type fishes, PROCESS Cooking in water",,101,101,101,,,101
"Fish, seafood, amphibians, reptiles and invertebrates","Sardines and sardine-type fishes, PROCESS Frying",102,102,102,102,102,102,102
"Fish, seafood, amphibians, reptiles and invertebrates","Sardines and sardine-type fishes, PROCESS Steaming",,101,101,101,,,101
"Fish, seafood, amphibians, reptiles and invertebrates","Scallops, pectens",69,28,69,24,24,69,24
"Fish, seafood, amphibians, reptiles and invertebrates","Scallops, pectens, PROCESS Baking",83,83,83,83,83,83,83
"Fish, seafood, amphibians, reptiles and invertebrates","Scallops, pectens, PROCESS Cooking in water",85,120,85,120,29,85,29
"Fish, seafood, amphibians, reptiles and invertebrates","Scallops, pectens, PROCESS Frying",,120,83,120,120,,83
"Fish, seafood, amphibians, reptiles and invertebrates","Scallops, pectens, PROCESS Steaming",85,85,85,85,29,85,29
"Fish, seafood, amphibians, reptiles and invertebrates",Sea bass,130,70,130,,130,130,130
"Fish, seafood, amphibians, reptiles and invertebrates","Sea bass, PROCESS Cooking in water",74,74,74,74,74,74,74
"Fish, seafood, amphibians, reptiles and invertebrates","Sea bass, PROCESS Steaming",74,74,74,74,74,74,74
"Fish, seafood, amphibians, reptiles and invertebrates",Sea bream,40,38,40,38,40,40,40
"Fish, seafood, amphibians, reptiles and invertebrates","Sea bream, PROCESS Cooking in water",10,10,10,10,10,10,10
"Fish, seafood, amphibians, reptiles and invertebrates","Sea bream, PROCESS Steaming",10,10,10,10,10,10,10
"Fish, seafood, amphibians, reptiles and invertebrates",Sea-squirts and other tunicates,57,57,57,57,57,57,57
"Fish, seafood, amphibians, reptiles and invertebrates","Sea-squirts and other tunicates, PROCESS Baking",57,57,57,57,57,57,57
"Fish, seafood, amphibians, reptiles and invertebrates","Sea-squirts and other tunicates, PROCESS Cooking in water",51,121,51,121,84,51,84
"Fish, seafood, amphibians, reptiles and invertebrates","Sea-squirts and other tunicates, PROCESS Frying",57,57,57,57,57,57,57
"Fish, seafood, amphibians, reptiles and invertebrates","Sea-squirts and other tunicates, PROCESS Steaming",51,51,51,51,84,51,84
"Fish, seafood, amphibians, reptiles and invertebrates",Shads,20,20,20,20,20,20,20
"Fish, seafood, amphibians, reptiles and invertebrates","Shads, PROCESS Baking",40,40,40,40,40,40,40
"Fish, seafood, amphibians, reptiles and invertebrates","Shads, PROCESS Cooking in water",42,42,42,42,42,42,42
"Fish, seafood, amphibians, reptiles and invertebrates","Shads, PROCESS Frying",40,40,40,40,40,40,40
"Fish, seafood, amphibians, reptiles and invertebrates","Shads, PROCESS Steaming",42,42,42,42,42,42,42
"Fish, seafood, amphibians, reptiles and invertebrates",Sharks,13,5,5,5,13,13,18
"Fish, seafood, amphibians, reptiles and invertebrates","Sharks, PROCESS Baking",11,46,11,46,46,11,11
"Fish, seafood, amphibians, reptiles and invertebrates","Sharks, PROCESS Cooking in water",11,46,11,46,46,11,11
"Fish, seafood, amphibians, reptiles and invertebrates","Sharks, PROCESS Frying",11,46,11,46,46,11,11
"Fish, seafood, amphibians, reptiles and invertebrates","Sharks, PROCESS Steaming",11,46,11,46,46,11,11
"Fish, seafood, amphibians, reptiles and invertebrates",Shrimps and prawns,92,92,92,118,79,92,79
"Fish, seafood, amphibians, reptiles and invertebrates","Shrimps and prawns, PROCESS Baking",110,83.2,110,83.2,83.2,110,110
"Fish, seafood, amphibians, reptiles and invertebrates","Shrimps and prawns, PROCESS Cooking in water",,83.2,116,83.2,134,,110
"Fish, seafood, amphibians, reptiles and invertebrates","Shrimps and prawns, PROCESS Frying",110,83.2,110,83.2,83.2,110,110
"Fish, seafood, amphibians, reptiles and invertebrates","Shrimps and prawns, PROCESS Steaming",,83.2,116,83.2,134,,110
"Fish, seafood, amphibians, reptiles and invertebrates","Shrimps, common",58,92,92,110,92,58,92
"Fish, seafood, amphibians, reptiles and invertebrates","Shrimps, common, PROCESS Baking",,83.2,110,83.2,83.2,,110
"Fish, seafood, amphibians, reptiles and invertebrates","Shrimps, common, PROCESS Cooking in water",115,83.2,116,83.2,134,115,320
"Fish, seafood, amphibians, reptiles and invertebrates","Shrimps, common, PROCESS Frying",,83.2,110,83.2,83.2,,110
"Fish, seafood, amphibians, reptiles and invertebrates","Shrimps, common, PROCESS Steaming",115,83.2,97,83.2,134,115,134
"Fish, seafood, amphibians, reptiles and invertebrates",Smelt,30,60,30,60,60,30,30
"Fish, seafood, amphibians, reptiles and invertebrates","Smelt, PROCESS Baking",37,37,37,37,37,37,37
"Fish, seafood, amphibians, reptiles and invertebrates","Smelt, PROCESS Cooking in water",37,37,37,37,37,37,37
"Fish, seafood, amphibians, reptiles and invertebrates","Smelt, PROCESS Frying",37,37,37,37,37,37,37
"Fish, seafood, amphibians, reptiles and invertebrates","Smelt, PROCESS Steaming",37,37,37,37,37,37,37
"Fish, seafood, amphibians, reptiles and invertebrates",Smoked herring,38.4,62.4,38,66,9,38.4,53
"Fish, seafood, amphibians, reptiles and invertebrates",Smoked salmon,,4.6,,19,9,14.5,19
"Fish, seafood, amphibians, reptiles and invertebrates",Snails,170,170,170,170,170,,170
"Fish, seafood, amphibians, reptiles and invertebrates",Sole,29,29,29,12,17,29,29
"Fish, seafood, amphibians, reptiles and invertebrates","Sole, PROCESS Baking",35,57.2,35,57.2,57.2,35,35
"Fish, seafood, amphibians, reptiles and invertebrates","Sole, PROCESS Cooking in water",35,35,35,35,16,35,16
"Fish, seafood, amphibians, reptiles and invertebrates","Sole, PROCESS Frying",35,35,35,35,35,35,35
"Fish, seafood, amphibians, reptiles and invertebrates","Sole, PROCESS Steaming",35,96,35,96,16,35,16
"Fish, seafood, amphibians, reptiles and invertebrates",Spiny and rock lobsters,68,68,68,68,68,68,68
"Fish, seafood, amphibians, reptiles and invertebrates","Spiny and rock lobsters, PROCESS Baking",74,74,74,74,74,74,74
"Fish, seafood, amphibians, reptiles and invertebrates","Spiny and rock lobsters, PROCESS Cooking in water",64,63,64,63,63,64,64
"Fish, seafood, amphibians, reptiles and invertebrates","Spiny and rock lobsters, PROCESS Frying",82,82,82,82,82,82,82
"Fish, seafood, amphibians, reptiles and invertebrates","Spiny and rock lobsters, PROCESS Steaming",64,64,64,64,64,64,64
"Fish, seafood, amphibians, reptiles and invertebrates",Sprat,,170,170,170,,,97
"Fish, seafood, amphibians, reptiles and invertebrates","Sprat, PROCESS Baking",40,40,40,40,40,40,40
"Fish, seafood, amphibians, reptiles and invertebrates","Sprat, PROCESS Cooking in water",42,42,42,42,42,42,42
"Fish, seafood, amphibians, reptiles and invertebrates","Sprat, PROCESS Frying",40,40,40,40,120,40,120
"Fish, seafood, amphibians, reptiles and invertebrates","Sprat, PROCESS Steaming",42,42,42,42,42,42,42
"Fish, seafood, amphibians, reptiles and invertebrates",Squids,13,13,13,144,27,13,13
"Fish, seafood, amphibians, reptiles and invertebrates","Squids, cuttlefishes, octopuses",13,18,13,18,27,13,13
"Fish, seafood, amphibians, reptiles and invertebrates","Squids, cuttlefishes, octopuses, PROCESS Frying",27,27,27,27,27,27,27
"Fish, seafood, amphibians, reptiles and invertebrates","Squids, PROCESS Frying",12.7,12.7,12.7,12.7,12.7,12.7,12.7
"Fish, seafood, amphibians, reptiles and invertebrates",Stockfish,70,60,60,60,70,70,70
"Fish, seafood, amphibians, reptiles and invertebrates","Stockfish, PROCESS Baking",84,84,84,84,84,84,84
"Fish, seafood, amphibians, reptiles and invertebrates","Stockfish, PROCESS Cooking in water",210,84,84,84,84,210,84
"Fish, seafood, amphibians, reptiles and invertebrates","Stockfish, PROCESS Steaming",210,84,84,84,84,210,84
"Fish, seafood, amphibians, reptiles and invertebrates",Sturgeon,18,18,18,18,18,18,18
"Fish, seafood, amphibians, reptiles and invertebrates",Sturgeon roe,10,50,51,276,50,10,50
"Fish, seafood, amphibians, reptiles and invertebrates",Tilapia,,120,120,120,120,,120
"Fish, seafood, amphibians, reptiles and invertebrates",Trouts,127,,,,,127,
"Fish, seafood, amphibians, reptiles and invertebrates","Trouts, PROCESS Baking",14,12,14,17,21,14,21
"Fish, seafood, amphibians, reptiles and invertebrates","Trouts, PROCESS Cooking in water",,15,15,15,35,,36
"Fish, seafood, amphibians, reptiles and invertebrates","Trouts, PROCESS Frying",14,14,14,14,35,14,35
"Fish, seafood, amphibians, reptiles and invertebrates","Trouts, PROCESS Steaming",,10,15,10,35,,36
"Fish, seafood, amphibians, reptiles and invertebrates",Tuna and bonito (generic),16,11,40,38,12,16,16
"Fish, seafood, amphibians, reptiles and invertebrates","Tuna and bonito (generic), PROCESS Baking",47,22.7,47,22.7,22.7,47,47
"Fish, seafood, amphibians, reptiles and invertebrates","Tuna and bonito (generic), PROCESS Cooking in water",50,50,50,50,50,50,50
"Fish, seafood, amphibians, reptiles and invertebrates","Tuna and bonito (generic), PROCESS Frying",19.6,47,47,47,47,13,47
"Fish, seafood, amphibians, reptiles and invertebrates","Tuna and bonito (generic), PROCESS Steaming",47,47,47,47,47,47,47
"Fish, seafood, amphibians, reptiles and invertebrates","Water snails, conches and whelks, PROCESS Cooking in water",84,121,84,121,84,84,84
"Fish, seafood, amphibians, reptiles and invertebrates",Whitefishes or coregonus,60,18,18,89,60,60,18
"Fish, seafood, amphibians, reptiles and invertebrates","Whitefishes or coregonus, PROCESS Baking",22,22,22,22,22,22,22
"Fish, seafood, amphibians, reptiles and invertebrates","Whitefishes or coregonus, PROCESS Cooking in water",22,22,22,22,22,22,22
"Fish, seafood, amphibians, reptiles and invertebrates","Whitefishes or coregonus, PROCESS Frying",22,22,22,22,22,22,22
"Fish, seafood, amphibians, reptiles and invertebrates","Whitefishes or coregonus, PROCESS Steaming",22,22,22,22,22,22,22
"Fish, seafood, amphibians, reptiles and invertebrates",Wolffish,35,20,20,20,35,35,20
"Fish, seafood, amphibians, reptiles and invertebrates","Wolffish, PROCESS Baking",24,24,24,24,24,24,24
"Fish, seafood, amphibians, reptiles and invertebrates","Wolffish, PROCESS Cooking in water",24,24,24,24,24,24,24
"Fish, seafood, amphibians, reptiles and invertebrates","Wolffish, PROCESS Frying",24,24,24,24,24,24,24
"Fish, seafood, amphibians, reptiles and invertebrates","Wolffish, PROCESS Steaming",25,25,25,25,25,25,25
"Fish, seafood, amphibians, reptiles and invertebrates",Wolffishes,35,70,20,70,35,35,20
"Fish, seafood, amphibians, reptiles and invertebrates","Wolffishes, PROCESS Baking",24,24,24,24,24,24,24
"Fish, seafood, amphibians, reptiles and invertebrates","Wolffishes, PROCESS Cooking in water",24,24,24,24,24,24,24
"Fish, seafood, amphibians, reptiles and invertebrates","Wolffishes, PROCESS Frying",24,24,24,24,24,24,24
"Fish, seafood, amphibians, reptiles and invertebrates","Wolffishes, PROCESS Steaming",25,25,25,25,25,25,25
Food products for young population,"Biscuits, rusks and cookies for children",62,62,62,104,520,62,520
Food products for young population,Cereals with an added high protein food which have to be reconstituted with water or other protein-free liquid,480,480,480,480,480,480,480
Food products for young population,"Follow-on formulae, liquid",62,62,62,62,62,62,62
Food products for young population,"Follow-on formulae, powder",630,630,630,630,630,630,630
Food products for young population,"Infant formulae, liquid",62,62,62,62,62,62,62
Food products for young population,"Infant formulae, powder",404.2,420,422,420,422,404.2,420
Food products for young population,"Pasta for children (dry, to be cooked)",23,23,23,23,23,23,23
Food products for young population,Ready-to-eat cereal-based meal for children,,85,20,85,20,,20
Food products for young population,Ready-to-eat dairy-based meal for children,,16,16,16,16,,16
Food products for young population,Ready-to-eat fish-based meal for children,11,19.6,40,19.6,40,11,40
Food products for young population,Ready-to-eat fruit-based meal for children,20.8,20,20,20,29,20.8,20
Food products for young population,Ready-to-eat meat-based meal for children,9.1,19.6,20,19.6,20,9.1,20
Food products for young population,Ready-to-eat mixed meal for children,19.6,19.6,19.6,19.6,19.6,19.6,19.6
Food products for young population,Ready-to-eat vegetable-based meal for children,15,30,30,30,30,15,30
Food products for young population,Simple cereals which have to be reconstituted with milk or other appropriate nutritious liquids,111,,111,,,111,
Fruit and fruit products,American persimmons,12.1,56,8,56,12.1,12.1,8
Fruit and fruit products,Apples and similar-,3.5,2.5,5,2.5,4,3.6,4
Fruit and fruit products,"Apples and similar-, PROCESS Baking",,6,6,6,16,16,4
Fruit and fruit products,"Apples and similar-, PROCESS Cooking in water",6,6,6,6,4,6,4
Fruit and fruit products,"Apples and similar-, PROCESS Steaming",6,6,6,6,4,6,4
Fruit and fruit products,Apricots,31,13.4,16,16,20,14,15
Fruit and fruit products,Arbutus berries,47.4,47.4,47.4,47.4,47.4,47.4,47.4
Fruit and fruit products,Avocados,15,10.7,14,13,11,11,11
Fruit and fruit products,Bilberries (European blueberries),19,10,10,10,15,19,12
Fruit and fruit products,Blackberries,32,32.3,44,36,60,32,41
Fruit and fruit products,Blackcurrants,72,58,46,60,30,72,60
Fruit and fruit products,Blueberries,15,6,10,41,5,15,5
Fruit and fruit products,"Candied fruit, cherry",13,13,13,56,56,13,56
Fruit and fruit products,"Candied fruit, mixed fruit",60,60,60,60,60,60,60
Fruit and fruit products,"Candied fruit, orange peel",250,21,21,65,250,250,21
Fruit and fruit products,Canned fruit cocktail,7.3,12,12,5,14,6,14
Fruit and fruit products,"Canned fruit cocktail, MEDIUM In diluted sweet liquid-syrup",7.3,12.9,7,5,14,7.3,5
Fruit and fruit products,"Canned fruit cocktail, MEDIUM In fruit/vegetable juice",6,7,7,7,9,7,9
Fruit and fruit products,Canned or jarred apple,9,8,8,8,9,9,8
Fruit and fruit products,"Canned or jarred apple, MEDIUM In diluted sweet liquid-syrup",6.26,5,5,5,6.26,6.26,5
Fruit and fruit products,"Canned or jarred apple, MEDIUM In fruit/vegetable juice",5,5,5,5,5,5,5
Fruit and fruit products,Canned or jarred apricot,31,11,11,19,19,9,19
Fruit and fruit products,"Canned or jarred apricot, MEDIUM In diluted sweet liquid-syrup",31,13.7,11,19,19,31,19
Fruit and fruit products,"Canned or jarred apricot, MEDIUM In fruit/vegetable juice",11,11,11,11,11,11,21
Fruit and fruit products,Canned or jarred cranberry,19,19,19,19,19,19,19
Fruit and fruit products,"Canned or jarred cranberry, MEDIUM In diluted sweet liquid-syrup",9.28,12,12,12,9.28,9.28,12
Fruit and fruit products,"Canned or jarred cranberry, MEDIUM In fruit/vegetable juice",12,12,12,12,12,12,12
Fruit and fruit products,Canned or jarred mandarin,7,32,32,32,17,7,17
Fruit and fruit products,"Canned or jarred mandarin, MEDIUM In diluted sweet liquid-syrup",20,20,20,20,17,20,17
Fruit and fruit products,"Canned or jarred mandarin, MEDIUM In fruit/vegetable juice",20,20,20,20,17,20,17
Fruit and fruit products,Canned or jarred mixed fruit,12,12,12,5,14,12,14
Fruit and fruit products,"Canned or jarred mixed fruit, MEDIUM In diluted sweet liquid-syrup",6,12.9,7,5,14,7,5
Fruit and fruit products,"Canned or jarred mixed fruit, MEDIUM In fruit/vegetable juice",6,7,7,7,10,7,9
Fruit and fruit products,Canned or jarred peach,2,3,3,4,3,3,3
Fruit and fruit products,"Canned or jarred peach, MEDIUM In diluted sweet liquid-syrup",2,5,5,3,3,2,3
Fruit and fruit products,"Canned or jarred peach, MEDIUM In fruit/vegetable juice",5,5,5,5,4,5,4
Fruit and fruit products,Canned or jarred pear,5,11,11,11,14,5,14
Fruit and fruit products,"Canned or jarred pear, MEDIUM In diluted sweet liquid-syrup",11,6,7,6,14,11,6
Fruit and fruit products,"Canned or jarred pear, MEDIUM In fruit/vegetable juice",7,7,7,7,6,7,6
Fruit and fruit products,Canned or jarred pineapple,20,16,16,13,10,14,10
Fruit and fruit products,"Canned or jarred pineapple, MEDIUM In diluted sweet liquid-syrup",20,14.5,11,6,10,20,6
Fruit and fruit products,"Canned or jarred pineapple, MEDIUM In fruit/vegetable juice",20,11,11,11,8,20,8
Fruit and fruit products,Canned or jarred plum,16,16,16,16,9,16,9
Fruit and fruit products,"Canned or jarred plum, MEDIUM In diluted sweet liquid-syrup",12,10,10,10,9,12,9
Fruit and fruit products,"Canned or jarred plum, MEDIUM In fruit/vegetable juice",10,10,10,10,10,10,10
Fruit and fruit products,Canned or jarred sour cherry,10,10,10,10,10,10,10
Fruit and fruit products,"Canned or jarred sour cherry, MEDIUM In diluted sweet liquid-syrup",5.32,6,6,6,5.32,5.32,6
Fruit and fruit products,"Canned or jarred sour cherry, MEDIUM In fruit/vegetable juice",6,6,6,6,6,6,6
Fruit and fruit products,Canned or jarred sweet cherry,18,18,18,18,15,18,15
Fruit and fruit products,"Canned or jarred sweet cherry, MEDIUM In diluted sweet liquid-syrup",11,12,11,12,15,11,15
Fruit and fruit products,"Canned or jarred sweet cherry, MEDIUM In fruit/vegetable juice",12,11,11,11,12,12,11
Fruit and fruit products,Carambolas,18,3.5,6,3.5,5,18,5
Fruit and fruit products,Cherimoyas,23,13,13,13,10,23,13
Fruit and fruit products,Cherries (sweet),18,11,17,30,20,18,13
Fruit and fruit products,Chocolate coated dried fruit,4,4,4,4,4,4,4
Fruit and fruit products,Chokecherries,50.9,50.9,50.9,50.9,50.9,50.9,50.9
Fruit and fruit products,Citrons,33,33,,33,33,33,33
Fruit and fruit products,Citrus fruit peel,134,134,134,55,130,134,130
Fruit and fruit products,Cloudberries,16,14,14,14,19.7,15,14
Fruit and fruit products,Common banana,7,4.8,7,7,6,6,6
Fruit and fruit products,"Common banana, PROCESS Baking",6.7,7,7,7,14,,7
Fruit and fruit products,"Common banana, PROCESS Cooking in water",7,7,7,7,7,7,7
Fruit and fruit products,"Common banana, PROCESS Steaming",7,7,7,7,7,7,7
Fruit and fruit products,Cranberries,13,14,14,14,15,13,12
Fruit and fruit products,Dates,42.9,65,65,24,24,42.9,24
Fruit and fruit products,Dewberries and similar-,26,35,26,35,60,26,35
Fruit and fruit products,Dried apples,38,30,30,40,50,14,16
Fruit and fruit products,Dried apricots,98.3,55,82,67,90,45,92
Fruit and fruit products,Dried bananas,8.5,23,23,23,14.5,,13
Fruit and fruit products,Dried dates,51.3,50.6,63,69,70,32,45
Fruit and fruit products,Dried figs,,165,193,186,162,144,250
Fruit and fruit products,Dried pears,34,48,48,48,100,34,55
Fruit and fruit products,Dried prunes,67,41,41,59,30,51,34
Fruit and fruit products,"Dried prunes, PROCESS Baking",30,40,40,40,30,30,40
Fruit and fruit products,"Dried prunes, PROCESS Cooking in water",17,17,17,17,19,17,19
Fruit and fruit products,"Dried prunes, PROCESS Steaming",16,16,16,16,19,16,19
Fruit and fruit products,Dried vine fruits (raisins etc.),54,56,80,78,50,49,46
Fruit and fruit products,Elderberries,35,35,35,35,37,35,37
Fruit and fruit products,Figs,57.2,38.7,54,43,54,35,38
Fruit and fruit products,Fruit chips,138,30,30,30,138,138,13
Fruit and fruit products,"Fruit compote, apple",3.5,3.5,5,3.5,4,3.5,4
Fruit and fruit products,"Fruit compote, apricot",,10,10,10,12,,12
Fruit and fruit products,"Fruit compote, mixed fruit",8,8,8,11,8,8,8
Fruit and fruit products,"Fruit compote, peach",4,4,4,4,4,4,4
Fruit and fruit products,"Fruit compote, pear",7,7,7,7,8,7,8
Fruit and fruit products,"Fruit compote, pineapple",13,13,13,13,13,13,13
Fruit and fruit products,"Fruit compote, plum",10,10,10,10,10,10,10
Fruit and fruit products,"Fruit compote, sour cherry",9,9,9,9,9,9,9
Fruit and fruit products,"Fruit compote, sweet cherry",18,18,18,18,10,18,10
Fruit and fruit products,Fruit or fruit-vegetable puree,4,4,4,4,4,4,4
Fruit and fruit products,Fruit preparations for fillings and/or flavouring,8,8,8,8,14,8,30
Fruit and fruit products,Fruit salad,23,14.5,15,14.5,17,,17
Fruit and fruit products,Gooseberries and similar-,29,26,29,26,30,34,28
Fruit and fruit products,Granate apples,,3,8,,8,3,12
Fruit and fruit products,Grapefruits,33,23.2,26,17,21,12,23
Fruit and fruit products,Guavas and similar-,,8,17,10,20,20,13
Fruit and fruit products,"Jam, apricots",8,9.1,8,20,8,8,10
Fruit and fruit products,"Jam, apricots, SWEET Fructose",6,6,6,6,6,6,6
Fruit and fruit products,"Jam, blackberries",18,18,18,18,8,18,12
Fruit and fruit products,"Jam, blackberries, SWEET Fructose",16,16,16,16,16,16,16
Fruit and fruit products,"Jam, blueberries",20,7,7,7,8,7,8
Fruit and fruit products,"Jam, blueberries, SWEET Fructose",16,16,16,16,16,16,16
Fruit and fruit products,"Jam, cranberries",20,6,6,6,8,6,8
Fruit and fruit products,"Jam, cranberries, SWEET Fructose",16,16,16,16,16,16,16
Fruit and fruit products,"Jam, currants (black)",20,17,17,17,8,17,12
Fruit and fruit products,"Jam, currants (black), SWEET Fructose",10,16,16,16,10,10,16
Fruit and fruit products,"Jam, currants (red)",20,13,13,13,8,13,12
Fruit and fruit products,"Jam, currants (red), SWEET Fructose",16,16,16,16,16,16,16
Fruit and fruit products,"Jam, gooseberries",11,11,11,11,8,11,8
Fruit and fruit products,"Jam, gooseberries, SWEET Fructose",16,16,16,16,16,16,16
Fruit and fruit products,"Jam, lingonberry",,6,6,6,8,14,8
Fruit and fruit products,"Jam, lingonberry, SWEET Fructose",16,16,16,16,16,16,16
Fruit and fruit products,"Jam, mixed fruit",6,19.5,6,18,8,6,8
Fruit and fruit products,"Jam, mixed fruit, SWEET Fructose",11,16,16,16,20,11,16
Fruit and fruit products,"Jam, oranges",32,41.1,32,35,8,32,8
Fruit and fruit products,"Jam, oranges, SWEET Fructose",24,16,16,16,24,24,16
Fruit and fruit products,"Jam, peaches",3,3,3,3,8,3,10
Fruit and fruit products,"Jam, peaches, SWEET Fructose",6,6,6,6,6,6,6
Fruit and fruit products,"Jam, plums",3,3,3,39,8,3,10
Fruit and fruit products,"Jam, plums, SWEET Fructose",6,6,6,6,6,6,6
Fruit and fruit products,"Jam, raspberries",20,15,15,15,8,15,12
Fruit and fruit products,"Jam, raspberries, SWEET Fructose",16,16,16,16,16,16,16
Fruit and fruit products,"Jam, rose hips",71,71,71,71,20,71,20
Fruit and fruit products,"Jam, rose hips, SWEET Fructose",16,16,16,16,16,16,16
Fruit and fruit products,"Jam, sour cherry",9,9,9,9,8,9,8
Fruit and fruit products,"Jam, sour cherry, SWEET Fructose",6,6,6,6,6,6,6
Fruit and fruit products,"Jam, strawberries",18,17,10,17,8,18,12
Fruit and fruit products,"Jam, strawberries, SWEET Fructose",15,16,16,16,15,15,16
Fruit and fruit products,"Jam, sweet cherry",9,10.5,9,10.5,8,9,10
Fruit and fruit products,"Jam, sweet cherry, SWEET Fructose",6,6,6,6,6,6,6
Fruit and fruit products,Kaki and similar-,,13,8,8,13,,8
Fruit and fruit products,"Kiwi fruits (green, red, yellow)",27,31.2,38,25,30,27,25
Fruit and fruit products,Lemons,33,16.5,11,14,10,33,27
Fruit and fruit products,Limes,33,14,13,60,25,33,23
Fruit and fruit products,Lingonberries,22,14,14,14,15,16,15
Fruit and fruit products,Litchis,6.23,5,9,2,5,6.23,6
Fruit and fruit products,Loganberries,35,35,35,35,60,35,35
Fruit and fruit products,Loquats,19,16,19,16,20,19,20
Fruit and fruit products,Mandarins,37,18.7,33,32,25,37,25
Fruit and fruit products,Mandarins and similar-,37,18.7,33,30,25,14,25
Fruit and fruit products,Mangoes,10,12,12,7,14,10,12
Fruit and fruit products,"Marmalade, oranges",28,41.1,11,35,8,20,26
Fruit and fruit products,"Marmalade, oranges, SWEET Fructose",19.8,16,16,16,19.8,19.8,16
Fruit and fruit products,Medlars,9.73,30,30,30,9.73,9.73,30
Fruit and fruit products,Mixed dried fruits,51,58.7,51,133.3,68,51,73
Fruit and fruit products,Mulberries (black and white),36,39,36,36,36,36,36
Fruit and fruit products,Oranges and similar-,54,33.5,40,49,23,46,47
Fruit and fruit products,Papayas,24,24.5,21,28,20,24,20
Fruit and fruit products,Passionfruits,12,9,17,10,11,12,11
Fruit and fruit products,Peaches and similar-,8,5.6,6,5.6,4,5,7
Fruit and fruit products,Pears and similar-,11,7.64,10,11,5,11,11
Fruit and fruit products,"Pears and similar-, PROCESS Baking",11,11,11,11,11,11,11
Fruit and fruit products,"Pears and similar-, PROCESS Cooking in water",11,6,11,6,9,11,9
Fruit and fruit products,Pineapples,12,20.9,16,17,12,7,18
Fruit and fruit products,"Pineapples, PROCESS Baking",41.8,17,17,17,41.8,41.8,17
Fruit and fruit products,"Pineapples, PROCESS Cooking in water",17,17,17,17,17,17,17
Fruit and fruit products,"Pineapples, PROCESS Steaming",17,17,17,17,17,17,17
Fruit and fruit products,Plums and similar-,16,8,8,13,8,16,13
Fruit and fruit products,Pomelos,27,27,27,27,27,27,27
Fruit and fruit products,Prickly pears,56,56,28,30,53,56,53
Fruit and fruit products,Quinces,13.5,11,10,4,13.5,13.5,14
Fruit and fruit products,Raspberries (red and yellow),35,20,40,49,15,27,25
Fruit and fruit products,Raspberries and similar-,35,20,40,49,15,35,25
Fruit and fruit products,Redcurrants,40,29,29,60,20,40,36
Fruit and fruit products,Rose hips and similar-,257,257,257,257,257,257,257
Fruit and fruit products,Sea buckthorns,42,42,42,42,14.2,42,42
Fruit and fruit products,Sour cherries,16.4,8,8,15,12,16.2,12
Fruit and fruit products,Strawberries and similar-,21,13.2,19,35,15,21,16
Fruit and fruit products,Table grapes,11,12,12,27,17,11,13
Fruit and fruit products,Tamarillos,31.8,56,12,56,31.8,31.8,12
Fruit and fruit products,Tangelos (except minneolas),3.85,3.85,3.85,3.85,3.85,3.85,3.85
Fruit and fruit products,Wine grapes,9.5,12,12,12,20.4,9.5,12
Fruit and vegetable juices and nectars,Dehydrated/powdered vegetable juice,413,413,413,413,413,413,413
Fruit and vegetable juices and nectars,Fruit smoothies,31,31,31,31,10,31,10
Fruit and vegetable juices and nectars,"Juice concentrate, black currant",26.9,8,26.9,8,26.9,26.9,8
Fruit and vegetable juices and nectars,"Juice concentrate, orange",17.1,14,17.1,14,17.1,17.1,14
Fruit and vegetable juices and nectars,"Juice, apple",9,8.9,7,7,8,7,7
Fruit and vegetable juices and nectars,"Juice, apple-carrot",,13,13,13,14.2,,13
Fruit and vegetable juices and nectars,"Juice, apple-cherry",11,11,11,11,11,11,11
Fruit and vegetable juices and nectars,"Juice, apple-cherry, FORT Combination of vitamin and mineral only supplements",15,15,15,15,15,15,15
Fruit and vegetable juices and nectars,"Juice, apple, FORT Vitamin only supplements",6,6,6,6,7,6,7
Fruit and vegetable juices and nectars,"Juice, apricot",16,16,16,9,16,16,16
Fruit and vegetable juices and nectars,"Juice, apricot-orange",16,16,16,16,11,16,11
Fruit and vegetable juices and nectars,"Juice, apricot-orange, FORT Combination of vitamin and mineral only supplements",15,15,15,15,15,15,15
Fruit and vegetable juices and nectars,"Juice, beetroot",11,11,11,14,3,11,3
Fruit and vegetable juices and nectars,"Juice, black currant",34.4,47,47,47,12,34.4,12
Fruit and vegetable juices and nectars,"Juice, blackberry",45,45,45,45,12,45,12
Fruit and vegetable juices and nectars,"Juice, carrot",19,20.7,27,20.7,17,19,16
Fruit and vegetable juices and nectars,"Juice, celery",51,51,51,51,51,51,51
Fruit and vegetable juices and nectars,"Juice, cranberry",17.5,15,15,15,12,17.5,12
Fruit and vegetable juices and nectars,"Juice, elderberry",5,5,5,5,5,5,5
Fruit and vegetable juices and nectars,"Juice, grape",10,11.3,13,10,14,9,19
Fruit and vegetable juices and nectars,"Juice, grapefruit",9.9,11.2,9,13,11,9.9,14
Fruit and vegetable juices and nectars,"Juice, lemon",7,10.6,11,14,11,7,7
Fruit and vegetable juices and nectars,"Juice, lime",9,12,12,12,11,9,9
Fruit and vegetable juices and nectars,"Juice, mango",12,2,12,2,2,12,2
Fruit and vegetable juices and nectars,"Juice, mixed fruit",9,11.1,10,8,11,9,11
Fruit and vegetable juices and nectars,"Juice, multi-vegetable",19,14,21,14,13,,13
Fruit and vegetable juices and nectars,"Juice, orange",10,13.3,15,15,12,10,12
Fruit and vegetable juices and nectars,"Juice, orange-grapefruit",11,11,11,8,11,11,11
Fruit and vegetable juices and nectars,"Juice, orange-grapefruit, FORT Combination of vitamin and mineral only supplements",15,8.8,15,8.8,15,15,15
Fruit and vegetable juices and nectars,"Juice, orange-peach",11,8.8,11,8.8,11,11,11
Fruit and vegetable juices and nectars,"Juice, orange-peach, FORT Combination of vitamin and mineral only supplements",15,15,15,15,15,15,15
Fruit and vegetable juices and nectars,"Juice, orange, FORT Vitamin only supplements",10.6,15,15,15,13,10.6,13
Fruit and vegetable juices and nectars,"Juice, peach",6,6,6,5,6,6,6
Fruit and vegetable juices and nectars,"Juice, pear",11,10,10,5,5,11,5
Fruit and vegetable juices and nectars,"Juice, pineapple",20,18.4,16,17,15,17,8
Fruit and vegetable juices and nectars,"Juice, pomegranate",3,3,3,3,3,3,3
Fruit and vegetable juices and nectars,"Juice, red currant",15.6,30,30,30,12,15.6,12
Fruit and vegetable juices and nectars,"Juice, strawberry-cherry",11,11,11,11,11,11,11
Fruit and vegetable juices and nectars,"Juice, strawberry-cherry, FORT Combination of vitamin and mineral only supplements",15,15,15,15,15,15,15
Fruit and vegetable juices and nectars,"Juice, tomato",9,10.4,15,10,13,9,10
Fruit and vegetable juices and nectars,"Juice, tomato-leafy vegetables",12.9,14,21,14,13,12.9,13
Fruit and vegetable juices and nectars,Mixed fruit nectars,8,12.7,8,8,10,8,10
Fruit and vegetable juices and nectars,Mixed vegetable juice,18.2,21,21,21,13,18.2,13
Fruit and vegetable juices and nectars,Multivitamin juices,,10,10,10,15,,15
Fruit and vegetable juices and nectars,"Multivitamin juices, FORT Combination of vitamin and mineral only supplements",10,10,10,10,10,10,10
Fruit and vegetable juices and nectars,"Multivitamin juices, FORT Vitamin only supplements",,12,10,12,15,10,15
Fruit and vegetable juices and nectars,"Nectar, apple",6,6,6,6,10,6,10
Fruit and vegetable juices and nectars,"Nectar, apricot",10,15.1,10,9,10,10,10
Fruit and vegetable juices and nectars,"Nectar, banana",6,6,6,6,6,6,6
Fruit and vegetable juices and nectars,"Nectar, mango",8,5.2,8,5.2,10,8,10
Fruit and vegetable juices and nectars,"Nectar, orange",6,9.1,10,9.1,10,6,10
Fruit and vegetable juices and nectars,"Nectar, peach",6,10,6,5,10,6,10
Fruit and vegetable juices and nectars,"Nectar, pear",8,9.7,8,5,10,8,10
Fruit and vegetable juices and nectars,"Nectar, pineapple",11,11,11,17,10,11,10
Fruit and vegetable juices and nectars,Vegetable juice concentrate,21,21,21,21,21,21,21
Grains and grain-based products,Amaranth flour,214,214,214,214,214,214,214
Grains and grain-based products,Apple strudel,11,51.1,11,51.1,51.1,11,11
Grains and grain-based products,Asian-style noodles other than glass noodles,18,18,18,18,15,18,28
Grains and grain-based products,"Asian-style noodles other than glass noodles, PROCESS Cooking in water",13,13,13,13,15,13,5
Grains and grain-based products,"Asian-style noodles other than glass noodles, PROCESS Steaming",13,13,13,13,15,13,5
Grains and grain-based products,Baklava,58,98,58,98,44,58,44
Grains and grain-based products,Barley flour,23,39,39,39,23,23,39
Grains and grain-based products,"Barley grain, pearled",20,18,18,14,15,20,20
Grains and grain-based products,"Barley grain, pearled, PROCESS Cooking in water",8.6,7,7,7,7,8.6,7
Grains and grain-based products,"Barley grain, pearled, PROCESS Steaming",8.6,7,7,7,7,8.6,7
Grains and grain-based products,Barley porridge,102,102,102,102,102,102,102
Grains and grain-based products,"Barley porridge, INGRED Cow milk, skimmed (low fat)",102,102,102,102,102,102,102
Grains and grain-based products,"Barley porridge, INGRED Cow milk, whole",98.3,98.3,98.3,98.3,98.3,98.3,98.3
Grains and grain-based products,"Barley porridge, INGRED Tap water",6.8,6.8,6.8,6.8,6.8,6.8,6.8
Grains and grain-based products,Barley rolled grains,18,16,16,16,60,18,60
Grains and grain-based products,Beignets,21,22,21,22,22,21,21
Grains and grain-based products,"Biscuit with inclusions, filling or coating",64,147,39,73,35,27.5,83
Grains and grain-based products,"Biscuits, chocolate",,147,68,110,32,,130
Grains and grain-based products,"Biscuits, oat meal",19.6,26,26,26,35,,37
Grains and grain-based products,"Biscuits, sweet, plain",103.4,28,35,28,36,26.6,80
Grains and grain-based products,"Biscuits, sweet, plain, FORT Combination of vitamin and mineral only supplements",579,579,579,579,579,579,579
Grains and grain-based products,"Biscuits, sweet, plain, FORT Vitamin only supplements",38,38,682,,38,38,38
Grains and grain-based products,"Biscuits, sweet, wheat wholemeal",,35,35,35,30,60.4,92
Grains and grain-based products,Bread and rolls with special ingredients added,50,111,26,111,40,50,150
Grains and grain-based products,"Bread and rolls with special ingredients added, FORT Protein and amino acids supplements",87,87,87,87,87,87,87
Grains and grain-based products,Bread stuffing,71,71,71,71,71,71,71
Grains and grain-based products,Breadcrumbs,4.6,90,50,110,18,4.6,110
Grains and grain-based products,Brioche type products,57,41.9,57,9,,57,
Grains and grain-based products,Buckwheat flour,8,33,33,12,15,8,15
Grains and grain-based products,Buckwheat groats,18,67,67,110,12,18,12
Grains and grain-based products,Buns,,51.1,63,51.1,50,63,114
Grains and grain-based products,Butter biscuits,,26,15,26,28,10.8,28
Grains and grain-based products,"Cake marbled, with chocolate",,33,36,33,33,,36
Grains and grain-based products,Cereal bars mixed,,112,51,112,48,,77
Grains and grain-based products,Cereal bars plain,,58,51,58,47,,47
Grains and grain-based products,Cereal bran,57,110,57,110,110,57,110
Grains and grain-based products,Cereals and cereal-like grains not separately listed,35,35,35,35,35,35,35
Grains and grain-based products,Chapatti flour,84,84,84,84,84,84,84
Grains and grain-based products,Cheese cake,,98,59,98,56,255,56
Grains and grain-based products,Chocolate cake,,47,53,47,37,59.1,62
Grains and grain-based products,Chocolate cake with fruits,36.4,50,50,50,36.4,36.4,50
Grains and grain-based products,Choux pastry doughs,21,21,21,21,50,21,50
Grains and grain-based products,"Choux pastry doughs, PROCESS Baking",21,204,21,31,76,21,76
Grains and grain-based products,Common millet and similar-,9.5,20,20,17,25,9.5,25
Grains and grain-based products,"Common millet and similar-, PROCESS Cooking in water",5.4,4,4,4,13,5.4,13
Grains and grain-based products,"Common millet and similar-, PROCESS Steaming",5.4,4,4,4,13,5.4,13
Grains and grain-based products,Common wheat grain,26.3,33,33,35,23,26.3,23
Grains and grain-based products,Corn chips,101,18,18,18,174,101,150
Grains and grain-based products,Corn curls,2,55,16,55,40,59,13
Grains and grain-based products,Corn semolina based thick soup,,3,3,3,3,,3
Grains and grain-based products,Cornmeal porridge,,7,7,3,7,,7
Grains and grain-based products,"Cornmeal porridge, INGRED Cow milk, whole",126.5,126.5,126.5,126.5,126.5,126.5,126.5
Grains and grain-based products,"Cornmeal porridge, INGRED Tap water",7,3,7,3,3,7,7
Grains and grain-based products,Couscous,13,24,26,24,24,13,24
Grains and grain-based products,"Couscous, PROCESS Cooking in water",8.8,15.2,16,15.2,12,8,19
Grains and grain-based products,"Couscous, PROCESS Steaming",8.8,15.2,16,15.2,12,8,19
Grains and grain-based products,Crackers and breadsticks,,72,68,72,110,19,110
Grains and grain-based products,Cream cake,34.5,71.6,58,71.6,36,58,74
Grains and grain-based products,Cream cheese cake,,57,57,57,56,57,56
Grains and grain-based products,Cream custard cake,39,68,39,68,95,39,95
Grains and grain-based products,Cream-cheese strudel,56,56,56,56,56,56,56
Grains and grain-based products,"Crisp bread, rye wholemeal",,52,52,31,40,43,45
Grains and grain-based products,"Crisp bread, rye, refined flour",80,52,52,52,80,80,52
Grains and grain-based products,"Crisp bread, wheat, refined flour",,20,85,20,100,,100
Grains and grain-based products,"Crisp bread, wheat, wholemeal",29.5,85,85,85,100,75,100
Grains and grain-based products,Croissant,,50.1,50,80,24,50,75
Grains and grain-based products,Croissant from puff pastry,,50.1,50,9,24,,75
Grains and grain-based products,"Croissant, filled with chocolate",73,45.9,73,45.9,31,73,31
Grains and grain-based products,"Croissant, filled with cream",18,18,18,18,18,18,18
Grains and grain-based products,"Croissant, filled with jam",10,10,10,10,10,10,10
Grains and grain-based products,Croquembouche,71.6,71.6,71.6,71.6,71.6,71.6,71.6
Grains and grain-based products,Croutons,,20,120,20,13,,13
Grains and grain-based products,Doughnuts-berliner,11.1,30,16,30,51,76.1,
Grains and grain-based products,Dried egg pasta,,23,23,22,23,,23
Grains and grain-based products,"Dried egg pasta, PROCESS Baking",9,9,9,9,9,9,9
Grains and grain-based products,"Dried egg pasta, PROCESS Cooking in water",,18,9,18,21,9,21
Grains and grain-based products,"Dried egg pasta, PROCESS Steaming",,9,9,9,21,9,21
Grains and grain-based products,"Dumpling, sweet",51,51,51,51,51,51,51
Grains and grain-based products,Durum wheat grain,33,55,33,30,23,33,23
Grains and grain-based products,"Durum wheat grain, PROCESS Baking",12,12,12,12,12,12,12
Grains and grain-based products,"Durum wheat grain, PROCESS Cooking in water",12,39,12,30,39,12,12
Grains and grain-based products,"Durum wheat grain, PROCESS Steaming",12,39,12,39,39,12,12
Grains and grain-based products,êclair,53,68.4,53,68.4,48,53,87
Grains and grain-based products,"Extruded, pressed or puffed bread",,20,32,20,26,35.7,26
Grains and grain-based products,Flan tart,38,86.5,38,86.5,22,38,25
Grains and grain-based products,Flour mix (like wheat/rye/barley/oats and other),17,17,17,17,17,17,17
Grains and grain-based products,Fresh egg pasta,,15,13,24,64,,64
Grains and grain-based products,"Fresh egg pasta, PROCESS Baking",9,9,9,9,9,9,9
Grains and grain-based products,"Fresh egg pasta, PROCESS Cooking in water",,18,5,18,21,,37
Grains and grain-based products,"Fresh egg pasta, PROCESS Steaming",,9,9,9,21,,37
Grains and grain-based products,Fruit cake,,52,79,52,15,63.7,79
Grains and grain-based products,Fruit pie-tarts,11,47,11,47,23,11,58
Grains and grain-based products,Gingerbread,180,4,180,4,180,180,79
Grains and grain-based products,"Gingerbread dough, PROCESS Baking",79,4,79,4,79,79,79
Grains and grain-based products,"Gluten free bread, brown",,35,35,35,380,,380
Grains and grain-based products,"Gluten free bread, white",,20,20,20,380,,380
Grains and grain-based products,Gnocchi,,21,21,21,21,,21
Grains and grain-based products,"Gnocchi, PROCESS Baking",19,19,19,19,19,19,19
Grains and grain-based products,"Gnocchi, PROCESS Cooking in water",17,5.1,17,5.1,5.1,17,17
Grains and grain-based products,"Gnocchi, PROCESS Steaming",20,20,20,20,20,20,20
Grains and grain-based products,Gougere,136,302,136,302,101,136,101
Grains and grain-based products,Graham flour,29.8,38,29.8,38,29.8,29.8,38
Grains and grain-based products,Indian rice grain,21,21,21,21,21,21,21
Grains and grain-based products,"Indian rice grain, PROCESS Cooking in water",3,8,8,8,8,3,8
Grains and grain-based products,"Indian rice grain, PROCESS Steaming",3,8,8,8,8,3,8
Grains and grain-based products,Ingredient rich fine dough without yeast,29,29,29,29,29,29,29
Grains and grain-based products,"Ingredient rich fine dough without yeast, PROCESS Baking",29,56.6,29,56.6,56.6,29,29
Grains and grain-based products,Kringles,42,42,42,42,25,42,25
Grains and grain-based products,Laminated doughs,11,84,11,84,58,11,58
Grains and grain-based products,"Laminated doughs, PROCESS Baking",11,18.6,11,18.6,18.6,11,11
Grains and grain-based products,Leavened bread doughs-deprecated,35,35,35,35,35,35,35
Grains and grain-based products,"Leavened bread doughs-deprecated, PROCESS Baking",,21.7,23,21.7,110,,110
Grains and grain-based products,"Leavened bread doughs-deprecated, PROCESS Cooking in water",30,30,30,30,30,30,30
Grains and grain-based products,"Leavened bread doughs-deprecated, PROCESS Steaming",24,24,24,24,24,24,24
Grains and grain-based products,Lebkuchen,9.5,47,47,47,9.5,9.5,47
Grains and grain-based products,Macaroons,31.1,81,10,81,10,31.1,84
Grains and grain-based products,Maize flour,2,,18,6,20,2,20
Grains and grain-based products,Maize semolina,4,4,4,4,4,4,4
Grains and grain-based products,"Maize semolina, PROCESS Baking",3,3,3,3,3,3,3
Grains and grain-based products,"Maize semolina, PROCESS Cooking in water",3,3,3,3,3,3,3
Grains and grain-based products,"Maize semolina, PROCESS Steaming",3,3,3,3,3,3,3
Grains and grain-based products,Maize starch,10,10,10,10,20,10,20
Grains and grain-based products,Marzipan pie,55.6,68,46,68,79,55.6,79
Grains and grain-based products,Matzo,32,32,32,32,15,32,32
Grains and grain-based products,Meringue,2.8,4,7,4,12,5.2,12
Grains and grain-based products,Meringue tart,,41,41,41,52,41,38
Grains and grain-based products,Millet flour,9,40,40,40,40,9,40
Grains and grain-based products,Millet groats,20,20,20,20,20,20,20
Grains and grain-based products,Millet rolled grains,20,20,20,20,20,20,20
Grains and grain-based products,Miscellaneous mixed and processed breakfast cereals-deprecated,357.1,300,30,300,,30,40
Grains and grain-based products,Mixed breakfast cereals,25,60.6,35,60.6,66,25,66
Grains and grain-based products,Mixed cereal rolled grains,,38,38,38,38,,38
Grains and grain-based products,Mixed cereal-based snacks,21.2,147,147,147,24.5,21.2,33
Grains and grain-based products,Muesli plain,23.5,114,16,110,47,23.5,110
Grains and grain-based products,Muffins,,37,73,37,161,,161
Grains and grain-based products,Multigrain (not only rye-wheat) bread and rolls,15.8,122,18,122,45,15.8,45
Grains and grain-based products,"Noodle, rice",18,18,18,18,12,18,12
Grains and grain-based products,"Noodle, rice, PROCESS Cooking in water",10.3,10.3,10.3,10.3,10.3,10.3,10.3
Grains and grain-based products,"Noodle, rice, PROCESS Steaming",10.3,10.3,10.3,10.3,10.3,10.3,10.3
Grains and grain-based products,Nut cream cake,,59,59,59,52,,100
Grains and grain-based products,Oat bran,43,16,16,16,67.2,58,16
Grains and grain-based products,Oat flour,43,55,55,80,55,43,55
Grains and grain-based products,Oat groats,53,75,75,75,55,75,55
Grains and grain-based products,Oat high-bran flakes,22,22,22,54,22,22,22
Grains and grain-based products,Oat porridge,9,89,89,89,112,9,52
Grains and grain-based products,"Oat porridge, INGRED Cow milk, skimmed (low fat)",100.2,100.2,100.2,100.2,100.2,100.2,100.2
Grains and grain-based products,"Oat porridge, INGRED Cow milk, whole",99.5,89,89,89,112,99.5,128
Grains and grain-based products,"Oat porridge, INGRED Tap water",9,7.5,4,7.5,7,9,7
Grains and grain-based products,Oat rolled grains,56,16,16,16,70,56,55
Grains and grain-based products,"Oat rolled grains, instant",16,16,16,16,70,16,52
Grains and grain-based products,Pancakes,,167,70,167,106,70,118
Grains and grain-based products,Pasta flavoured and/or/coloured-deprecated,20.8,49,49,49,49,20.8,49
Grains and grain-based products,Pasta wholemeal,23,34,34,34,40,23,31
Grains and grain-based products,"Pasta wholemeal, PROCESS Baking",14,14,14,14,14,14,14
Grains and grain-based products,"Pasta wholemeal, PROCESS Cooking in water",,22.8,14,22.8,25,14,11
Grains and grain-based products,"Pasta wholemeal, PROCESS Steaming",11,11,11,11,25,11,11
Grains and grain-based products,"Pasta, gluten free",57.6,16,16,16,16,57.6,16
Grains and grain-based products,"Pasta, gluten free, PROCESS Cooking in water",,6,6,6,6,,6
Grains and grain-based products,"Pasta, gluten free, PROCESS Steaming",,6,6,6,6,,6
Grains and grain-based products,"Pasta, simple-deprecated",21,22,22,22,15,21,25
Grains and grain-based products,"Pasta, simple-deprecated, PROCESS Baking",8,8,8,8,8,8,8
Grains and grain-based products,"Pasta, simple-deprecated, PROCESS Cooking in water",13,7,8,4,15,13,7
Grains and grain-based products,"Pasta, simple-deprecated, PROCESS Steaming",8,8,8,4,15,8,15
Grains and grain-based products,Pita bread,10.2,58,58,58,15,19.5,138
Grains and grain-based products,"Pizza base, cooked",,7,7,20,15,,15
Grains and grain-based products,"Popcorn (maize, popped)",5.9,9,11,10,11,5,10
Grains and grain-based products,Popcorn kernels,9.6,8,8,15,20,9.6,20
Grains and grain-based products,Popped cereals,8.7,244,26,244,453,8.7,453
Grains and grain-based products,Pretzels,,72,61,72,36,,36
Grains and grain-based products,Processed and mixed breakfast cereals,69,38,22,38,38,22,22
Grains and grain-based products,Processed barley-based flakes,67.2,16,16,16,67.2,67.2,16
Grains and grain-based products,Processed maize-based flakes,8,,13,74,5,12.1,5
Grains and grain-based products,Processed mixed cereal-based flakes,12.5,,16,,,12.5,16
Grains and grain-based products,Processed oat-based flakes,43,22,22,22,70,43,50
Grains and grain-based products,Processed rice-based flakes,,336,7,336,70,2.5,70
Grains and grain-based products,Processed rye-based flakes,30,64,64,64,64,30,64
Grains and grain-based products,Processed wheat-based flakes,30,267,30,267,340,30,340
Grains and grain-based products,Profiterole,58,82.7,58,82.7,48,58,58
Grains and grain-based products,Pumpernickel,25.2,24,24,24,33,77,33
Grains and grain-based products,Pyramid cake,31,31,31,31,31,31,31
Grains and grain-based products,Rice chips,,6,6,6,14,,14
Grains and grain-based products,Rice flour,6,7,7,7,10,6,24
Grains and grain-based products,"Rice grain, brown",10,16,16,32,12,10,10
Grains and grain-based products,"Rice grain, brown, PROCESS Baking",2,2,2,2,2,2,2
Grains and grain-based products,"Rice grain, brown, PROCESS Cooking in water",5.8,10,6,12,16,5.67,4
Grains and grain-based products,"Rice grain, brown, PROCESS Steaming",5.8,10,2,12,16,5.67,4
Grains and grain-based products,"Rice grain, long-grain",10,16.8,6,16.8,10,10,51
Grains and grain-based products,"Rice grain, long-grain, PROCESS Cooking in water",4.2,9.3,3,9.3,12,7.35,18
Grains and grain-based products,"Rice grain, long-grain, PROCESS Steaming",4.2,9.3,2,9.3,12,7.35,18
Grains and grain-based products,"Rice grain, mixed",15.4,17,17,17,12,15.4,12
Grains and grain-based products,"Rice grain, mixed, PROCESS Cooking in water",7.7,6,6,6,9,7.7,9
Grains and grain-based products,"Rice grain, mixed, PROCESS Steaming",7.7,2,2,2,2,7.7,2
Grains and grain-based products,"Rice grain, parboiled",10,92.5,24,60,130,178,51
Grains and grain-based products,"Rice grain, parboiled, PROCESS Cooking in water",17,9.3,9,19,20,9,18
Grains and grain-based products,"Rice grain, parboiled, PROCESS Steaming",9,19,9,19,20,9,18
Grains and grain-based products,"Rice grain, polished",6,16.8,6,24,10,4.6,4
Grains and grain-based products,Rice porridge,89,91,91,91,108,91,108
Grains and grain-based products,"Rice porridge, INGRED Cow milk, skimmed (low fat)",99,99,99,99,99,99,99
Grains and grain-based products,"Rice porridge, INGRED Cow milk, whole",102.3,91,91,91,108,102.3,108
Grains and grain-based products,Rice rolled grains,6,6,6,6,6,6,6
Grains and grain-based products,Rice starch,20,20,20,20,20,20,20
Grains and grain-based products,"Rice, popped",8.7,10,6,10,18,8.7,18
Grains and grain-based products,"Rusk, refined flour",27.3,40,42,55,26,27.3,520
Grains and grain-based products,"Rusk, wholemeal",30.1,194,84,194,10,30.1,610
Grains and grain-based products,Rye bran,45,45,45,45,45,45,45
Grains and grain-based products,"Rye bread, refined flour",,23,23,80,34,,80
Grains and grain-based products,"Rye bread, wholemeal",,37,37,37,34,26.4,34
Grains and grain-based products,"Rye flour, light",18,22,22,22,30,18,30
Grains and grain-based products,"Rye flour, medium",22,28,28,20,45,22,45
Grains and grain-based products,"Rye flour, wholemeal",30,37,37,,33.3,30,32
Grains and grain-based products,Rye groats,31.5,80,80,80,80,31.5,80
Grains and grain-based products,Rye porridge,7.3,7.3,7.3,7.3,7.3,7.3,7.3
Grains and grain-based products,"Rye porridge, INGRED Cow milk, whole",100.6,100.6,100.6,100.6,100.6,100.6,100.6
Grains and grain-based products,"Rye porridge, INGRED Tap water",7.2,7.2,7.2,7.2,7.2,7.2,7.2
Grains and grain-based products,Rye rolled grains,64,64,64,64,64,64,64
Grains and grain-based products,Rye starch,18,18,18,18,18,18,18
Grains and grain-based products,"Rye-wheat bread, refined flour",,24.7,29,24.7,19,20.5,29
Grains and grain-based products,"Rye-wheat bread, wholemeal",19.6,26,26,26,34,20,34
Grains and grain-based products,Scones and similar,186,186,186,186,186,186,186
Grains and grain-based products,Short pastry dough and similar,24.3,12,12,12,85,24.3,85
Grains and grain-based products,"Short pastry dough and similar, PROCESS Baking",10,19,10,19,99,10,99
Grains and grain-based products,Sorghum flour,40,40,40,40,40,40,40
Grains and grain-based products,Speculaas,28,28,28,28,39,28,39
Grains and grain-based products,Spelt flour,14,8,8,8,8,8,8
Grains and grain-based products,"Spelt flour, wholemeal",22,8,8,8,8,8,8
Grains and grain-based products,Spelt grain,25,25,25,43,25,25,25
Grains and grain-based products,"Spelt grain, PROCESS Baking",12,12,12,12,12,12,12
Grains and grain-based products,"Spelt grain, PROCESS Cooking in water",12,12,12,12,12,12,12
Grains and grain-based products,"Spelt grain, PROCESS Steaming",12,12,12,12,12,12,12
Grains and grain-based products,Spelt rolled grains,111,25,25,25,111,111,25
Grains and grain-based products,Spice cakes,13.1,4,55,4,31,13.1,31
Grains and grain-based products,Sponge cake,19.2,38,18,38,35,19.2,44
Grains and grain-based products,"Sponge cake dough (gÇnoise), PROCESS Baking",28,38,28,38,35,28,35
Grains and grain-based products,"Sponge cake dough (gÇnoise), PROCESS Steaming",28,28,28,28,28,28,28
Grains and grain-based products,Sponge cake roll,,33,19,58,48,44.6,100
Grains and grain-based products,"Sticks, salty",,13,147,38,36,52,36
Grains and grain-based products,Sweet almond pastry mass,125,125,125,125,125,125,125
Grains and grain-based products,"Sweet almond pastry mass, PROCESS Baking",54,54,54,59,54,54,54
Grains and grain-based products,Tortilla,77.3,66,66,66,16,48,108
Grains and grain-based products,Tortilla chips,68,107,18,107,174,100,150
Grains and grain-based products,"Unleavened doughs, PROCESS Baking",12,12,12,12,138,12,138
Grains and grain-based products,Waffles,,17.7,58,17.7,17,58,267
Grains and grain-based products,Wheat bran,76,67,67,110,110,76,110
Grains and grain-based products,Wheat bran rolled flakes,33.5,38,33,38,38,33.5,33
Grains and grain-based products,"Wheat bread and rolls, brown or wholemeal",16,53,31,25,29,,186
Grains and grain-based products,"Wheat bread and rolls, white (refined flour)",,40,33,13,29,34.5,110
Grains and grain-based products,"Wheat bread and rolls, white with maize",,34,34,34,34,,34
Grains and grain-based products,Wheat flour white,13,,5,17,23,13,140
Grains and grain-based products,"Wheat flour, brown",23,32,32,32,30,23,130
Grains and grain-based products,"Wheat flour, durum",34,5,5,5,23,34,23
Grains and grain-based products,Wheat germ,41,40,49,72,62,41,55
Grains and grain-based products,Wheat germs rolled flakes,53,49,49,49,53,53,49
Grains and grain-based products,Wheat groats,34,37,37,37,30,34,30
Grains and grain-based products,Wheat rolled grains,33,33,33,33,33,33,33
Grains and grain-based products,Wheat semolina,13,17,17,17,15,13,18
Grains and grain-based products,"Wheat semolina porridge, INGRED Cow milk, whole",96.9,68,68,68,105,96.9,105
Grains and grain-based products,"Wheat semolina porridge, INGRED Tap water",6.7,8,8,8,8,6.7,8
Grains and grain-based products,"Wheat semolina, PROCESS Cooking in water",2,2,2,2,,2,
Grains and grain-based products,"Wheat semolina, PROCESS Steaming",2,2,2,2,,2,
Grains and grain-based products,Wheat starch,0,0,0,0,0,0,0
Grains and grain-based products,Wheat wholemeal flour,26,32,32,28,29.8,26,38
Grains and grain-based products,"Wheat, popped",18.7,244,26,244,26,18.7,26
Grains and grain-based products,Yeast leavened sweet doughs,28,28,28,28,28,28,28
Grains and grain-based products,"Yeast leavened sweet doughs, PROCESS Baking",28,27.6,28,27.6,109,28,109
Human milk,Human milk,27,,34,,30,27,
"Legumes, nuts, oilseeds and spices",Allspice fruit,660,78.1,660,78.1,660,660,660
"Legumes, nuts, oilseeds and spices",Almonds sweet,256,248,85,240,283,256,240
"Legumes, nuts, oilseeds and spices","Almonds sweet, PROCESS Baking",265,86,86,86,240,265,240
"Legumes, nuts, oilseeds and spices","Almonds sweet, PROCESS Cooking in water",79,79,79,79,79,79,79
"Legumes, nuts, oilseeds and spices","Almonds sweet, PROCESS Steaming",79,79,79,79,79,79,79
"Legumes, nuts, oilseeds and spices",Anise seed,650,650,650,650,650,650,650
"Legumes, nuts, oilseeds and spices",Azuki beans (dry),139.5,110,110,84,84,139.5,84
"Legumes, nuts, oilseeds and spices","Azuki beans (dry), PROCESS Baking",111,111,111,111,111,111,111
"Legumes, nuts, oilseeds and spices","Azuki beans (dry), PROCESS Cooking in water",38,38,38,38,39,38,39
"Legumes, nuts, oilseeds and spices","Azuki beans (dry), PROCESS Steaming",38,38,38,38,39,38,39
"Legumes, nuts, oilseeds and spices",Beans (dry) and similar-,77.3,100,100,135,80,77.3,100
"Legumes, nuts, oilseeds and spices","Beans (dry) and similar-, PROCESS Baking",39,39,39,39,39,39,39
"Legumes, nuts, oilseeds and spices","Beans (dry) and similar-, PROCESS Cooking in water",39,39.3,39,39.3,38,39,37
"Legumes, nuts, oilseeds and spices","Beans (dry) and similar-, PROCESS Steaming",39,39.3,39,39.3,38,39,37
"Legumes, nuts, oilseeds and spices",Beans (fresh seeds without pods) and similar-,25,25,25,44,23,25,23
"Legumes, nuts, oilseeds and spices","Beans (fresh seeds without pods) and similar-, PROCESS Cooking in water",51.1,18,18,18,18,51.1,18
"Legumes, nuts, oilseeds and spices","Beans (fresh seeds without pods) and similar-, PROCESS Steaming",51.1,18,18,18,18,51.1,18
"Legumes, nuts, oilseeds and spices",Bitter almonds,276,85,85,85,283,276,283
"Legumes, nuts, oilseeds and spices",Borage seeds,93,93,93,93,93,93,93
"Legumes, nuts, oilseeds and spices",Borlotti or other common beans (dry),126,100,100,102,80,126,36
"Legumes, nuts, oilseeds and spices","Borlotti or other common beans (dry), PROCESS Baking",39,39,39,39,39,39,39
"Legumes, nuts, oilseeds and spices","Borlotti or other common beans (dry), PROCESS Cooking in water",90,39.3,39,46,38,78,34
"Legumes, nuts, oilseeds and spices","Borlotti or other common beans (dry), PROCESS Steaming",90,39.3,39,46,38,78,34
"Legumes, nuts, oilseeds and spices",Broad beans (dry),48,100,100,100,100,48,100
"Legumes, nuts, oilseeds and spices","Broad beans (dry), PROCESS Baking",39,39,39,39,39,39,39
"Legumes, nuts, oilseeds and spices","Broad beans (dry), PROCESS Cooking in water",39,24,39,24,18,39,18
"Legumes, nuts, oilseeds and spices","Broad beans (dry), PROCESS Steaming",39,24,39,24,18,39,18
"Legumes, nuts, oilseeds and spices",Broad beans (without pods),25,25,25,22,20,25,23
"Legumes, nuts, oilseeds and spices","Broad beans (without pods), PROCESS Cooking in water",18,18,18,18,20,18,18
"Legumes, nuts, oilseeds and spices","Broad beans (without pods), PROCESS Steaming",18,18,18,18,20,18,18
"Legumes, nuts, oilseeds and spices",Canned or jarred chickpea,150,41,38,43,150,150,43
"Legumes, nuts, oilseeds and spices",Canned or jarred common beans,32,71,31,31,39,32,71
"Legumes, nuts, oilseeds and spices",Canned or jarred lentils,24,20,24,27,20,24,24
"Legumes, nuts, oilseeds and spices",Canned or jarred peas,30,24.4,20,42,36,20,30
"Legumes, nuts, oilseeds and spices",Capers buds,,29.5,46,19,40,,40
"Legumes, nuts, oilseeds and spices",Caraway fruit,689,931,950,931,950,950,950
"Legumes, nuts, oilseeds and spices",Cardamom fruit,130,130,130,130,130,130,130
"Legumes, nuts, oilseeds and spices",Cashew nuts,45,38,38,45,44,45,32
"Legumes, nuts, oilseeds and spices","Cashew nuts, PROCESS Baking",45,46,41,46,35,45,35
"Legumes, nuts, oilseeds and spices","Cashew nuts, PROCESS Cooking in water",33,33,33,33,33,33,33
"Legumes, nuts, oilseeds and spices","Cashew nuts, PROCESS Steaming",38,38,38,38,38,38,38
"Legumes, nuts, oilseeds and spices",Cassia buds,300,300,300,300,300,300,300
"Legumes, nuts, oilseeds and spices",Chestnut puree (castanea vulgaris),20,19.5,20,19.5,19.5,20,20
"Legumes, nuts, oilseeds and spices",Chestnuts,140,33,33,30,40,140,46
"Legumes, nuts, oilseeds and spices","Chestnuts, PROCESS Baking",29,29,29,29,29,29,29
"Legumes, nuts, oilseeds and spices","Chestnuts, PROCESS Cooking in water",29,17.4,29,17.4,17.4,29,29
"Legumes, nuts, oilseeds and spices","Chestnuts, PROCESS Steaming",29,29,29,29,29,29,29
"Legumes, nuts, oilseeds and spices",Chickpea flour,124,124,124,117,180,124,180
"Legumes, nuts, oilseeds and spices",Chickpeas (dry),124,124,124,142,124,124,160
"Legumes, nuts, oilseeds and spices","Chickpeas (dry), PROCESS Cooking in water",49,43.8,49,58,46,68,46
"Legumes, nuts, oilseeds and spices","Chickpeas (dry), PROCESS Steaming",49,43.8,49,58,46,49,46
"Legumes, nuts, oilseeds and spices",Cinnamon bark and similar-,1002,1228,1228,1228,1228,1002,1230
"Legumes, nuts, oilseeds and spices",Cloves buds,730,730,730,730,730,730,730
"Legumes, nuts, oilseeds and spices",Coconut milk (cocos nucifera) liquid,18,18,27,18,18,,29
"Legumes, nuts, oilseeds and spices",Coconuts,14,12.5,20,13,20,14,13
"Legumes, nuts, oilseeds and spices","Coconuts, PROCESS Drying (dehydration)",20,18.5,13,23,23,26,23
"Legumes, nuts, oilseeds and spices",Coriander seed,709,709,660,709,709,709,660
"Legumes, nuts, oilseeds and spices",Cumin seed,970,931,970,931,931,970,970
"Legumes, nuts, oilseeds and spices",Dill seed,1520,1520,1520,1520,1520,1520,1520
"Legumes, nuts, oilseeds and spices",Fennel seed,1196,1196,1196,1200,1196,1196,1200
"Legumes, nuts, oilseeds and spices",Fenugreek seed,176,176,176,176,130,176,130
"Legumes, nuts, oilseeds and spices",Garden peas (dry),59,50,50,48,80,59,61
"Legumes, nuts, oilseeds and spices","Garden peas (dry), PROCESS Cooking in water",,18.6,24,18.6,36,,24
"Legumes, nuts, oilseeds and spices","Garden peas (dry), PROCESS Steaming",,18.6,24,18.6,36,,24
"Legumes, nuts, oilseeds and spices",Ginger roots,,116,18,116,23,,17
"Legumes, nuts, oilseeds and spices",Hazelnuts,138,136,149,150,200,138,140
"Legumes, nuts, oilseeds and spices","Hazelnuts, PROCESS Baking",188,150,150,150,150,188,150
"Legumes, nuts, oilseeds and spices","Hazelnuts, PROCESS Cooking in water",129,129,129,129,129,129,129
"Legumes, nuts, oilseeds and spices","Hazelnuts, PROCESS Steaming",129,129,129,129,129,129,129
"Legumes, nuts, oilseeds and spices",Juniper berry,950,950,950,950,950,950,950
"Legumes, nuts, oilseeds and spices",Kidney bean (dry seeds),100,,110,132,100,110,100
"Legumes, nuts, oilseeds and spices","Kidney bean (dry seeds), PROCESS Baking",111,111,111,111,111,111,111
"Legumes, nuts, oilseeds and spices","Kidney bean (dry seeds), PROCESS Cooking in water",79.1,,38,47,37,79.1,37
"Legumes, nuts, oilseeds and spices","Kidney bean (dry seeds), PROCESS Steaming",37,,38,47,37,38,37
"Legumes, nuts, oilseeds and spices",Lentils (dry),71,71,71,57,80,25,71
"Legumes, nuts, oilseeds and spices","Lentils (dry), PROCESS Cooking in water",26,27.2,23,29,23,26,22
"Legumes, nuts, oilseeds and spices","Lentils (dry), PROCESS Steaming",26,27.2,23,29,23,26,22
"Legumes, nuts, oilseeds and spices",Lentils (without pods),,71,71,57,,,71
"Legumes, nuts, oilseeds and spices","Lentils (without pods), PROCESS Cooking in water",22,23,23,29,23,23,23
"Legumes, nuts, oilseeds and spices","Lentils (without pods), PROCESS Steaming",23,23,23,29,23,23,23
"Legumes, nuts, oilseeds and spices",Lima beans (without pods),62,62,62,62,85,62,85
"Legumes, nuts, oilseeds and spices","Lima beans (without pods), PROCESS Cooking in water",66,66,66,66,19,66,19
"Legumes, nuts, oilseeds and spices","Lima beans (without pods), PROCESS Steaming",66,66,66,66,19,66,19
"Legumes, nuts, oilseeds and spices",Linseeds,255,206,206,206,260,198,260
"Legumes, nuts, oilseeds and spices",Liquorice roots,16,182,182,182,16,16,182
"Legumes, nuts, oilseeds and spices",Macadamias,,85,51,70,70,,47
"Legumes, nuts, oilseeds and spices",Mace aril,252,252,252,252,184,252,250
"Legumes, nuts, oilseeds and spices",Mung beans (dry),88,90,90,89,88,88,89
"Legumes, nuts, oilseeds and spices","Mung beans (dry), PROCESS Cooking in water",27,62,62,62,24,27,24
"Legumes, nuts, oilseeds and spices","Mung beans (dry), PROCESS Steaming",27,62,62,62,24,27,24
"Legumes, nuts, oilseeds and spices",Mustard seeds and similar-,520,520,520,520,520,520,520
"Legumes, nuts, oilseeds and spices",Navy beans (dry seeds),113,113,113,113,180,113,180
"Legumes, nuts, oilseeds and spices","Navy beans (dry seeds), PROCESS Cooking in water",44,39.3,44,39.3,65,44,65
"Legumes, nuts, oilseeds and spices","Navy beans (dry seeds), PROCESS Steaming",44,39.3,44,39.3,65,44,65
"Legumes, nuts, oilseeds and spices",Nutmeg seed,184,180,180,103,184,184,180
"Legumes, nuts, oilseeds and spices","Olives, processed",35.1,38,38,38,61,35.1,61
"Legumes, nuts, oilseeds and spices",Paprika powder,180,180,180,177,177,180,180
"Legumes, nuts, oilseeds and spices",Peanut butter,33,40,74,40,50,33,37
"Legumes, nuts, oilseeds and spices",Peanuts,78,92,41,92,55.6,78,60
"Legumes, nuts, oilseeds and spices","Peanuts, PROCESS Baking",62,47.3,62,64,56,62,52
"Legumes, nuts, oilseeds and spices","Peanuts, PROCESS Cooking in water",35,35,35,35,35,35,35
"Legumes, nuts, oilseeds and spices","Peanuts, PROCESS Steaming",35,35,35,35,35,35,35
"Legumes, nuts, oilseeds and spices",Peas (without pods) and similar-,62,26,26,45,20,62,21
"Legumes, nuts, oilseeds and spices","Peas (without pods) and similar-, PROCESS Baking",28,28,28,28,28,28,28
"Legumes, nuts, oilseeds and spices","Peas (without pods) and similar-, PROCESS Cooking in water",20,41.9,22,41.9,20,20,19
"Legumes, nuts, oilseeds and spices","Peas (without pods) and similar-, PROCESS Steaming",27,41.9,27,41.9,20,27,19
"Legumes, nuts, oilseeds and spices",Pecans,,70,161,61,61,36,61
"Legumes, nuts, oilseeds and spices","Peppercorn (black, green and white) and similar-",437,434,430,430,437,437,430
"Legumes, nuts, oilseeds and spices","Peppers, dried",148,148,148,18,148,148,148
"Legumes, nuts, oilseeds and spices",Pine nut kernels and similar-,16,16,26,40,26,16,11
"Legumes, nuts, oilseeds and spices","Pine nut kernels and similar-, PROCESS Baking",26,26,26,26,26,26,26
"Legumes, nuts, oilseeds and spices","Pine nut kernels and similar-, PROCESS Cooking in water",26,26,26,26,26,26,26
"Legumes, nuts, oilseeds and spices","Pine nut kernels and similar-, PROCESS Steaming",26,26,26,26,26,26,26
"Legumes, nuts, oilseeds and spices",Pistachios,,136,136,131,107,,136
"Legumes, nuts, oilseeds and spices","Pistachios, PROCESS Baking",135,110,90,110,131,135,110
"Legumes, nuts, oilseeds and spices","Pistachios, PROCESS Cooking in water",118,118,118,118,118,118,118
"Legumes, nuts, oilseeds and spices","Pistachios, PROCESS Steaming",118,118,118,118,118,118,118
"Legumes, nuts, oilseeds and spices",Poppy seeds,1448,1460,1460,1460,1740,1448,1580
"Legumes, nuts, oilseeds and spices","Poppy seeds, PROCESS Baking",1740,1740,1740,1740,1740,1740,1740
"Legumes, nuts, oilseeds and spices",Pumpkin seeds,10,10,10,10,39,10,39
"Legumes, nuts, oilseeds and spices","Pumpkin seeds, PROCESS Baking",43,10,10,10,42,43,42
"Legumes, nuts, oilseeds and spices","Pumpkin seeds, PROCESS Cooking in water",9,9,9,9,9,9,9
"Legumes, nuts, oilseeds and spices","Pumpkin seeds, PROCESS Steaming",9,9,9,9,9,9,9
"Legumes, nuts, oilseeds and spices",Saffron,110,110,110,110,110,110,110
"Legumes, nuts, oilseeds and spices",Sesame paste (tahini) (sesamus indicum),,420,420,420,426,,680
"Legumes, nuts, oilseeds and spices",Sesame seeds,975,966,783,966,670,975,670
"Legumes, nuts, oilseeds and spices","Sesame seeds, PROCESS Baking",131,712,712,712,712,131,712
"Legumes, nuts, oilseeds and spices",Soya proteins,213,195,195,210,210,213,210
"Legumes, nuts, oilseeds and spices",Sunflower seeds,116,106,86,110,79,116,110
"Legumes, nuts, oilseeds and spices","Sunflower seeds, PROCESS Baking",116,78,78,78,110,116,110
"Legumes, nuts, oilseeds and spices","Sunflower seeds, PROCESS Cooking in water",75,75,75,75,75,75,75
"Legumes, nuts, oilseeds and spices","Sunflower seeds, PROCESS Steaming",75,75,75,75,75,75,75
"Legumes, nuts, oilseeds and spices",Table olives and similar-,3,61,61,64,3,3,61
"Legumes, nuts, oilseeds and spices",Table olives ready for consumption,61,58.4,96,62,61,,61
"Legumes, nuts, oilseeds and spices",Turmeric roots,182,182,182,182,170,182,170
"Legumes, nuts, oilseeds and spices",Vanilla,1228,1228,1228,1228,1228,1228,1228
"Legumes, nuts, oilseeds and spices",Walnuts,140,62.6,87,83,117,94,94
Meat and meat products,Bacon,8,2,2,10,10,8,5
Meat and meat products,"Bacon, PROCESS Baking",4,2,2,2,7,4,7
Meat and meat products,"Bacon, PROCESS Cooking in water",2,10,2,10,10,2,2
Meat and meat products,"Bacon, PROCESS Frying",11,10,27,10,27,11,10
Meat and meat products,"Bacon, PROCESS Steaming",2,10,2,10,10,2,2
Meat and meat products,Beef kidney,11,11,11,9,11,11,11
Meat and meat products,"Beef kidney, PROCESS Baking",9.37,22.6,13,22.6,9.37,9.37,13
Meat and meat products,"Beef kidney, PROCESS Cooking in water",13.9,22.6,17,22.6,17,13.9,17
Meat and meat products,"Beef kidney, PROCESS Frying",14.9,,,,14.9,,
Meat and meat products,"Beef kidney, PROCESS Steaming",13.9,19,17,19,17,13.9,17
Meat and meat products,Beef liver,6,6,6,7,5,6,6
Meat and meat products,"Beef liver, PROCESS Baking",4.37,6,6,6,4.37,4.37,6
Meat and meat products,"Beef liver, PROCESS Cooking in water",5,5,5,5,10,5,10
Meat and meat products,"Beef liver, PROCESS Frying",8,8,8,8,8,8,8
Meat and meat products,"Beef liver, PROCESS Steaming",5,5,5,5,10,5,10
Meat and meat products,"Beerwurst, PROCESS Baking",11,11,11,11,11,11,11
Meat and meat products,"Beerwurst, PROCESS Cooking in water",11,11,11,11,11,11,11
Meat and meat products,"Beerwurst, PROCESS Steaming",11,11,11,11,11,11,11
Meat and meat products,Blood-type sausage,17.4,27.2,20,27.2,15,18,120
Meat and meat products,"Blood-type sausage, QUAL Low fat (naturally or reduced)",19,19,19,19,19,19,19
Meat and meat products,"Bockwurst, PROCESS Baking",15,15,15,15,15,15,15
Meat and meat products,"Bockwurst, PROCESS Cooking in water",15,15,15,15,15,15,15
Meat and meat products,"Bockwurst, PROCESS Steaming",15,15,15,15,15,15,15
Meat and meat products,"Bockwurst, QUAL Low fat (naturally or reduced), PROCESS Baking",24,24,24,24,24,24,24
Meat and meat products,"Bockwurst, QUAL Low fat (naturally or reduced), PROCESS Cooking in water",24,24,24,24,24,24,24
Meat and meat products,"Bockwurst, QUAL Low fat (naturally or reduced), PROCESS Steaming",24,24,24,24,24,24,24
Meat and meat products,"Bologna-type sausage, PROCESS Baking",0,0,0,0,0,0,0
Meat and meat products,"Bologna-type sausage, PROCESS Cooking in water",19.5,,,,18,19.5,42
Meat and meat products,"Bologna-type sausage, PROCESS Steaming",19.5,,,,18,19.5,42
Meat and meat products,"Bologna-type sausage, QUAL Low fat (naturally or reduced), PROCESS Cooking in water",18,18,18,18,18,18,18
Meat and meat products,"Bologna-type sausage, QUAL Low fat (naturally or reduced), PROCESS Steaming",18,18,18,18,18,18,18
Meat and meat products,"Bologna-type sausage, QUAL Low sodium / reduced salt, PROCESS Cooking in water",21.3,21.3,21.3,21.3,21.3,21.3,21.3
Meat and meat products,"Bologna-type sausage, QUAL Low sodium / reduced salt, PROCESS Steaming",21.3,21.3,21.3,21.3,21.3,21.3,21.3
Meat and meat products,Bovine and pig fresh meat,10,6,6,6,9,10,9
Meat and meat products,"Bovine and pig fresh meat, PROCESS Baking",6,6,6,6,6,6,6
Meat and meat products,"Bovine and pig fresh meat, PROCESS Cooking in water",7,7,7,7,7,7,7
Meat and meat products,"Bovine and pig fresh meat, PROCESS Frying",8,8,8,8,29,8,29
Meat and meat products,"Bovine and pig fresh meat, PROCESS Steaming",7,7,7,7,7,7,7
Meat and meat products,"Bovine and pig fresh meat, QUAL Half fat or medium fat, PROCESS Frying",14.5,14.5,14.5,14.5,14.5,14.5,14.5
Meat and meat products,Bovine fresh meat,8.6,7,4,4,8,4,5
Meat and meat products,"Bovine fresh meat, PROCESS Baking",,10.1,6,10.1,6,,9
Meat and meat products,"Bovine fresh meat, PROCESS Cooking in water",,11,7,11,9,,9
Meat and meat products,"Bovine fresh meat, PROCESS Frying",11.4,5,5,5,19,11.4,6
Meat and meat products,"Bovine fresh meat, PROCESS Steaming",,7,7,7,9,,9
Meat and meat products,Bovine heart,3.95,7,7,9,3.95,3.95,5
Meat and meat products,"Bovine heart, PROCESS Baking",8,6,8,6,6,8,8
Meat and meat products,"Bovine heart, PROCESS Cooking in water",8,6,8,6,9,8,9
Meat and meat products,"Bovine heart, PROCESS Frying",8,8,8,8,8,8,8
Meat and meat products,"Bovine heart, PROCESS Steaming",8,6,8,6,9,8,9
Meat and meat products,Bovine marrowbone,1,1,1,89,1,1,1
Meat and meat products,"Bovine meat, dried",,13,13,13,95,,49
Meat and meat products,"Bovine meat, dried, PROCESS Cooking in water",15,15,15,15,15,15,15
Meat and meat products,"Bovine meat, dried, PROCESS Steaming",15,15,15,15,15,15,15
Meat and meat products,Bovine stomach,15,15,15,8,15,15,15
Meat and meat products,"Bovine stomach, PROCESS Baking",18,18,18,18,18,18,18
Meat and meat products,"Bovine stomach, PROCESS Cooking in water",18,18,18,18,18,18,18
Meat and meat products,"Bovine stomach, PROCESS Frying",18,18,18,18,18,18,18
Meat and meat products,"Bovine stomach, PROCESS Steaming",18,18,18,18,18,18,18
Meat and meat products,Bovine tail,4,4,4,4,9,4,9
Meat and meat products,"Bovine tail, PROCESS Cooking in water",6,6,6,6,14,6,14
Meat and meat products,"Bovine tail, PROCESS Frying",5,5,5,5,5,5,5
Meat and meat products,"Bovine tail, PROCESS Steaming",6,6,6,6,14,6,14
Meat and meat products,Bovine tongue,7,8,8,9,7,7,7
Meat and meat products,"Bovine tongue, PROCESS Baking",9,14.5,9,14.5,14.5,9,9
Meat and meat products,"Bovine tongue, PROCESS Cooking in water",11.1,14.5,9,14.5,9,11.1,9
Meat and meat products,"Bovine tongue, PROCESS Frying",9,14.5,9,14.5,14.5,9,9
Meat and meat products,"Bovine tongue, PROCESS Steaming",11.1,14.5,9,14.5,9,11.1,9
Meat and meat products,Breakfast-type sausage,26.6,11,11,11,26.6,26.6,103
Meat and meat products,"Breakfast-type sausage, PROCESS Baking",12,12,12,12,110,12,110
Meat and meat products,"Breakfast-type sausage, PROCESS Cooking in water",28.5,12,12,12,12,12,12
Meat and meat products,"Breakfast-type sausage, PROCESS Frying",110,110,110,110,110,110,110
Meat and meat products,"Breakfast-type sausage, PROCESS Steaming",12,12,12,12,12,12,12
Meat and meat products,Canned meat,19,25,25,4,22,19,22
Meat and meat products,"Cervelat (swiss type), PROCESS Baking",15,15,15,15,35,15,35
Meat and meat products,"Cervelat (swiss type), PROCESS Cooking in water",14.6,15,15,15,14.6,14.6,15
Meat and meat products,"Cervelat (swiss type), PROCESS Steaming",14.6,15,15,15,14.6,14.6,15
Meat and meat products,"Cervelat (swiss type), QUAL Low fat (naturally or reduced), PROCESS Baking",24,24,24,24,24,24,24
Meat and meat products,"Cervelat (swiss type), QUAL Low fat (naturally or reduced), PROCESS Cooking in water",24,24,24,24,24,24,24
Meat and meat products,"Cervelat (swiss type), QUAL Low fat (naturally or reduced), PROCESS Steaming",24,24,24,24,24,24,24
Meat and meat products,Chicken fresh meat,11,12.8,11,4,6,11,5
Meat and meat products,"Chicken fresh meat, PROCESS Baking",8,14.6,12,10,13,8,11
Meat and meat products,"Chicken fresh meat, PROCESS Cooking in water",,13,11,13,26,11,26
Meat and meat products,"Chicken fresh meat, PROCESS Frying",9.9,13.7,23,5,7,,6
Meat and meat products,"Chicken fresh meat, PROCESS Steaming",,13.7,11,13.7,15,15,26
Meat and meat products,Chicken liver,6,18,18,18,7,6,8
Meat and meat products,"Chicken liver, PROCESS Baking",21,7.04,21,7.04,7.04,21,21
Meat and meat products,"Chicken liver, PROCESS Cooking in water",16,16,16,16,16,16,16
Meat and meat products,"Chicken liver, PROCESS Frying",21,21,21,21,9,21,9
Meat and meat products,"Chicken liver, PROCESS Steaming",16,7.04,16,7.04,7.04,16,16
Meat and meat products,"Chicken, other organs (edible offal non-muscle)",12,18,18,18,12,12,10
Meat and meat products,"Chicken, other organs (edible offal non-muscle), PROCESS Baking",21,21,21,21,21,21,21
Meat and meat products,"Chicken, other organs (edible offal non-muscle), PROCESS Cooking in water",21,21,21,21,10,21,10
Meat and meat products,"Chicken, other organs (edible offal non-muscle), PROCESS Steaming",21,21,21,21,10,21,10
Meat and meat products,Chorizo and similar,,35.8,15,35.8,29,19.4,29
Meat and meat products,"Chorizo and similar, QUAL Low fat (naturally or reduced)",8,24,24,24,24,8,24
Meat and meat products,Cooked bovine tongue,9,14.5,9,14.5,32,9,32
Meat and meat products,"Cooked bratwurst-type sausage, PROCESS Baking",13,13,13,13,45,13,45
Meat and meat products,"Cooked bratwurst-type sausage, PROCESS Cooking in water",,13,13,13,13,,13
Meat and meat products,"Cooked bratwurst-type sausage, PROCESS Steaming",13,13,13,13,13,13,13
Meat and meat products,"Cooked bratwurst-type sausage, QUAL Low fat (naturally or reduced), PROCESS Baking",20,20,20,20,20,20,20
Meat and meat products,"Cooked bratwurst-type sausage, QUAL Low fat (naturally or reduced), PROCESS Cooking in water",20,20,20,20,20,20,20
Meat and meat products,"Cooked bratwurst-type sausage, QUAL Low fat (naturally or reduced), PROCESS Steaming",20,20,20,20,20,20,20
Meat and meat products,Cooked other poultry meat,,13,13,13,13,,13
Meat and meat products,Cooked pork ham,,8.74,9,6,9,10,7
Meat and meat products,Cooked pork tongue,6.52,11,11,11,6.52,6.52,11
Meat and meat products,"Cooked sausages (generic), QUAL Low fat (naturally or reduced)",13,13,13,13,18,13,91
Meat and meat products,"Cooked sausages (generic), QUAL Low sodium / reduced salt",10,10,10,10,10,10,10
Meat and meat products,Cooked turkey meat,10,17,9,17,6,10,6
Meat and meat products,"Corned beef, uncooked",,33,33,8,,,33
Meat and meat products,"Corned beef, uncooked, PROCESS Baking",38,38,38,38,38,38,38
Meat and meat products,"Corned beef, uncooked, PROCESS Cooking in water",38,38,38,38,10,38,27
Meat and meat products,"Corned beef, uncooked, PROCESS Frying",38,38,38,38,38,38,38
Meat and meat products,"Corned beef, uncooked, PROCESS Steaming",38,38,38,38,10,38,27
Meat and meat products,"Corned pork meat, cooked",5.13,5.13,5.13,5.13,5.13,5.13,5.13
Meat and meat products,"Corned pork, uncooked, PROCESS Baking",33,33,33,33,33,33,33
Meat and meat products,"Corned pork, uncooked, PROCESS Cooking in water",33,33,33,33,33,33,33
Meat and meat products,"Corned pork, uncooked, PROCESS Steaming",33,33,33,33,33,33,33
Meat and meat products,Cured pork fat,4,4,4,4,4,4,4
Meat and meat products,Cured seasoned poultry meat,14,14,14,14,14,14,14
Meat and meat products,"Cured seasoned poultry meat, PROCESS Baking",14,14,14,14,7,14,7
Meat and meat products,"Cured seasoned poultry meat, PROCESS Cooking in water",14,14,14,14,14,14,14
Meat and meat products,"Cured seasoned poultry meat, PROCESS Steaming",14,14,14,14,14,14,14
Meat and meat products,"Deer, fallow fresh meat",10,10,10,16,5,10,5
Meat and meat products,"Deer, fallow fresh meat, PROCESS Baking",15,15,15,15,15,15,15
Meat and meat products,"Deer, fallow fresh meat, PROCESS Cooking in water",9,9,9,9,9,9,9
Meat and meat products,"Deer, fallow fresh meat, PROCESS Steaming",9,9,9,9,9,9,9
Meat and meat products,"Deer, red fresh meat",4.4,10,10,10,5,4.4,5
Meat and meat products,"Deer, red fresh meat, PROCESS Baking",,15.5,15,15.5,15.5,,15
Meat and meat products,"Deer, red fresh meat, PROCESS Cooking in water",,9,9,9,9,,9
Meat and meat products,"Deer, red fresh meat, PROCESS Steaming",,9,9,9,9,,9
Meat and meat products,Dry and fermented sausages-deprecated,7.1,39.3,16,31,29,16,11
Meat and meat products,"Dry and fermented sausages-deprecated, QUAL Low fat (naturally or reduced)",29,29,29,29,29,29,29
Meat and meat products,Duck fresh meat,15,5,15,12,10,15,8
Meat and meat products,"Duck fresh meat, PROCESS Baking",,13,21,13,13,,22
Meat and meat products,"Duck fresh meat, PROCESS Cooking in water",,15,15,15,15,,15
Meat and meat products,"Duck fresh meat, PROCESS Steaming",,15,15,15,15,,15
Meat and meat products,Duck liver,11,11,11,11,11,11,11
Meat and meat products,"Duck liver, PROCESS Baking",43,43,43,43,43,43,43
Meat and meat products,"Duck liver, PROCESS Frying",10,10,10,10,10,10,10
Meat and meat products,Equine fresh meat,9,9,9,4,12,9,12
Meat and meat products,"Equine fresh meat, PROCESS Baking",13,4.8,12,4.8,13,13,12
Meat and meat products,"Equine fresh meat, PROCESS Frying",10,10,10,10,10,10,10
Meat and meat products,European moose meat,6,4.1,4.1,4.1,6,4.1,4.1
Meat and meat products,"European moose meat, PROCESS Baking",10.1,10.1,10.1,10.1,10.1,10.1,10.1
Meat and meat products,"European moose meat, PROCESS Frying",10.4,,,,10.4,,
Meat and meat products,"Frankfurt-type sausage, PROCESS Baking",,,,16,12,,12
Meat and meat products,"Frankfurt-type sausage, PROCESS Cooking in water",15,35.7,,14,22,15,22
Meat and meat products,"Frankfurt-type sausage, PROCESS Steaming",,35.7,,35.7,22,,22
Meat and meat products,"Frankfurt-type sausage, QUAL Low fat (naturally or reduced), PROCESS Baking",15,15,15,15,15,15,15
Meat and meat products,"Frankfurt-type sausage, QUAL Low fat (naturally or reduced), PROCESS Cooking in water",15,15,15,15,22,15,22
Meat and meat products,"Frankfurt-type sausage, QUAL Low fat (naturally or reduced), PROCESS Steaming",15,15,15,15,22,15,22
Meat and meat products,"Frankfurter sausage, PROCESS Baking",15,,,,15,15,12
Meat and meat products,"Frankfurter sausage, PROCESS Cooking in water",16.9,31.5,,31.5,22,16.9,22
Meat and meat products,"Frankfurter sausage, PROCESS Steaming",16.9,,,,15,16.9,
Meat and meat products,"Frankfurter sausage, QUAL Low fat (naturally or reduced), PROCESS Baking",15,15,15,15,15,15,15
Meat and meat products,"Frankfurter sausage, QUAL Low fat (naturally or reduced), PROCESS Cooking in water",15,15,15,15,22,15,22
Meat and meat products,"Frankfurter sausage, QUAL Low fat (naturally or reduced), PROCESS Steaming",15,15,15,15,15,15,15
Meat and meat products,Fresh bratwurst,40.7,11,11,11,13,40.7,13
Meat and meat products,"Fresh bratwurst, PROCESS Baking",12,12,12,12,45,12,45
Meat and meat products,"Fresh bratwurst, PROCESS Cooking in water",12,12,12,12,12,12,12
Meat and meat products,"Fresh bratwurst, PROCESS Steaming",12,12,12,12,12,12,12
Meat and meat products,Fresh raw sausages,,10,15,20,13,,95
Meat and meat products,"Fresh raw sausages, PROCESS Baking",12,12,12,12,110,12,110
Meat and meat products,"Fresh raw sausages, PROCESS Cooking in water",12,10,12,10,10,12,12
Meat and meat products,"Fresh raw sausages, PROCESS Frying",12,12,12,53,18,12,110
Meat and meat products,"Fresh raw sausages, PROCESS Steaming",12,12,12,12,12,12,12
Meat and meat products,Fresh smoked sausages-deprecated,28.5,18.3,13,18.3,18.3,13,13
Meat and meat products,"Fresh smoked sausages-deprecated, QUAL Low fat (naturally or reduced)",26,26,26,26,26,26,26
Meat and meat products,"Fresh smoked sausages-deprecated, QUAL Low sodium / reduced salt",13,13,13,13,13,13,13
Meat and meat products,Fresh spiced sausages in casing,13,13,13,31,13,13,13
Meat and meat products,"Fresh spiced sausages in casing, PROCESS Baking",18,18,18,53,18,18,18
Meat and meat products,Game birds fresh meat,40,5,5,5,5,40,5
Meat and meat products,"Game birds fresh meat, PROCESS Baking",55.8,50,21,50,45,55.8,45
Meat and meat products,"Game birds fresh meat, PROCESS Cooking in water",,15,15,15,15,,15
Meat and meat products,"Game birds fresh meat, PROCESS Steaming",,15,15,15,15,,15
Meat and meat products,"Generic traditionally farmed mammals, fresh fat tissue",1,1,1,1,1,1,1
Meat and meat products,"Generic traditionally farmed mammals, fresh fat tissue, PROCESS Cooking in water",17,17,17,17,17,17,17
Meat and meat products,"Generic traditionally farmed mammals, fresh fat tissue, PROCESS Steaming",17,17,17,17,17,17,17
Meat and meat products,German salami,35,35,35,35,29,35,29
Meat and meat products,"German salami, QUAL Low fat (naturally or reduced)",24,24,24,24,29,24,29
Meat and meat products,Goat fresh meat,10,10,10,9,12,10,12
Meat and meat products,"Goat fresh meat, PROCESS Baking",10,12,12,12,10,10,12
Meat and meat products,"Goat fresh meat, PROCESS Cooking in water",14,14,14,14,14,14,14
Meat and meat products,"Goat fresh meat, PROCESS Steaming",14,14,14,14,14,14,14
Meat and meat products,"Goat liver, PROCESS Baking",18,18,18,18,18,18,18
Meat and meat products,Goose fresh meat,7,12,12,13,7,12,7
Meat and meat products,"Goose fresh meat, PROCESS Baking",18,12,18,12,10,18,10
Meat and meat products,"Goose fresh meat, PROCESS Cooking in water",,11,11,11,11,,11
Meat and meat products,"Goose fresh meat, PROCESS Steaming",,11,11,11,11,,11
Meat and meat products,Goose liver,12,12,12,12,12,12,12
Meat and meat products,"Goose liver, PROCESS Baking",9.45,9.45,9.45,9.45,9.45,9.45,9.45
Meat and meat products,"Goose liver, PROCESS Cooking in water",12,12,12,12,12,12,12
Meat and meat products,"Goose liver, PROCESS Frying",1.7,1.7,1.7,1.7,1.7,1.7,1.7
Meat and meat products,"Grouse fresh meat, PROCESS Baking",40,45,40,45,40,40,45
Meat and meat products,Guinea-fowl fresh meat,11,11,11,8,11,11,11
Meat and meat products,"Ham, beef",13,13,13,7,13,13,13
Meat and meat products,"Ham, beef, PROCESS Baking",13,13,13,13,13,13,13
Meat and meat products,"Ham, beef, PROCESS Cooking in water",13,13,13,13,13,13,13
Meat and meat products,"Ham, beef, PROCESS Steaming",13,13,13,13,13,13,13
Meat and meat products,"Ham, pork",7,16.8,2,16.8,5,14.2,7
Meat and meat products,"Ham, pork, PROCESS Baking",10,2,2,2,8,10,8
Meat and meat products,"Ham, pork, PROCESS Cooking in water",6,8.74,2,8.74,9,6,9
Meat and meat products,"Ham, pork, PROCESS Steaming",6,2,2,2,9,6,9
Meat and meat products,Hare fresh meat,13,14,14,14,9,13,9
Meat and meat products,"Hare fresh meat, PROCESS Baking",19.5,20,20,20,11,19.5,20
Meat and meat products,"Hare fresh meat, PROCESS Cooking in water",,12,12,12,21,,21
Meat and meat products,"Hare fresh meat, PROCESS Steaming",,12,12,12,21,,21
Meat and meat products,Head cheese,10.1,13,13,13,53,10.1,53
Meat and meat products,Hungarian-type salami,15,15,15,45,35,15,35
Meat and meat products,"Hungarian-type salami, QUAL Low fat (naturally or reduced)",24,24,24,24,24,24,24
Meat and meat products,Italian-type salami,11.1,17,17,32,35,11.1,31
Meat and meat products,"Knackwurst-type sausage, PROCESS Baking",14,14,14,14,14,14,14
Meat and meat products,"Knackwurst-type sausage, PROCESS Cooking in water",14.6,31.5,14,31.5,22,14.6,22
Meat and meat products,"Knackwurst-type sausage, PROCESS Steaming",14.6,14,14,14,14.6,14.6,14
Meat and meat products,"Knackwurst-type sausage, QUAL Low fat (naturally or reduced), PROCESS Cooking in water",22,22,22,22,22,22,22
Meat and meat products,Liver based spreadable-textured specialities,,13,13,13,12,,16
Meat and meat products,Liver cheese,4,4,4,4,11,4,11
Meat and meat products,Liver-type sausage,16,41,41,41,13,16,20
Meat and meat products,"Liver-type sausage, QUAL Low fat (naturally or reduced)",19.3,16,16,16,16,19.3,16
Meat and meat products,Luncheon spiced ham-type tinned meat,7.04,12,12,12,10,7.04,39
Meat and meat products,Mallard fresh meat,5,5,5,5,10,5,10
Meat and meat products,"Mallard fresh meat, PROCESS Baking",21,21,21,21,21,21,21
Meat and meat products,"Mallard fresh meat, PROCESS Cooking in water",15,15,15,15,15,15,15
Meat and meat products,"Mallard fresh meat, PROCESS Steaming",15,15,15,15,15,15,15
Meat and meat products,Matured charcuterie products for cooking,16,16,16,16,16,16,16
Meat and meat products,Meat based spreadable-textured specialities,13,13,13,13,15,13,15
Meat and meat products,Mettwurst-type sausage,22.1,14,14,14,29,22.1,29
Meat and meat products,"Mettwurst-type sausage, QUAL Low fat (naturally or reduced)",34,34,34,34,46,34,46
Meat and meat products,Miscellaneous cooked sausages,28.5,10,13,10,10,13,13
Meat and meat products,Mixed beef and mutton/lamb fresh meat,12.2,12.2,10,12.2,12.2,12.2,12.2
Meat and meat products,"Mixed beef and mutton/lamb fresh meat, QUAL Half fat or medium fat",11,11,11,11,11,11,11
Meat and meat products,"Mixed beef and mutton/lamb fresh meat, QUAL Low fat (naturally or reduced)",11,11,11,11,11,11,11
Meat and meat products,Mixed fresh fat tissue,1,1,1,1,1,1,1
Meat and meat products,"Mixed fresh fat tissue, PROCESS Baking",4.15,4.15,4.15,4.15,4.15,4.15,4.15
Meat and meat products,Mixed fresh meat,5,10.8,5,6,10.8,5,5
Meat and meat products,"Mixed fresh meat, PROCESS Baking",8.1,5,5,5,8.1,8.1,5
Meat and meat products,"Mixed fresh meat, PROCESS Cooking in water",6,6,6,6,6,6,6
Meat and meat products,"Mixed fresh meat, PROCESS Steaming",6,6,6,6,6,6,6
Meat and meat products,"Mixed fresh meat, QUAL Half fat or medium fat",10,10,10,10,10,10,10
Meat and meat products,"Mixed fresh meat, QUAL Low fat (naturally or reduced)",4,4,4,4,4,4,4
Meat and meat products,Mixed pork and mutton/lamb fresh meat,9,9,9,9,9,9,9
Meat and meat products,"Mixed pork and mutton/lamb fresh meat, QUAL Half fat or medium fat, PROCESS Cooking in water",16.5,16.5,16.5,16.5,16.5,16.5,16.5
Meat and meat products,"Mixed pork and mutton/lamb fresh meat, QUAL Half fat or medium fat, PROCESS Steaming",16.5,16.5,16.5,16.5,16.5,16.5,16.5
Meat and meat products,Mortadella-type sausage,16,14,16,9,18,16,31
Meat and meat products,"Mortadella-type sausage, QUAL Low fat (naturally or reduced)",17,17,17,17,18,17,18
Meat and meat products,Pancetta,20,20,20,10,20,20,20
Meat and meat products,"Pancetta, PROCESS Baking",11,11,11,11,11,11,11
Meat and meat products,Partridge fresh meat,45,45,45,34,45,45,45
Meat and meat products,"Partridge fresh meat, PROCESS Baking",13,46,13,46,13,13,46
Meat and meat products,"Partridge fresh meat, PROCESS Cooking in water",19,19,19,19,19,19,19
Meat and meat products,"Partridge fresh meat, PROCESS Steaming",19,19,19,19,19,19,19
Meat and meat products,"Pastrami, beef",10,10,10,10,10,10,10
Meat and meat products,"Pate, chicken liver",16,16,16,14,16,16,16
Meat and meat products,"Pate, goose liver",18,10,18,10,10,18,18
Meat and meat products,"Pate, pork liver",22,28.2,10,28.2,12,22,12
Meat and meat products,Pheasant fresh meat,18,18,18,18,50,18,50
Meat and meat products,"Pheasant fresh meat, PROCESS Baking",13,50,13,50,13,13,28
Meat and meat products,"Pheasant fresh meat, PROCESS Cooking in water",,16,16,16,16,,16
Meat and meat products,"Pheasant fresh meat, PROCESS Frying",16,16,16,16,16,16,16
Meat and meat products,"Pheasant fresh meat, PROCESS Steaming",,16,16,16,16,,16
Meat and meat products,Pig fresh meat,7.6,7.03,9,8,7,7.6,7
Meat and meat products,"Pig fresh meat, PROCESS Baking",13.5,9.86,10,9.86,7.5,14,7
Meat and meat products,"Pig fresh meat, PROCESS Cooking in water",12.6,9,11,9,12,15,12
Meat and meat products,"Pig fresh meat, PROCESS Frying",11.6,8,8,9,30,11.6,8
Meat and meat products,"Pig fresh meat, PROCESS Steaming",12.6,11,11,11,12,12.6,12
Meat and meat products,Pig kidney,7,7,7,7,10,7,10
Meat and meat products,"Pig kidney, PROCESS Baking",9,13,9,13,13,9,9
Meat and meat products,"Pig kidney, PROCESS Cooking in water",7,13,7,13,13,7,13
Meat and meat products,"Pig kidney, PROCESS Frying",9,9,9,9,12,9,12
Meat and meat products,"Pig kidney, PROCESS Steaming",7,13,7,13,13,7,13
Meat and meat products,Pig liver,6,8,8,10,6,6,5
Meat and meat products,"Pig liver, PROCESS Baking",10,10,10,10,10,10,10
Meat and meat products,"Pig liver, PROCESS Cooking in water",7,7,7,7,10,7,11
Meat and meat products,"Pig liver, PROCESS Frying",,9,9,9,9,,9
Meat and meat products,"Pig liver, PROCESS Steaming",7,7,7,7,10,7,11
Meat and meat products,Pig trotters and feet,22,22,22,22,22,22,22
Meat and meat products,"Pig trotters and feet, PROCESS Cooking in water",130,130,130,20,130,130,130
Meat and meat products,"Pig trotters and feet, PROCESS Steaming",130,130,130,20,130,130,130
Meat and meat products,Pigeon fresh meat,45,45,45,12,45,45,45
Meat and meat products,"Pigeon fresh meat, PROCESS Baking",57,15,57,15,32,57,32
Meat and meat products,"Pigeon fresh meat, PROCESS Frying",57,57,57,57,57,57,57
Meat and meat products,Polish-type cooked sausage,23,23,23,23,23,23,23
Meat and meat products,Ptarmigan fresh meat,30,30,30,30,30,30,30
Meat and meat products,Quail fresh meat,15,15,15,12,15,15,15
Meat and meat products,"Quail fresh meat, PROCESS Baking",15,,15,,,15,15
Meat and meat products,"Quail fresh meat, PROCESS Cooking in water",19,19,19,19,19,19,19
Meat and meat products,"Quail fresh meat, PROCESS Steaming",19,19,19,19,19,19,19
Meat and meat products,Rabbit fresh meat,19.8,22.3,13,22,10,19.8,22
Meat and meat products,"Rabbit fresh meat, PROCESS Baking",13,31.9,13,31.9,31.9,13,13
Meat and meat products,"Rabbit fresh meat, PROCESS Cooking in water",12,17,12,17,39,12,39
Meat and meat products,"Rabbit fresh meat, PROCESS Steaming",12,12,12,12,39,12,39
Meat and meat products,Reindeer meat,13,11,11,11,11,13,11
Meat and meat products,"Reindeer meat, PROCESS Baking",20.4,13,13,13,13,15,13
Meat and meat products,"Reindeer meat, PROCESS Cooking in water",20.4,20.4,20.4,20.4,20.4,20.4,20.4
Meat and meat products,"Reindeer meat, PROCESS Frying",17.6,,,,17.6,,
Meat and meat products,"Reindeer meat, PROCESS Steaming",20.4,20.4,20.4,20.4,20.4,20.4,20.4
Meat and meat products,Roe deer meat,25,25,25,5,20,25,20
Meat and meat products,"Roe deer meat, PROCESS Baking",7,7,7,7,7,7,7
Meat and meat products,"Roe deer meat, PROCESS Cooking in water",,4,4,4,4,,4
Meat and meat products,"Roe deer meat, PROCESS Steaming",,4,4,4,4,,4
Meat and meat products,Sheep fresh meat,7,16,16,10,10,7,13
Meat and meat products,"Sheep fresh meat, PROCESS Baking",8,21.8,6,11,9,8,9
Meat and meat products,"Sheep fresh meat, PROCESS Cooking in water",19.8,20,20,20,15,19.8,15
Meat and meat products,"Sheep fresh meat, PROCESS Frying",15.9,8,8,8,27,15.9,8
Meat and meat products,"Sheep fresh meat, PROCESS Steaming",19.8,20,20,20,15,19.8,15
Meat and meat products,Sheep kidney,8,13,13,13,8,13,8
Meat and meat products,"Sheep kidney, PROCESS Baking",16,16,16,16,16,16,16
Meat and meat products,"Sheep kidney, PROCESS Cooking in water",13,13,13,13,13,13,13
Meat and meat products,"Sheep kidney, PROCESS Frying",16,16,16,16,14,16,14
Meat and meat products,"Sheep kidney, PROCESS Steaming",13,13,13,13,13,13,13
Meat and meat products,Sheep liver,6,4,4,8,6,4,6
Meat and meat products,"Sheep liver, PROCESS Baking",5,5,5,5,5,5,5
Meat and meat products,"Sheep liver, PROCESS Cooking in water",5,5,5,5,5,5,5
Meat and meat products,"Sheep liver, PROCESS Frying",,8,8,8,8,,8
Meat and meat products,"Sheep liver, PROCESS Steaming",5,5,5,5,5,5,5
Meat and meat products,"Smoked cooked sausage-deprecated, PROCESS Baking",19.1,,,,,19.1,
Meat and meat products,"Smoked cooked sausage-deprecated, PROCESS Cooking in water",17.7,20,,20,20,17.7,20
Meat and meat products,"Smoked cooked sausage-deprecated, PROCESS Steaming",17.7,,,,,17.7,
Meat and meat products,"Smoked cooked sausage-deprecated, QUAL Low fat (naturally or reduced), PROCESS Baking",19.6,19.6,19.6,19.6,19.6,19.6,19.6
Meat and meat products,"Smoked cooked sausage-deprecated, QUAL Low fat (naturally or reduced), PROCESS Cooking in water",24,24,24,24,24,24,24
Meat and meat products,Snack sausages (like Cabanos and landjÑger),14,14,14,14,14,14,14
Meat and meat products,"Snack sausages (like Cabanos and landjÑger), QUAL Low fat (naturally or reduced)",24,24,24,24,24,24,24
Meat and meat products,Teewurst-type sausage,9,9,9,9,8,9,8
Meat and meat products,"Teewurst-type sausage, QUAL Low fat (naturally or reduced)",18,18,18,18,18,18,18
Meat and meat products,"Teewurst-type sausage, QUAL Low sodium / reduced salt",9,9,9,9,9,9,9
Meat and meat products,Thuringian sausage,11,11,11,11,11,11,11
Meat and meat products,"Thuringian sausage, PROCESS Baking",12,12,12,12,12,12,12
Meat and meat products,"Thuringian sausage, PROCESS Cooking in water",12,12,12,12,12,12,12
Meat and meat products,"Thuringian sausage, PROCESS Steaming",12,12,12,12,12,12,12
Meat and meat products,Tinned bulk sausages,73.2,13,13,13,73.2,73.2,13
Meat and meat products,Tiroler speck,3,3,3,11,3,3,3
Meat and meat products,"Tiroler speck, PROCESS Cooking in water",3,3,3,3,3,3,3
Meat and meat products,"Tiroler speck, PROCESS Steaming",3,3,3,3,3,3,3
Meat and meat products,Turkey fresh meat,15.8,10,10,8,6,15.8,5
Meat and meat products,"Turkey fresh meat, PROCESS Baking",15.8,17,14,9,11,15.8,12
Meat and meat products,"Turkey fresh meat, PROCESS Cooking in water",5,9,9,9,15,5,15
Meat and meat products,"Turkey fresh meat, PROCESS Frying",,5,5,11,5,,5
Meat and meat products,"Turkey fresh meat, PROCESS Steaming",5,9,9,9,15,5,15
Meat and meat products,"Turkey liver, PROCESS Baking",11,11,11,11,11,11,11
Meat and meat products,"Undefined mixed fresh meat, other species",,5,5,5,5,,5
Meat and meat products,"Undefined mixed fresh meat, other species, PROCESS Baking",5,5,5,5,5,5,5
Meat and meat products,"Undefined mixed fresh meat, other species, PROCESS Cooking in water",6,6,6,6,6,6,6
Meat and meat products,"Undefined mixed fresh meat, other species, PROCESS Steaming",6,6,6,6,6,6,6
Meat and meat products,"Undefined mixed poultry fresh meat, PROCESS Baking",11.8,11.8,11.8,11.8,11.8,11.8,11.8
Meat and meat products,"Undefined mixed poultry fresh meat, PROCESS Cooking in water",11.8,11.8,11.8,11.8,11.8,11.8,11.8
Meat and meat products,"Undefined mixed poultry fresh meat, PROCESS Steaming",11.8,11.8,11.8,11.8,11.8,11.8,11.8
Meat and meat products,Veal kidney,10,10,10,10,11,10,11
Meat and meat products,"Veal kidney, PROCESS Baking",6.97,22.6,12,22.6,6.97,6.97,12
Meat and meat products,"Veal kidney, PROCESS Cooking in water",12,29,12,29,29,12,12
Meat and meat products,"Veal kidney, PROCESS Steaming",12,29,12,29,29,12,12
Meat and meat products,Veal liver,9,9,9,9,5,9,5
Meat and meat products,"Veal liver, PROCESS Baking",6.48,9,9,9,6.48,6.48,9
Meat and meat products,"Veal liver, PROCESS Cooking in water",8,8,8,8,8,8,8
Meat and meat products,"Veal liver, PROCESS Frying",13,13,13,13,13,13,13
Meat and meat products,"Veal liver, PROCESS Steaming",8,8,8,8,8,8,8
Meat and meat products,Weisswurst,17,54,17,54,54,17,17
Meat and meat products,"Wiener sausage, PROCESS Baking",14,14,14,14,14,14,14
Meat and meat products,"Wiener sausage, PROCESS Cooking in water",15,14,14,14,22,15,22
Meat and meat products,"Wiener sausage, PROCESS Steaming",15,14,14,14,15,15,14
Meat and meat products,"Wiener sausage, QUAL Low fat (naturally or reduced), PROCESS Baking",21,21,21,21,21,21,21
Meat and meat products,"Wiener sausage, QUAL Low fat (naturally or reduced), PROCESS Cooking in water",21,21,21,21,22,21,22
Meat and meat products,"Wiener sausage, QUAL Low fat (naturally or reduced), PROCESS Steaming",21,21,21,21,21,21,21
Meat and meat products,Wild boar fresh meat,10,10,10,10,10,10,10
Meat and meat products,"Wild boar fresh meat, PROCESS Baking",,16,14,16,9.1,,14
Meat and meat products,"Wild boar fresh meat, PROCESS Cooking in water",,9,9,9,9,,9
Meat and meat products,"Wild boar fresh meat, PROCESS Steaming",,9,9,9,9,,9
Meat and meat products,Wild goose fresh meat,12,12,12,12,12,12,12
Meat and meat products,"Wild goose fresh meat, PROCESS Baking",18,18,18,18,18,18,18
Meat and meat products,"Wild goose fresh meat, PROCESS Cooking in water",11,11,11,11,11,11,11
Meat and meat products,"Wild goose fresh meat, PROCESS Steaming",11,11,11,11,11,11,11
Milk and dairy products,Acidophilus milk,124,137,120,137,108,124,108
Milk and dairy products,"Acidophilus milk, QUAL Semi-skimmed",118,97.3,118,97.3,108,118,108
Milk and dairy products,"Acidophilus milk, QUAL Skim",123,118,123,118,108,123,108
Milk and dairy products,Ass milk,110,110,110,110,110,110,110
Milk and dairy products,Buttermilk,114,109,109,109,108,114,120
Milk and dairy products,"Buttermilk, QUAL Fat free",108,108,108,108,108,108,108
Milk and dairy products,"Buttermilk, QUAL Low fat (naturally or reduced)",130,108,121,108,108,130,108
Milk and dairy products,"Cheese, asiago",870,870,870,870,870,870,870
Milk and dairy products,"Cheese, bavarian blue",540,540,540,540,540,540,540
Milk and dairy products,"Cheese, beaufort",995,995,995,995,995,995,995
Milk and dairy products,"Cheese, blue castello",590,540,540,540,590,590,540
Milk and dairy products,"Cheese, brie",600,313,280,540,250,600,256
Milk and dairy products,"Cheese, brie, QUAL Half fat or medium fat",720,456,400,456,400,720,400
Milk and dairy products,"Cheese, butterkase",1014,1014,1014,604,1014,1014,1014
Milk and dairy products,"Cheese, butterkase, QUAL Half fat or medium fat",1014,1014,1014,1014,1014,1014,1014
Milk and dairy products,"Cheese, butterkase, QUAL Low fat (naturally or reduced)",1014,1014,1014,1014,1014,1014,1014
Milk and dairy products,"Cheese, caciocavallo",860,860,731,860,860,860,860
Milk and dairy products,"Cheese, caerphilly",550,550,550,550,550,550,550
Milk and dairy products,"Cheese, camembert",458,394,570,350,600,187,235
Milk and dairy products,"Cheese, cantal",798,798,798,798,798,798,798
Milk and dairy products,"Cheese, chaource",81,81,81,81,81,81,81
Milk and dairy products,"Cheese, cheddar",840,757,,810,721,840,720
Milk and dairy products,"Cheese, cheddar, QUAL Half fat or medium fat",1176,1176,1176,1176,840,1176,840
Milk and dairy products,"Cheese, cheddar, QUAL Low fat (naturally or reduced)",1076,1076,1076,1076,1076,1076,1076
Milk and dairy products,"Cheese, cheshire",890,720,720,720,890,890,560
Milk and dairy products,"Cheese, cheshire, QUAL Half fat or medium fat",900,900,900,900,650,900,650
Milk and dairy products,"Cheese, cheshire, QUAL Low fat (naturally or reduced)",960,960,960,960,960,960,960
Milk and dairy products,"Cheese, chevre mould ripened",732,537,732,537,101,732,133
Milk and dairy products,"Cheese, coulommiers",570,320,570,320,320,570,570
Milk and dairy products,"Cheese, danbo",659,750,750,750,659,659,750
Milk and dairy products,"Cheese, danbo, QUAL Half fat or medium fat",723,1000,1000,1000,723,723,1000
Milk and dairy products,"Cheese, danbo, QUAL Low fat (naturally or reduced)",705,1300,1300,1300,705,705,1300
Milk and dairy products,"Cheese, edam",893,819,,819,896,893,795
Milk and dairy products,"Cheese, edam, QUAL Half fat or medium fat",939,800,800,800,800,939,800
Milk and dairy products,"Cheese, edam, QUAL Low fat (naturally or reduced)",915,800,800,800,800,915,800
Milk and dairy products,"Cheese, emmental",939,1055,1372,1145,1020,939,970
Milk and dairy products,"Cheese, emmental, QUAL Half fat or medium fat",1176,1073,1176,1073,1073,1176,1176
Milk and dairy products,"Cheese, emmental, QUAL Low fat (naturally or reduced)",1076,1076,1076,1076,1076,1076,1076
Milk and dairy products,"Cheese, feta",480,276,248,360,450,620,360
Milk and dairy products,"Cheese, feta, QUAL Low fat (naturally or reduced)",,620,620,620,620,,620
Milk and dairy products,"Cheese, fourme d'ambert",490,490,490,490,490,490,490
Milk and dairy products,"Cheese, gorgonzola",612,612,612,401,612,612,612
Milk and dairy products,"Cheese, gouda",885,796,958,600,815,885,773
Milk and dairy products,"Cheese, gouda, QUAL Half fat or medium fat",958,958,958,958,958,958,958
Milk and dairy products,"Cheese, gouda, QUAL Low fat (naturally or reduced)",958,958,958,958,958,958,958
Milk and dairy products,"Cheese, grana padano",1180,1165,1180,1165,1180,1180,1180
Milk and dairy products,"Cheese, gruyere",990,1036,1372,1123,900,990,950
Milk and dairy products,"Cheese, gruyere, QUAL Half fat or medium fat",1176,1176,1176,1176,1176,1176,1176
Milk and dairy products,"Cheese, gruyere, QUAL Low fat (naturally or reduced)",1176,1176,1176,1176,1176,1176,1176
Milk and dairy products,"Cheese, leicester",660,660,660,660,660,660,660
Milk and dairy products,"Cheese, maasdam",890,495,890,495,890,890,890
Milk and dairy products,"Cheese, mimolette",860,860,860,860,860,860,860
Milk and dairy products,"Cheese, morbier",760,760,760,760,760,760,760
Milk and dairy products,"Cheese, munster",880,370,310,370,880,880,310
Milk and dairy products,"Cheese, nagelkaas, QUAL Half fat or medium fat",936,936,936,936,936,936,936
Milk and dairy products,"Cheese, nagelkaas, QUAL Low fat (naturally or reduced)",1136,1136,1136,1136,1136,1136,1136
Milk and dairy products,"Cheese, parmigiano reggiano",1180,1228,1176,1159,1000,1180,1000
Milk and dairy products,"Cheese, pecorino romano",900,900,900,900,900,900,900
Milk and dairy products,"Cheese, provolone",811,811,811,720,811,811,811
Milk and dairy products,"Cheese, provolone, QUAL Half fat or medium fat",802,802,802,802,802,802,802
Milk and dairy products,"Cheese, provolone, QUAL Low fat (naturally or reduced)",1000,1000,1000,1000,1000,1000,1000
Milk and dairy products,"Cheese, roquefort",620,608,662,530,608,620,530
Milk and dairy products,"Cheese, saint marcellin",500,138,500,138,138,500,500
Milk and dairy products,"Cheese, scamorza",512,512,512,512,512,512,512
Milk and dairy products,"Cheese, stilton",360,360,360,360,285,360,326
Milk and dairy products,"Cheese, tilsit",939,840,840,840,840,939,840
Milk and dairy products,"Cheese, tilsit, QUAL Half fat or medium fat",1000,1000,1000,1000,1000,1000,1000
Milk and dairy products,"Cheese, tilsit, QUAL Low fat (naturally or reduced)",1300,1300,1300,1300,1300,1300,1300
Milk and dairy products,"Cheese, trappist",700,700,700,700,700,700,700
Milk and dairy products,"Cheese, trappist, QUAL Half fat or medium fat",750,750,750,750,750,750,750
Milk and dairy products,"Cheese, trappist, QUAL Low fat (naturally or reduced)",750,750,750,750,750,750,750
Milk and dairy products,"Cheese, white stilton",360,360,360,360,285,360,250
Milk and dairy products,"Cheese, white stilton, QUAL Half fat or medium fat",360,360,360,360,360,360,360
Milk and dairy products,"Cheese, white stilton, QUAL Low fat (naturally or reduced)",360,360,360,360,360,360,360
Milk and dairy products,Condensed milk (sometimes with added sugars),285,264,284,293,300,285,290
Milk and dairy products,Cottage cheese,70,127,100,73,75,60,127
Milk and dairy products,"Cottage cheese, QUAL Fat free",120,123,127,123,127,120,127
Milk and dairy products,"Cow milk, natural high fat",123,120,120,120,108,114,129
Milk and dairy products,"Cow milk, natural high fat, QUAL Low / reduced lactose",120,120,120,120,120,120,120
Milk and dairy products,"Cow milk, semi skimmed (half fat)",120,115,118,120,122,119,120
Milk and dairy products,"Cow milk, semi skimmed (half fat), FORT Mixed supplements/formulations",130,118,130,118,,130,130
Milk and dairy products,"Cow milk, semi skimmed (half fat), QUAL Low / reduced lactose",120,120,120,120,120,120,120
Milk and dairy products,"Cow milk, skimmed (low fat)",121,113,123,125,127,119,122
Milk and dairy products,"Cow milk, skimmed (low fat), FORT Mixed supplements/formulations",117,117,117,117,117,117,117
Milk and dairy products,"Cow milk, skimmed (low fat), QUAL Low / reduced lactose",121,121,121,121,121,121,121
Milk and dairy products,"Cow milk, whole",124,118,120,119,123,116,118
Milk and dairy products,"Cow milk, whole, QUAL Low / reduced lactose",,120,120,120,120,,120
Milk and dairy products,Cream powder,790,790,790,790,790,790,790
Milk and dairy products,Cream sprayable,54,54,54,54,74,54,54
Milk and dairy products,Cream with other ingredients,,80,80,80,68,,68
Milk and dairy products,"Cream with other ingredients, QUAL Half fat or medium fat",80,80,80,80,80,80,80
Milk and dairy products,"Cream, plain",99,94.6,80,78,79,72,49
Milk and dairy products,"Cream, plain, QUAL Half fat or medium fat",100,97,105,97,106,105,89
Milk and dairy products,"Cream, plain, QUAL Low fat (naturally or reduced)",,105,105,105,,78.8,
Milk and dairy products,CrÇme fraiche and other mild variants of sour cream,70,94.6,70,94.6,70,79,58
Milk and dairy products,"CrÇme fraiche and other mild variants of sour cream, QUAL Half fat or medium fat",100,97,75,97,101,99,95
Milk and dairy products,"CrÇme fraiche and other mild variants of sour cream, QUAL Low fat (naturally or reduced)",114,105,100,105,122,114,100
Milk and dairy products,Cultured buttermilk,125,108,108,108,108,125,108
Milk and dairy products,Custard,107.6,154,110,154,90,,91
Milk and dairy products,"Evaporated milk (liquid, unsweetened)",315,315,315,240,212,315,290
Milk and dairy products,"Extra hard cheese (parmesan, grana type)",1380,1228,1176,1228,1109,1380,1025
Milk and dairy products,Filmjîlk,116,116,116,116,116,116,116
Milk and dairy products,"Filmjîlk, QUAL Low fat (naturally or reduced)",119,119,119,119,119,119,119
Milk and dairy products,Firm brined cheese (ricotta salata type),216,300,216,300,240,216,240
Milk and dairy products,Firm-ripened bloomy (white mould) or washed rind cheese,664,664,664,664,664,664,664
Milk and dairy products,Firm-ripened blue mould-veined cheese,540,540,540,530,540,540,540
Milk and dairy products,Firm/semi-hard cheese (gouda and edam type),893,796,958,796,607,893,795
Milk and dairy products,"Firm/semi-hard cheese (gouda and edam type), QUAL Half fat or medium fat",939,958,958,958,705,939,958
Milk and dairy products,"Firm/semi-hard cheese (gouda and edam type), QUAL Low fat (naturally or reduced)",958,670,958,670,958,958,958
Milk and dairy products,Flavoured milks,74.4,96,100,96,,74.4,
Milk and dairy products,Flavoured sour cream,97.1,80,80,80,80,97.1,80
Milk and dairy products,"Flavoured sour cream, QUAL Half fat or medium fat",100,100,100,100,100,100,100
Milk and dairy products,"Flavoured sour cream, QUAL Low fat (naturally or reduced)",100,100,100,100,100,100,100
Milk and dairy products,Flavoured traditional sour milk products,,107,107,107,107,,107
Milk and dairy products,Flavoured whey,106,60,60,60,60,60,60
Milk and dairy products,Frozen yoghurt,85,85,85,85,85,85,85
Milk and dairy products,Goat milk,100,120,127,141,120,100,100
Milk and dairy products,"Hard cheese (cheddar, emmental type)",890,1055,1372,1055,890,890,720
Milk and dairy products,"Hard cheese (cheddar, emmental type), QUAL Half fat or medium fat",1090,1073,1176,1073,1090,1090,840
Milk and dairy products,"Hard cheese (cheddar, emmental type), QUAL Low fat (naturally or reduced)",1076,1076,1076,1076,1076,1076,1076
Milk and dairy products,Horse milk,110,110,110,110,110,110,110
Milk and dairy products,"Ice cream, milk-based",150,93,,85,104,95,100
Milk and dairy products,"Ice cream, milk-imitate based",,72,72,72,72,13,72
Milk and dairy products,Kefir,127,120,120,120,,127,
Milk and dairy products,Lactose,1,1,1,1,1,1,1
Milk and dairy products,Mascarpone,113,113,113,68,68,113,68
Milk and dairy products,Milk from other milk producer animals,120,120,120,120,120,120,120
Milk and dairy products,"Milk powder, full fat",960,947,1060,1050,930,960,1020
Milk and dairy products,"Milk powder, skimmed",1360,1254,1290,1323,1200,1257,1280
Milk and dairy products,Milk protein,100,100,100,100,100,100,100
Milk and dairy products,Milkshakes,109.6,133,111,133,112,73,129
Milk and dairy products,Mozzarella,505,403,378,160,403,362,362
Milk and dairy products,Probiotic milk-like drinks,57,137,57,137,110,57,110
Milk and dairy products,"Probiotic milk-like drinks, QUAL Semi-skimmed",57,97.3,57,97.3,110,57,110
Milk and dairy products,"Probiotic milk-like drinks, QUAL Skim",57,118,57,118,118,57,57
Milk and dairy products,Processed cheese and spreads,587,76,500,110,630,587,610
Milk and dairy products,"Processed cheese and spreads, QUAL Half fat or medium fat",600,303,600,303,650,600,800
Milk and dairy products,"Processed cheese and spreads, QUAL Low fat (naturally or reduced)",695,346,1100,346,658,695,1100
Milk and dairy products,Processed cheese wedges and similar,630,76,500,430,460,630,460
Milk and dairy products,"Processed cheese wedges and similar, QUAL Half fat or medium fat",650,303,600,430,500,650,500
Milk and dairy products,"Processed cheese wedges and similar, QUAL Low fat (naturally or reduced)",658,346,1100,346,498,658,498
Milk and dairy products,"Processed cheese, sliceable",810,182,600,600,630,810,610
Milk and dairy products,"Processed cheese, sliceable, QUAL Half fat or medium fat",970,900,900,900,575,970,800
Milk and dairy products,"Processed cheese, sliceable, QUAL Low fat (naturally or reduced)",658,1200,1200,1200,700,658,700
Milk and dairy products,"Processed cheese, spreadable",59.5,102,500,430,460,570,498
Milk and dairy products,"Processed cheese, spreadable, QUAL Half fat or medium fat",513,86.5,600,430,500,513,485
Milk and dairy products,"Processed cheese, spreadable, QUAL Low fat (naturally or reduced)",658,1100,1100,1100,498,658,498
Milk and dairy products,Quark,117,123,,123,128,107,120
Milk and dairy products,Ricotta,216,300,216,295,240,216,240
Milk and dairy products,Sheep milk,171,188,198,180,170,198,170
Milk and dairy products,Skyr,100,100,100,100,100,100,100
Milk and dairy products,Soft brined cheese (feta type),480,578,350,360,450,480,360
Milk and dairy products,"Soft brined cheese (feta type), QUAL Low fat (naturally or reduced)",,620,620,620,620,,620
Milk and dairy products,"Soft-ripened cheese veined with blue mould (blue bavarian, blue de graven type )",620,450,540,450,620,620,540
Milk and dairy products,"Soft-ripened cheese with bloomy rind (white mould) (brie, camembert type)",600,456,570,540,600,600,256
Milk and dairy products,Soft-ripened cheese with natural rind and other soft-ripened cheeses,950,570,570,570,950,950,570
Milk and dairy products,Soft-ripened cheese with white and blue mould (cambozola type),230,540,540,540,590,230,540
Milk and dairy products,Soft-ripened washed-rind cheese (limburger type),498,514,519,514,700,498,700
Milk and dairy products,Sour cream products,93,80,80,80,104,80,93
Milk and dairy products,"Sour cream products, QUAL Half fat or medium fat",100,100,100,100,100,100,100
Milk and dairy products,"Sour cream products, QUAL Low fat (naturally or reduced)",,100,100,100,100,100,100
Milk and dairy products,"Sour cream, plain",63,80,80,80,104,105,93
Milk and dairy products,"Sour cream, plain, QUAL Half fat or medium fat",100,100,100,100,100,100,100
Milk and dairy products,"Sour cream, plain, QUAL Low fat (naturally or reduced)",,100,100,100,100,100,100
Milk and dairy products,Starchy pudding,115.9,111,111,90,125,115.9,88
Milk and dairy products,Traditional buttermilk (churning),108,108,108,108,108,108,108
Milk and dairy products,Traditional nordic fermented milks,127,127,127,127,127,127,127
Milk and dairy products,Viili,132,132,132,132,132,132,132
Milk and dairy products,"Viili, QUAL Fat free",120,120,120,120,120,120,120
Milk and dairy products,"Viili, QUAL Low fat (naturally or reduced)",120,120,120,120,120,120,120
Milk and dairy products,Water buffalo milk,195,195,195,198,195,195,195
Milk and dairy products,Whey powder,790,890,890,890,796,790,790
Milk and dairy products,"Whey, sour",121,100,100,100,100,100,100
Milk and dairy products,"Whey, sweet",280,68,68,68,47,280,55
Milk and dairy products,"Yoghurt drinks, including sweetened and/or flavoured variants",102.9,102,102,102,118,,100
Milk and dairy products,"Yoghurt drinks, including sweetened and/or flavoured variants, FORT Mixed supplements/formulations",135,135,135,135,135,135,135
Milk and dairy products,"Yoghurt drinks, including sweetened and/or flavoured variants, FORT Mixed supplements/formulations, QUAL Semi-skimmed",113,113,113,113,113,113,113
Milk and dairy products,"Yoghurt drinks, including sweetened and/or flavoured variants, FORT Mixed supplements/formulations, QUAL Skim",216,216,216,216,216,216,216
Milk and dairy products,"Yoghurt drinks, including sweetened and/or flavoured variants, QUAL Low / Reduced sugar",119,119,119,119,119,119,119
Milk and dairy products,"Yoghurt drinks, including sweetened and/or flavoured variants, QUAL Semi-skimmed",225,348,328,348,337,328,326
Milk and dairy products,"Yoghurt drinks, including sweetened and/or flavoured variants, QUAL Skim",405,405,405,405,338,405,338
Milk and dairy products,"Yoghurt drinks, including sweetened and/or flavoured variants, QUAL Sugar free",119,119,119,119,119,119,119
Milk and dairy products,"Yoghurt, cow milk, flavoured",105.1,115,112,115,130,104,122
Milk and dairy products,"Yoghurt, cow milk, flavoured, FORT Mixed supplements/formulations, QUAL Skim",118,118,118,118,118,118,118
Milk and dairy products,"Yoghurt, cow milk, flavoured, QUAL Low / Reduced sugar",124,124,124,124,124,124,124
Milk and dairy products,"Yoghurt, cow milk, flavoured, QUAL Semi-skimmed",352.1,351,342,351,358,309.3,376
Milk and dairy products,"Yoghurt, cow milk, flavoured, QUAL Skim",276,404,408,426,391,276,406
Milk and dairy products,"Yoghurt, cow milk, flavoured, QUAL Sugar free",124,124,124,111,124,124,124
Milk and dairy products,"Yoghurt, cow milk, plain",143,160,120,125,142,116,200
Milk and dairy products,"Yoghurt, cow milk, plain, FORT Mixed supplements/formulations, QUAL Semi-skimmed",125,125,125,125,125,125,125
Milk and dairy products,"Yoghurt, cow milk, plain, FORT Mixed supplements/formulations, QUAL Skim",292,292,292,292,292,292,292
Milk and dairy products,"Yoghurt, cow milk, plain, QUAL Low / Reduced sugar",124,124,124,124,124,124,124
Milk and dairy products,"Yoghurt, cow milk, plain, QUAL Semi-skimmed",386,379,350,358,379,366,398
Milk and dairy products,"Yoghurt, cow milk, plain, QUAL Skim",292,413,435,409,419,292,452
Milk and dairy products,"Yoghurt, cow milk, plain, QUAL Sugar free",124,124,124,125,124,124,124
Milk and dairy products,"Yoghurt, goat milk, plain",124,124,124,124,124,124,124
Milk and dairy products,"Yoghurt, goat milk, plain, QUAL Semi-skimmed",112,112,112,112,112,112,112
Milk and dairy products,"Yoghurt, sheep milk, flavoured",112,112,112,112,112,112,112
Milk and dairy products,"Yoghurt, sheep milk, flavoured, QUAL Low / Reduced sugar",124,124,124,124,124,124,124
Milk and dairy products,"Yoghurt, sheep milk, flavoured, QUAL Semi-skimmed",342,342,342,342,342,342,342
Milk and dairy products,"Yoghurt, sheep milk, flavoured, QUAL Skim",424,424,424,424,424,424,424
Milk and dairy products,"Yoghurt, sheep milk, flavoured, QUAL Sugar free",124,124,124,124,124,124,124
Milk and dairy products,"Yoghurt, sheep milk, plain",120,120,120,120,150,120,150
Milk and dairy products,"Yoghurt, sheep milk, plain, QUAL Low / Reduced sugar",124,124,124,124,124,124,124
Milk and dairy products,"Yoghurt, sheep milk, plain, QUAL Semi-skimmed",350,350,350,350,350,350,350
Milk and dairy products,"Yoghurt, sheep milk, plain, QUAL Skim",435,435,435,435,435,435,435
Milk and dairy products,"Yoghurt, sheep milk, plain, QUAL Sugar free",124,124,124,124,124,124,124
"Products for non-standard diets, food imitates and food supplements or fortifying agents",Almond drink,19,7,19,7,19,19,19
"Products for non-standard diets, food imitates and food supplements or fortifying agents",Carbohydrate-electrolyte solutions for sports people,9,,9,,,9,9
"Products for non-standard diets, food imitates and food supplements or fortifying agents",Dietary foods for special medical purposes,,0,0,0,0,,0
"Products for non-standard diets, food imitates and food supplements or fortifying agents",Imitation cheese,118,118,118,118,450,118,450
"Products for non-standard diets, food imitates and food supplements or fortifying agents",Imitation cream,20,52,52,52,79,20,79
"Products for non-standard diets, food imitates and food supplements or fortifying agents","Imitation cream, QUAL Half fat or medium fat",,96,96,96,96,33,96
"Products for non-standard diets, food imitates and food supplements or fortifying agents",Non dairy coffee creamer,13,13,13,13,2,13,2
"Products for non-standard diets, food imitates and food supplements or fortifying agents","Non dairy coffee creamer, QUAL Half fat or medium fat",2,2,2,2,2,2,2
"Products for non-standard diets, food imitates and food supplements or fortifying agents",Oats drink,7,7,7,7,7,7,7
"Products for non-standard diets, food imitates and food supplements or fortifying agents",Protein and protein components for sports people,84,84,84,84,850,84,850
"Products for non-standard diets, food imitates and food supplements or fortifying agents",Rice drink,,3,3,3,,3,3
"Products for non-standard diets, food imitates and food supplements or fortifying agents",Single meal replacement for weight reduction,,160,219,160,219,,219
"Products for non-standard diets, food imitates and food supplements or fortifying agents",Soya drink,,39,13,13,89,28.8,89
"Products for non-standard diets, food imitates and food supplements or fortifying agents",Soya yoghurt,11.2,31.4,13,31.4,14,11.2,14
"Products for non-standard diets, food imitates and food supplements or fortifying agents","Soya yoghurt, QUAL Half fat or medium fat",,120,120,120,120,,120
"Products for non-standard diets, food imitates and food supplements or fortifying agents",Textured fungal proteins,128,128,128,128,128,128,128
"Products for non-standard diets, food imitates and food supplements or fortifying agents",Textured soy protein,363,250,250,250,1480,363,1480
"Products for non-standard diets, food imitates and food supplements or fortifying agents",Tofu,128,215,185,105,188,128,188
"Products for non-standard diets, food imitates and food supplements or fortifying agents",Total daily diet replacement for weight reduction,400,400,400,400,400,400,400
"Seasoning, sauces and condiments",Alcoholic sweet sauce,26,26,26,26,26,26,26
"Seasoning, sauces and condiments",Apple chutney,17,17,17,17,9,17,20
"Seasoning, sauces and condiments",Barbecue or steak sauces,,19,41,19,12,,17
"Seasoning, sauces and condiments",Bechamel sauce,124.7,83.3,,83.3,139,124.7,139
"Seasoning, sauces and condiments",Butter sauce,43.8,26.3,5,26.3,26.3,43.8,5
"Seasoning, sauces and condiments",Cheese sauce,205.1,184,107,184,183,205.1,247
"Seasoning, sauces and condiments",Chilli pickle,31.8,79,7,79,7,31.8,79
"Seasoning, sauces and condiments",Chocolate sauce,,92,92,92,23,92,140
"Seasoning, sauces and condiments",Chutneys,,18,18,18,9,,9
"Seasoning, sauces and condiments","Continental european brown cooked sauce, gravy",,12.3,4,12.3,7,4,7
"Seasoning, sauces and condiments",Cream sauce,,22.1,37,22.1,22.1,66,37
"Seasoning, sauces and condiments",Curry powder,478,478,241,478,530,478,640
"Seasoning, sauces and condiments",Curry sauce,,22.4,38,22.4,13,38,30
"Seasoning, sauces and condiments",Fruit sauce,11,24.1,11,24.1,8,11,5
"Seasoning, sauces and condiments",Fudge sauce,92,92,92,92,92,92,92
"Seasoning, sauces and condiments",Gravy browning,24,24,24,24,,24,
"Seasoning, sauces and condiments",Gravy ingredients,24,24,24,24,24,24,24
"Seasoning, sauces and condiments",Gravy instant granules,24,24,24,24,,24,22
"Seasoning, sauces and condiments",Gravy thickener,10,10,10,10,,10,
"Seasoning, sauces and condiments",Hollandaise type sauce,43.8,35.8,33,35.8,58,43.8,58
"Seasoning, sauces and condiments",Horseradish sauce,,94,94,94,43,,43
"Seasoning, sauces and condiments",Lime pickle,120,120,120,120,120,120,120
"Seasoning, sauces and condiments",Malt extract,31,31,31,31,31,31,31
"Seasoning, sauces and condiments",Mango chutney,,18,18,18,9,,9
"Seasoning, sauces and condiments",Mango pickle,58,58,58,58,58,58,58
"Seasoning, sauces and condiments",Mayonnaise sauce,8,10.3,18,18,13,8,8
"Seasoning, sauces and condiments","Mayonnaise, low fat",56.6,,10,,10,14,10
"Seasoning, sauces and condiments",Meat extract,60,230,230,37,60,60,37
"Seasoning, sauces and condiments",Mint sauce,120,120,120,120,120,120,120
"Seasoning, sauces and condiments",Miscellaneous savoury extracts,230,230,230,230,70,230,70
"Seasoning, sauces and condiments",Mixed and other not listed condiments,42,63,42,63,42,42,5
"Seasoning, sauces and condiments",Mixed herbs and spices,1576,1576,1576,354,1653,1576,1653
"Seasoning, sauces and condiments",Mushrooms cooked sauce,71.2,17.3,4,17.3,17.3,74,4
"Seasoning, sauces and condiments",Mustard and related sauces,124,95.1,120,95.1,84,124,70
"Seasoning, sauces and condiments","Mustard, hot",124,124,124,124,84,124,70
"Seasoning, sauces and condiments","Mustard, mild",77,120,120,120,184,500,184
"Seasoning, sauces and condiments","Mustard, sweet",95,120,120,120,84,95,84
"Seasoning, sauces and condiments",Oyster sauce,64,64,64,64,25,64,25
"Seasoning, sauces and condiments",Pesto,237.6,128,311,128,217,124.9,487
"Seasoning, sauces and condiments",Piccalilly pickle,16,16,16,16,16,16,16
"Seasoning, sauces and condiments",Pickles,15,15,15,15,16,15,15
"Seasoning, sauces and condiments",Pickling spice,509,509,509,509,509,509,509
"Seasoning, sauces and condiments",Salad dressing,12.4,14.2,27,14.2,10,12.4,10
"Seasoning, sauces and condiments","Salad dressing, low fat",2,13,108,13,48,2,48
"Seasoning, sauces and condiments",Salsa,20.5,13,13,13,13,20.5,13
"Seasoning, sauces and condiments",Salt,230,27,250,10,2,230,10
"Seasoning, sauces and condiments","Salt, flavoured",281.3,254,254,254,254,3180,254
"Seasoning, sauces and condiments","Salt, iodised",150,250,250,250,2,150,2
"Seasoning, sauces and condiments","Salt, iodised and fluoridated",250,250,250,250,250,250,250
"Seasoning, sauces and condiments","Salt, low sodium",43,,,,,43,
"Seasoning, sauces and condiments",Sea salt,,140,51,140,51,51,51
"Seasoning, sauces and condiments",Seasoning mixes,,325,509,325,194,,194
"Seasoning, sauces and condiments",Soy sauce,82,18.7,64,19,47,21,17
"Seasoning, sauces and condiments","Stock cube or granulate, beef",25,42.5,230,42.5,13,25,40
"Seasoning, sauces and condiments",Stock cubes or granulate (bouillon base),60,42.5,158,1,13,60,13
"Seasoning, sauces and condiments","Stock cubes or granulate (bouillon base), QUAL Low sodium / reduced salt",256.3,256.3,256.3,256.3,256.3,256.3,256.3
"Seasoning, sauces and condiments","Stock cubes or granulate, chicken",117.4,6,230,6,13,117.4,120
"Seasoning, sauces and condiments","Stock cubes or granulate, vegetables",110.7,1,230,47,13,110.7,47
"Seasoning, sauces and condiments",Tabasco sauce,69,69,69,69,69,69,69
"Seasoning, sauces and condiments",Tartar sauce,36,15,15,15,15,36,15
"Seasoning, sauces and condiments",Teriyaki sauce,8.4,64,64,64,64,8.4,64
"Seasoning, sauces and condiments",Tomato chutney,15,22.5,15,22.5,22,15,22
"Seasoning, sauces and condiments",Tomato ketchup and related sauces,28,21,25,25,13,13,13
"Seasoning, sauces and condiments",Tomato-containing cooking sauces,20.4,45.4,20,45.4,10,,23
"Seasoning, sauces and condiments",Vegetable savoury extracts,61,61,61,61,61,61,61
"Seasoning, sauces and condiments",Vegetables-based cooked sauce,,17.3,18,17.3,10,18,10
"Seasoning, sauces and condiments",Vinegar,12,12,15,15,3,12,3
"Seasoning, sauces and condiments","Vinegar, apple",2.4,6,6,6,3,9,3
"Seasoning, sauces and condiments","Vinegar, wine",1.9,12,15,12,3,15,3
"Seasoning, sauces and condiments",Yeast extract,86,12,12,12,95,86,70
"Starchy roots or tubers and products thereof, sugar plants",Arrowroots,10,10,10,10,10,10,10
"Starchy roots or tubers and products thereof, sugar plants","Arrowroots, PROCESS Baking",10,10,10,10,10,10,10
"Starchy roots or tubers and products thereof, sugar plants","Arrowroots, PROCESS Cooking in water",10,10,10,10,10,10,10
"Starchy roots or tubers and products thereof, sugar plants","Arrowroots, PROCESS Steaming",10,10,10,10,10,10,10
"Starchy roots or tubers and products thereof, sugar plants",Cassava roots,32,32,32,32,18,32,18
"Starchy roots or tubers and products thereof, sugar plants","Cassava roots, PROCESS Baking",32,32,32,32,19,32,19
"Starchy roots or tubers and products thereof, sugar plants","Cassava roots, PROCESS Cooking in water",32,32,32,32,17,32,17
"Starchy roots or tubers and products thereof, sugar plants","Cassava roots, PROCESS Steaming",32,32,32,32,17,32,18
"Starchy roots or tubers and products thereof, sugar plants",Fries (finger chips),6.8,12.3,20,11,9,9,14
"Starchy roots or tubers and products thereof, sugar plants",Main-crop potatoes,,9,9,10,6,,5
"Starchy roots or tubers and products thereof, sugar plants","Main-crop potatoes, PROCESS Baking",5.2,9.48,12,8,9,5.2,7
"Starchy roots or tubers and products thereof, sugar plants","Main-crop potatoes, PROCESS Cooking in water",5.6,7.67,12,5,9,5.6,5
"Starchy roots or tubers and products thereof, sugar plants","Main-crop potatoes, PROCESS Steaming",5.6,5,8,10,9,5.6,5
"Starchy roots or tubers and products thereof, sugar plants",Mashed potato powder,132.7,34,34,34,21,132.7,73
"Starchy roots or tubers and products thereof, sugar plants",Mexican yam beans,15,15,15,15,15,15,15
"Starchy roots or tubers and products thereof, sugar plants","Mexican yam beans, PROCESS Cooking in water",14,14,14,14,14,14,14
"Starchy roots or tubers and products thereof, sugar plants","Mexican yam beans, PROCESS Steaming",14,14,14,14,14,14,14
"Starchy roots or tubers and products thereof, sugar plants",New potatoes,4.7,6,6,10,6,4.7,6
"Starchy roots or tubers and products thereof, sugar plants","New potatoes, PROCESS Baking",9,9,9,9,9,9,9
"Starchy roots or tubers and products thereof, sugar plants","New potatoes, PROCESS Cooking in water",4.7,13,13,13,9,4.7,13
"Starchy roots or tubers and products thereof, sugar plants","New potatoes, PROCESS Steaming",4.7,13,16,13,9,4.7,13
"Starchy roots or tubers and products thereof, sugar plants",Pan-fried potato,8.3,25.2,11,8,9,8.3,8
"Starchy roots or tubers and products thereof, sugar plants",Potato baked,8.9,9.48,12,10,9,7,9
"Starchy roots or tubers and products thereof, sugar plants",Potato boiled,5.6,7.67,12,10,9,6,9
"Starchy roots or tubers and products thereof, sugar plants",Potato crisps or sticks,28,31,52,28,27,26.3,29
"Starchy roots or tubers and products thereof, sugar plants",Potato flakes,11,34,34,89,34,11,34
"Starchy roots or tubers and products thereof, sugar plants",Potato flour,25,35,35,35,20,25,20
"Starchy roots or tubers and products thereof, sugar plants",Potato starch,18,35,35,10,20,18,20
"Starchy roots or tubers and products thereof, sugar plants",Potato starch-based snacks,59,34,9,34,27,59,20
"Starchy roots or tubers and products thereof, sugar plants",Sweet potatoes,30,22,22,22,24,30,24
"Starchy roots or tubers and products thereof, sugar plants","Sweet potatoes, PROCESS Baking",32.6,32.5,26,32.5,23,,31
"Starchy roots or tubers and products thereof, sugar plants","Sweet potatoes, PROCESS Cooking in water",30,32.5,22,32.5,23,,23
"Starchy roots or tubers and products thereof, sugar plants","Sweet potatoes, PROCESS Steaming",30,32.5,22,32.5,23,30,20
"Starchy roots or tubers and products thereof, sugar plants",Tannias,14,14,14,14,9,14,14
"Starchy roots or tubers and products thereof, sugar plants","Tannias, PROCESS Baking",51,51,51,51,51,51,51
"Starchy roots or tubers and products thereof, sugar plants",Tapioca starch,12,12,12,12,20,12,20
"Starchy roots or tubers and products thereof, sugar plants",Tapioca starch-based snacks,30,30,30,30,30,30,30
"Starchy roots or tubers and products thereof, sugar plants",Taros,47,47,47,47,25,47,25
"Starchy roots or tubers and products thereof, sugar plants","Taros, PROCESS Baking",33,33,33,33,33,33,33
"Starchy roots or tubers and products thereof, sugar plants","Taros, PROCESS Cooking in water",46,46,46,46,27,46,27
"Starchy roots or tubers and products thereof, sugar plants","Taros, PROCESS Steaming",46,46,46,46,27,46,25
"Starchy roots or tubers and products thereof, sugar plants",Yams,25,25,25,25,15,25,15
"Starchy roots or tubers and products thereof, sugar plants","Yams, PROCESS Baking",25,25,25,25,20,25,20
"Starchy roots or tubers and products thereof, sugar plants","Yams, PROCESS Cooking in water",24,24,24,24,12,24,12
"Starchy roots or tubers and products thereof, sugar plants","Yams, PROCESS Steaming",24,24,24,24,12,24,13
"Sugar, confectionery and water-based sweet desserts",Basic sweet masses,0.8,55,55,55,115,0.8,115
"Sugar, confectionery and water-based sweet desserts",Bitter chocolate,50,60,85,60,50,50,50
"Sugar, confectionery and water-based sweet desserts","Bitter chocolate, QUAL Sugar free",150,60,150,60,150,150,150
"Sugar, confectionery and water-based sweet desserts",Bitter-sweet chocolate,54.8,56,56,51,41,54.8,33
"Sugar, confectionery and water-based sweet desserts","Bitter-sweet chocolate, QUAL Sugar free",150,150,150,150,150,150,150
"Sugar, confectionery and water-based sweet desserts","Caramel, hard",89,4,4,,73,89,73
"Sugar, confectionery and water-based sweet desserts","Caramel, hard, QUAL Low / Reduced sugar",89,1,1,1,1,89,1
"Sugar, confectionery and water-based sweet desserts","Caramel, hard, QUAL Sugar free",1,1,1,1,1,1,1
"Sugar, confectionery and water-based sweet desserts","Caramel, soft",9.2,95,95,95,73,9.2,73
"Sugar, confectionery and water-based sweet desserts","Caramel, soft, QUAL Low / Reduced sugar",1,1,1,1,1,1,1
"Sugar, confectionery and water-based sweet desserts","Caramel, soft, QUAL Sugar free",1,1,1,1,1,1,1
"Sugar, confectionery and water-based sweet desserts",Chewing gum,1152,,,,1756,1152,1756
"Sugar, confectionery and water-based sweet desserts","Chewing gum, QUAL Low / Reduced sugar",10,10,10,10,10,10,10
"Sugar, confectionery and water-based sweet desserts","Chewing gum, QUAL Sugar free",1152,,,,,1152,
"Sugar, confectionery and water-based sweet desserts",Chocolate and chocolate products,225,111,247,51,162,225,220
"Sugar, confectionery and water-based sweet desserts","Chocolate and chocolate products, QUAL Low / Reduced sugar",289,289,289,289,289,289,289
"Sugar, confectionery and water-based sweet desserts","Chocolate and chocolate products, QUAL Sugar free",289,289,289,289,250,289,180
"Sugar, confectionery and water-based sweet desserts",Chocolate coated confectionery,,101,249,150,68,57.2,145
"Sugar, confectionery and water-based sweet desserts",Cream chocolate,195,118,118,143,95,195,92
"Sugar, confectionery and water-based sweet desserts",Dessert halva,14,14,14,14,12,14,12
"Sugar, confectionery and water-based sweet desserts","DragÇe, sugar coated",,38,38,38,4,,4
"Sugar, confectionery and water-based sweet desserts","DragÇe, sugar coated, QUAL Low / Reduced sugar",1,1,1,1,1,1,1
"Sugar, confectionery and water-based sweet desserts","DragÇe, sugar coated, QUAL Sugar free",1,1,1,1,4,1,4
"Sugar, confectionery and water-based sweet desserts",Filled chocolate,,,201,,95,,110
"Sugar, confectionery and water-based sweet desserts",Foamed sugar products (marshmallows),18,18,18,18,18,18,4
"Sugar, confectionery and water-based sweet desserts",Fructose,0.1,,1,,,0.1,
"Sugar, confectionery and water-based sweet desserts",Fudge,95,95,95,95,73,95,122
"Sugar, confectionery and water-based sweet desserts",Gelatine dessert,14,112,6,112,5,14,7
"Sugar, confectionery and water-based sweet desserts","Gelatine dessert, QUAL Sugar free",6,6,6,6,6,6,6
"Sugar, confectionery and water-based sweet desserts",Glucose,1,1,1,1,,1,8
"Sugar, confectionery and water-based sweet desserts",Granita,0,0,0,0,0,0,0
"Sugar, confectionery and water-based sweet desserts",Gum drops,5,9,9,9,9,5,9
"Sugar, confectionery and water-based sweet desserts","Gum drops, QUAL Sugar free",270,270,270,270,270,270,270
"Sugar, confectionery and water-based sweet desserts",Hard candies,7,8.87,4,8.87,4,,5
"Sugar, confectionery and water-based sweet desserts","Hard candies, QUAL Low / Reduced sugar",1,1,1,1,4,1,4
"Sugar, confectionery and water-based sweet desserts","Hard candies, QUAL Sugar free",270,1,1,1,4,270,4
"Sugar, confectionery and water-based sweet desserts","Honey, polyfloral",5,7.98,6,5,7,5,5
"Sugar, confectionery and water-based sweet desserts",Jelly candies,9,9,9,9,6,140,5
"Sugar, confectionery and water-based sweet desserts",Liquorice candies,73,11,11,170,128,73,170
"Sugar, confectionery and water-based sweet desserts","Liquorice candies, QUAL Sugar free",132,132,132,132,132,132,132
"Sugar, confectionery and water-based sweet desserts",Marzipan,140,105,43,105,88,59,66
"Sugar, confectionery and water-based sweet desserts",Marzipan raw mass,59,55,55,55,88,55,115
"Sugar, confectionery and water-based sweet desserts",Milk chocolate,400,202,247,262,162,133.5,220
"Sugar, confectionery and water-based sweet desserts","Milk chocolate, QUAL Low / Reduced sugar",289,289,289,289,289,289,289
"Sugar, confectionery and water-based sweet desserts","Milk chocolate, QUAL Sugar free",289,289,289,289,250,289,250
"Sugar, confectionery and water-based sweet desserts",Molasses,500,500,500,500,210,500,210
"Sugar, confectionery and water-based sweet desserts",Nougat,124,93.3,,80,85,124,25
"Sugar, confectionery and water-based sweet desserts","Nougat, QUAL Low / Reduced sugar",202,202,202,202,202,202,202
"Sugar, confectionery and water-based sweet desserts","Nougat, QUAL Sugar free",202,202,202,202,202,202,202
"Sugar, confectionery and water-based sweet desserts",Nuts-seeds based halva,682.6,14,14,14,110,682.6,110
"Sugar, confectionery and water-based sweet desserts",Polyols,0,0,0,0,0,0,0
"Sugar, confectionery and water-based sweet desserts",Pralines,97,16,16,16,95,97,32
"Sugar, confectionery and water-based sweet desserts",Sorbet,16.5,85.9,11,2,8,19.5,8
"Sugar, confectionery and water-based sweet desserts",Sucrose (common sugar),0.4,2.1,1,1,,0.4,10
"Sugar, confectionery and water-based sweet desserts",Sweet confectionery-deprecated,7,9,4,9,4,7,6
"Sugar, confectionery and water-based sweet desserts","Sweet confectionery-deprecated, QUAL Low / Reduced sugar",1,1,1,1,1,1,1
"Sugar, confectionery and water-based sweet desserts","Sweet confectionery-deprecated, QUAL Sugar free",270,1,1,1,4,270,4
"Sugar, confectionery and water-based sweet desserts",Syrups,74,4.5,26,4.5,,74,16
"Sugar, confectionery and water-based sweet desserts",Toffee,64,95,95,95,73,10,73
"Sugar, confectionery and water-based sweet desserts","Toffee, QUAL Low / Reduced sugar",1,1,1,1,1,1,1
"Sugar, confectionery and water-based sweet desserts","Toffee, QUAL Sugar free",1,1,1,1,1,1,1
"Sugar, confectionery and water-based sweet desserts",White chocolate,270,257,212,270,260,203,270
Vegetables and vegetable products,Alfalfa sprouts,32,32,32,32,32,32,32
Vegetables and vegetable products,"Alfalfa sprouts, PROCESS Cooking in water",33,33,33,33,33,33,33
Vegetables and vegetable products,"Alfalfa sprouts, PROCESS Steaming",25.8,34,34,34,25.8,25.8,34
Vegetables and vegetable products,Angelica (leaves and stems),400,400,400,400,400,400,400
Vegetables and vegetable products,Aniseed myrtle,56.9,56.9,56.9,56.9,56.9,56.9,56.9
Vegetables and vegetable products,Asparagus,27,26,26,24,20,27,27
Vegetables and vegetable products,"Asparagus, PROCESS Baking",28,28,28,28,28,28,28
Vegetables and vegetable products,"Asparagus, PROCESS Cooking in water",,17.6,20,17.6,20,14,25
Vegetables and vegetable products,"Asparagus, PROCESS Steaming",,20.9,27,20.9,20,14,25
Vegetables and vegetable products,Aubergines,7,12,12,14,10,7,10
Vegetables and vegetable products,"Aubergines, PROCESS Baking",32,12,13,12,32,32,13
Vegetables and vegetable products,"Aubergines, PROCESS Cooking in water",12,12,12,12,10,12,10
Vegetables and vegetable products,"Aubergines, PROCESS Frying",9,8,20.7,8,20.7,9,8
Vegetables and vegetable products,"Aubergines, PROCESS Steaming",13,13,13,13,10,13,10
Vegetables and vegetable products,Bamboo shoots,8,15,15,15,15,8,15
Vegetables and vegetable products,"Bamboo shoots, PROCESS Cooking in water",13,15,15,15,33,13,13
Vegetables and vegetable products,"Bamboo shoots, PROCESS Frying",56.7,56.7,56.7,56.7,56.7,56.7,56.7
Vegetables and vegetable products,"Bamboo shoots, PROCESS Steaming",13,15,15,15,33,13,13
Vegetables and vegetable products,Basil,250,202,250,250,250,154,250
Vegetables and vegetable products,Beans (with pods) and similar-,48,53,64,35,70,48,33
Vegetables and vegetable products,"Beans (with pods) and similar-, PROCESS Baking",55.7,70,70,70,55.7,55.7,70
Vegetables and vegetable products,"Beans (with pods) and similar-, PROCESS Cooking in water",51.1,47.6,67,56,54,45,22
Vegetables and vegetable products,"Beans (with pods) and similar-, PROCESS Steaming",51.1,47.6,65,56,54,51.1,22
Vegetables and vegetable products,Beetroots,14,17,17,20,10,22.7,20
Vegetables and vegetable products,"Beetroots, PROCESS Baking",41.5,17,41.5,17,41.5,41.5,41.5
Vegetables and vegetable products,"Beetroots, PROCESS Cooking in water",14.3,17,16,17,22,,29
Vegetables and vegetable products,"Beetroots, PROCESS Steaming",14.3,16,16,16,22,,29
Vegetables and vegetable products,Borage,93,93,93,93,93,93,93
Vegetables and vegetable products,Broccoli and similar-,48,58,58,72,38,48,56
Vegetables and vegetable products,"Broccoli and similar-, PROCESS Baking",22.5,64,64,64,22.5,22.5,64
Vegetables and vegetable products,"Broccoli and similar-, PROCESS Cooking in water",48,48.9,87,48.9,33,48,40
Vegetables and vegetable products,"Broccoli and similar-, PROCESS Frying",61,61,61,61,61,61,61
Vegetables and vegetable products,"Broccoli and similar-, PROCESS Steaming",48,48.9,61,48.9,33,48,40
Vegetables and vegetable products,Brussels sprouts,42,22,35,51,30,42,26
Vegetables and vegetable products,"Brussels sprouts, PROCESS Baking",50.9,38,38,38,50.9,50.9,38
Vegetables and vegetable products,"Brussels sprouts, PROCESS Cooking in water",42,26.3,33,26.3,38,,20
Vegetables and vegetable products,"Brussels sprouts, PROCESS Steaming",42,36,20,36,38,,20
Vegetables and vegetable products,Canned mushrooms,2,17.2,33,20,20,33,20
Vegetables and vegetable products,"Canned mushrooms, PROCESS Baking",40,40,40,40,40,40,40
Vegetables and vegetable products,"Canned mushrooms, PROCESS Cooking in water",18,35,35,35,20,18,10
Vegetables and vegetable products,"Canned mushrooms, PROCESS Steaming",18,45,45,45,20,18,50
Vegetables and vegetable products,Cardoons,53,52,53,96,52,53,53
Vegetables and vegetable products,"Cardoons, PROCESS Cooking in water",56,56,56,56,56,56,56
Vegetables and vegetable products,"Cardoons, PROCESS Steaming",56,56,56,56,56,56,56
Vegetables and vegetable products,Carrots,29,31.9,21,44,27,22.1,25
Vegetables and vegetable products,"Carrots, PROCESS Baking",23,23,23,23,23,23,23
Vegetables and vegetable products,"Carrots, PROCESS Cooking in water",29.6,22,29,22,28,29.6,24
Vegetables and vegetable products,"Carrots, PROCESS Frying",93.7,48.4,93.7,48.4,93.7,93.7,93.7
Vegetables and vegetable products,"Carrots, PROCESS Steaming",29.6,48.4,25,48.4,28,29.6,24
Vegetables and vegetable products,Cauliflowers,24,24.2,22,44,28,17.1,21
Vegetables and vegetable products,"Cauliflowers, PROCESS Baking",44.5,24,24,24,44.5,44.5,24
Vegetables and vegetable products,"Cauliflowers, PROCESS Cooking in water",24,26.2,23,26.2,25,,17
Vegetables and vegetable products,"Cauliflowers, PROCESS Steaming",24,26.2,23,26.2,25,,17
Vegetables and vegetable products,Celeriacs,36,41.7,50,52,80,36,40
Vegetables and vegetable products,"Celeriacs, PROCESS Baking",55,55,55,55,55,55,55
Vegetables and vegetable products,"Celeriacs, PROCESS Cooking in water",47,29.2,47,29.2,80,47,34
Vegetables and vegetable products,"Celeriacs, PROCESS Steaming",28,26,53,26,80,28,34
Vegetables and vegetable products,Celeries,45,48,80,31,80,70,41
Vegetables and vegetable products,"Celeries, PROCESS Cooking in water",85,53.3,85,53.3,80,85,45
Vegetables and vegetable products,"Celeries, PROCESS Steaming",30.2,53.3,30.2,53.3,80,30.2,45
Vegetables and vegetable products,Celery leaves,202,50,50,50,80,202,80
Vegetables and vegetable products,"Celtuce, PROCESS Steaming",42.3,42.3,42.3,42.3,42.3,42.3,42.3
Vegetables and vegetable products,Ceps,1.4,4,4,22,4,1.4,4
Vegetables and vegetable products,"Ceps, PROCESS Baking",5,5,5,5,5,5,5
Vegetables and vegetable products,"Ceps, PROCESS Cooking in water",2.2,4,4,4,4,2.2,4
Vegetables and vegetable products,"Ceps, PROCESS Steaming",2.2,5,5,5,5,2.2,5
Vegetables and vegetable products,Chanterelles,5,4,4,4,10,5,10
Vegetables and vegetable products,"Chanterelles, PROCESS Baking",5,5,5,5,5,5,5
Vegetables and vegetable products,"Chanterelles, PROCESS Cooking in water",4,4,4,4,10,4,10
Vegetables and vegetable products,"Chanterelles, PROCESS Steaming",5,5,5,5,10,5,10
Vegetables and vegetable products,Chards,88,103,103,67,90,88,51
Vegetables and vegetable products,"Chards, PROCESS Baking",82.8,123,123,123,82.8,82.8,123
Vegetables and vegetable products,"Chards, PROCESS Cooking in water",109,66.9,109,130,90,109,58
Vegetables and vegetable products,"Chards, PROCESS Steaming",82.8,66.9,108,130,90,82.8,58
Vegetables and vegetable products,Chervil,400,400,400,400,400,400,400
Vegetables and vegetable products,Chickpea sprouts,56,56,56,56,56,56,56
Vegetables and vegetable products,Chili peppers,,14,14,18,16,,30
Vegetables and vegetable products,"Chili peppers, PROCESS Baking",81,11,11,11,81,81,11
Vegetables and vegetable products,"Chili peppers, PROCESS Cooking in water",15,15,15,15,15,15,15
Vegetables and vegetable products,Chinese cabbages and similar-,45,40,40,40,125,45,54
Vegetables and vegetable products,"Chinese cabbages and similar-, PROCESS Baking",219,219,219,219,219,219,219
Vegetables and vegetable products,"Chinese cabbages and similar-, PROCESS Cooking in water",42,42,42,42,125,42,125
Vegetables and vegetable products,"Chinese cabbages and similar-, PROCESS Steaming",125,125,125,125,125,125,125
Vegetables and vegetable products,Chives,77,78,129,85,167,77,85
Vegetables and vegetable products,Chives and similar-,129,78,129,85,167,129,85
Vegetables and vegetable products,Common bean sprouts,30,30,30,30,30,30,30
Vegetables and vegetable products,Common mushrooms,1.9,7.5,11,6,25,2.5,6
Vegetables and vegetable products,"Common mushrooms, PROCESS Baking",14,14,14,5,14,14,14
Vegetables and vegetable products,"Common mushrooms, PROCESS Cooking in water",3.7,19,12,19,25,3.7,5
Vegetables and vegetable products,"Common mushrooms, PROCESS Frying",8,8,8,8,4,8,8
Vegetables and vegetable products,"Common mushrooms, PROCESS Steaming",3.7,19,15,19,25,3.7,5
Vegetables and vegetable products,Common nettle,594,713,713,590,713,18,713
Vegetables and vegetable products,Courgettes,15,16.2,25,16.2,30,15,25
Vegetables and vegetable products,Courgettes and similar-,15,16.2,25,21,30,15,25
Vegetables and vegetable products,"Courgettes and similar-, PROCESS Baking",6,27,27,27,6,6,27
Vegetables and vegetable products,"Courgettes and similar-, PROCESS Cooking in water",,26,26,26,20,,19
Vegetables and vegetable products,"Courgettes and similar-, PROCESS Frying",,38,38,38,38,,38
Vegetables and vegetable products,"Courgettes and similar-, PROCESS Steaming",,26,26,26,20,,19
Vegetables and vegetable products,"Courgettes, PROCESS Baking",4.38,30.4,27,30.4,4.38,4.38,27
Vegetables and vegetable products,"Courgettes, PROCESS Cooking in water",,26,26,26,20,,19
Vegetables and vegetable products,"Courgettes, PROCESS Frying",38,38,38,38,38,38,38
Vegetables and vegetable products,"Courgettes, PROCESS Steaming",,26,26,26,20,,19
Vegetables and vegetable products,Cresses,70,214,214,131,250,81,50
Vegetables and vegetable products,Cucumbers,26,14,16,16,20,16.7,18
Vegetables and vegetable products,Curly kales,42,212,212,212,180,157,130
Vegetables and vegetable products,"Curly kales, PROCESS Cooking in water",177,177,177,177,180,177,150
Vegetables and vegetable products,"Curly kales, PROCESS Frying",20.6,20.6,20.6,20.6,20.6,20.6,20.6
Vegetables and vegetable products,"Curly kales, PROCESS Steaming",177,177,177,177,180,177,150
Vegetables and vegetable products,Curry leaves,820,820,820,820,820,820,820
Vegetables and vegetable products,Dandelions,168,104,168,316,150,168,150
Vegetables and vegetable products,Dill leaves,72,230,230,230,340,343,340
Vegetables and vegetable products,Dried mushrooms,129,129,129,28,73,129,73
Vegetables and vegetable products,"Dried mushrooms, PROCESS Cooking in water",12,12,12,12,12,12,12
Vegetables and vegetable products,"Dried mushrooms, PROCESS Steaming",12,12,12,12,12,12,12
Vegetables and vegetable products,Dried vegetables,,128,128,128,128,,128
Vegetables and vegetable products,Dulse,150,70,70,70,70,70,70
Vegetables and vegetable products,"Dulse, PROCESS Cooking in water",45,45,45,45,45,45,45
Vegetables and vegetable products,"Dulse, PROCESS Steaming",45,45,45,45,45,45,45
Vegetables and vegetable products,Escaroles,150,54,54,93,54,150,54
Vegetables and vegetable products,Escaroles and similar-,22,26.1,54,93,54,22,44
Vegetables and vegetable products,"Escaroles and similar-, PROCESS Baking",45.9,45.9,45.9,45.9,45.9,45.9,45.9
Vegetables and vegetable products,"Escaroles and similar-, PROCESS Cooking in water",60,60,60,60,60,60,60
Vegetables and vegetable products,"Escaroles and similar-, PROCESS Steaming",60,45.9,60,45.9,60,60,60
Vegetables and vegetable products,Fennel leaves,185,36.5,109,36.5,185,185,24
Vegetables and vegetable products,Florence fennels,,36.5,38,45,70,64,24
Vegetables and vegetable products,"Florence fennels, PROCESS Baking",42,43.7,42,43.7,43.7,42,42
Vegetables and vegetable products,"Florence fennels, PROCESS Cooking in water",40,43.7,40,43.7,70,40,20
Vegetables and vegetable products,"Florence fennels, PROCESS Steaming",40,43.7,40,43.7,70,40,20
Vegetables and vegetable products,Garden cress sprouts,50,50,50,50,50,50,50
Vegetables and vegetable products,"Garden cress sprouts, PROCESS Steaming",25,25,25,25,25,25,25
Vegetables and vegetable products,Garden sorrel,18,44,58,44,44,18,58
Vegetables and vegetable products,Garlic and similar-,18,98.7,38,14,38,18,19
Vegetables and vegetable products,"Garlic and similar-, PROCESS Baking",22.9,41,41,41,22.9,22.9,41
Vegetables and vegetable products,"Garlic and similar-, PROCESS Cooking in water",40,40,40,40,40,40,40
Vegetables and vegetable products,"Garlic and similar-, PROCESS Steaming",39,39,39,39,39,39,39
Vegetables and vegetable products,Garlic puree,40,40,40,40,26,40,26
Vegetables and vegetable products,Gherkins,21.4,16,16,20,16,21.4,25
Vegetables and vegetable products,Globe artichokes,,49.5,53,86,53,,41
Vegetables and vegetable products,"Globe artichokes, PROCESS Cooking in water",51,47,56,47,44,51,44
Vegetables and vegetable products,"Globe artichokes, PROCESS Steaming",18,47,56,47,18,18,44
Vegetables and vegetable products,Grape leaves,390,363,363,363,363,390,363
Vegetables and vegetable products,"Grape leaves, PROCESS Cooking in water",385,385,385,385,385,385,385
Vegetables and vegetable products,"Grape leaves, PROCESS Steaming",385,385,385,385,385,385,385
Vegetables and vegetable products,Head cabbages,42,44.5,45,60,52,37,52
Vegetables and vegetable products,Head cabbages and similar-,42,50,45,60,52,42,52
Vegetables and vegetable products,"Head cabbages and similar-, PROCESS Baking",30.4,50,50,50,30.4,30.4,50
Vegetables and vegetable products,"Head cabbages and similar-, PROCESS Cooking in water",,54.6,44,54.6,33,,33
Vegetables and vegetable products,"Head cabbages and similar-, PROCESS Frying",44.8,44.8,44.8,44.8,44.8,44.8,44.8
Vegetables and vegetable products,"Head cabbages and similar-, PROCESS Steaming",,54.6,33,54.6,33,,33
Vegetables and vegetable products,"Head cabbages, PROCESS Baking",219,50,50,50,219,219,50
Vegetables and vegetable products,"Head cabbages, PROCESS Cooking in water",,58.9,44,60,33,44,33
Vegetables and vegetable products,"Head cabbages, PROCESS Frying",44.8,,,,44.8,,
Vegetables and vegetable products,"Head cabbages, PROCESS Steaming",,58.9,33,60,33,,33
Vegetables and vegetable products,Hijiki,168,168,168,168,168,168,168
Vegetables and vegetable products,"Hijiki, PROCESS Cooking in water",103,103,103,103,103,103,103
Vegetables and vegetable products,"Hijiki, PROCESS Steaming",103,103,103,103,103,103,103
Vegetables and vegetable products,Honey mushroom,4,4,4,4,4,4,4
Vegetables and vegetable products,"Honey mushroom, PROCESS Cooking in water",4,4,4,4,4,4,4
Vegetables and vegetable products,"Honey mushroom, PROCESS Steaming",4,4,4,4,4,4,4
Vegetables and vegetable products,Horseradish roots,78,102,94,102,120,78,120
Vegetables and vegetable products,"Horseradish roots, PROCESS Cooking in water",96,96,96,96,96,96,96
Vegetables and vegetable products,"Horseradish roots, PROCESS Steaming",55,96,96,96,55,55,96
Vegetables and vegetable products,Jerusalem artichokes,25,10,10,10,10,25,10
Vegetables and vegetable products,"Jerusalem artichokes, PROCESS Baking",48.5,14,10,14,48.5,48.5,10
Vegetables and vegetable products,"Jerusalem artichokes, PROCESS Cooking in water",10,14,10,14,30,10,30
Vegetables and vegetable products,"Jerusalem artichokes, PROCESS Steaming",10,14,10,14,30,10,30
Vegetables and vegetable products,Kales and similar-,42,212,212,212,180,42,130
Vegetables and vegetable products,"Kales and similar-, PROCESS Baking",24,24,24,24,24,24,24
Vegetables and vegetable products,"Kales and similar-, PROCESS Cooking in water",177,177,177,177,180,177,150
Vegetables and vegetable products,"Kales and similar-, PROCESS Steaming",177,177,177,177,180,177,150
Vegetables and vegetable products,Kohlrabies,42,59,59,59,90,24,30
Vegetables and vegetable products,"Kohlrabies, PROCESS Baking",22.9,65,65,65,22.9,22.9,65
Vegetables and vegetable products,"Kohlrabies, PROCESS Cooking in water",,59,59,59,90,,21
Vegetables and vegetable products,"Kohlrabies, PROCESS Steaming",,21,21,21,90,,21
Vegetables and vegetable products,Lamb's lettuces,,96.6,35,96.6,96.6,,35
Vegetables and vegetable products,Land cresses,214,214,214,214,170,214,170
Vegetables and vegetable products,Laurel,67,132,132,830,67,67,10
Vegetables and vegetable products,Laver,70,70,70,70,70,70,70
Vegetables and vegetable products,"Laver, PROCESS Cooking in water",45,45,45,45,45,45,45
Vegetables and vegetable products,"Laver, PROCESS Steaming",45,45,45,45,45,45,45
Vegetables and vegetable products,Leeks,32,28.6,63,54,39,23.9,24
Vegetables and vegetable products,"Leeks, PROCESS Baking",69,40.2,69,40.2,40.2,69,69
Vegetables and vegetable products,"Leeks, PROCESS Cooking in water",,40.2,66,40.2,41,66,20
Vegetables and vegetable products,"Leeks, PROCESS Steaming",,40.2,66,40.2,41,115,20
Vegetables and vegetable products,Lentil sprouts,6,6,6,6,6,6,6
Vegetables and vegetable products,"Lentil sprouts, PROCESS Steaming",25.8,25.8,25.8,25.8,25.8,25.8,25.8
Vegetables and vegetable products,"Lentils, fresh",71,71,71,71,71,71,71
Vegetables and vegetable products,"Lentils, fresh, PROCESS Baking",36,36,36,36,36,36,36
Vegetables and vegetable products,"Lentils, fresh, PROCESS Cooking in water",23,27.2,23,27.2,23,23,22
Vegetables and vegetable products,"Lentils, fresh, PROCESS Steaming",23,27.2,23,27.2,23,23,22
Vegetables and vegetable products,Lettuces (generic),56,16,21,45,51,,28
Vegetables and vegetable products,Lovage leaves,150,150,150,150,150,150,150
Vegetables and vegetable products,Mashed vegetable puree,19,42.8,39,42.8,35,19,39
Vegetables and vegetable products,Melons and similar-,9,6.24,14,19,15,9,14
Vegetables and vegetable products,Mints,210,217,210,210,210,210,210
Vegetables and vegetable products,Morels,5,11,11,11,12,5,12
Vegetables and vegetable products,"Morels, PROCESS Baking",9.05,12,12,12,9.05,9.05,12
Vegetables and vegetable products,"Morels, PROCESS Cooking in water",12,12,12,12,12,12,12
Vegetables and vegetable products,"Morels, PROCESS Steaming",14,14,14,14,14,14,14
Vegetables and vegetable products,Mung bean sprouts,13,19.5,4,19.5,40,13,20
Vegetables and vegetable products,"Mung bean sprouts, PROCESS Cooking in water",19,55.6,19,55.6,40,19,19
Vegetables and vegetable products,"Mung bean sprouts, PROCESS Steaming",19,55.6,19,55.6,40,19,19
Vegetables and vegetable products,Mushy peas,47.3,13,13,13,47.3,47.3,14
Vegetables and vegetable products,Nasturtium flowers and leaves,180,180,180,180,180,180,180
Vegetables and vegetable products,Okra,29,64,64,64,80,29,160
Vegetables and vegetable products,"Okra, PROCESS Cooking in water",68,68,68,68,120,68,120
Vegetables and vegetable products,"Okra, PROCESS Steaming",68,68,68,68,120,68,120
Vegetables and vegetable products,Onions,33,32.8,22,25,29,27,25
Vegetables and vegetable products,Onions and similar-,33,32.8,22,25,29,33,25
Vegetables and vegetable products,"Onions and similar-, PROCESS Baking",24,24,24,24,70,24,70
Vegetables and vegetable products,"Onions and similar-, PROCESS Cooking in water",,23,23,23,24,,19
Vegetables and vegetable products,"Onions and similar-, PROCESS Frying",34.6,47,47,47,26,34.6,47
Vegetables and vegetable products,"Onions and similar-, PROCESS Steaming",,19,19,19,19,,19
Vegetables and vegetable products,"Onions, PROCESS Baking",42.1,24,24,24,72,42.1,70
Vegetables and vegetable products,"Onions, PROCESS Cooking in water",,23,23,23,24,23,19
Vegetables and vegetable products,"Onions, PROCESS Frying",34.6,47,47,47,26,,47
Vegetables and vegetable products,"Onions, PROCESS Steaming",,19,19,19,19,19,19
Vegetables and vegetable products,Palm hearts,50,50,50,50,50,50,50
Vegetables and vegetable products,"Palm hearts, PROCESS Cooking in water",53,48.8,53,48.8,48.8,53,53
Vegetables and vegetable products,"Palm hearts, PROCESS Steaming",25.8,53,53,53,25.8,25.8,53
Vegetables and vegetable products,Parsley,135,186,179,220,40,340,200
Vegetables and vegetable products,Parsley roots,55,39,39,39,39,55,39
Vegetables and vegetable products,Parsnip roots,47,47.9,47,47.9,35,74,41
Vegetables and vegetable products,"Parsnip roots, PROCESS Baking",45.4,45.4,45.4,45.4,45.4,45.4,45.4
Vegetables and vegetable products,"Parsnip roots, PROCESS Cooking in water",48,45.4,44,45.4,50,48,50
Vegetables and vegetable products,"Parsnip roots, PROCESS Frying",45.4,45.4,45.4,45.4,45.4,45.4,45.4
Vegetables and vegetable products,"Parsnip roots, PROCESS Steaming",48,45.4,44,45.4,50,48,50
Vegetables and vegetable products,Pearl oyster mushrooms,0.1,12,12,12,29,0.1,29
Vegetables and vegetable products,"Pearl oyster mushrooms, PROCESS Baking",17.2,17.2,17.2,17.2,17.2,17.2,17.2
Vegetables and vegetable products,"Pearl oyster mushrooms, PROCESS Cooking in water",13,13,13,13,13,13,13
Vegetables and vegetable products,"Pearl oyster mushrooms, PROCESS Steaming",13,13,13,13,13,13,13
Vegetables and vegetable products,Peas (with pods) and similar-,20,25.6,20,25.6,54,20,54
Vegetables and vegetable products,"Peas (with pods) and similar-, PROCESS Cooking in water",21,21,21,21,41,21,41
Vegetables and vegetable products,"Peas (with pods) and similar-, PROCESS Frying",,28.1,28.1,28.1,28.1,,28.1
Vegetables and vegetable products,"Peas (with pods) and similar-, PROCESS Steaming",21,21,21,21,41,21,41
Vegetables and vegetable products,Peas shoots and sprouts,56,56,56,56,56,56,56
Vegetables and vegetable products,Pickled / marinated vegetables,16,21,21,35,16,16,16
Vegetables and vegetable products,Pumpkins,25,22,22,20,29,25,29
Vegetables and vegetable products,"Pumpkins, PROCESS Baking",24,25.9,24,25.9,25.9,24,24
Vegetables and vegetable products,"Pumpkins, PROCESS Cooking in water",19,23,19,23,23,19,23
Vegetables and vegetable products,"Pumpkins, PROCESS Steaming",24,25.9,24,25.9,23,24,23
Vegetables and vegetable products,Purslanes,18,65,95,65,125,18,125
Vegetables and vegetable products,Purslanes and similar-,95,65,95,65,125,95,125
Vegetables and vegetable products,Radish sprouts,131,131,35,131,131,131,131
Vegetables and vegetable products,"Radish sprouts, PROCESS Cooking in water",106,106,106,106,106,106,106
Vegetables and vegetable products,"Radish sprouts, PROCESS Steaming",67,67,67,67,67,67,67
Vegetables and vegetable products,Radishes and similar-,41,37.8,41,39,30,41,19
Vegetables and vegetable products,"Radishes and similar-, PROCESS Cooking in water",42,42,42,42,42,42,42
Vegetables and vegetable products,"Radishes and similar-, PROCESS Steaming",24.1,42,42,42,24.1,24.1,42
Vegetables and vegetable products,Red mustard leaves,129,84,129,84,84,129,84
Vegetables and vegetable products,Rhubarbs,75,66,66,66,40,140,93
Vegetables and vegetable products,"Rhubarbs, PROCESS Cooking in water",70,70,70,70,33,70,35
Vegetables and vegetable products,"Rhubarbs, PROCESS Steaming",44.3,70,70,70,33,44.3,35
Vegetables and vegetable products,Roman rocket,160,160,160,309,271,160,271
Vegetables and vegetable products,Roman rocket and similar-,160,160,160,309,271,160,271
Vegetables and vegetable products,Rosemary,211,211,211,370,370,211,370
Vegetables and vegetable products,Sage,266,266,266,600,600,266,600
Vegetables and vegetable products,Salsifies,53,53,53,53,60,53,42
Vegetables and vegetable products,"Salsifies, PROCESS Cooking in water",47,34,47,34,60,47,38
Vegetables and vegetable products,"Salsifies, PROCESS Steaming",50,47,47,47,60,50,38
Vegetables and vegetable products,Sauerkraut,39.1,48,48,48,62,39.1,
Vegetables and vegetable products,"Sauerkraut, PROCESS Baking",53,53,53,53,53,53,53
Vegetables and vegetable products,"Sauerkraut, PROCESS Cooking in water",42,36.9,51,36.9,46,42,50
Vegetables and vegetable products,"Sauerkraut, PROCESS Steaming",51,36.9,51,36.9,46,51,50
Vegetables and vegetable products,Shallots,37,31,37,24,29,37,24
Vegetables and vegetable products,"Shallots, PROCESS Baking",8.87,8.87,8.87,8.87,8.87,8.87,8.87
Vegetables and vegetable products,"Shallots, PROCESS Cooking in water",24,24,24,24,24,24,24
Vegetables and vegetable products,"Shallots, PROCESS Frying",26,26,26,26,26,26,26
Vegetables and vegetable products,Shiitake,0.4,3,3,3,3,0.4,3
Vegetables and vegetable products,"Shiitake, PROCESS Baking",3,3,3,3,3,3,3
Vegetables and vegetable products,"Shiitake, PROCESS Cooking in water",3,3,3,3,3,3,3
Vegetables and vegetable products,"Shiitake, PROCESS Frying",18,18,18,18,18,18,18
Vegetables and vegetable products,"Shiitake, PROCESS Steaming",3,3,3,3,3,3,3
Vegetables and vegetable products,Sorrel,58,44,58,44,44,58,58
Vegetables and vegetable products,Soyabeans sprouts,48,32,32,48,32,32,32
Vegetables and vegetable products,"Soyabeans sprouts, PROCESS Cooking in water",33,33,33,33,33,33,33
Vegetables and vegetable products,"Soyabeans sprouts, PROCESS Steaming",33,33,33,33,33,33,33
Vegetables and vegetable products,Spinaches,88,92.7,117,78,105,93,170
Vegetables and vegetable products,Spinaches and similar-,88,92.7,117,92.7,105,88,170
Vegetables and vegetable products,"Spinaches and similar-, PROCESS Baking",129,129,129,129,129,129,129
Vegetables and vegetable products,"Spinaches and similar-, PROCESS Cooking in water",124,196,124,196,84,124,120
Vegetables and vegetable products,"Spinaches and similar-, PROCESS Steaming",123,196,123,196,84,123,120
Vegetables and vegetable products,"Spinaches, PROCESS Baking",18,196,129,196,196,18,129
Vegetables and vegetable products,"Spinaches, PROCESS Cooking in water",51,196,124,196,84,51,120
Vegetables and vegetable products,"Spinaches, PROCESS Steaming",18,196,123,196,84,18,120
Vegetables and vegetable products,Spirulina,325,70,70,70,325,325,70
Vegetables and vegetable products,Spring onions,140,140,140,51,91,140,39
Vegetables and vegetable products,"Spring onions, PROCESS Baking",153,153,153,153,153,153,153
Vegetables and vegetable products,"Spring onions, PROCESS Cooking in water",148,148,148,148,50,148,50
Vegetables and vegetable products,"Spring onions, PROCESS Frying",5.78,5.78,5.78,5.78,5.78,5.78,5.78
Vegetables and vegetable products,"Spring onions, PROCESS Steaming",50,50,50,50,50,50,50
Vegetables and vegetable products,"Sprouts, shoots and similar",,4,4,4,40,,20
Vegetables and vegetable products,"Sprouts, shoots and similar, PROCESS Cooking in water",33,33,33,33,40,33,19
Vegetables and vegetable products,"Sprouts, shoots and similar, PROCESS Steaming",32,33,33,33,40,32,19
Vegetables and vegetable products,Sun-dried tomatoes,47,33,33,110,110,69,31
Vegetables and vegetable products,"Sunflower shoots and sprouts, PROCESS Steaming",2,2,2,2,2,2,2
Vegetables and vegetable products,Swedes,35,48,48,48,80,30.8,53
Vegetables and vegetable products,"Swedes, PROCESS Baking",48,48,48,48,48,48,48
Vegetables and vegetable products,"Swedes, PROCESS Cooking in water",35.7,48,48,48,80,,26
Vegetables and vegetable products,"Swedes, PROCESS Steaming",35.7,50,50,50,80,,26
Vegetables and vegetable products,Sweet corn,2,2,2,15,52,2,3
Vegetables and vegetable products,Sweet corn canned,6.76,4.3,2,4,6.76,6.76,4
Vegetables and vegetable products,"Sweet corn, PROCESS Baking",2,2,2,2,2,2,2
Vegetables and vegetable products,"Sweet corn, PROCESS Cooking in water",2,4.3,2,4.3,11,3,3
Vegetables and vegetable products,"Sweet corn, PROCESS Steaming",2,2,2,2,11,3,3
Vegetables and vegetable products,Sweet peppers,8.6,13,10,17,7,8.6,8
Vegetables and vegetable products,"Sweet peppers, PROCESS Baking",8.4,9,9,9,8.4,8.4,9
Vegetables and vegetable products,"Sweet peppers, PROCESS Cooking in water",,9,11,9,9,11,9
Vegetables and vegetable products,"Sweet peppers, PROCESS Frying",10,10,10,,10,,10
Vegetables and vegetable products,"Sweet peppers, PROCESS Steaming",,9,10,9,9,10,9
Vegetables and vegetable products,Tarragon,170,170,170,170,170,170,170
Vegetables and vegetable products,Thyme,19.9,1890,307,1890,19.9,19.9,630
Vegetables and vegetable products,Tigernuts,48,48,48,48,48,48,48
Vegetables and vegetable products,"Tigernuts, PROCESS Steaming",47.4,47.4,47.4,47.4,47.4,47.4,47.4
Vegetables and vegetable products,Tomato puree,11.3,34,48,16,35,15,35
Vegetables and vegetable products,Tomatoes and similar-,9,8.91,9,9,9,6.1,7
Vegetables and vegetable products,"Tomatoes and similar-, PROCESS Baking",14,32.7,10,32.7,14,14,20
Vegetables and vegetable products,"Tomatoes and similar-, PROCESS Cooking in water",26,14.8,11,14.8,10,26,10
Vegetables and vegetable products,"Tomatoes and similar-, PROCESS Steaming",9,9,9,9,10,9,10
Vegetables and vegetable products,Truffles,24,17.2,24,24,17.2,24,24
Vegetables and vegetable products,Turnips,35,45.4,45,40,48,35,48
Vegetables and vegetable products,"Turnips, PROCESS Baking",45,47.9,45,47.9,47.9,45,45
Vegetables and vegetable products,"Turnips, PROCESS Cooking in water",,47.9,45,47.9,45,,45
Vegetables and vegetable products,"Turnips, PROCESS Steaming",,47.9,45,47.9,20,,45
Vegetables and vegetable products,Vietnamese mint,110,110,110,110,110,110,110
Vegetables and vegetable products,Wakame,168,168,168,660,168,168,168
Vegetables and vegetable products,"Wakame, PROCESS Cooking in water",103,103,103,103,103,103,103
Vegetables and vegetable products,"Wakame, PROCESS Steaming",103,103,103,103,103,103,103
Vegetables and vegetable products,Watercresses,18,55.1,180,170,60,18,170
Vegetables and vegetable products,Watercresses and similar-,180,55.1,180,170,170,180,170
Vegetables and vegetable products,Watermelons,7,4,7,7,10,8,7
Vegetables and vegetable products,White ginger,116,116,116,116,116,116,116
Vegetables and vegetable products,Winter savory,349,349,349,349,349,349,349
Vegetables and vegetable products,Witloofs,26,26.1,26,18,22,26,21
Vegetables and vegetable products,"Witloofs, PROCESS Baking",28,45.9,28,45.9,45.9,28,28
Vegetables and vegetable products,"Witloofs, PROCESS Cooking in water",27,27,27,27,24,27,20
Vegetables and vegetable products,"Witloofs, PROCESS Steaming",27,45.9,27,45.9,24,27,20
Water and water-based beverages,Bottled drinking water,4.7,11.7,7,11.7,6,4.7,6
Water and water-based beverages,"Cola beverages, caffeinic",3,1,4,5,5,3,6
Water and water-based beverages,"Cola beverages, decaffeinated",3,4,4,4,2,3,2
Water and water-based beverages,"Cola mix, flavoured cola",2,1,12,5,1,12,12
Water and water-based beverages,Cola-type drinks,6,6.5,4,6.5,5,6,6
Water and water-based beverages,Diet soft drink with caffeine,5,,4,,5,4,5
Water and water-based beverages,Diet soft drinks with flavours,8,2,21,5,,8,
Water and water-based beverages,Diet soft drinks with fruit juice,,,19,,,,
Water and water-based beverages,Energy drinks,2.7,6.5,4,6.5,5,,5
Water and water-based beverages,Filtered tap water,,7,7,7,,7,
Water and water-based beverages,Flavoured bottled water,6,11.7,6,11.7,11.7,6,6
Water and water-based beverages,"Flavoured bottled water, FORT Combination of vitamin and mineral only supplements",6,6,6,6,6,6,6
Water and water-based beverages,"Flavoured bottled water, FORT Mineral only supplements",6,6,6,6,2,6,2
Water and water-based beverages,"Flavoured bottled water, FORT Vitamin only supplements",6,6,6,6,6,6,6
Water and water-based beverages,Fortified bottled water,,6,6,6,2,,2
Water and water-based beverages,"Fruit soft drink, currant red",13,13,13,13,5,13,5
Water and water-based beverages,"Fruit soft drink, gooseberry",5,5,5,5,5,5,5
Water and water-based beverages,"Fruit soft drink, grape red",10,10,10,10,5,10,5
Water and water-based beverages,"Fruit soft drink, grape white",10,10,10,10,5,10,5
Water and water-based beverages,"Fruit soft drink, grapefruit",19,19,19,19,5,19,5
Water and water-based beverages,"Fruit soft drink, mixed fruit",3,3,7,3,5,3,7
Water and water-based beverages,"Fruit soft drink, orange",19,5,19,5,5,19,5
Water and water-based beverages,"Fruit soft drink, pear",5,5,5,5,5,5,5
Water and water-based beverages,"Fruit soft drink, pineapple",5,5,5,5,5,5,5
Water and water-based beverages,"Fruit soft drink, plum",5,5,5,5,5,5,5
Water and water-based beverages,"Fruit soft drink, raspberry",5,5,5,5,5,5,5
Water and water-based beverages,Isotonic and sport drinks,2,,9,,7,2,7
Water and water-based beverages,Liquid drink bases (including concentrates and home-made preparations),16,16,16,16,,16,9
Water and water-based beverages,Natural mineral water,,23,10,23,8,,8
Water and water-based beverages,Powdered drink bases,84,84,84,84,84,84,84
Water and water-based beverages,Soft drink with bitter principle,19,7,19,1,,19,1
Water and water-based beverages,"Soft drink, apple flavour",2,2,2,2,2,2,2
Water and water-based beverages,"Soft drink, cherry flavour",2,2,2,2,2,2,2
Water and water-based beverages,"Soft drink, flavoured with herbs",2,2,2,2,2,2,2
Water and water-based beverages,"Soft drink, flavoured, no fruit",2,,5,,2,2,5
Water and water-based beverages,"Soft drink, lemon flavour",2,19,19,19,2,2,5
Water and water-based beverages,"Soft drink, lime flavour",19,1,19,1,2,19,2
Water and water-based beverages,"Soft drink, mixed flavours",5,20,5,20,2,5,3
Water and water-based beverages,"Soft drink, orange flavour",5,19,19,11,2,19,2
Water and water-based beverages,"Soft drink, with fruit juice (fruit content below the minimum for nectars)",20,3,19,3,5,20,7
Water and water-based beverages,Tap water,3,7.1,7,10,6,4,6
