Food class level 1,Food (FoodEx2 description),Finland,France,Germany,Italy,Netherlands,Sweden,United Kingdom
"Additives,flavours, baking and processing aids","Artificial sweeteners (e.g., aspartam, saccharine)",,,0,,,0,0
"Additives,flavours, baking and processing aids",Aspartame,0,0,0,,0,0,0
"Additives,flavours, baking and processing aids",Baking yeast,640,2000,640,610,610,610,2000
"Additives,flavours, baking and processing aids",Cyclamate,0,0,0,0,0,0,0
"Additives,flavours, baking and processing aids",Flavour enhancer,0,0,0,0,0,0,0
"Additives,flavours, baking and processing aids",Modified starch,5,5,5,5,5,5,5
"Additives,flavours, baking and processing aids",Preparations for gelling home-made food,320,320,320,320,320,320,320
"Additives,flavours, baking and processing aids",Preparations for pickling vegetables,0,0,0,0,0,0,0
"Additives,flavours, baking and processing aids",Preparations for raising and flavouring home-made bakery,49,49,49,49,49,49,49
"Additives,flavours, baking and processing aids",Saccharine,4,,,,4,4,
"Additives,flavours, baking and processing aids",Vanilla essence,,,,148,,,
"Additives,flavours, baking and processing aids",Vanilla pods extract,500,500,500,500,500,500,500
Alcoholic beverages,Alcopop and flavoured wine,,1,1,1,5,,5
Alcoholic beverages,Ale beer,49,49,49,39,33,49,33
Alcoholic beverages,"Beer, alcohol-free",33,24,40,56,28,,44
Alcoholic beverages,"Beer, light",30,21.5,48,33,28,23,33
Alcoholic beverages,"Beer, regular",40,37.5,55,35,54,26,39
Alcoholic beverages,"Beer, strong",50,64,40,48,53,36,110
Alcoholic beverages,Brandy,,1.9,2,,,,
Alcoholic beverages,Champagne-like wine,,57,70,56,57,,57
Alcoholic beverages,Chocolate liqueur,30,30,30,30,,30,
Alcoholic beverages,Cider,72,118,97,72,93,17,72
Alcoholic beverages,Cocktail drink,155.1,85.4,51,85.4,85.4,,51
Alcoholic beverages,Coffee liqueur,30,30,30,30,,30,
Alcoholic beverages,Cream liqueur,17.4,17,17,19,33,17.4,19
Alcoholic beverages,Egg liqueur,14,14,14,,52,14,52
Alcoholic beverages,Fruit liqueur,,2,2,2,,,
Alcoholic beverages,Gin,,,,2,,,
Alcoholic beverages,Herb liqueur,,4,,4,,,
Alcoholic beverages,Ice wine,110,110,110,110,110,110,110
Alcoholic beverages,Lager beer,30,37.5,55,37.5,30,30,39
Alcoholic beverages,Low-malt beers,50,50,50,50,50,50,50
Alcoholic beverages,Madeira,93,90,90,90,100,93,100
Alcoholic beverages,Mixed beer drinks,19,19,19,19,19,19,19
Alcoholic beverages,Noble rot wine,110,110,110,110,110,110,110
Alcoholic beverages,Port,93,89.5,75,97,97,93,97
Alcoholic beverages,Raisin wine,93,93,93,93,93,93,93
Alcoholic beverages,Red or rosé sparkling wine,73,73,73,73,73,73,73
Alcoholic beverages,Rum,,2,2,2,,,41
Alcoholic beverages,Shandy,19,18.8,19,18.8,6,19,6
Alcoholic beverages,Sherry,93,89.5,57,55,64,115,55
Alcoholic beverages,Spirits made from stone fruits,2,2,2,34,2,2,2
Alcoholic beverages,Stout beer,45,45,45,48,48,45,48
Alcoholic beverages,Tequila and similar spirits,2,2,2,2,2,2,2
Alcoholic beverages,Vermouth,93,50,40,30,18,93,34
Alcoholic beverages,Vodka and vodka-like spirits,,1,1,1,1,,41
Alcoholic beverages,Wheat beer,21,21,21,21,21,21,21
Alcoholic beverages,Whisky,,2.3,3,,3,,
Alcoholic beverages,"Wine, red",100,110,89,61,70,110,110
Alcoholic beverages,"Wine, rosé",,87,73,75,75,,75
Alcoholic beverages,"Wine, white",61,76,95,61,86,70,81
Animal and vegetable fats and oils,Beef tallow (including processed suet),,6,6,6,,,
Animal and vegetable fats and oils,Blended fat and oils,18,50,50,50,15,18,15
Animal and vegetable fats and oils,"Blended fat and oils, QUAL Half fat or medium fat",40,208,208,208,208,40,208
Animal and vegetable fats and oils,"Blended fat and oils, QUAL Low fat (naturally or reduced)",145,260,260,260,260,145,260
Animal and vegetable fats and oils,"Blended fat and oils, QUAL Low sodium / reduced salt",50,50,50,50,50,50,50
Animal and vegetable fats and oils,Blended frying oil/fats,19.5,,,,,19.5,
Animal and vegetable fats and oils,Blended margarine,20,5,42,5,38,20,43
Animal and vegetable fats and oils,"Blended margarine, QUAL Half fat or medium fat",27,7,49,7,49,27,49
Animal and vegetable fats and oils,"Blended margarine, QUAL Low fat (naturally or reduced)",49,87,49,87,87,49,49
Animal and vegetable fats and oils,"Blended margarine, QUAL Low sodium / reduced salt",6,6,6,6,6,6,6
Animal and vegetable fats and oils,Butter,18,13,16,15,27,15,27
Animal and vegetable fats and oils,Butter and margarine/oil blends,,15,15,15,15,,15
Animal and vegetable fats and oils,"Butter and margarine/oil blends, QUAL Half fat or medium fat",32,32,32,32,32,32,32
Animal and vegetable fats and oils,"Butter and margarine/oil blends, QUAL Low fat (naturally or reduced)",32,32,32,32,32,32,32
Animal and vegetable fats and oils,Butter oil,18,3,3,3,18,18,18
Animal and vegetable fats and oils,"Butter, QUAL Half fat or medium fat",,,160,,32,,32
Animal and vegetable fats and oils,"Butter, QUAL Low fat (naturally or reduced)",20,80,160,80,32,160,32
Animal and vegetable fats and oils,Cocoa butter,,1,1,,,,1
Animal and vegetable fats and oils,Coconut oil/fat,0,0,0,,0,0,0
Animal and vegetable fats and oils,Cod liver oil,,,1,,,,1
Animal and vegetable fats and oils,"Cotton seed oil, edible",,1,1,1,,,1
Animal and vegetable fats and oils,Functional vegetable margarines/fats,,43,43,43,43,,43
Animal and vegetable fats and oils,"Functional vegetable margarines/fats, QUAL Half fat or medium fat",18.5,,,,,18.5,
Animal and vegetable fats and oils,Ghee,3,3,3,3,1,3,1
Animal and vegetable fats and oils,Grape seed oil,,,1,,,,1
Animal and vegetable fats and oils,Herring oil,30,30,30,30,30,30,30
Animal and vegetable fats and oils,Linseed oil,,1,1,1,,,1
Animal and vegetable fats and oils,"Maize oil, edible",,,1,,,1,
Animal and vegetable fats and oils,"Olive oil, refined",,1,1,,,,
Animal and vegetable fats and oils,"Olive oil, virgin or extra-virgin",1,,1,,,1,
Animal and vegetable fats and oils,"Palm kernel oil, edible",,1,1,1,,,1
Animal and vegetable fats and oils,Palm oil/fat,,1,1,,,,1
Animal and vegetable fats and oils,"Peanut oil, edible",,,1,,,,
Animal and vegetable fats and oils,Pork lard,1,1,1,1,,1,1
Animal and vegetable fats and oils,"Poultry fats, processed",,,1,,,,1
Animal and vegetable fats and oils,Pumpkin seed oil,1,1,1,1,1,1,1
Animal and vegetable fats and oils,"Rape seed oil, edible",,,1,,,,1
Animal and vegetable fats and oils,"Safflower seed oil, edible",,2,2,2,,,1
Animal and vegetable fats and oils,"Sesame seed oil, edible",,20,20,20,,,20
Animal and vegetable fats and oils,Shortening and similar baking fats,,5,1,5,42,,5
Animal and vegetable fats and oils,"Shortening and similar baking fats, QUAL Half fat or medium fat",42,7,42,7,42,42,42
Animal and vegetable fats and oils,"Shortening and similar baking fats, QUAL Low fat (naturally or reduced)",80,80,80,80,80,80,80
Animal and vegetable fats and oils,"Shortening and similar baking fats, QUAL Low sodium / reduced salt",42,42,42,42,42,42,42
Animal and vegetable fats and oils,"Soya bean oil, refined",,,1,,,,
Animal and vegetable fats and oils,Spreadable vegetable fat-deprecated,,,6,5,42,,43
Animal and vegetable fats and oils,"Spreadable vegetable fat-deprecated, QUAL Half fat or medium fat",15.6,7,14,7,84,15.6,84
Animal and vegetable fats and oils,"Spreadable vegetable fat-deprecated, QUAL Low fat (naturally or reduced)",12.1,14,14,14,50,12.1,50
Animal and vegetable fats and oils,"Spreadable vegetable fat-deprecated, QUAL Low sodium / reduced salt",6,6,6,6,42,6,42
Animal and vegetable fats and oils,"Sunflower seed oil, edible",,,1,,,,
Animal and vegetable fats and oils,Tallow from other animals,4,4,4,4,4,4,4
Animal and vegetable fats and oils,Traditional margarine,,5,6,5,42,,5
Animal and vegetable fats and oils,"Traditional margarine, QUAL Half fat or medium fat",7,14,14,14,84,7,84
Animal and vegetable fats and oils,"Traditional margarine, QUAL Low fat (naturally or reduced)",23.9,56,14,7,50,7,13
Animal and vegetable fats and oils,"Traditional margarine, QUAL Low sodium / reduced salt",6,6,6,6,42,6,42
Animal and vegetable fats and oils,Walnut oil,,,1,,,,1
Animal and vegetable fats and oils,Wheat germ oil,,1,1,,,,1
"Coffee, cocoa, tea and infusions",Camomile infusion,9,9,9,9,9,9,9
"Coffee, cocoa, tea and infusions",Chicory coffee infusion,34,162,34,162,32,34,32
"Coffee, cocoa, tea and infusions",Chicory coffee ingredient,700,,700,,75,700,75
"Coffee, cocoa, tea and infusions",Cocoa beans (fermented or dried),3660,3660,3660,3660,3660,3660,3660
"Coffee, cocoa, tea and infusions",Cocoa beverages,188,227,165,227,205,188,178
"Coffee, cocoa, tea and infusions","Cocoa beverages, QUAL Low / Reduced sugar",156,156,156,156,174,156,174
"Coffee, cocoa, tea and infusions","Cocoa beverages, QUAL Sugar free",98,156,156,156,206,156,206
"Coffee, cocoa, tea and infusions",Cocoa mass,3660,3373,3660,3373,3373,3660,3660
"Coffee, cocoa, tea and infusions",Cocoa powder,3490,,3660,,4000,3490,1500
"Coffee, cocoa, tea and infusions","Cocoa powder, QUAL Low / Reduced sugar",3660,3660,3660,3660,3660,3660,3660
"Coffee, cocoa, tea and infusions","Cocoa powder, QUAL Sugar free",3660,3660,3660,3660,3660,3660,3660
"Coffee, cocoa, tea and infusions",Coffee (average strenght) beverage,,51,66,115,78,,92
"Coffee, cocoa, tea and infusions",Coffee (weak strenght) beverage,51,51,51,49,78,51,64
"Coffee, cocoa, tea and infusions","Coffee beans, roasted",2020,2020,2020,2020,2020,2020,2020
"Coffee, cocoa, tea and infusions",Coffee beverage decaffeinated,36,140,66,115,36,36,66
"Coffee, cocoa, tea and infusions","Coffee drink, café macchiato",147,147,147,147,147,147,147
"Coffee, cocoa, tea and infusions","Coffee drink, cappuccino",103,103,103,103,96,103,96
"Coffee, cocoa, tea and infusions",Coffee espresso (beverage),115,183,115,115,78,115,120
"Coffee, cocoa, tea and infusions","Coffee ground, roasted",2020,2020,2020,2020,2020,2020,2020
"Coffee, cocoa, tea and infusions","Coffee ground, roasted and decaffeinated",2020,2020,2020,2020,2020,2020,2020
"Coffee, cocoa, tea and infusions",Coffee with milk or cream,68,108,68,108,94,68,10
"Coffee, cocoa, tea and infusions",Fermented tea infusion,37,25.5,17,27,8,37,44
"Coffee, cocoa, tea and infusions",Flowers used for herbal infusions,370,370,370,370,370,370,370
"Coffee, cocoa, tea and infusions",Fruit infusion,14,9,9,9,9,14,9
"Coffee, cocoa, tea and infusions",Herbal infusion materials from leaves and herbs,1490,1490,1490,1490,1490,1490,1490
"Coffee, cocoa, tea and infusions",Hot chocolate,177.3,197,165,197,205,177.3,178
"Coffee, cocoa, tea and infusions",Hot chocolate with added ingredients,236,236,236,236,236,236,236
"Coffee, cocoa, tea and infusions","Hot chocolate with added ingredients, QUAL Sugar free",156,156,156,156,156,156,156
"Coffee, cocoa, tea and infusions","Hot chocolate, QUAL Low / Reduced sugar",165,165,165,165,174,165,174
"Coffee, cocoa, tea and infusions","Hot chocolate, QUAL Sugar free",156,156,156,156,206,156,206
"Coffee, cocoa, tea and infusions",Instant coffee (beverage),30,31.5,36,33,137,30,33
"Coffee, cocoa, tea and infusions",Instant coffee powder,,3845,3900,3780,4000,4000,3780
"Coffee, cocoa, tea and infusions","Instant coffee powder, decaffeinated",3501,3501,3501,3501,3501,3501,3501
"Coffee, cocoa, tea and infusions","Instant coffee powder, decaffeinated, QUAL Low / Reduced sugar",3501,3501,3501,3501,3501,3501,3501
"Coffee, cocoa, tea and infusions","Instant coffee powder, decaffeinated, QUAL Sugar free",3501,3501,3501,3501,3501,3501,3501
"Coffee, cocoa, tea and infusions","Instant coffee powder, QUAL Low / Reduced sugar",,3900,3900,3900,,,3900
"Coffee, cocoa, tea and infusions","Instant coffee powder, QUAL Sugar free",,3900,3900,3900,,,3900
"Coffee, cocoa, tea and infusions",Jasmine infusion,9,9,9,9,9,9,9
"Coffee, cocoa, tea and infusions",Malt coffee infusion,41,41,41,41,41,41,41
"Coffee, cocoa, tea and infusions",Mixed coffee imitates,700,2800,700,2800,2800,700,700
"Coffee, cocoa, tea and infusions",Non-fermented tea leaves (green or white tea),1490,1490,1490,1490,1490,1490,1490
"Coffee, cocoa, tea and infusions","Non-fermented tea, infusion",14,25.5,17,25.5,20,,20
"Coffee, cocoa, tea and infusions",Rooibos infusion,9,9,9,9,9,9,9
"Coffee, cocoa, tea and infusions",Tea infusion with added flavouring ingredients,14.2,,,,14.2,,
"Coffee, cocoa, tea and infusions",Tea leaves and stalks decaffeinated,1490,1490,1490,2160,1490,1490,1490
"Coffee, cocoa, tea and infusions",Tea leaves and stalks with fruit and flavours,370,370,370,370,370,370,370
"Coffee, cocoa, tea and infusions","Tea leaves and stalks, fermented",2160,1490,1490,2160,2160,2160,1490
"Coffee, cocoa, tea and infusions",Tea powder ingredients and extracts,6596,6596,6596,6596,6596,6596,6596
"Coffee, cocoa, tea and infusions","Tea, decaffeinated, infusion",17,17,17,27,17,17,17
Composite dishes,Beans and meat meal,245.8,256,274,256,276,245.8,276
Composite dishes,Beans and vegetables meal,,208,208,208,322,232,322
Composite dishes,Beef loaf,384.1,345,345,345,345,384.1,345
Composite dishes,Bouillabaisse,,196,196,196,196,,196
Composite dishes,Ceasar salad,321.8,321.8,321.8,321.8,321.8,321.8,321.8
Composite dishes,Cereal products and grains based soup,91,151,151,151,151,34.1,151
Composite dishes,Cheese omelette,117.7,107,148,107,103,117.7,103
Composite dishes,Cheese savoury pie,125,128,128,128,55,125,235
Composite dishes,Creamed vegetable mix,137,175,189,175,309,137,309
Composite dishes,Dairy/egg soup,20.6,77,77,77,77,,77
Composite dishes,Dolma,64.8,79,79,79,79,64.8,79
Composite dishes,"Dolma, PROCESS Baking",374.4,79,79,79,79,374.4,79
Composite dishes,"Dolma, PROCESS Cooking in water",162.3,79,79,79,146,162.3,194
Composite dishes,"Dolma, PROCESS Steaming",162.3,79,79,79,146,162.3,194
Composite dishes,Doner kebab,,401,206,401,260,202.43,260
Composite dishes,Finger food,154,154,154,154,154,154,154
Composite dishes,Fish and potatoes meal,372,337,337,337,297,372,297
Composite dishes,Fish and rice meal,385.6,149,126,149,277,260,277
Composite dishes,Fish and vegetables meal,360.3,276,276,276,223,,223
Composite dishes,Fish balls,686.4,238,238,238,238,,238
Composite dishes,"Fish balls, PROCESS Baking",226,226,226,226,226,226,226
Composite dishes,"Fish balls, PROCESS Cooking in water",326.4,226,226,226,110,326.4,110
Composite dishes,"Fish balls, PROCESS Frying",238,226,226,226,238,238,226
Composite dishes,"Fish balls, PROCESS Steaming",326.4,226,226,226,110,326.4,110
Composite dishes,"Fish fingers, breaded",,229,211,229,259,,290
Composite dishes,Fish gratin,249.2,229,229,229,229,,229
Composite dishes,Fish pâté,100,210,213,210,170,100,170
Composite dishes,Fish soup,246.2,140,155,140,140,246.2,155
Composite dishes,"Fish soup, INGRED Tap water",194,140,194,140,140,194,194
Composite dishes,Fishcakes,,332,233,332,247,,247
Composite dishes,Fried eggs,134.2,136,148,136,151,134.2,150
Composite dishes,Fruit soup,85,92,92,92,92,85,92
Composite dishes,Goulash,238,238,238,238,289,238,278
Composite dishes,Greek salad,183.6,169,169,169,148,183.6,148
Composite dishes,Hamburger with bread,284.8,181,241,181,210,193.69,210
Composite dishes,Hot dog with bread,,159,160,159,159,,160
Composite dishes,Hummus,,200,190,200,190,,190
Composite dishes,Lasagna,282,192,185,192,230,282,230
Composite dishes,Legume (beans) soup,215.4,144,204,144,334,171,97
Composite dishes,Legumes based dishes,485.7,205,124,205,370,485.7,370
Composite dishes,Meat and vegetable soup,261.7,76.1,57,76.1,119,261.7,195
Composite dishes,Meat balls,231.7,281,373,281,697,300,293
Composite dishes,Meat burger (no sandwich),251.4,373,373,373,295,251.4,380
Composite dishes,Meat in aspic,277,,277,,,277,277
Composite dishes,Meat loaf,373.1,171,171,171,310,,310
Composite dishes,"Meat loaf with cheese, vegetables or other",235.8,213,213,213,213,235.8,213
Composite dishes,Meat soup,188.9,27.7,67,41,119,188.9,93
Composite dishes,Meat stew,120.8,235,151,235,234,120.8,234
Composite dishes,Meat terrine,219,205,219,205,205,219,219
Composite dishes,Mixed green salad,251,166,275,284,300,275,165
Composite dishes,Mixed vegetable salad,317,242,238,284,300,317,210
Composite dishes,Mixed vegetables soup,198.5,193,172,193,41,198.5,110
Composite dishes,"Mixed vegetables, boiled",120,227,144,227,230,220,130
Composite dishes,"Mixed vegetables, braised",291,218,291,218,218,291,291
Composite dishes,"Mixed vegetables, fried",362.6,209,269,209,230,362.6,230
Composite dishes,"Mixed vegetables, grilled",,212,306,212,212,,306
Composite dishes,Moussaka,282.8,576,252,576,276,,276
Composite dishes,Mushroom based dishes,316,231,231,231,348,316,348
Composite dishes,Mushroom salad,261.1,292,294,292,292,261.1,294
Composite dishes,Mushroom soup,134,52.8,116,41,41,111,55
Composite dishes,Omelette with bacon,170,256,170,256,256,170,170
Composite dishes,Omelette with mushrooms,248,187,248,187,187,248,248
Composite dishes,Omelette with vegetables,249.3,186,157,186,211,,211
Composite dishes,"Omelette, plain",124.6,120,150,120,117,124.6,117
Composite dishes,Onion soup,102.4,38.3,13,43,41,26,103
Composite dishes,Paella,134.6,127,121,127,127,134.6,121
Composite dishes,Pasta based dishes (cooked),132.3,93,93,93,93,132.3,93
Composite dishes,"Pasta based dishes (cooked), PROCESS Baking",,114,114,114,114,,114
Composite dishes,"Pasta based dishes (cooked), PROCESS Cooking in water",86,86,86,86,86,86,86
Composite dishes,"Pasta based dishes (cooked), PROCESS Steaming",86,86,86,86,86,86,86
Composite dishes,"Pasta-based dishes, uncooked",262,262,262,262,262,262,262
Composite dishes,"Pasta-based dishes, uncooked, PROCESS Baking",46,46,46,46,46,46,46
Composite dishes,"Pasta-based dishes, uncooked, PROCESS Cooking in water",65.9,112,46,112,112,65.9,86
Composite dishes,"Pasta-based dishes, uncooked, PROCESS Steaming",65.9,46,46,46,112,65.9,86
Composite dishes,"Pasta, cooked, with cheese/cream",,87.1,141,87.1,87.1,141,141
Composite dishes,"Pasta, cooked, with vegetables",,84,85,84,84,,85
Composite dishes,"Pasta, cooked, with vegetables and cheese/cream",66,66,66,66,66,66,66
Composite dishes,"Pasta, filled with meat mix, cooked",262,262,262,262,262,262,262
Composite dishes,"Pasta, filled with meat mix, cooked, PROCESS Baking",46,46,46,46,46,46,46
Composite dishes,"Pasta, filled with meat mix, cooked, PROCESS Cooking in water",186.9,46,46,46,112,142,112
Composite dishes,"Pasta, filled with meat mix, cooked, PROCESS Steaming",46,46,46,46,112,46,112
Composite dishes,"Pasta, filled with vegetable mix, cooked",229,229,229,229,229,229,229
Composite dishes,"Pasta, filled with vegetable mix, cooked, PROCESS Cooking in water",145.2,86,86,86,112,,86
Composite dishes,"Pasta, filled with vegetable mix, cooked, PROCESS Steaming",86,86,86,86,112,86,86
Composite dishes,Pastas and rice (or other cereal) –based dishes,71,71,71,71,71,71,71
Composite dishes,"Pastas and rice (or other cereal) –based dishes, PROCESS Baking",180,180,180,,180,180,180
Composite dishes,"Pastas and rice (or other cereal) –based dishes, PROCESS Cooking in water",73,73,73,,73,73,73
Composite dishes,"Pastas and rice (or other cereal) –based dishes, PROCESS Steaming",219,219,219,,219,219,219
Composite dishes,Pizza and similar with cheese topping,,141,123,141,153,,202
Composite dishes,"Pizza and similar with cheese, and mushrooms",,161,161,161,153,,153
Composite dishes,"Pizza and similar with cheese, and vegetables",,144,144,144,153,,192
Composite dishes,"Pizza and similar with cheese, meat, and mushrooms",,,172,,159,,159
Composite dishes,"Pizza and similar with cheese, meat, and vegetables",,212,185,212,159,194,226
Composite dishes,"Pizza and similar with meat, and vegetables",194,172,172,172,159,194,159
Composite dishes,Poached eggs,139,133,139,133,130,139,130
Composite dishes,Pork meat loaf,396,396,396,396,396,396,396
Composite dishes,Potato casserole,499.5,231,231,231,318,499.5,318
Composite dishes,Potato croquettes,507.7,168,285,168,360,345,360
Composite dishes,Potato soup,244.1,192,112,192,166,244.1,166
Composite dishes,Potatoes and cheese meal,506.3,229,287,229,235,,235
Composite dishes,Potatoes and meat meal,368,217,308,217,224,370,224
Composite dishes,Potatoes and vegetables meal,198.5,269,269,269,238,198.5,238
Composite dishes,"Potatoes, meat, and vegetables meal",303.8,332,332,332,278,345,278
Composite dishes,Prepared fish salad,,234,322,234,188,,188
Composite dishes,Prepared legume (beans) salad,,250,144,250,190,,190
Composite dishes,Prepared meat salad,258.9,250,91,250,271,,271
Composite dishes,Prepared mixed egg/meat/fish/vegetable salad,,163,163,163,163,,163
Composite dishes,Prepared nut salad,248,182,182,182,300,248,300
Composite dishes,Prepared pasta salad,188.4,177,108,177,177,,108
Composite dishes,Prepared potato salad,472.3,254,306,254,220,472.3,206
Composite dishes,Prepared rice salad,222,121,93,121,121,222,93
Composite dishes,Quiche,222,117,222,117,141,222,201
Composite dishes,Ratatouille,324.8,262,185,262,282,,282
Composite dishes,Rice and meat meal,,46,46,46,58,,189
Composite dishes,Rice and vegetables meal,,71,71,71,58,,242
Composite dishes,"Rice based dishes cooked, PROCESS Baking",266,266,266,,266,266,266
Composite dishes,"Rice based dishes cooked, PROCESS Cooking in water",,121,121,121,121,,121
Composite dishes,"Rice based dishes cooked, PROCESS Steaming",,74,74,74,74,,74
Composite dishes,Rice pudding,122.6,96,97,96,130,,130
Composite dishes,"Rice, meat, and vegetables meal",,74,52,74,58,,58
Composite dishes,Risotto,70,,,,230,70,230
Composite dishes,Roesti,606.6,550,309,550,201,,201
Composite dishes,Sandwich and sandwich-like dishes,129,167,129,167,167,129,129
Composite dishes,Sandwich with cheese and vegetable topping/filling,187.7,189,189,189,189,187.7,189
Composite dishes,Sandwich with cheese topping/filling,110.4,115,123,115,106,303,106
Composite dishes,Sandwich with fish and vegetable topping/filling,201,160,159,160,160,201,159
Composite dishes,Sandwich with fish topping/filling,,160,159,160,151,,151
Composite dishes,Sandwich with meat and vegetable topping/filling,167.3,162,254,162,180,167.3,180
Composite dishes,Sandwich with processed meat topping/filling,224.7,141,172,141,191,224.7,191
Composite dishes,Sausage roll,160,160,160,160,160,160,160
Composite dishes,Seafood salad,241.1,206,206,206,188,,160
Composite dishes,Seafood-based meals,,159,195,159,277,58.3,277
Composite dishes,Spring rolls,68.4,160,189,160,166,,117
Composite dishes,Tomato soup,150.4,170,,,,133,190
Composite dishes,Vegetable casserole,361.5,154,154,154,318,361.5,318
Composite dishes,Vegetable soufflé,,226,226,226,226,226,226
Composite dishes,"Vegetables, gratinated",357.6,175,226,175,238,,238
Eggs and egg products,Boiled eggs,130,126,140,126,141,131.6,130
Eggs and egg products,Duck eggs,222,150,150,129,222,222,190
Eggs and egg products,"Duck eggs, PROCESS Cooking in water",143,143,143,143,143,143,143
Eggs and egg products,Eggs from other eggs producer birds,124,140,140,140,140,140,140
Eggs and egg products,"Eggs from other eggs producer birds, PROCESS Cooking in water",200,200,200,200,200,200,200
Eggs and egg products,Geese eggs,210,210,210,210,210,210,210
Eggs and egg products,"Geese eggs, PROCESS Cooking in water",200,200,200,200,200,200,200
Eggs and egg products,Hen egg mixed whole,130,104,147,133,145,132.34,145
Eggs and egg products,"Hen egg mixed whole, dried",493,490,490,556,600,493,600
Eggs and egg products,Hen egg white,137,147,154,135,142,137,150
Eggs and egg products,"Hen egg white, dried",1125,1070,1070,1070,1125,1125,1230
Eggs and egg products,Hen egg yolk,120,99.7,138,90,102,108.2,120
Eggs and egg products,"Hen egg yolk, dried",244,267,267,267,244,244,267
Eggs and egg products,Hen eggs,130,104,147,133,145,130,130
Eggs and egg products,"Hen eggs, PROCESS Cooking in water",130,126,140,126,141,130,130
Eggs and egg products,"Hen eggs, PROCESS Frying",134.2,136,150,136,151,134.2,150
Eggs and egg products,Quail eggs,130,147,147,147,147,130,147
Eggs and egg products,"Quail eggs, PROCESS Cooking in water",140,140,140,140,140,140,140
"Fish, seafood, amphibians, reptiles and invertebrates",Amphibians and Reptiles,310,310,310,310,310,310,310
"Fish, seafood, amphibians, reptiles and invertebrates",Anchovies,190,270,278,278,165,190,278
"Fish, seafood, amphibians, reptiles and invertebrates","Anchovies, PROCESS Baking",283,283,283,283,283,283,283
"Fish, seafood, amphibians, reptiles and invertebrates","Anchovies, PROCESS Cooking in water",145,263,263,263,263,145,263
"Fish, seafood, amphibians, reptiles and invertebrates","Anchovies, PROCESS Frying",283,283,283,283,283,283,283
"Fish, seafood, amphibians, reptiles and invertebrates","Anchovies, PROCESS Steaming",263,263,263,263,263,263,263
"Fish, seafood, amphibians, reptiles and invertebrates",Anglerfish and monkfish,366,235,235,400,300,235,300
"Fish, seafood, amphibians, reptiles and invertebrates","Anglerfish and monkfish, PROCESS Baking",235,235,235,235,430,235,430
"Fish, seafood, amphibians, reptiles and invertebrates","Anglerfish and monkfish, PROCESS Cooking in water",235,235,235,235,235,235,235
"Fish, seafood, amphibians, reptiles and invertebrates","Anglerfish and monkfish, PROCESS Frying",235,235,235,235,235,235,235
"Fish, seafood, amphibians, reptiles and invertebrates","Anglerfish and monkfish, PROCESS Steaming",235,235,235,235,235,235,235
"Fish, seafood, amphibians, reptiles and invertebrates",Atlantic salmon,,,396,310,396,,360
"Fish, seafood, amphibians, reptiles and invertebrates","Atlantic salmon, PROCESS Baking",399,399,399,399,489,399,430
"Fish, seafood, amphibians, reptiles and invertebrates","Atlantic salmon, PROCESS Cooking in water",,372,372,372,455,372,390
"Fish, seafood, amphibians, reptiles and invertebrates","Atlantic salmon, PROCESS Curing",,,,,,295,
"Fish, seafood, amphibians, reptiles and invertebrates","Atlantic salmon, PROCESS Frying",424.5,399,399,399,399,424.5,399
"Fish, seafood, amphibians, reptiles and invertebrates","Atlantic salmon, PROCESS Preserving with salt",390,367,367,,390,390,367
"Fish, seafood, amphibians, reptiles and invertebrates","Atlantic salmon, PROCESS Steaming",,390,372,390,455,372,390
"Fish, seafood, amphibians, reptiles and invertebrates","Atlantic salmon, PROD Farmed / cultivated / aquaculture",,303,,,,,
"Fish, seafood, amphibians, reptiles and invertebrates","Atlantic salmon, STATE Primal cuts / fillets / halves or quarters",390,,,,,,
"Fish, seafood, amphibians, reptiles and invertebrates",Barracudas,250,250,250,250,250,250,250
"Fish, seafood, amphibians, reptiles and invertebrates","Barracudas, PROCESS Baking",383,383,383,383,383,383,383
"Fish, seafood, amphibians, reptiles and invertebrates","Barracudas, PROCESS Cooking in water",380,380,380,380,380,380,380
"Fish, seafood, amphibians, reptiles and invertebrates","Barracudas, PROCESS Frying",383,383,383,383,383,383,383
"Fish, seafood, amphibians, reptiles and invertebrates","Barracudas, PROCESS Steaming",380,380,380,380,380,380,380
"Fish, seafood, amphibians, reptiles and invertebrates",Bogue,348,348,348,348,348,348,348
"Fish, seafood, amphibians, reptiles and invertebrates","Bream, silver",270,270,270,270,270,270,270
"Fish, seafood, amphibians, reptiles and invertebrates",Canned/jarred fish in brine-deprecated,,,316,,316,,230
"Fish, seafood, amphibians, reptiles and invertebrates","Canned/jarred fish in brine-deprecated, RACSOURCE Atlantic salmon",,,,300,,,
"Fish, seafood, amphibians, reptiles and invertebrates",Canned/jarred fish in oil-deprecated,470,353,283,301,291,470,260
"Fish, seafood, amphibians, reptiles and invertebrates","Canned/jarred fish in vinegar, pickles or sauces-deprecated",350,149,353,149,295,350,310
"Fish, seafood, amphibians, reptiles and invertebrates",Canned/jarred smoked fish in oil-deprecated,298,415,298,415,415,298,298
"Fish, seafood, amphibians, reptiles and invertebrates",Carps,400,400,400,286,400,400,400
"Fish, seafood, amphibians, reptiles and invertebrates","Carps, PROCESS Baking",408,337,408,337,337,408,408
"Fish, seafood, amphibians, reptiles and invertebrates","Carps, PROCESS Cooking in water",377,377,377,377,377,377,377
"Fish, seafood, amphibians, reptiles and invertebrates","Carps, PROCESS Frying",416,416,416,416,416,416,416
"Fish, seafood, amphibians, reptiles and invertebrates","Carps, PROCESS Steaming",377,377,377,377,377,377,377
"Fish, seafood, amphibians, reptiles and invertebrates",Catfishes (freshwater),,430,430,380,282,,280
"Fish, seafood, amphibians, reptiles and invertebrates","Catfishes (freshwater), PROCESS Baking",,445,445,445,445,,445
"Fish, seafood, amphibians, reptiles and invertebrates","Catfishes (freshwater), PROCESS Cooking in water",,441,441,441,320,,320
"Fish, seafood, amphibians, reptiles and invertebrates","Catfishes (freshwater), PROCESS Frying",,445,445,445,445,,445
"Fish, seafood, amphibians, reptiles and invertebrates","Catfishes (freshwater), PROCESS Steaming",,441,441,441,320,,320
"Fish, seafood, amphibians, reptiles and invertebrates",Clams,311,311,311,311,311,311,311
"Fish, seafood, amphibians, reptiles and invertebrates","Clams, cockles, arkshells",145,220,286,220,320,286,320
"Fish, seafood, amphibians, reptiles and invertebrates","Clams, cockles, arkshells, PROCESS Baking",294,294,294,294,294,294,294
"Fish, seafood, amphibians, reptiles and invertebrates","Clams, cockles, arkshells, PROCESS Cooking in water",,247,266,247,140,266,140
"Fish, seafood, amphibians, reptiles and invertebrates","Clams, cockles, arkshells, PROCESS Frying",294,294,294,294,294,294,294
"Fish, seafood, amphibians, reptiles and invertebrates","Clams, cockles, arkshells, PROCESS Steaming",,255,255,255,140,255,140
"Fish, seafood, amphibians, reptiles and invertebrates","Clams, PROCESS Baking",294,294,294,294,294,294,294
"Fish, seafood, amphibians, reptiles and invertebrates","Clams, PROCESS Cooking in water",266,236,266,236,236,266,266
"Fish, seafood, amphibians, reptiles and invertebrates","Clams, PROCESS Frying",294,294,294,294,294,294,294
"Fish, seafood, amphibians, reptiles and invertebrates","Clams, PROCESS Steaming",255,255,255,255,255,255,255
"Fish, seafood, amphibians, reptiles and invertebrates",Cockles,62,62,62,62,62,62,62
"Fish, seafood, amphibians, reptiles and invertebrates","Cockles, PROCESS Cooking in water",110,110,110,110,110,110,110
"Fish, seafood, amphibians, reptiles and invertebrates","Cockles, PROCESS Steaming",110,110,110,110,110,110,110
"Fish, seafood, amphibians, reptiles and invertebrates",Cod,340,,,320,262,340,340
"Fish, seafood, amphibians, reptiles and invertebrates",Cod liver,130,130,130,130,130,130,130
"Fish, seafood, amphibians, reptiles and invertebrates",Cod roe,264,200,200,200,264,264,170
"Fish, seafood, amphibians, reptiles and invertebrates","Cod roe, PROCESS Smoking",280,,,,280,280,
"Fish, seafood, amphibians, reptiles and invertebrates","Cod, atlantic",,208,,,,,
"Fish, seafood, amphibians, reptiles and invertebrates","Cod, murray",338,338,338,338,338,338,338
"Fish, seafood, amphibians, reptiles and invertebrates","Cod, PROCESS Boiling",100,100,100,100,100,100,100
"Fish, seafood, amphibians, reptiles and invertebrates","Cod, PROCESS Drying (dehydration)",100,100,100,100,100,100,100
"Fish, seafood, amphibians, reptiles and invertebrates","Cod, PROCESS Preserving with salt",,346,346,,,,
"Fish, seafood, amphibians, reptiles and invertebrates","Cod, STATE Slices, steaks or other flat cuts",,,340,,,,
"Fish, seafood, amphibians, reptiles and invertebrates","Cods, hakes, haddocks, PROCESS Baking",349,350,349,350,350,349,350
"Fish, seafood, amphibians, reptiles and invertebrates","Cods, hakes, haddocks, PROCESS Cooking in water",360,360,322,360,330,322,360
"Fish, seafood, amphibians, reptiles and invertebrates","Cods, hakes, haddocks, PROCESS Frying",349,349,349,349,285,349,285
"Fish, seafood, amphibians, reptiles and invertebrates","Cods, hakes, haddocks, PROCESS Steaming",322,360,322,360,374,322,360
"Fish, seafood, amphibians, reptiles and invertebrates",Conger,280,280,280,280,280,280,280
"Fish, seafood, amphibians, reptiles and invertebrates","Conger, european",280,280,280,280,240,280,240
"Fish, seafood, amphibians, reptiles and invertebrates","Conger, european, PROCESS Baking",283,283,283,283,290,283,290
"Fish, seafood, amphibians, reptiles and invertebrates","Conger, european, PROCESS Cooking in water",280,280,280,280,250,280,250
"Fish, seafood, amphibians, reptiles and invertebrates","Conger, european, PROCESS Frying",283,283,283,283,283,283,283
"Fish, seafood, amphibians, reptiles and invertebrates","Conger, european, PROCESS Steaming",280,280,280,280,250,280,250
"Fish, seafood, amphibians, reptiles and invertebrates","Conger, PROCESS Baking",283,283,283,283,283,283,283
"Fish, seafood, amphibians, reptiles and invertebrates","Conger, PROCESS Cooking in water",280,280,280,280,250,280,250
"Fish, seafood, amphibians, reptiles and invertebrates","Conger, PROCESS Frying",283,283,283,283,283,283,283
"Fish, seafood, amphibians, reptiles and invertebrates","Conger, PROCESS Steaming",280,280,280,280,250,280,250
"Fish, seafood, amphibians, reptiles and invertebrates","Crabmeat, cooked-deprecated",,255,251,100,100,110,
"Fish, seafood, amphibians, reptiles and invertebrates","Crabs, sea-spiders",152,266,266,329,152,152,266
"Fish, seafood, amphibians, reptiles and invertebrates","Crabs, sea-spiders, PROCESS Baking",271,271,271,271,271,271,271
"Fish, seafood, amphibians, reptiles and invertebrates","Crabs, sea-spiders, PROCESS Cooking in water",110,264,251,264,270,110,250
"Fish, seafood, amphibians, reptiles and invertebrates","Crabs, sea-spiders, PROCESS Frying",251,251,251,251,251,251,251
"Fish, seafood, amphibians, reptiles and invertebrates","Crabs, sea-spiders, PROCESS Steaming",110,251,251,251,270,110,250
"Fish, seafood, amphibians, reptiles and invertebrates",Cuttlefishes,310,427,310,273,273,310,310
"Fish, seafood, amphibians, reptiles and invertebrates","Cuttlefishes, PROCESS Frying",273,273,273,273,273,273,273
"Fish, seafood, amphibians, reptiles and invertebrates",Diadromous fish,396,396,396,310,396,396,396
"Fish, seafood, amphibians, reptiles and invertebrates","Diadromous fish, PROCESS Baking",399,399,399,399,399,399,399
"Fish, seafood, amphibians, reptiles and invertebrates","Diadromous fish, PROCESS Cooking in water",372,372,372,372,372,372,372
"Fish, seafood, amphibians, reptiles and invertebrates","Diadromous fish, PROCESS Frying",399,399,399,399,399,399,399
"Fish, seafood, amphibians, reptiles and invertebrates","Diadromous fish, PROCESS Steaming",372,372,372,372,372,372,372
"Fish, seafood, amphibians, reptiles and invertebrates",Dories,376,376,376,376,376,376,376
"Fish, seafood, amphibians, reptiles and invertebrates",Dried fish,,629,629,629,,,300
"Fish, seafood, amphibians, reptiles and invertebrates","Dried fish, PROCESS Baking",350,350,350,350,350,350,350
"Fish, seafood, amphibians, reptiles and invertebrates","Dried fish, PROCESS Cooking in water",350,350,350,350,350,350,350
"Fish, seafood, amphibians, reptiles and invertebrates","Dried fish, PROCESS Steaming",350,350,350,350,350,350,350
"Fish, seafood, amphibians, reptiles and invertebrates",Drums,527,527,527,527,527,527,527
"Fish, seafood, amphibians, reptiles and invertebrates",Fish paste or surimi,199,58,35,112,199,199,300
"Fish, seafood, amphibians, reptiles and invertebrates","Flat-fishes, dried",330,629,629,629,330,330,629
"Fish, seafood, amphibians, reptiles and invertebrates","Flat-fishes, dried, PROCESS Baking",350,350,350,350,350,350,350
"Fish, seafood, amphibians, reptiles and invertebrates","Flat-fishes, dried, PROCESS Cooking in water",350,350,350,350,350,350,350
"Fish, seafood, amphibians, reptiles and invertebrates","Flat-fishes, dried, PROCESS Steaming",350,350,350,350,350,350,350
"Fish, seafood, amphibians, reptiles and invertebrates",Flounders,270,278,278,278,394,270,300
"Fish, seafood, amphibians, reptiles and invertebrates","Flounders, PROCESS Baking",286,286,286,286,286,286,286
"Fish, seafood, amphibians, reptiles and invertebrates","Flounders, PROCESS Cooking in water",286,286,286,286,262,286,320
"Fish, seafood, amphibians, reptiles and invertebrates","Flounders, PROCESS Frying",305,286,286,286,286,305,286
"Fish, seafood, amphibians, reptiles and invertebrates","Flounders, PROCESS Steaming",286,286,286,286,262,286,320
"Fish, seafood, amphibians, reptiles and invertebrates",Freshwater bream - Europe,350,234,234,234,350,350,234
"Fish, seafood, amphibians, reptiles and invertebrates",Freshwater crabs,254,254,254,254,254,254,254
"Fish, seafood, amphibians, reptiles and invertebrates",Freshwater crayfishes,70,199,254,260,138,70,260
"Fish, seafood, amphibians, reptiles and invertebrates","Freshwater crayfishes, cooked-deprecated",87.5,239,239,239,250,87.5,250
"Fish, seafood, amphibians, reptiles and invertebrates","Freshwater crayfishes, PROCESS Baking",261,261,261,261,261,261,261
"Fish, seafood, amphibians, reptiles and invertebrates","Freshwater crayfishes, PROCESS Cooking in water",239,239,239,239,250,239,250
"Fish, seafood, amphibians, reptiles and invertebrates","Freshwater crayfishes, PROCESS Frying",295,261,261,261,261,295,261
"Fish, seafood, amphibians, reptiles and invertebrates","Freshwater crayfishes, PROCESS Steaming",227,227,227,227,250,227,250
"Fish, seafood, amphibians, reptiles and invertebrates",Freshwater crustaceans,266,199,266,199,199,266,266
"Fish, seafood, amphibians, reptiles and invertebrates","Freshwater crustaceans, PROCESS Baking",271,271,271,271,271,271,271
"Fish, seafood, amphibians, reptiles and invertebrates","Freshwater crustaceans, PROCESS Cooking in water",251,251,251,251,251,251,251
"Fish, seafood, amphibians, reptiles and invertebrates","Freshwater crustaceans, PROCESS Frying",271,271,271,271,271,271,271
"Fish, seafood, amphibians, reptiles and invertebrates","Freshwater crustaceans, PROCESS Steaming",238,238,238,238,238,238,238
"Fish, seafood, amphibians, reptiles and invertebrates",Freshwater fish,270,374,374,245,270,270,374
"Fish, seafood, amphibians, reptiles and invertebrates","Freshwater fish, PROCESS Baking",382,313,382,313,313,382,382
"Fish, seafood, amphibians, reptiles and invertebrates","Freshwater fish, PROCESS Cooking in water",,354,354,354,354,,354
"Fish, seafood, amphibians, reptiles and invertebrates","Freshwater fish, PROCESS Frying",389,389,389,389,389,389,389
"Fish, seafood, amphibians, reptiles and invertebrates","Freshwater fish, PROCESS Steaming",,350,354,350,350,,354
"Fish, seafood, amphibians, reptiles and invertebrates",Freshwater shrimps or prawns,266,266,220,266,266,266,266
"Fish, seafood, amphibians, reptiles and invertebrates","Freshwater shrimps or prawns, PROCESS Cooking in water",199,199,199,199,199,199,199
"Fish, seafood, amphibians, reptiles and invertebrates",Frogs (legs),310,310,310,310,310,310,310
"Fish, seafood, amphibians, reptiles and invertebrates",Garfish,298,298,298,298,298,298,298
"Fish, seafood, amphibians, reptiles and invertebrates",Hakes,,270,365,270,365,,270
"Fish, seafood, amphibians, reptiles and invertebrates","Hakes, PROCESS Baking",,340,340,340,340,,340
"Fish, seafood, amphibians, reptiles and invertebrates","Hakes, PROCESS Cooking in water",274,274,274,274,274,274,274
"Fish, seafood, amphibians, reptiles and invertebrates","Hakes, PROCESS Steaming",274,274,274,274,274,274,274
"Fish, seafood, amphibians, reptiles and invertebrates",Halibut,398,398,446,398,398,398,410
"Fish, seafood, amphibians, reptiles and invertebrates","Halibut, PROCESS Baking",455,455,455,455,280,455,490
"Fish, seafood, amphibians, reptiles and invertebrates","Halibut, PROCESS Cooking in water",490,423,423,423,490,423,490
"Fish, seafood, amphibians, reptiles and invertebrates","Halibut, PROCESS Frying",455,455,455,455,455,455,455
"Fish, seafood, amphibians, reptiles and invertebrates","Halibut, PROCESS Steaming",490,423,423,423,490,423,490
"Fish, seafood, amphibians, reptiles and invertebrates",Herring roe,221,221,221,221,320,221,320
"Fish, seafood, amphibians, reptiles and invertebrates","Herring, atlantic",317,360,360,360,250,360,320
"Fish, seafood, amphibians, reptiles and invertebrates","Herring, atlantic, PROCESS Baking",361,430,361,430,430,361,430
"Fish, seafood, amphibians, reptiles and invertebrates","Herring, atlantic, PROCESS Cooking in water",336,336,336,336,336,336,336
"Fish, seafood, amphibians, reptiles and invertebrates","Herring, atlantic, PROCESS Frying",361,430,361,430,430,361,361
"Fish, seafood, amphibians, reptiles and invertebrates","Herring, atlantic, PROCESS Pickling",62,,240,,,240,
"Fish, seafood, amphibians, reptiles and invertebrates","Herring, atlantic, PROCESS Steaming",336,336,336,336,336,336,336
"Fish, seafood, amphibians, reptiles and invertebrates",Herrings,379,400,360,320,250,379,320
"Fish, seafood, amphibians, reptiles and invertebrates","Herrings, PROCESS Baking",361,430,361,430,430,361,430
"Fish, seafood, amphibians, reptiles and invertebrates","Herrings, PROCESS Cooking in water",336,336,336,336,336,336,336
"Fish, seafood, amphibians, reptiles and invertebrates","Herrings, PROCESS Frying",361,361,361,361,361,361,361
"Fish, seafood, amphibians, reptiles and invertebrates","Herrings, PROCESS Pickling",160,,240,,,160,
"Fish, seafood, amphibians, reptiles and invertebrates","Herrings, PROCESS Steaming",336,336,336,336,336,336,336
"Fish, seafood, amphibians, reptiles and invertebrates","Lobster, european",275,220,220,220,138,275,220
"Fish, seafood, amphibians, reptiles and invertebrates","Lobster, european, PROCESS Baking",225,225,225,225,225,225,225
"Fish, seafood, amphibians, reptiles and invertebrates","Lobster, european, PROCESS Cooking in water",343.8,135,197,135,250,343.8,260
"Fish, seafood, amphibians, reptiles and invertebrates","Lobster, european, PROCESS Frying",225,225,225,225,225,225,225
"Fish, seafood, amphibians, reptiles and invertebrates","Lobster, european, PROCESS Steaming",343.8,197,197,197,250,343.8,260
"Fish, seafood, amphibians, reptiles and invertebrates","Lobster, norway",213,213,213,213,213,213,213
"Fish, seafood, amphibians, reptiles and invertebrates","Lobster, norway, PROCESS Cooking in water",,250,250,250,250,,250
"Fish, seafood, amphibians, reptiles and invertebrates","Lobster, norway, PROCESS Steaming",,250,250,250,250,,250
"Fish, seafood, amphibians, reptiles and invertebrates","Lobsters (including lobster meat), cooked-deprecated",135,135,197,135,250,135,260
"Fish, seafood, amphibians, reptiles and invertebrates",Mackerel,256,380,380,360,396,256,290
"Fish, seafood, amphibians, reptiles and invertebrates",Mackerel and mackerel-like fishes-deprecated,256,380,380,360,396,380,290
"Fish, seafood, amphibians, reptiles and invertebrates","Mackerel and mackerel-like fishes-deprecated, PROCESS Baking",383,390,383,390,360,383,360
"Fish, seafood, amphibians, reptiles and invertebrates","Mackerel and mackerel-like fishes-deprecated, PROCESS Cooking in water",326,380,380,380,396,326,396
"Fish, seafood, amphibians, reptiles and invertebrates","Mackerel and mackerel-like fishes-deprecated, PROCESS Frying",383,233,383,233,370,383,370
"Fish, seafood, amphibians, reptiles and invertebrates","Mackerel and mackerel-like fishes-deprecated, PROCESS Steaming",380,380,380,380,396,380,396
"Fish, seafood, amphibians, reptiles and invertebrates","Mackerel, PROCESS Baking",,390,383,390,360,,360
"Fish, seafood, amphibians, reptiles and invertebrates","Mackerel, PROCESS Cooking in water",380,380,380,380,396,380,396
"Fish, seafood, amphibians, reptiles and invertebrates","Mackerel, PROCESS Frying",383,233,383,233,370,383,370
"Fish, seafood, amphibians, reptiles and invertebrates","Mackerel, PROCESS Steaming",380,380,380,380,396,380,396
"Fish, seafood, amphibians, reptiles and invertebrates","Marine shrimps or prawns, cooked-deprecated",122,103,217,103,142,122,260
"Fish, seafood, amphibians, reptiles and invertebrates",Miscellaneous coastal marine fishes,380,171,380,171,380,380,340
"Fish, seafood, amphibians, reptiles and invertebrates","Miscellaneous coastal marine fishes, PROCESS Baking",233,250,233,250,400,233,400
"Fish, seafood, amphibians, reptiles and invertebrates","Miscellaneous coastal marine fishes, PROCESS Cooking in water",298,250,380,250,250,380,380
"Fish, seafood, amphibians, reptiles and invertebrates","Miscellaneous coastal marine fishes, PROCESS Frying",383,383,383,383,383,383,383
"Fish, seafood, amphibians, reptiles and invertebrates","Miscellaneous coastal marine fishes, PROCESS Steaming",298,274,380,274,274,380,380
"Fish, seafood, amphibians, reptiles and invertebrates",Miscellaneous demersal marine fishes,485,311,311,311,485,485,311
"Fish, seafood, amphibians, reptiles and invertebrates","Miscellaneous demersal marine fishes, PROCESS Baking",319,250,319,250,250,319,319
"Fish, seafood, amphibians, reptiles and invertebrates","Miscellaneous demersal marine fishes, PROCESS Cooking in water",294,224,294,224,224,294,294
"Fish, seafood, amphibians, reptiles and invertebrates","Miscellaneous demersal marine fishes, PROCESS Frying",319,319,319,319,319,319,319
"Fish, seafood, amphibians, reptiles and invertebrates","Miscellaneous demersal marine fishes, PROCESS Steaming",294,274,294,274,274,294,294
"Fish, seafood, amphibians, reptiles and invertebrates",Miscellaneous marine crustaceans,266,266,266,266,266,266,266
"Fish, seafood, amphibians, reptiles and invertebrates","Miscellaneous marine crustaceans, PROCESS Baking",271,103,271,103,103,271,271
"Fish, seafood, amphibians, reptiles and invertebrates","Miscellaneous marine crustaceans, PROCESS Cooking in water",251,103,251,103,103,251,251
"Fish, seafood, amphibians, reptiles and invertebrates","Miscellaneous marine crustaceans, PROCESS Frying",271,103,271,103,103,271,271
"Fish, seafood, amphibians, reptiles and invertebrates","Miscellaneous marine crustaceans, PROCESS Steaming",238,103,238,103,103,238,238
"Fish, seafood, amphibians, reptiles and invertebrates",Miscellaneous pelagic marine fishes,360,270,360,270,360,360,360
"Fish, seafood, amphibians, reptiles and invertebrates","Miscellaneous pelagic marine fishes, PROCESS Baking",361,361,361,361,361,361,361
"Fish, seafood, amphibians, reptiles and invertebrates","Miscellaneous pelagic marine fishes, PROCESS Cooking in water",336,336,336,336,336,336,336
"Fish, seafood, amphibians, reptiles and invertebrates","Miscellaneous pelagic marine fishes, PROCESS Frying",361,361,361,361,361,361,361
"Fish, seafood, amphibians, reptiles and invertebrates","Miscellaneous pelagic marine fishes, PROCESS Steaming",336,336,336,336,336,336,336
"Fish, seafood, amphibians, reptiles and invertebrates",Mullets,404,404,404,404,340,404,340
"Fish, seafood, amphibians, reptiles and invertebrates","Mullets, PROCESS Baking",339,458,339,458,400,339,400
"Fish, seafood, amphibians, reptiles and invertebrates","Mullets, PROCESS Cooking in water",339,339,339,339,339,339,339
"Fish, seafood, amphibians, reptiles and invertebrates","Mullets, PROCESS Frying",339,339,339,339,339,339,339
"Fish, seafood, amphibians, reptiles and invertebrates","Mullets, PROCESS Steaming",339,339,339,339,339,339,339
"Fish, seafood, amphibians, reptiles and invertebrates",Mussels,140,286,286,320,145,140,320
"Fish, seafood, amphibians, reptiles and invertebrates","Mussels, PROCESS Baking",294,294,294,294,294,294,294
"Fish, seafood, amphibians, reptiles and invertebrates","Mussels, PROCESS Cooking in water",140,247,266,247,212,140,140
"Fish, seafood, amphibians, reptiles and invertebrates","Mussels, PROCESS Frying",294,294,294,294,273,294,273
"Fish, seafood, amphibians, reptiles and invertebrates","Mussels, PROCESS Steaming",140,255,255,255,212,140,140
"Fish, seafood, amphibians, reptiles and invertebrates",Nile perch,330,330,330,330,330,330,330
"Fish, seafood, amphibians, reptiles and invertebrates","Nile perch, PROCESS Baking",338,338,338,338,338,338,338
"Fish, seafood, amphibians, reptiles and invertebrates","Nile perch, PROCESS Cooking in water",313,313,313,313,313,313,313
"Fish, seafood, amphibians, reptiles and invertebrates","Nile perch, PROCESS Frying",345,345,345,345,345,345,345
"Fish, seafood, amphibians, reptiles and invertebrates","Nile perch, PROCESS Steaming",313,313,313,313,313,313,313
"Fish, seafood, amphibians, reptiles and invertebrates",Ocean perch,323,323,323,323,323,323,323
"Fish, seafood, amphibians, reptiles and invertebrates","Ocean perch, PROCESS Baking",290,290,290,290,290,290,290
"Fish, seafood, amphibians, reptiles and invertebrates",Octopuses,230,273,273,233,273,230,230
"Fish, seafood, amphibians, reptiles and invertebrates","Octopuses, PROCESS Baking",280,280,280,280,280,280,280
"Fish, seafood, amphibians, reptiles and invertebrates","Octopuses, PROCESS Cooking in water",257,257,257,257,257,257,257
"Fish, seafood, amphibians, reptiles and invertebrates","Octopuses, PROCESS Frying",280,280,280,280,280,280,280
"Fish, seafood, amphibians, reptiles and invertebrates","Octopuses, PROCESS Steaming",257,257,257,257,257,257,257
"Fish, seafood, amphibians, reptiles and invertebrates",Other fish offal,26,26,180,26,26,26,26
"Fish, seafood, amphibians, reptiles and invertebrates",Oysters,360,220,184,260,250,121,260
"Fish, seafood, amphibians, reptiles and invertebrates","Oysters, PROCESS Baking",189,189,189,189,189,189,189
"Fish, seafood, amphibians, reptiles and invertebrates","Oysters, PROCESS Cooking in water",164,164,164,164,164,164,164
"Fish, seafood, amphibians, reptiles and invertebrates","Oysters, PROCESS Frying",189,189,189,189,189,189,189
"Fish, seafood, amphibians, reptiles and invertebrates","Oysters, PROCESS Steaming",164,164,164,164,164,164,164
"Fish, seafood, amphibians, reptiles and invertebrates",Pacific salmon (generic),330,394,394,394,396,330,396
"Fish, seafood, amphibians, reptiles and invertebrates","Pacific salmon (generic), PROCESS Baking",455,455,455,455,455,455,455
"Fish, seafood, amphibians, reptiles and invertebrates","Pacific salmon (generic), PROCESS Cooking in water",455,455,455,455,455,455,455
"Fish, seafood, amphibians, reptiles and invertebrates","Pacific salmon (generic), PROCESS Frying",399,399,399,399,399,399,399
"Fish, seafood, amphibians, reptiles and invertebrates","Pacific salmon (generic), PROCESS Steaming",455,455,455,455,455,455,455
"Fish, seafood, amphibians, reptiles and invertebrates",Perch,330,330,330,,330,330,330
"Fish, seafood, amphibians, reptiles and invertebrates","Perch, golden",261,261,261,261,261,261,261
"Fish, seafood, amphibians, reptiles and invertebrates","Perch, PROCESS Baking",367.7,290,338,290,290,367.7,290
"Fish, seafood, amphibians, reptiles and invertebrates","Perch, PROCESS Cooking in water",313,313,313,313,313,313,313
"Fish, seafood, amphibians, reptiles and invertebrates","Perch, PROCESS Frying",,345,345,345,345,,345
"Fish, seafood, amphibians, reptiles and invertebrates","Perch, PROCESS Steaming",313,313,313,313,313,313,313
"Fish, seafood, amphibians, reptiles and invertebrates",Pike,340,317,317,250,368,340,317
"Fish, seafood, amphibians, reptiles and invertebrates",Pike-perch,340,391,391,391,340,340,391
"Fish, seafood, amphibians, reptiles and invertebrates","Pike-perch, PROCESS Baking",408,408,408,408,408,408,408
"Fish, seafood, amphibians, reptiles and invertebrates","Pike-perch, PROCESS Cooking in water",371,371,371,371,371,371,371
"Fish, seafood, amphibians, reptiles and invertebrates","Pike-perch, PROCESS Frying",408,408,408,408,408,408,408
"Fish, seafood, amphibians, reptiles and invertebrates","Pike-perch, PROCESS Steaming",371,371,371,371,371,371,371
"Fish, seafood, amphibians, reptiles and invertebrates","Pike, PROCESS Baking",331,290,331,290,290,331,331
"Fish, seafood, amphibians, reptiles and invertebrates","Pike, PROCESS Cooking in water",300,300,300,300,300,300,300
"Fish, seafood, amphibians, reptiles and invertebrates","Pike, PROCESS Frying",,331,331,331,331,,331
"Fish, seafood, amphibians, reptiles and invertebrates","Pike, PROCESS Steaming",330,330,330,330,330,330,330
"Fish, seafood, amphibians, reptiles and invertebrates",Plaice,321,311,311,311,262,321,280
"Fish, seafood, amphibians, reptiles and invertebrates","Plaice, PROCESS Baking",319,250,319,250,340,319,340
"Fish, seafood, amphibians, reptiles and invertebrates","Plaice, PROCESS Cooking in water",294,294,294,294,250,294,290
"Fish, seafood, amphibians, reptiles and invertebrates","Plaice, PROCESS Frying",319,250,319,250,372,319,372
"Fish, seafood, amphibians, reptiles and invertebrates","Plaice, PROCESS Steaming",294,250,294,250,250,294,290
"Fish, seafood, amphibians, reptiles and invertebrates","Pomfret, atlantic",430,430,430,430,430,430,430
"Fish, seafood, amphibians, reptiles and invertebrates",Rays,340,262,262,262,262,340,262
"Fish, seafood, amphibians, reptiles and invertebrates","Rays, PROCESS Baking",320,320,320,320,320,320,320
"Fish, seafood, amphibians, reptiles and invertebrates","Rays, PROCESS Cooking in water",250,250,250,250,250,250,250
"Fish, seafood, amphibians, reptiles and invertebrates","Rays, PROCESS Steaming",250,250,250,250,250,250,250
"Fish, seafood, amphibians, reptiles and invertebrates",River eels,280,280,280,217,250,280,270
"Fish, seafood, amphibians, reptiles and invertebrates","River eels, PROCESS Baking",283,349,283,349,349,283,283
"Fish, seafood, amphibians, reptiles and invertebrates","River eels, PROCESS Cooking in water",280,200,280,200,250,280,250
"Fish, seafood, amphibians, reptiles and invertebrates","River eels, PROCESS Frying",283,283,283,283,283,283,283
"Fish, seafood, amphibians, reptiles and invertebrates","River eels, PROCESS Steaming",280,200,280,200,250,280,250
"Fish, seafood, amphibians, reptiles and invertebrates",Roaches,330,330,330,330,330,330,330
"Fish, seafood, amphibians, reptiles and invertebrates","Salmon roe, atlantic",350,350,350,350,350,350,350
"Fish, seafood, amphibians, reptiles and invertebrates","Salmon, threadfin",396,396,396,396,396,396,396
"Fish, seafood, amphibians, reptiles and invertebrates","Salmon, threadfin, PROCESS Baking",455,455,455,455,455,455,455
"Fish, seafood, amphibians, reptiles and invertebrates","Salmon, threadfin, PROCESS Cooking in water",455,455,455,455,455,455,455
"Fish, seafood, amphibians, reptiles and invertebrates","Salmon, threadfin, PROCESS Steaming",455,455,455,455,455,455,455
"Fish, seafood, amphibians, reptiles and invertebrates",Sardines and sardine-type fishes,420,420,420,630,360,420,360
"Fish, seafood, amphibians, reptiles and invertebrates","Sardines and sardine-type fishes, PROCESS Baking",427,375,427,375,400,427,400
"Fish, seafood, amphibians, reptiles and invertebrates","Sardines and sardine-type fishes, PROCESS Cooking in water",560,425,425,425,353,560,425
"Fish, seafood, amphibians, reptiles and invertebrates","Sardines and sardine-type fishes, PROCESS Frying",427,427,427,427,427,427,427
"Fish, seafood, amphibians, reptiles and invertebrates","Sardines and sardine-type fishes, PROCESS Steaming",353,425,425,425,353,353,425
"Fish, seafood, amphibians, reptiles and invertebrates","Scallops, pectens",311,322,311,322,322,311,322
"Fish, seafood, amphibians, reptiles and invertebrates","Scallops, pectens, PROCESS Baking",318,318,318,318,318,318,318
"Fish, seafood, amphibians, reptiles and invertebrates","Scallops, pectens, PROCESS Cooking in water",288,480,288,480,240,288,240
"Fish, seafood, amphibians, reptiles and invertebrates","Scallops, pectens, PROCESS Frying",,480,318,480,480,,318
"Fish, seafood, amphibians, reptiles and invertebrates","Scallops, pectens, PROCESS Steaming",288,288,288,288,240,288,240
"Fish, seafood, amphibians, reptiles and invertebrates",Sea bass,171,171,171,307,171,171,171
"Fish, seafood, amphibians, reptiles and invertebrates","Sea bass, PROCESS Cooking in water",333,333,333,333,333,333,333
"Fish, seafood, amphibians, reptiles and invertebrates","Sea bass, PROCESS Steaming",333,333,333,333,333,333,333
"Fish, seafood, amphibians, reptiles and invertebrates",Sea bream,270,483,270,483,270,270,270
"Fish, seafood, amphibians, reptiles and invertebrates","Sea bream, PROCESS Cooking in water",298,298,298,298,298,298,298
"Fish, seafood, amphibians, reptiles and invertebrates","Sea bream, PROCESS Steaming",298,298,298,298,298,298,298
"Fish, seafood, amphibians, reptiles and invertebrates",Sea-squirts and other tunicates,347,347,347,347,347,347,347
"Fish, seafood, amphibians, reptiles and invertebrates","Sea-squirts and other tunicates, PROCESS Baking",306,306,306,306,306,306,306
"Fish, seafood, amphibians, reptiles and invertebrates","Sea-squirts and other tunicates, PROCESS Cooking in water",211,365,211,365,190,211,190
"Fish, seafood, amphibians, reptiles and invertebrates","Sea-squirts and other tunicates, PROCESS Frying",306,306,306,306,306,306,306
"Fish, seafood, amphibians, reptiles and invertebrates","Sea-squirts and other tunicates, PROCESS Steaming",211,211,211,211,190,211,190
"Fish, seafood, amphibians, reptiles and invertebrates",Shads,330,330,330,330,330,330,330
"Fish, seafood, amphibians, reptiles and invertebrates","Shads, PROCESS Baking",361,361,361,361,361,361,361
"Fish, seafood, amphibians, reptiles and invertebrates","Shads, PROCESS Cooking in water",336,336,336,336,336,336,336
"Fish, seafood, amphibians, reptiles and invertebrates","Shads, PROCESS Frying",361,361,361,361,361,361,361
"Fish, seafood, amphibians, reptiles and invertebrates","Shads, PROCESS Steaming",336,336,336,336,336,336,336
"Fish, seafood, amphibians, reptiles and invertebrates",Sharks,223,223,223,223,223,223,310
"Fish, seafood, amphibians, reptiles and invertebrates","Sharks, PROCESS Baking",187,238,187,238,238,187,187
"Fish, seafood, amphibians, reptiles and invertebrates","Sharks, PROCESS Cooking in water",187,238,187,238,238,187,187
"Fish, seafood, amphibians, reptiles and invertebrates","Sharks, PROCESS Frying",187,238,187,238,238,187,187
"Fish, seafood, amphibians, reptiles and invertebrates","Sharks, PROCESS Steaming",187,238,187,238,238,187,187
"Fish, seafood, amphibians, reptiles and invertebrates",Shrimps and prawns,230,230,230,68,330,230,330
"Fish, seafood, amphibians, reptiles and invertebrates","Shrimps and prawns, PROCESS Baking",235,103,235,103,103,235,235
"Fish, seafood, amphibians, reptiles and invertebrates","Shrimps and prawns, PROCESS Cooking in water",,103,217,103,142,,260
"Fish, seafood, amphibians, reptiles and invertebrates","Shrimps and prawns, PROCESS Frying",235,103,235,103,103,235,235
"Fish, seafood, amphibians, reptiles and invertebrates","Shrimps and prawns, PROCESS Steaming",,103,217,103,142,,260
"Fish, seafood, amphibians, reptiles and invertebrates","Shrimps, common",70,266,266,266,266,70,266
"Fish, seafood, amphibians, reptiles and invertebrates","Shrimps, common, PROCESS Baking",,103,271,103,103,,271
"Fish, seafood, amphibians, reptiles and invertebrates","Shrimps, common, PROCESS Cooking in water",122,103,251,103,142,122,400
"Fish, seafood, amphibians, reptiles and invertebrates","Shrimps, common, PROCESS Frying",,103,271,103,103,,271
"Fish, seafood, amphibians, reptiles and invertebrates","Shrimps, common, PROCESS Steaming",122,103,238,103,142,122,142
"Fish, seafood, amphibians, reptiles and invertebrates",Smelt,357,290,357,290,290,357,357
"Fish, seafood, amphibians, reptiles and invertebrates","Smelt, PROCESS Baking",373,373,373,373,373,373,373
"Fish, seafood, amphibians, reptiles and invertebrates","Smelt, PROCESS Cooking in water",372,372,372,372,372,372,372
"Fish, seafood, amphibians, reptiles and invertebrates","Smelt, PROCESS Frying",373,373,373,373,373,373,373
"Fish, seafood, amphibians, reptiles and invertebrates","Smelt, PROCESS Steaming",372,372,372,372,372,372,372
"Fish, seafood, amphibians, reptiles and invertebrates",Smoked herring,375,226,298,226,341,375,340
"Fish, seafood, amphibians, reptiles and invertebrates",Smoked salmon,,388,330,420,489,367,420
"Fish, seafood, amphibians, reptiles and invertebrates",Snails,121,347,121,347,121,,121
"Fish, seafood, amphibians, reptiles and invertebrates",Sole,351,309,309,280,230,351,310
"Fish, seafood, amphibians, reptiles and invertebrates","Sole, PROCESS Baking",317,250,317,250,250,317,317
"Fish, seafood, amphibians, reptiles and invertebrates","Sole, PROCESS Cooking in water",316,316,316,316,262,316,262
"Fish, seafood, amphibians, reptiles and invertebrates","Sole, PROCESS Frying",317,317,317,317,317,317,317
"Fish, seafood, amphibians, reptiles and invertebrates","Sole, PROCESS Steaming",316,175,316,175,262,316,262
"Fish, seafood, amphibians, reptiles and invertebrates",Spiny and rock lobsters,500,500,500,500,500,500,500
"Fish, seafood, amphibians, reptiles and invertebrates","Spiny and rock lobsters, PROCESS Baking",225,225,225,225,225,225,225
"Fish, seafood, amphibians, reptiles and invertebrates","Spiny and rock lobsters, PROCESS Cooking in water",197,208,197,208,208,197,197
"Fish, seafood, amphibians, reptiles and invertebrates","Spiny and rock lobsters, PROCESS Frying",511,511,511,511,511,511,511
"Fish, seafood, amphibians, reptiles and invertebrates","Spiny and rock lobsters, PROCESS Steaming",197,197,197,197,197,197,197
"Fish, seafood, amphibians, reptiles and invertebrates",Sprat,230,230,230,230,230,230,320
"Fish, seafood, amphibians, reptiles and invertebrates","Sprat, PROCESS Baking",361,361,361,361,361,361,361
"Fish, seafood, amphibians, reptiles and invertebrates","Sprat, PROCESS Cooking in water",336,336,336,336,336,336,336
"Fish, seafood, amphibians, reptiles and invertebrates","Sprat, PROCESS Frying",361,361,361,361,410,361,410
"Fish, seafood, amphibians, reptiles and invertebrates","Sprat, PROCESS Steaming",336,336,336,336,336,336,336
"Fish, seafood, amphibians, reptiles and invertebrates",Squids,280,280,280,145,273,280,280
"Fish, seafood, amphibians, reptiles and invertebrates","Squids, cuttlefishes, octopuses",280,427,280,427,273,280,280
"Fish, seafood, amphibians, reptiles and invertebrates","Squids, cuttlefishes, octopuses, PROCESS Frying",273,273,273,273,273,273,273
"Fish, seafood, amphibians, reptiles and invertebrates","Squids, PROCESS Frying",73.9,73.9,73.9,73.9,73.9,73.9,73.9
"Fish, seafood, amphibians, reptiles and invertebrates",Stockfish,78,,,,78,78,78
"Fish, seafood, amphibians, reptiles and invertebrates","Stockfish, PROCESS Baking",350,350,350,350,350,350,350
"Fish, seafood, amphibians, reptiles and invertebrates","Stockfish, PROCESS Cooking in water",5,,,,350,5,350
"Fish, seafood, amphibians, reptiles and invertebrates","Stockfish, PROCESS Steaming",5,,,,,5,
"Fish, seafood, amphibians, reptiles and invertebrates",Sturgeon,330,330,330,330,330,330,330
"Fish, seafood, amphibians, reptiles and invertebrates",Sturgeon roe,80,164,164,180,60,80,60
"Fish, seafood, amphibians, reptiles and invertebrates",Tilapia,,450,450,450,450,,450
"Fish, seafood, amphibians, reptiles and invertebrates",Trouts,420,374,374,465,414,420,420
"Fish, seafood, amphibians, reptiles and invertebrates","Trouts, PROCESS Baking",382,520,382,530,410,382,410
"Fish, seafood, amphibians, reptiles and invertebrates","Trouts, PROCESS Cooking in water",,354,354,354,497,,370
"Fish, seafood, amphibians, reptiles and invertebrates","Trouts, PROCESS Frying",389,389,389,389,497,389,497
"Fish, seafood, amphibians, reptiles and invertebrates","Trouts, PROCESS Steaming",,440,354,440,497,,370
"Fish, seafood, amphibians, reptiles and invertebrates",Tuna and bonito (generic),400,394,363,394,291,400,400
"Fish, seafood, amphibians, reptiles and invertebrates","Tuna and bonito (generic), PROCESS Baking",363,471,363,471,471,363,363
"Fish, seafood, amphibians, reptiles and invertebrates","Tuna and bonito (generic), PROCESS Cooking in water",340,340,340,340,340,340,340
"Fish, seafood, amphibians, reptiles and invertebrates","Tuna and bonito (generic), PROCESS Frying",451.5,363,363,363,363,260,363
"Fish, seafood, amphibians, reptiles and invertebrates","Tuna and bonito (generic), PROCESS Steaming",359,359,359,359,359,359,359
"Fish, seafood, amphibians, reptiles and invertebrates","Water snails, conches and whelks, PROCESS Cooking in water",190,365,190,365,190,190,190
"Fish, seafood, amphibians, reptiles and invertebrates",Whitefishes or coregonus,380,387,387,400,380,380,387
"Fish, seafood, amphibians, reptiles and invertebrates","Whitefishes or coregonus, PROCESS Baking",404,404,404,404,404,404,404
"Fish, seafood, amphibians, reptiles and invertebrates","Whitefishes or coregonus, PROCESS Cooking in water",402,402,402,402,402,402,402
"Fish, seafood, amphibians, reptiles and invertebrates","Whitefishes or coregonus, PROCESS Frying",404,404,404,404,404,404,404
"Fish, seafood, amphibians, reptiles and invertebrates","Whitefishes or coregonus, PROCESS Steaming",402,402,402,402,402,402,402
"Fish, seafood, amphibians, reptiles and invertebrates",Wolffish,282,282,282,282,282,282,282
"Fish, seafood, amphibians, reptiles and invertebrates","Wolffish, PROCESS Baking",290,290,290,290,290,290,290
"Fish, seafood, amphibians, reptiles and invertebrates","Wolffish, PROCESS Cooking in water",289,289,289,289,289,289,289
"Fish, seafood, amphibians, reptiles and invertebrates","Wolffish, PROCESS Frying",290,290,290,290,290,290,290
"Fish, seafood, amphibians, reptiles and invertebrates","Wolffish, PROCESS Steaming",266,266,266,266,266,266,266
"Fish, seafood, amphibians, reptiles and invertebrates",Wolffishes,282,171,282,171,282,282,282
"Fish, seafood, amphibians, reptiles and invertebrates","Wolffishes, PROCESS Baking",290,290,290,290,290,290,290
"Fish, seafood, amphibians, reptiles and invertebrates","Wolffishes, PROCESS Cooking in water",289,289,289,289,289,289,289
"Fish, seafood, amphibians, reptiles and invertebrates","Wolffishes, PROCESS Frying",290,290,290,290,290,290,290
"Fish, seafood, amphibians, reptiles and invertebrates","Wolffishes, PROCESS Steaming",266,266,266,266,266,266,266
Food products for young population,"Biscuits, rusks and cookies for children",160,160,160,366,216,160,140
Food products for young population,Cereals with an added high protein food which have to be reconstituted with water or other protein-free liquid,530,530,530,530,530,530,530
Food products for young population,"Follow-on formulae, liquid",126,126,126,126,126,126,126
Food products for young population,"Follow-on formulae, powder",700,700,700,700,700,700,700
Food products for young population,"Infant formulae, liquid",61,126,126,126,126,61,126
Food products for young population,"Infant formulae, powder",520.8,440,565,440,565,520.8,440
Food products for young population,"Pasta for children (dry, to be cooked)",219,219,219,219,219,219,219
Food products for young population,Ready-to-eat cereal-based meal for children,,109,180,109,180,,180
Food products for young population,Ready-to-eat dairy-based meal for children,,80,80,80,80,,80
Food products for young population,Ready-to-eat fish-based meal for children,205.5,184,240,184,240,205.5,240
Food products for young population,Ready-to-eat fruit-based meal for children,146,170,170,170,177,146,170
Food products for young population,Ready-to-eat meat-based meal for children,204.6,184,220,184,220,204.6,220
Food products for young population,Ready-to-eat mixed meal for children,184,184,184,184,184,184,184
Food products for young population,Ready-to-eat vegetable-based meal for children,270,210,210,210,210,270,210
Food products for young population,Simple cereals which have to be reconstituted with milk or other appropriate nutritious liquids,509,400,509,400,400,509,400
Fruit and fruit products,American persimmons,450,220,180,220,450,450,180
Fruit and fruit products,Apples and similar-,90.5,123,119,123,123,114.5,120
Fruit and fruit products,"Apples and similar-, PROCESS Baking",,117,117,117,266,266,98
Fruit and fruit products,"Apples and similar-, PROCESS Cooking in water",81,81,81,81,92,81,150
Fruit and fruit products,"Apples and similar-, PROCESS Steaming",81,81,81,81,92,81,150
Fruit and fruit products,Apricots,160,241,280,320,283,295,270
Fruit and fruit products,Arbutus berries,321,321,321,321,321,321,321
Fruit and fruit products,Avocados,400,420,550,450,377,600,470
Fruit and fruit products,Bilberries (European blueberries),110,78,78,78,80,110,88
Fruit and fruit products,Blackberries,196,196,190,260,185,196,160
Fruit and fruit products,Blackcurrants,340,343,290,370,175,340,370
Fruit and fruit products,Blueberries,103,77,78,160,85,103,85
Fruit and fruit products,"Candied fruit, cherry",143,143,143,24,24,143,24
Fruit and fruit products,"Candied fruit, orange peel",160,118,118,24,160,160,118
Fruit and fruit products,Canned fruit cocktail,89,63,63,95,60,88,60
Fruit and fruit products,"Canned fruit cocktail, MEDIUM In diluted sweet liquid-syrup",89,133,47,95,60,89,95
Fruit and fruit products,"Canned fruit cocktail, MEDIUM In fruit/vegetable juice",88,47,47,47,95,47,95
Fruit and fruit products,Canned or jarred apple,80,70,70,70,80,80,70
Fruit and fruit products,"Canned or jarred apple, MEDIUM In diluted sweet liquid-syrup",66,54,54,54,66,66,54
Fruit and fruit products,"Canned or jarred apple, MEDIUM In fruit/vegetable juice",54,54,54,54,54,54,54
Fruit and fruit products,Canned or jarred apricot,160,171,171,150,150,140,150
Fruit and fruit products,"Canned or jarred apricot, MEDIUM In diluted sweet liquid-syrup",160,153,127,150,150,160,150
Fruit and fruit products,"Canned or jarred apricot, MEDIUM In fruit/vegetable juice",138,127,127,127,138,138,170
Fruit and fruit products,Canned or jarred cranberry,75,75,75,75,75,75,75
Fruit and fruit products,"Canned or jarred cranberry, MEDIUM In diluted sweet liquid-syrup",94,59,59,59,94,94,59
Fruit and fruit products,"Canned or jarred cranberry, MEDIUM In fruit/vegetable juice",59,59,59,59,59,59,59
Fruit and fruit products,Canned or jarred mandarin,78,87,87,87,49,78,49
Fruit and fruit products,"Canned or jarred mandarin, MEDIUM In diluted sweet liquid-syrup",68,68,68,68,49,68,49
Fruit and fruit products,"Canned or jarred mandarin, MEDIUM In fruit/vegetable juice",68,68,68,68,85,68,85
Fruit and fruit products,Canned or jarred mixed fruit,63,63,63,95,60,63,60
Fruit and fruit products,"Canned or jarred mixed fruit, MEDIUM In diluted sweet liquid-syrup",88,133,47,95,60,47,95
Fruit and fruit products,"Canned or jarred mixed fruit, MEDIUM In fruit/vegetable juice",88,47,47,47,209,47,95
Fruit and fruit products,Canned or jarred peach,100,103,103,150,110,92,110
Fruit and fruit products,"Canned or jarred peach, MEDIUM In diluted sweet liquid-syrup",100,110,87,110,110,100,110
Fruit and fruit products,"Canned or jarred peach, MEDIUM In fruit/vegetable juice",87,87,87,87,170,87,170
Fruit and fruit products,Canned or jarred pear,65,81,81,81,65,65,65
Fruit and fruit products,"Canned or jarred pear, MEDIUM In diluted sweet liquid-syrup",138,65,65,65,65,138,68
Fruit and fruit products,"Canned or jarred pear, MEDIUM In fruit/vegetable juice",65,65,65,65,81,65,81
Fruit and fruit products,Canned or jarred pineapple,120,123,123,94,99,122,99
Fruit and fruit products,"Canned or jarred pineapple, MEDIUM In diluted sweet liquid-syrup",120,102,82,79,99,120,79
Fruit and fruit products,"Canned or jarred pineapple, MEDIUM In fruit/vegetable juice",120,82,82,82,71,120,71
Fruit and fruit products,Canned or jarred plum,150,150,150,150,79,150,79
Fruit and fruit products,"Canned or jarred plum, MEDIUM In diluted sweet liquid-syrup",118,118,118,118,79,118,79
Fruit and fruit products,"Canned or jarred plum, MEDIUM In fruit/vegetable juice",118,118,118,118,118,118,118
Fruit and fruit products,Canned or jarred sour cherry,67,67,67,67,67,67,67
Fruit and fruit products,"Canned or jarred sour cherry, MEDIUM In diluted sweet liquid-syrup",150,52,52,52,150,150,52
Fruit and fruit products,"Canned or jarred sour cherry, MEDIUM In fruit/vegetable juice",52,52,52,52,52,52,52
Fruit and fruit products,Canned or jarred sweet cherry,139,139,139,139,120,139,120
Fruit and fruit products,"Canned or jarred sweet cherry, MEDIUM In diluted sweet liquid-syrup",107,126,107,126,120,107,120
Fruit and fruit products,"Canned or jarred sweet cherry, MEDIUM In fruit/vegetable juice",107,107,107,107,107,107,107
Fruit and fruit products,Carambolas,208,148,184,148,150,208,150
Fruit and fruit products,Cherimoyas,113,250,250,250,198,113,250
Fruit and fruit products,Cherries (sweet),174.5,215,235,229,248,174.5,210
Fruit and fruit products,Chocolate coated dried fruit,272,272,272,272,272,272,272
Fruit and fruit products,Chokecherries,643,643,643,643,643,643,643
Fruit and fruit products,Citrons,102,102,,102,102,102,102
Fruit and fruit products,Citrus fruit peel,160,160,160,24,21,160,21
Fruit and fruit products,Cloudberries,170,90,90,90,228,190,90
Fruit and fruit products,Common banana,360,413,367,350,374,395,400
Fruit and fruit products,"Common banana, PROCESS Baking",316.7,357,357,357,105,,357
Fruit and fruit products,"Common banana, PROCESS Cooking in water",252,252,252,252,252,252,252
Fruit and fruit products,"Common banana, PROCESS Steaming",306,306,306,306,306,306,306
Fruit and fruit products,Cranberries,25,90,90,90,87,25,95
Fruit and fruit products,Dates,232,,,410,410,232,410
Fruit and fruit products,Dewberries and similar-,145,260,145,260,185,145,260
Fruit and fruit products,Dried apples,750,622,622,730,900,450,540
Fruit and fruit products,Dried apricots,507.2,1520,1370,979,1500,1380,1880
Fruit and fruit products,Dried bananas,330.6,1183,1183,1183,1183,,470
Fruit and fruit products,Dried dates,687.3,677,650,750,600,650,700
Fruit and fruit products,Dried figs,,770,850,1010,680,710,970
Fruit and fruit products,Dried pears,530,386,386,386,750,530,750
Fruit and fruit products,Dried prunes,890,669,824,824,860,740,760
Fruit and fruit products,"Dried prunes, PROCESS Baking",450,759,759,759,450,450,759
Fruit and fruit products,"Dried prunes, PROCESS Cooking in water",213,213,213,213,440,213,440
Fruit and fruit products,"Dried prunes, PROCESS Steaming",256,256,256,256,440,256,440
Fruit and fruit products,Dried vine fruits (raisins etc.),650,783,782,864,800,750,1020
Fruit and fruit products,Elderberries,305,305,305,305,290,305,290
Fruit and fruit products,Figs,766.3,216,250,270,253,230,200
Fruit and fruit products,Fruit chips,844,622,622,622,844,844,470
Fruit and fruit products,"Fruit compote, apple",100,136,62,136,94,100,140
Fruit and fruit products,"Fruit compote, apricot",,129,129,129,190,,190
Fruit and fruit products,"Fruit compote, mixed fruit",156,156,156,240,156,156,156
Fruit and fruit products,"Fruit compote, peach",86,86,86,86,86,86,86
Fruit and fruit products,"Fruit compote, pear",54,54,54,54,110,54,110
Fruit and fruit products,"Fruit compote, pineapple",110,110,110,110,110,110,110
Fruit and fruit products,"Fruit compote, plum",95,95,95,95,95,95,95
Fruit and fruit products,"Fruit compote, sour cherry",65,65,65,65,65,65,65
Fruit and fruit products,"Fruit compote, sweet cherry",132,132,132,132,170,132,170
Fruit and fruit products,Fruit or fruit-vegetable puree,114,114,114,114,114,114,114
Fruit and fruit products,Fruit preparations for fillings and/or flavouring,75,75,75,75,133,75,84
Fruit and fruit products,Fruit salad,157.3,197,184,197,175,,175
Fruit and fruit products,Gooseberries and similar-,200,187,200,187,198,148,210
Fruit and fruit products,Granate apples,,259,220,290,220,260,240
Fruit and fruit products,Grapefruits,160,182,141,230,165,148,200
Fruit and fruit products,Guavas and similar-,,120,290,150,290,285,230
Fruit and fruit products,"Jam, apricots",75,114,75,77,69,75,67
Fruit and fruit products,"Jam, apricots, SWEET Fructose",37,37,37,37,37,37,37
Fruit and fruit products,"Jam, blackberries",42,42,42,42,69,42,43
Fruit and fruit products,"Jam, blackberries, SWEET Fructose",63,63,63,63,63,63,63
Fruit and fruit products,"Jam, blueberries",135,29,29,29,69,29,69
Fruit and fruit products,"Jam, blueberries, SWEET Fructose",63,63,63,63,63,63,63
Fruit and fruit products,"Jam, cranberries",135,31,31,31,69,31,69
Fruit and fruit products,"Jam, cranberries, SWEET Fructose",63,63,63,63,63,63,63
Fruit and fruit products,"Jam, currants (black)",135,108,108,108,69,108,43
Fruit and fruit products,"Jam, currants (black), SWEET Fructose",45,63,63,63,45,45,63
Fruit and fruit products,"Jam, currants (red)",135,83,83,83,69,83,43
Fruit and fruit products,"Jam, currants (red), SWEET Fructose",63,63,63,63,63,63,63
Fruit and fruit products,"Jam, gooseberries",75,75,75,75,69,75,69
Fruit and fruit products,"Jam, gooseberries, SWEET Fructose",63,63,63,63,63,63,63
Fruit and fruit products,"Jam, lingonberry",,31,31,31,69,45,69
Fruit and fruit products,"Jam, lingonberry, SWEET Fructose",63,63,63,63,63,63,63
Fruit and fruit products,"Jam, mixed fruit",,88.4,100,100,69,,69
Fruit and fruit products,"Jam, mixed fruit, SWEET Fructose",55,63,63,63,44,55,63
Fruit and fruit products,"Jam, oranges",53,56.7,53,44,69,53,69
Fruit and fruit products,"Jam, oranges, SWEET Fructose",110,52,52,52,110,110,52
Fruit and fruit products,"Jam, peaches",72,72,72,72,69,72,67
Fruit and fruit products,"Jam, peaches, SWEET Fructose",37,37,37,37,37,37,37
Fruit and fruit products,"Jam, plums",71,71,71,344,69,71,67
Fruit and fruit products,"Jam, plums, SWEET Fructose",37,37,37,37,37,37,37
Fruit and fruit products,"Jam, raspberries",135,56,56,56,69,56,43
Fruit and fruit products,"Jam, raspberries, SWEET Fructose",63,63,63,63,63,63,63
Fruit and fruit products,"Jam, rose hips",165,165,165,165,100,165,100
Fruit and fruit products,"Jam, rose hips, SWEET Fructose",63,63,63,63,63,63,63
Fruit and fruit products,"Jam, sour cherry",90,90,90,90,69,90,69
Fruit and fruit products,"Jam, sour cherry, SWEET Fructose",37,37,37,37,37,37,37
Fruit and fruit products,"Jam, strawberries",120,72,58,72,69,80,43
Fruit and fruit products,"Jam, strawberries, SWEET Fructose",44,63,63,63,44,44,63
Fruit and fruit products,"Jam, sweet cherry",90,75.6,90,75.6,69,90,67
Fruit and fruit products,"Jam, sweet cherry, SWEET Fructose",37,37,37,37,37,37,37
Fruit and fruit products,Kaki and similar-,,184,180,170,184,,180
Fruit and fruit products,"Kiwi fruits (green, red, yellow)",270,267,320,400,312,270,290
Fruit and fruit products,Lemons,160,146,170,140,193,160,140
Fruit and fruit products,Limes,102,117,82,177,179,102,130
Fruit and fruit products,Lingonberries,80,81,81,81,87,87,87
Fruit and fruit products,Litchis,348,171,190,150,182,348,160
Fruit and fruit products,Loganberries,260,260,260,260,185,260,260
Fruit and fruit products,Loquats,263,258,263,250,220,263,220
Fruit and fruit products,Mandarins,150,145,150,210,145,150,145
Fruit and fruit products,Mandarins and similar-,150,145,150,160,145,157,145
Fruit and fruit products,Mangoes,156,147,170,250,143,156,180
Fruit and fruit products,"Marmalade, oranges",33,56.7,35,44,69,20,35
Fruit and fruit products,"Marmalade, oranges, SWEET Fructose",78,52,52,52,78,78,52
Fruit and fruit products,Medlars,116,250,250,250,116,116,250
Fruit and fruit products,Mixed dried fruits,639,709,639,594,1003,639,880
Fruit and fruit products,Mulberries (black and white),260,194,260,260,260,260,260
Fruit and fruit products,Oranges and similar-,150,163,164,200,177,158,150
Fruit and fruit products,Papayas,255,227,191,140,167,255,167
Fruit and fruit products,Passionfruits,350,348,267,200,237,350,200
Fruit and fruit products,Peaches and similar-,200,209,192,209,178,210,160
Fruit and fruit products,Pears and similar-,150,117,114,127,136,150,150
Fruit and fruit products,"Pears and similar-, PROCESS Baking",197,95,95,95,197,197,95
Fruit and fruit products,"Pears and similar-, PROCESS Cooking in water",78,65,78,65,130,78,130
Fruit and fruit products,Pineapples,174,160,180,250,116,113,160
Fruit and fruit products,"Pineapples, PROCESS Baking",416,177,177,177,416,416,177
Fruit and fruit products,"Pineapples, PROCESS Cooking in water",122,122,122,122,122,122,122
Fruit and fruit products,"Pineapples, PROCESS Steaming",150,150,150,150,150,150,150
Fruit and fruit products,Plums and similar-,220,161,161,190,197,220,240
Fruit and fruit products,Pomelos,230,230,230,230,230,230,230
Fruit and fruit products,Prickly pears,220,220,90,190,210,220,210
Fruit and fruit products,Quinces,152,197,183,197,152,152,200
Fruit and fruit products,Raspberries (red and yellow),220,204,200,220,228,150,170
Fruit and fruit products,Raspberries and similar-,220,204,200,220,228,220,170
Fruit and fruit products,Redcurrants,310,257,257,370,295,310,280
Fruit and fruit products,Rose hips and similar-,410,291,291,291,291,410,291
Fruit and fruit products,Sea buckthorns,133,133,133,133,259,133,133
Fruit and fruit products,Sour cherries,158.8,114,114,114,248,220,248
Fruit and fruit products,Strawberries and similar-,190,153,164,160,183,190,160
Fruit and fruit products,Table grapes,185,198,198,192,234,185,210
Fruit and fruit products,Tamarillos,270,220,320,220,270,270,320
Fruit and fruit products,Tangelos (except minneolas),120,120,120,120,120,120,120
Fruit and fruit products,Wine grapes,218.5,198,198,198,187,218.5,198
Fruit and vegetable juices and nectars,Dehydrated/powdered vegetable juice,2815,2815,2815,2815,2815,2815,2815
Fruit and vegetable juices and nectars,Fruit smoothies,449,449,449,449,175,449,175
Fruit and vegetable juices and nectars,"Juice concentrate, black currant",92,92,92,92,92,92,92
Fruit and vegetable juices and nectars,"Juice concentrate, orange",168,110,168,110,168,168,110
Fruit and vegetable juices and nectars,"Juice, apple",110,110,116,110,99,119,110
Fruit and vegetable juices and nectars,"Juice, apple-carrot",,125,125,125,292,,125
Fruit and vegetable juices and nectars,"Juice, apple-cherry",141,141,141,141,141,141,141
Fruit and vegetable juices and nectars,"Juice, apple-cherry, FORT Combination of vitamin and mineral only supplements",174,174,174,174,174,174,174
Fruit and vegetable juices and nectars,"Juice, apple, FORT Vitamin only supplements",105,105,105,105,124,105,124
Fruit and vegetable juices and nectars,"Juice, apricot",241,241,241,,241,241,241
Fruit and vegetable juices and nectars,"Juice, apricot-orange",165,165,165,165,141,165,141
Fruit and vegetable juices and nectars,"Juice, apricot-orange, FORT Combination of vitamin and mineral only supplements",174,174,174,174,174,174,174
Fruit and vegetable juices and nectars,"Juice, beetroot",242,242,242,214,290,242,290
Fruit and vegetable juices and nectars,"Juice, black currant",162.5,254,254,254,200,162.5,200
Fruit and vegetable juices and nectars,"Juice, blackberry",166,166,166,166,200,166,200
Fruit and vegetable juices and nectars,"Juice, carrot",299.5,275,219,275,258,299.5,240
Fruit and vegetable juices and nectars,"Juice, celery",389,389,389,389,389,389,389
Fruit and vegetable juices and nectars,"Juice, cranberry",52.5,79,79,79,200,52.5,200
Fruit and vegetable juices and nectars,"Juice, elderberry",288,288,288,288,288,288,288
Fruit and vegetable juices and nectars,"Juice, grape",230,125,148,120,100,132,55
Fruit and vegetable juices and nectars,"Juice, grapefruit",190,129,149,123,137,190,100
Fruit and vegetable juices and nectars,"Juice, lemon",130,141,146,140,138,124,130
Fruit and vegetable juices and nectars,"Juice, lime",109,75,62,75,138,109,110
Fruit and vegetable juices and nectars,"Juice, mango",148,21,148,21,18,148,18
Fruit and vegetable juices and nectars,"Juice, mixed fruit",135,148,109,70,141,135,141
Fruit and vegetable juices and nectars,"Juice, multi-vegetable",100,244,249,244,193,,193
Fruit and vegetable juices and nectars,"Juice, orange",190,180,142,180,170,190,180
Fruit and vegetable juices and nectars,"Juice, orange-grapefruit",141,141,141,158,141,141,141
Fruit and vegetable juices and nectars,"Juice, orange-grapefruit, FORT Combination of vitamin and mineral only supplements",174,163,174,163,174,174,174
Fruit and vegetable juices and nectars,"Juice, orange-peach",141,163,141,163,141,141,141
Fruit and vegetable juices and nectars,"Juice, orange-peach, FORT Combination of vitamin and mineral only supplements",174,174,174,174,174,174,174
Fruit and vegetable juices and nectars,"Juice, orange, FORT Vitamin only supplements",187.8,142,142,142,180,187.8,180
Fruit and vegetable juices and nectars,"Juice, peach",165,165,165,40,165,165,165
Fruit and vegetable juices and nectars,"Juice, pear",150,,,,118,,
Fruit and vegetable juices and nectars,"Juice, pineapple",120,163,108,134,160,134,53
Fruit and vegetable juices and nectars,"Juice, pomegranate",200,200,200,200,200,200,200
Fruit and vegetable juices and nectars,"Juice, red currant",225,225,225,225,200,225,200
Fruit and vegetable juices and nectars,"Juice, strawberry-cherry",141,141,141,141,141,141,141
Fruit and vegetable juices and nectars,"Juice, strawberry-cherry, FORT Combination of vitamin and mineral only supplements",174,174,174,174,174,174,174
Fruit and vegetable juices and nectars,"Juice, tomato",290,227,238,230,212,220,230
Fruit and vegetable juices and nectars,"Juice, tomato-leafy vegetables",235,244,249,244,193,235,193
Fruit and vegetable juices and nectars,Mixed fruit nectars,58,99.2,58,99.2,95,58,95
Fruit and vegetable juices and nectars,Mixed vegetable juice,431,249,249,249,193,431,193
Fruit and vegetable juices and nectars,Multivitamin juices,,109,109,109,174,,174
Fruit and vegetable juices and nectars,"Multivitamin juices, FORT Combination of vitamin and mineral only supplements",108,108,108,108,108,108,108
Fruit and vegetable juices and nectars,"Multivitamin juices, FORT Vitamin only supplements",,130,109,130,174,109,174
Fruit and vegetable juices and nectars,"Nectar, apple",53,53,53,53,95,53,95
Fruit and vegetable juices and nectars,"Nectar, apricot",97,191,97,70,95,97,95
Fruit and vegetable juices and nectars,"Nectar, banana",81,81,81,81,81,81,81
Fruit and vegetable juices and nectars,"Nectar, mango",52,21,52,21,95,52,95
Fruit and vegetable juices and nectars,"Nectar, orange",127,91,71,91,95,127,95
Fruit and vegetable juices and nectars,"Nectar, peach",75,90,75,40,95,75,95
Fruit and vegetable juices and nectars,"Nectar, pear",51,60,51,13,95,51,95
Fruit and vegetable juices and nectars,"Nectar, pineapple",54,54,54,134,95,54,95
Fruit and vegetable juices and nectars,Vegetable juice concentrate,249,249,249,249,249,249,249
Grains and grain-based products,Amaranth flour,366,366,366,366,366,366,366
Grains and grain-based products,Apple strudel,181,110,181,110,110,181,181
Grains and grain-based products,Asian-style noodles other than glass noodles,379,,,,164,,260
Grains and grain-based products,"Asian-style noodles other than glass noodles, PROCESS Cooking in water",113.7,,,,49.2,,78
Grains and grain-based products,"Asian-style noodles other than glass noodles, PROCESS Steaming",1,1,1,1,50,1,23
Grains and grain-based products,Baklava,256,255,256,255,46,256,90
Grains and grain-based products,Barley flour,360,458,458,458,360,360,458
Grains and grain-based products,"Barley grain, pearled",270,270,270,120,250,270,270
Grains and grain-based products,"Barley grain, pearled, PROCESS Cooking in water",66.5,81,81,81,92,66.5,92
Grains and grain-based products,"Barley grain, pearled, PROCESS Steaming",66.5,81,81,81,92,66.5,92
Grains and grain-based products,Barley porridge,127,127,127,127,127,127,127
Grains and grain-based products,"Barley porridge, INGRED Cow milk, skimmed (low fat)",127,127,127,127,127,127,127
Grains and grain-based products,"Barley porridge, INGRED Cow milk, whole",148.1,148.1,148.1,148.1,148.1,148.1,148.1
Grains and grain-based products,"Barley porridge, INGRED Tap water",51.4,51.4,51.4,51.4,51.4,51.4,51.4
Grains and grain-based products,Barley rolled grains,280,160,160,160,300,280,300
Grains and grain-based products,Beignets,84,109,84,109,109,84,84
Grains and grain-based products,"Biscuit with inclusions, filling or coating",241.6,190,349,160,379,123,120
Grains and grain-based products,"Biscuits, chocolate",,190,670,230,187,,240
Grains and grain-based products,"Biscuits, oat meal",145.6,174,174,174,210,,235
Grains and grain-based products,"Biscuits, sweet, plain",,155,322,155,223,141,93
Grains and grain-based products,"Biscuits, sweet, plain, FORT Combination of vitamin and mineral only supplements",256,256,256,256,256,256,256
Grains and grain-based products,"Biscuits, sweet, plain, FORT Vitamin only supplements",275,275,275,275,275,275,275
Grains and grain-based products,"Biscuits, sweet, wheat wholemeal",,322,322,322,300,170,170
Grains and grain-based products,Bread and rolls with special ingredients added,179,192,174,192,284,179,160
Grains and grain-based products,"Bread and rolls with special ingredients added, FORT Protein and amino acids supplements",201,201,201,201,201,201,201
Grains and grain-based products,Bread stuffing,170,170,170,170,170,170,170
Grains and grain-based products,Breadcrumbs,190,139,130,190,300,190,190
Grains and grain-based products,Brioche type products,137,176,137,52,,137,
Grains and grain-based products,Buckwheat flour,200,680,680,220,200,200,200
Grains and grain-based products,Buckwheat groats,460,1340,1340,450,218,460,220
Grains and grain-based products,Buns,,110,195,110,384,195,206
Grains and grain-based products,Butter biscuits,,146,99,146,121,116,121
Grains and grain-based products,"Cake marbled, with chocolate",,123,260,123,123,,260
Grains and grain-based products,Cereal bars mixed,,262,394,262,209,,360
Grains and grain-based products,Cereal bars plain,,274,394,274,509,,509
Grains and grain-based products,Cereal bran,1485,1160,1485,1160,1160,1485,1160
Grains and grain-based products,Cereals and cereal-like grains not separately listed,438,438,438,438,438,438,438
Grains and grain-based products,Chapatti flour,200,200,200,200,200,200,200
Grains and grain-based products,Cheese cake,,179,131,179,96,157,96
Grains and grain-based products,Chocolate cake,,358,389,358,258,175,151
Grains and grain-based products,Chocolate cake with fruits,112,193,193,193,112,112,193
Grains and grain-based products,Choux pastry doughs,79,79,79,79,71,79,71
Grains and grain-based products,"Choux pastry doughs, PROCESS Baking",79,120,79,360,109,79,109
Grains and grain-based products,Common millet and similar-,220,430,430,174,280,220,280
Grains and grain-based products,"Common millet and similar-, PROCESS Cooking in water",88,52,52,52,94,88,94
Grains and grain-based products,"Common millet and similar-, PROCESS Steaming",88,52,52,52,94,88,94
Grains and grain-based products,Common wheat grain,384,380,380,380,156,384,156
Grains and grain-based products,Corn chips,223,184,184,184,215,223,220
Grains and grain-based products,Corn curls,90,371,163,371,293,240,140
Grains and grain-based products,Corn semolina based thick soup,,7,7,65,7,,7
Grains and grain-based products,Cornmeal porridge,,36,36,65,36,,36
Grains and grain-based products,"Cornmeal porridge, INGRED Cow milk, whole",157.2,157.2,157.2,157.2,157.2,157.2,157.2
Grains and grain-based products,"Cornmeal porridge, INGRED Tap water",36,65,36,65,65,36,36
Grains and grain-based products,Couscous,150,166,335,166,166,150,166
Grains and grain-based products,"Couscous, PROCESS Cooking in water",68.7,104,134,104,56,58,56
Grains and grain-based products,"Couscous, PROCESS Steaming",68.7,104,134,104,56,58,56
Grains and grain-based products,Crackers and breadsticks,,152,162,152,120,211.8,120
Grains and grain-based products,Cream cake,196.1,104,192,104,112,109,93
Grains and grain-based products,Cream cheese cake,,110,110,110,96,110,96
Grains and grain-based products,Cream custard cake,89,111,89,111,110,89,110
Grains and grain-based products,Cream-cheese strudel,130,130,130,130,130,130,130
Grains and grain-based products,"Crisp bread, rye wholemeal",,511,511,319,500,505,500
Grains and grain-based products,"Crisp bread, rye, refined flour",476,511,511,511,476,476,511
Grains and grain-based products,"Crisp bread, wheat, refined flour",,161,195,161,250,,250
Grains and grain-based products,"Crisp bread, wheat, wholemeal",366.8,195,195,195,520,320,520
Grains and grain-based products,Croissant,,115,145,140,100,145,126
Grains and grain-based products,Croissant from puff pastry,,115,145,52,100,,126
Grains and grain-based products,"Croissant, filled with chocolate",264,140,264,140,175,264,175
Grains and grain-based products,"Croissant, filled with cream",58,58,58,58,58,58,58
Grains and grain-based products,"Croissant, filled with jam",57,57,57,57,57,57,57
Grains and grain-based products,Croquembouche,104,104,104,104,104,104,104
Grains and grain-based products,Croutons,,161,120,161,120,,120
Grains and grain-based products,Doughnuts-berliner,89.6,101,140,101,129,118,
Grains and grain-based products,Dried egg pasta,,219,219,164,219,,219
Grains and grain-based products,"Dried egg pasta, PROCESS Baking",53,53,53,53,53,53,53
Grains and grain-based products,"Dried egg pasta, PROCESS Cooking in water",,50,53,50,40,53,40
Grains and grain-based products,"Dried egg pasta, PROCESS Steaming",,53,53,53,40,53,40
Grains and grain-based products,"Dumpling, sweet",141,141,141,141,141,141,141
Grains and grain-based products,Durum wheat grain,380,950,380,494,156,380,156
Grains and grain-based products,"Durum wheat grain, PROCESS Baking",115,115,115,115,115,115,115
Grains and grain-based products,"Durum wheat grain, PROCESS Cooking in water",115,119,115,494,119,115,115
Grains and grain-based products,"Durum wheat grain, PROCESS Steaming",115,119,115,119,119,115,115
Grains and grain-based products,Éclair,108,135,108,135,83,108,160
Grains and grain-based products,"Extruded, pressed or puffed bread",,161,188,161,160,268.4,160
Grains and grain-based products,Flan tart,115,111,115,111,114,115,101
Grains and grain-based products,Flour mix (like wheat/rye/barley/oats and other),240,240,240,240,240,240,240
Grains and grain-based products,Fresh egg pasta,,179,189,140,85,,85
Grains and grain-based products,"Fresh egg pasta, PROCESS Baking",53,53,53,53,53,53,53
Grains and grain-based products,"Fresh egg pasta, PROCESS Cooking in water",,50,42,50,40,,49
Grains and grain-based products,"Fresh egg pasta, PROCESS Steaming",,53,53,53,40,,49
Grains and grain-based products,Fruit cake,,185,446,185,130,187,466
Grains and grain-based products,Fruit pie-tarts,148,247,148,247,94,148,144
Grains and grain-based products,Gingerbread,385,,385,,385,385,113
Grains and grain-based products,"Gingerbread dough, PROCESS Baking",113,92,113,92,113,113,113
Grains and grain-based products,"Gluten free bread, brown",,162,162,162,162,,162
Grains and grain-based products,"Gluten free bread, white",,36,36,36,36,,36
Grains and grain-based products,Gnocchi,,155,155,155,155,,155
Grains and grain-based products,"Gnocchi, PROCESS Baking",140,140,140,140,140,140,140
Grains and grain-based products,"Gnocchi, PROCESS Cooking in water",123,184,123,184,184,123,123
Grains and grain-based products,"Gnocchi, PROCESS Steaming",131,131,131,131,131,131,131
Grains and grain-based products,Gougere,98,131,98,131,65,98,65
Grains and grain-based products,Graham flour,379,340,379,340,379,379,340
Grains and grain-based products,Indian rice grain,427,427,427,427,427,427,427
Grains and grain-based products,"Indian rice grain, PROCESS Cooking in water",101,129,129,129,129,101,129
Grains and grain-based products,"Indian rice grain, PROCESS Steaming",101,129,129,129,129,101,129
Grains and grain-based products,Ingredient rich fine dough without yeast,103,103,103,103,103,103,103
Grains and grain-based products,"Ingredient rich fine dough without yeast, PROCESS Baking",103,252,103,252,252,103,103
Grains and grain-based products,Kringles,253,253,253,253,275,253,275
Grains and grain-based products,Laminated doughs,71,94,71,94,70,71,70
Grains and grain-based products,"Laminated doughs, PROCESS Baking",71,90.1,71,90.1,90.1,71,71
Grains and grain-based products,Leavened bread doughs-deprecated,148,148,148,148,148,148,148
Grains and grain-based products,"Leavened bread doughs-deprecated, PROCESS Baking",,87.8,171,87.8,110,,110
Grains and grain-based products,"Leavened bread doughs-deprecated, PROCESS Cooking in water",114,114,114,114,114,114,114
Grains and grain-based products,"Leavened bread doughs-deprecated, PROCESS Steaming",192,192,192,192,192,192,192
Grains and grain-based products,Lebkuchen,220,240,240,240,220,220,240
Grains and grain-based products,Macaroons,270,290,425,290,150,270,302
Grains and grain-based products,Maize flour,90,,120,130,285,90,285
Grains and grain-based products,Maize semolina,80,80,80,80,80,80,80
Grains and grain-based products,"Maize semolina, PROCESS Baking",81,81,81,81,81,81,81
Grains and grain-based products,"Maize semolina, PROCESS Cooking in water",81,65,81,65,65,81,81
Grains and grain-based products,"Maize semolina, PROCESS Steaming",81,65,81,65,65,81,81
Grains and grain-based products,Maize starch,7,7,7,,3,7,3
Grains and grain-based products,Marzipan pie,226,165,317,165,162,226,162
Grains and grain-based products,Matzo,150,150,150,150,250,150,150
Grains and grain-based products,Meringue,72.2,90,79,90,92,116,92
Grains and grain-based products,Meringue tart,,92,92,92,158,92,70
Grains and grain-based products,Millet flour,220,370,370,370,370,220,370
Grains and grain-based products,Millet groats,430,430,430,430,430,430,430
Grains and grain-based products,Millet rolled grains,430,430,430,430,430,430,430
Grains and grain-based products,Miscellaneous mixed and processed breakfast cereals-deprecated,306,185,411,185,400,411,300
Grains and grain-based products,Mixed breakfast cereals,354.4,310,438,310,420,354.4,420
Grains and grain-based products,Mixed cereal rolled grains,,330,330,330,330,,330
Grains and grain-based products,Mixed cereal-based snacks,175.5,124,124,124,286,175.5,340
Grains and grain-based products,Muesli plain,323,460,382,440,509,323,440
Grains and grain-based products,Muffins,,100,,100,177,,177
Grains and grain-based products,Multigrain (not only rye-wheat) bread and rolls,310.4,239,215,239,208,310.4,208
Grains and grain-based products,"Noodle, rice",30,30,30,30,5,30,5
Grains and grain-based products,"Noodle, rice, PROCESS Cooking in water",11.5,11.5,11.5,11.5,11.5,11.5,11.5
Grains and grain-based products,"Noodle, rice, PROCESS Steaming",11.5,11.5,11.5,11.5,11.5,11.5,11.5
Grains and grain-based products,Nut cream cake,,179,179,179,158,,161
Grains and grain-based products,Oat bran,410,382,382,382,382,566,382
Grains and grain-based products,Oat flour,410,268,268,370,268,410,268
Grains and grain-based products,Oat groats,400,400,400,400,370,400,370
Grains and grain-based products,Oat high-bran flakes,400,400,400,400,400,400,400
Grains and grain-based products,Oat porridge,51.7,122,122,122,139,51.7,350
Grains and grain-based products,"Oat porridge, INGRED Cow milk, skimmed (low fat)",175.3,175.3,175.3,175.3,175.3,175.3,175.3
Grains and grain-based products,"Oat porridge, INGRED Cow milk, whole",167.6,122,122,122,139,167.6,202
Grains and grain-based products,"Oat porridge, INGRED Tap water",51.7,51,76,51,44,51.7,44
Grains and grain-based products,Oat rolled grains,400,382,382,382,300,400,370
Grains and grain-based products,"Oat rolled grains, instant",382,382,382,382,300,382,350
Grains and grain-based products,Pancakes,,162,145,162,209,145,152
Grains and grain-based products,Pasta flavoured and/or/coloured-deprecated,142.2,223,223,223,223,142.2,223
Grains and grain-based products,Pasta wholemeal,280,390,390,390,500,280,390
Grains and grain-based products,"Pasta wholemeal, PROCESS Baking",104,104,104,104,104,104,104
Grains and grain-based products,"Pasta wholemeal, PROCESS Cooking in water",,70.4,104,70.4,70,104,140
Grains and grain-based products,"Pasta wholemeal, PROCESS Steaming",140,140,140,140,70,140,140
Grains and grain-based products,"Pasta, gluten free",422.2,,,,91,304,78
Grains and grain-based products,"Pasta, gluten free, PROCESS Cooking in water",,2,2,2,2,,2
Grains and grain-based products,"Pasta, gluten free, PROCESS Steaming",,2,2,2,2,,2
Grains and grain-based products,"Pasta, simple-deprecated",270,200,200,192,100,270,250
Grains and grain-based products,"Pasta, simple-deprecated, PROCESS Baking",48,48,48,48,48,48,48
Grains and grain-based products,"Pasta, simple-deprecated, PROCESS Cooking in water",78,49,48,33,50,78,24
Grains and grain-based products,"Pasta, simple-deprecated, PROCESS Steaming",48,48,48,33,50,48,50
Grains and grain-based products,Pita bread,106.8,132,132,132,96,140.6,178
Grains and grain-based products,"Pizza base, cooked",,98,98,99,94,,94
Grains and grain-based products,"Popcorn (maize, popped)",235,310,235,301,240,240,220
Grains and grain-based products,Popcorn kernels,182,270,270,287,250,182,250
Grains and grain-based products,Popped cereals,114.5,220,390,220,250,114.5,250
Grains and grain-based products,Pretzels,,152,146,152,141,,141
Grains and grain-based products,Processed and mixed breakfast cereals,900,500,400,500,500,400,400
Grains and grain-based products,Processed barley-based flakes,160,160,160,160,160,160,160
Grains and grain-based products,Processed maize-based flakes,110,100,120,99,90,61.3,90
Grains and grain-based products,Processed mixed cereal-based flakes,168.6,220,382,220,220,168.6,382
Grains and grain-based products,Processed oat-based flakes,410,400,400,400,300,410,500
Grains and grain-based products,Processed rice-based flakes,,278,70,278,250,84.3,250
Grains and grain-based products,Processed rye-based flakes,450,450,450,450,530,450,530
Grains and grain-based products,Processed wheat-based flakes,406.6,430,411,430,950,406.6,950
Grains and grain-based products,Profiterole,190,261,190,261,83,190,190
Grains and grain-based products,Pumpernickel,246.4,192,192,192,274,530,274
Grains and grain-based products,Pyramid cake,125,125,125,125,125,125,125
Grains and grain-based products,Rice chips,,110,110,110,146,,146
Grains and grain-based products,Rice flour,130,104,104,104,100,130,240
Grains and grain-based products,"Rice grain, brown",246.5,260,260,214,250,246.5,250
Grains and grain-based products,"Rice grain, brown, PROCESS Baking",34,34,34,34,34,34,34
Grains and grain-based products,"Rice grain, brown, PROCESS Cooking in water",98.6,79,78,70,37,73.86,99
Grains and grain-based products,"Rice grain, brown, PROCESS Steaming",98.6,79,33,70,37,73.86,99
Grains and grain-based products,"Rice grain, long-grain",230,94.9,112,94.9,100,230,150
Grains and grain-based products,"Rice grain, long-grain, PROCESS Cooking in water",52,31,31,31,25,25.61,54
Grains and grain-based products,"Rice grain, long-grain, PROCESS Steaming",52,31,33,31,25,25.61,54
Grains and grain-based products,"Rice grain, mixed",307.5,302,302,302,250,307.5,250
Grains and grain-based products,"Rice grain, mixed, PROCESS Cooking in water",104.4,91,91,91,100,104.4,100
Grains and grain-based products,"Rice grain, mixed, PROCESS Steaming",104.4,33,33,33,33,104.4,33
Grains and grain-based products,"Rice grain, parboiled",230,135,150,150,150,166,150
Grains and grain-based products,"Rice grain, parboiled, PROCESS Cooking in water",28,31,44,43,20,44,54
Grains and grain-based products,"Rice grain, parboiled, PROCESS Steaming",44,56,44,43,20,44,54
Grains and grain-based products,"Rice grain, polished",130,94.9,112,92,100,192,110
Grains and grain-based products,Rice porridge,140,113,113,113,141,113,141
Grains and grain-based products,"Rice porridge, INGRED Cow milk, skimmed (low fat)",139.4,139.4,139.4,139.4,139.4,139.4,139.4
Grains and grain-based products,"Rice porridge, INGRED Cow milk, whole",147.5,113,113,113,141,147.5,141
Grains and grain-based products,Rice rolled grains,112,112,112,112,112,112,112
Grains and grain-based products,Rice starch,8,8,8,8,8,8,8
Grains and grain-based products,"Rice, popped",114.5,170,110,170,303,114.5,303
Grains and grain-based products,"Rusk, refined flour",204,161,160,161,222,204,140
Grains and grain-based products,"Rusk, wholemeal",350,300,751,300,385,350,250
Grains and grain-based products,Rye bran,900,900,900,900,900,900,900
Grains and grain-based products,"Rye bread, refined flour",,171,171,190,250,,190
Grains and grain-based products,"Rye bread, wholemeal",,291,291,291,248,296,248
Grains and grain-based products,"Rye flour, light",204,170,170,170,200,204,200
Grains and grain-based products,"Rye flour, medium",290,297,297,297,500,290,500
Grains and grain-based products,"Rye flour, wholemeal",500,510,510,,438,500,410
Grains and grain-based products,Rye groats,540,355,355,355,355,540,355
Grains and grain-based products,Rye porridge,60.9,60.9,60.9,60.9,60.9,60.9,60.9
Grains and grain-based products,"Rye porridge, INGRED Cow milk, whole",161.5,161.5,161.5,161.5,161.5,161.5,161.5
Grains and grain-based products,"Rye porridge, INGRED Tap water",52.9,52.9,52.9,52.9,52.9,52.9,52.9
Grains and grain-based products,Rye rolled grains,450,450,450,450,530,450,530
Grains and grain-based products,Rye starch,60,60,60,60,60,60,60
Grains and grain-based products,"Rye-wheat bread, refined flour",,110,208,110,165,171.8,208
Grains and grain-based products,"Rye-wheat bread, wholemeal",278.7,292,292,292,241,157.2,241
Grains and grain-based products,Scones and similar,154,154,154,154,154,154,154
Grains and grain-based products,Short pastry dough and similar,105.1,107,107,107,92,105.1,92
Grains and grain-based products,"Short pastry dough and similar, PROCESS Baking",112,90,112,90,106,112,106
Grains and grain-based products,Sorghum flour,370,370,370,370,370,370,370
Grains and grain-based products,Speculaas,168,168,168,168,124,168,124
Grains and grain-based products,Spelt flour,94,135,135,135,135,135,135
Grains and grain-based products,"Spelt flour, wholemeal",447,407,407,407,407,407,407
Grains and grain-based products,Spelt grain,415,415,415,440,415,415,415
Grains and grain-based products,"Spelt grain, PROCESS Baking",115,115,115,115,115,115,115
Grains and grain-based products,"Spelt grain, PROCESS Cooking in water",115,115,115,115,115,115,115
Grains and grain-based products,"Spelt grain, PROCESS Steaming",115,115,115,115,115,115,115
Grains and grain-based products,Spelt rolled grains,509,415,415,415,509,509,415
Grains and grain-based products,Spice cakes,100.6,,148,,,100.6,
Grains and grain-based products,Sponge cake,171.6,100,169,100,95,171.6,140
Grains and grain-based products,"Sponge cake dough (génoise), PROCESS Baking",104,100,104,100,95,104,95
Grains and grain-based products,"Sponge cake dough (génoise), PROCESS Steaming",104,104,104,104,104,104,104
Grains and grain-based products,Sponge cake roll,,123,83,103,130,84,98
Grains and grain-based products,"Sticks, salty",,120,124,260,141,120,150
Grains and grain-based products,Sweet almond pastry mass,368,368,368,368,368,368,368
Grains and grain-based products,"Sweet almond pastry mass, PROCESS Baking",374,374,374,374,374,374,374
Grains and grain-based products,Tortilla,94.1,169,169,169,200,137,116
Grains and grain-based products,Tortilla chips,220,235,184,235,215,142,220
Grains and grain-based products,"Unleavened doughs, PROCESS Baking",107,107,107,107,178,107,178
Grains and grain-based products,Waffles,,270,110,270,118,110,201
Grains and grain-based products,Wheat bran,1340,1340,1340,1160,1160,1340,1160
Grains and grain-based products,Wheat bran rolled flakes,472.8,500,380,500,500,472.8,380
Grains and grain-based products,"Wheat bread and rolls, brown or wholemeal",151.3,210,210,210,171,,216
Grains and grain-based products,"Wheat bread and rolls, white (refined flour)",,129,,129,111,138,110
Grains and grain-based products,"Wheat bread and rolls, white with maize",,144,144,144,144,,144
Grains and grain-based products,Wheat flour white,150,,168,126,156,150,150
Grains and grain-based products,"Wheat flour, brown",280,337,337,337,250,280,250
Grains and grain-based products,"Wheat flour, durum",431,168,168,168,156,431,156
Grains and grain-based products,Wheat germ,1060,892,1060,827,900,1060,950
Grains and grain-based products,Wheat germs rolled flakes,499,1060,1060,1060,499,499,1060
Grains and grain-based products,Wheat groats,431,510,510,510,262,431,262
Grains and grain-based products,Wheat rolled grains,380,380,380,380,380,380,380
Grains and grain-based products,Wheat semolina,150,112,112,170,100,150,170
Grains and grain-based products,"Wheat semolina porridge, INGRED Cow milk, whole",134.7,82,82,82,131,134.7,131
Grains and grain-based products,"Wheat semolina porridge, INGRED Tap water",45.8,18,18,18,18,45.8,18
Grains and grain-based products,"Wheat semolina, PROCESS Cooking in water",45.8,33.6,33.6,51,30,45,51
Grains and grain-based products,"Wheat semolina, PROCESS Steaming",105,78.4,78.4,119,70,105,119
Grains and grain-based products,Wheat starch,16,16,16,16,16,16,16
Grains and grain-based products,Wheat wholemeal flour,390,337,337,337,379,390,340
Grains and grain-based products,"Wheat, popped",168,220,390,220,390,168,390
Grains and grain-based products,Yeast leavened sweet doughs,158,158,158,158,158,158,158
Grains and grain-based products,"Yeast leavened sweet doughs, PROCESS Baking",158,114,158,114,219,158,219
Human milk,Human milk,50,,58,,50,50,
"Legumes, nuts, oilseeds and spices",Allspice fruit,1040,710,1040,710,1040,1040,1040
"Legumes, nuts, oilseeds and spices",Almonds sweet,725,860,676,780,822,725,780
"Legumes, nuts, oilseeds and spices","Almonds sweet, PROCESS Baking",730,683,683,683,790,730,790
"Legumes, nuts, oilseeds and spices","Almonds sweet, PROCESS Cooking in water",597,597,597,597,597,597,597
"Legumes, nuts, oilseeds and spices","Almonds sweet, PROCESS Steaming",597,597,597,597,597,597,597
"Legumes, nuts, oilseeds and spices",Anise seed,1440,1440,1440,1440,1440,1440,1440
"Legumes, nuts, oilseeds and spices",Azuki beans (dry),1285,1502,1502,1220,1220,1285,1220
"Legumes, nuts, oilseeds and spices","Azuki beans (dry), PROCESS Baking",1509,1509,1509,1509,1509,1509,1509
"Legumes, nuts, oilseeds and spices","Azuki beans (dry), PROCESS Cooking in water",458,458,458,458,570,458,570
"Legumes, nuts, oilseeds and spices","Azuki beans (dry), PROCESS Steaming",458,458,458,458,570,458,570
"Legumes, nuts, oilseeds and spices",Beans (dry) and similar-,1327,1090,1090,1445,1250,1327,1370
"Legumes, nuts, oilseeds and spices","Beans (dry) and similar-, PROCESS Baking",377,377,377,377,377,377,377
"Legumes, nuts, oilseeds and spices","Beans (dry) and similar-, PROCESS Cooking in water",377,480,377,480,382,377,420
"Legumes, nuts, oilseeds and spices","Beans (dry) and similar-, PROCESS Steaming",377,480,377,480,382,377,420
"Legumes, nuts, oilseeds and spices",Beans (fresh seeds without pods) and similar-,360,360,360,650,310,360,310
"Legumes, nuts, oilseeds and spices","Beans (fresh seeds without pods) and similar-, PROCESS Cooking in water",340.4,203,203,203,190,340.4,190
"Legumes, nuts, oilseeds and spices","Beans (fresh seeds without pods) and similar-, PROCESS Steaming",340.4,203,203,203,190,340.4,190
"Legumes, nuts, oilseeds and spices",Bitter almonds,740,676,676,676,822,740,822
"Legumes, nuts, oilseeds and spices",Borage seeds,470,470,470,470,470,470,470
"Legumes, nuts, oilseeds and spices",Borlotti or other common beans (dry),1530,1090,1090,1478,1250,1530,230
"Legumes, nuts, oilseeds and spices","Borlotti or other common beans (dry), PROCESS Baking",377,377,377,377,377,377,377
"Legumes, nuts, oilseeds and spices","Borlotti or other common beans (dry), PROCESS Cooking in water",561,480,377,282,382,327.6,180
"Legumes, nuts, oilseeds and spices","Borlotti or other common beans (dry), PROCESS Steaming",561,480,377,282,382,327.6,180
"Legumes, nuts, oilseeds and spices",Broad beans (dry),,1090,1090,1090,1090,,1090
"Legumes, nuts, oilseeds and spices","Broad beans (dry), PROCESS Baking",377,377,377,377,377,377,377
"Legumes, nuts, oilseeds and spices","Broad beans (dry), PROCESS Cooking in water",377,217,377,217,190,377,190
"Legumes, nuts, oilseeds and spices","Broad beans (dry), PROCESS Steaming",377,217,377,217,190,377,190
"Legumes, nuts, oilseeds and spices",Broad beans (without pods),360,360,360,200,400,360,310
"Legumes, nuts, oilseeds and spices","Broad beans (without pods), PROCESS Cooking in water",203,203,203,203,400,203,190
"Legumes, nuts, oilseeds and spices","Broad beans (without pods), PROCESS Steaming",203,203,203,203,400,203,190
"Legumes, nuts, oilseeds and spices",Canned or jarred chickpea,290,,,,,,
"Legumes, nuts, oilseeds and spices",Canned or jarred common beans,265,362,341,234,296,265,280
"Legumes, nuts, oilseeds and spices",Canned or jarred lentils,209,128,209,161,128,209,209
"Legumes, nuts, oilseeds and spices",Canned or jarred peas,37,100,150,130,120,150,130
"Legumes, nuts, oilseeds and spices",Capers buds,,140,26,240,40,,40
"Legumes, nuts, oilseeds and spices",Caraway fruit,1351,1788,1350,1788,1350,1350,1350
"Legumes, nuts, oilseeds and spices",Cardamom fruit,1120,1120,1120,1120,1120,1120,1120
"Legumes, nuts, oilseeds and spices",Cashew nuts,565,689,689,565,682,565,710
"Legumes, nuts, oilseeds and spices","Cashew nuts, PROCESS Baking",560,464,530,464,730,560,730
"Legumes, nuts, oilseeds and spices","Cashew nuts, PROCESS Cooking in water",530,530,530,530,530,530,530
"Legumes, nuts, oilseeds and spices","Cashew nuts, PROCESS Steaming",690,690,690,690,690,690,690
"Legumes, nuts, oilseeds and spices",Cassia buds,1000,1000,1000,1000,1000,1000,1000
"Legumes, nuts, oilseeds and spices",Chestnut puree (castanea vulgaris),425,250,425,250,250,425,425
"Legumes, nuts, oilseeds and spices",Chestnuts,650,707,707,395,600,650,500
"Legumes, nuts, oilseeds and spices","Chestnuts, PROCESS Baking",590,592,590,592,592,590,592
"Legumes, nuts, oilseeds and spices","Chestnuts, PROCESS Cooking in water",556,500,556,500,500,556,556
"Legumes, nuts, oilseeds and spices","Chestnuts, PROCESS Steaming",556,556,556,556,556,556,556
"Legumes, nuts, oilseeds and spices",Chickpea flour,800,800,800,800,1000,800,1000
"Legumes, nuts, oilseeds and spices",Chickpeas (dry),800,810,810,881,800,800,1000
"Legumes, nuts, oilseeds and spices","Chickpeas (dry), PROCESS Cooking in water",290,291,280,302,297,162.8,270
"Legumes, nuts, oilseeds and spices","Chickpeas (dry), PROCESS Steaming",290,291,280,302,297,290,270
"Legumes, nuts, oilseeds and spices",Cinnamon bark and similar-,431,500,500,500,500,431,500
"Legumes, nuts, oilseeds and spices",Cloves buds,1100,1100,1100,1100,1100,1100,1100
"Legumes, nuts, oilseeds and spices",Coconut milk (cocos nucifera) liquid,220,220,282,220,220,,280
"Legumes, nuts, oilseeds and spices",Coconuts,355,344,379,256,400,355,370
"Legumes, nuts, oilseeds and spices","Coconuts, PROCESS Drying (dehydration)",600,646,912,660,660,540,660
"Legumes, nuts, oilseeds and spices",Coriander seed,1267,1267,1270,1267,1267,1267,1270
"Legumes, nuts, oilseeds and spices",Cumin seed,1380,1788,1380,1788,1788,1380,1380
"Legumes, nuts, oilseeds and spices",Dill seed,1190,1190,1190,1190,1190,1190,1190
"Legumes, nuts, oilseeds and spices",Fennel seed,1694,1694,1694,1660,1694,1694,1660
"Legumes, nuts, oilseeds and spices",Fenugreek seed,770,770,770,770,650,770,650
"Legumes, nuts, oilseeds and spices",Garden peas (dry),1080,940,940,990,1000,1080,990
"Legumes, nuts, oilseeds and spices","Garden peas (dry), PROCESS Cooking in water",,316,399,316,400,,270
"Legumes, nuts, oilseeds and spices","Garden peas (dry), PROCESS Steaming",,316,399,316,400,,270
"Legumes, nuts, oilseeds and spices",Ginger roots,,1343,415,1343,264,,330
"Legumes, nuts, oilseeds and spices",Hazelnuts,650,683,745,466,600,650,730
"Legumes, nuts, oilseeds and spices","Hazelnuts, PROCESS Baking",445,751,751,751,751,445,751
"Legumes, nuts, oilseeds and spices","Hazelnuts, PROCESS Cooking in water",568,568,568,568,568,568,568
"Legumes, nuts, oilseeds and spices","Hazelnuts, PROCESS Steaming",568,568,568,568,568,568,568
"Legumes, nuts, oilseeds and spices",Juniper berry,1350,1350,1350,1350,1350,1350,1350
"Legumes, nuts, oilseeds and spices",Kidney bean (dry seeds),1370,,1502,1411,1370,1502,1370
"Legumes, nuts, oilseeds and spices","Kidney bean (dry seeds), PROCESS Baking",1509,1509,1509,1509,1509,1509,1509
"Legumes, nuts, oilseeds and spices","Kidney bean (dry seeds), PROCESS Cooking in water",243.5,,458,289,420,243.5,420
"Legumes, nuts, oilseeds and spices","Kidney bean (dry seeds), PROCESS Steaming",420,,458,289,420,458,420
"Legumes, nuts, oilseeds and spices",Lentils (dry),940,840,840,980,1000,322,940
"Legumes, nuts, oilseeds and spices","Lentils (dry), PROCESS Cooking in water",359.8,309,255,266,657,359.8,310
"Legumes, nuts, oilseeds and spices","Lentils (dry), PROCESS Steaming",359.8,309,255,266,657,359.8,310
"Legumes, nuts, oilseeds and spices",Lentils (without pods),,840,840,980,,,840
"Legumes, nuts, oilseeds and spices","Lentils (without pods), PROCESS Cooking in water",310,255,255,266,255,255,255
"Legumes, nuts, oilseeds and spices","Lentils (without pods), PROCESS Steaming",255,255,255,266,255,255,255
"Legumes, nuts, oilseeds and spices",Lima beans (without pods),200,200,200,200,1700,200,1700
"Legumes, nuts, oilseeds and spices","Lima beans (without pods), PROCESS Cooking in water",172,172,172,172,400,172,400
"Legumes, nuts, oilseeds and spices","Lima beans (without pods), PROCESS Steaming",172,172,172,172,400,172,400
"Legumes, nuts, oilseeds and spices",Linseeds,813,731,731,731,725,725,725
"Legumes, nuts, oilseeds and spices",Liquorice roots,415,2525,2525,2525,415,415,2525
"Legumes, nuts, oilseeds and spices",Macadamias,,368,265,363,363,,300
"Legumes, nuts, oilseeds and spices",Mace aril,463,463,463,463,350,463,460
"Legumes, nuts, oilseeds and spices",Mung beans (dry),875,,,875,875,875,875
"Legumes, nuts, oilseeds and spices","Mung beans (dry), PROCESS Cooking in water",266,112,112,112,270,266,270
"Legumes, nuts, oilseeds and spices","Mung beans (dry), PROCESS Steaming",266,112,112,112,270,266,270
"Legumes, nuts, oilseeds and spices",Mustard seeds and similar-,680,680,680,680,680,680,680
"Legumes, nuts, oilseeds and spices",Navy beans (dry seeds),1336,1336,1336,1336,1160,1336,1160
"Legumes, nuts, oilseeds and spices","Navy beans (dry seeds), PROCESS Cooking in water",463,480,463,480,320,463,320
"Legumes, nuts, oilseeds and spices","Navy beans (dry seeds), PROCESS Steaming",463,480,463,480,320,463,320
"Legumes, nuts, oilseeds and spices",Nutmeg seed,350,350,350,350,350,350,350
"Legumes, nuts, oilseeds and spices","Olives, processed",175,59,59,59,91,175,91
"Legumes, nuts, oilseeds and spices",Paprika powder,2340,2340,2340,2344,2344,2340,2340
"Legumes, nuts, oilseeds and spices",Peanut butter,680,674,820,674,537,680,700
"Legumes, nuts, oilseeds and spices",Peanuts,670,705,660,705,703,670,670
"Legumes, nuts, oilseeds and spices","Peanuts, PROCESS Baking",841,810,841,680,757,841,730
"Legumes, nuts, oilseeds and spices","Peanuts, PROCESS Cooking in water",504,504,504,504,504,504,504
"Legumes, nuts, oilseeds and spices","Peanuts, PROCESS Steaming",504,504,504,504,504,504,504
"Legumes, nuts, oilseeds and spices",Peas (without pods) and similar-,170,252,252,193,300,170,330
"Legumes, nuts, oilseeds and spices","Peas (without pods) and similar-, PROCESS Baking",273,273,273,273,273,273,273
"Legumes, nuts, oilseeds and spices","Peas (without pods) and similar-, PROCESS Cooking in water",73,220,213,220,300,73,230
"Legumes, nuts, oilseeds and spices","Peas (without pods) and similar-, PROCESS Steaming",235,220,235,220,300,235,230
"Legumes, nuts, oilseeds and spices",Pecans,,410,634,603,520,390,520
"Legumes, nuts, oilseeds and spices","Peppercorn (black, green and white) and similar-",1259,1259,1260,1260,1259,1259,1260
"Legumes, nuts, oilseeds and spices","Peppers, dried",2014,2014,2014,,2014,2014,2014
"Legumes, nuts, oilseeds and spices",Pine nut kernels and similar-,597,597,600,597,599,597,780
"Legumes, nuts, oilseeds and spices","Pine nut kernels and similar-, PROCESS Baking",601,601,601,601,599,601,599
"Legumes, nuts, oilseeds and spices","Pine nut kernels and similar-, PROCESS Cooking in water",608,608,608,608,608,608,608
"Legumes, nuts, oilseeds and spices","Pine nut kernels and similar-, PROCESS Steaming",608,608,608,608,608,608,608
"Legumes, nuts, oilseeds and spices",Pistachios,,1020,1020,972,1025,,1020
"Legumes, nuts, oilseeds and spices","Pistachios, PROCESS Baking",1090,1040,1005,1040,1100,1090,1040
"Legumes, nuts, oilseeds and spices","Pistachios, PROCESS Cooking in water",780,780,780,780,780,780,780
"Legumes, nuts, oilseeds and spices","Pistachios, PROCESS Steaming",780,780,780,780,780,780,780
"Legumes, nuts, oilseeds and spices",Poppy seeds,700,705,705,705,780,700,700
"Legumes, nuts, oilseeds and spices","Poppy seeds, PROCESS Baking",780,780,780,780,780,780,780
"Legumes, nuts, oilseeds and spices",Pumpkin seeds,570,570,570,570,820,570,820
"Legumes, nuts, oilseeds and spices","Pumpkin seeds, PROCESS Baking",810,571,571,571,720,810,720
"Legumes, nuts, oilseeds and spices","Pumpkin seeds, PROCESS Cooking in water",434,434,434,434,434,434,434
"Legumes, nuts, oilseeds and spices","Pumpkin seeds, PROCESS Steaming",434,434,434,434,434,434,434
"Legumes, nuts, oilseeds and spices",Saffron,1720,1720,1720,1720,1720,1720,1720
"Legumes, nuts, oilseeds and spices",Sesame paste (tahini) (sesamus indicum),,414,414,414,480,,580
"Legumes, nuts, oilseeds and spices",Sesame seeds,,468,458,468,407,,570
"Legumes, nuts, oilseeds and spices","Sesame seeds, PROCESS Baking",405,416,416,416,416,405,416
"Legumes, nuts, oilseeds and spices",Soya proteins,1660,1870,1870,1660,1660,1660,1660
"Legumes, nuts, oilseeds and spices",Sunflower seeds,690,600,784,710,660,690,710
"Legumes, nuts, oilseeds and spices","Sunflower seeds, PROCESS Baking",690,713,713,713,730,690,730
"Legumes, nuts, oilseeds and spices","Sunflower seeds, PROCESS Cooking in water",609,609,609,609,609,609,609
"Legumes, nuts, oilseeds and spices","Sunflower seeds, PROCESS Steaming",609,609,609,609,609,609,609
"Legumes, nuts, oilseeds and spices",Table olives and similar-,133,55,55,55,133,133,55
"Legumes, nuts, oilseeds and spices",Table olives ready for consumption,290,,,,,,
"Legumes, nuts, oilseeds and spices",Turmeric roots,2525,2525,2525,2525,2910,2525,2910
"Legumes, nuts, oilseeds and spices",Vanilla,500,500,500,500,500,500,500
"Legumes, nuts, oilseeds and spices",Walnuts,650,430,444,368,532,500,450
Meat and meat products,Bacon,190,279,279,149,200,190,300
Meat and meat products,"Bacon, PROCESS Baking",200,258,258,258,340,200,340
Meat and meat products,"Bacon, PROCESS Cooking in water",323,360,323,360,360,323,323
Meat and meat products,"Bacon, PROCESS Frying",260.3,360,146,360,146,260.3,350
Meat and meat products,"Bacon, PROCESS Steaming",323,360,323,360,360,323,323
Meat and meat products,Beef kidney,220,220,220,230,240,220,240
Meat and meat products,"Beef kidney, PROCESS Baking",223,178,198,178,223,223,198
Meat and meat products,"Beef kidney, PROCESS Cooking in water",328.9,178,210,178,210,328.9,210
Meat and meat products,"Beef kidney, PROCESS Frying",268.4,,,,268.4,,
Meat and meat products,"Beef kidney, PROCESS Steaming",328.9,135,210,135,210,328.9,210
Meat and meat products,Beef liver,360,340,340,320,365,360,310
Meat and meat products,"Beef liver, PROCESS Baking",279,299,299,299,279,279,299
Meat and meat products,"Beef liver, PROCESS Cooking in water",207,207,207,207,300,207,300
Meat and meat products,"Beef liver, PROCESS Frying",350,350,350,350,465,350,350
Meat and meat products,"Beef liver, PROCESS Steaming",207,207,207,207,300,207,300
Meat and meat products,"Beerwurst, PROCESS Baking",233,233,233,233,233,233,233
Meat and meat products,"Beerwurst, PROCESS Cooking in water",233,233,233,233,233,233,233
Meat and meat products,"Beerwurst, PROCESS Steaming",233,233,233,233,233,233,233
Meat and meat products,Blood-type sausage,270.7,155,82,155,300,170,110
Meat and meat products,"Blood-type sausage, QUAL Low fat (naturally or reduced)",187,187,187,187,187,187,187
Meat and meat products,"Bockwurst, PROCESS Baking",230,230,230,230,230,230,230
Meat and meat products,"Bockwurst, PROCESS Cooking in water",230,230,230,230,230,230,230
Meat and meat products,"Bockwurst, PROCESS Steaming",230,230,230,230,230,230,230
Meat and meat products,"Bockwurst, QUAL Low fat (naturally or reduced), PROCESS Baking",270,270,270,270,270,270,270
Meat and meat products,"Bockwurst, QUAL Low fat (naturally or reduced), PROCESS Cooking in water",270,270,270,270,270,270,270
Meat and meat products,"Bockwurst, QUAL Low fat (naturally or reduced), PROCESS Steaming",270,270,270,270,270,270,270
Meat and meat products,"Bologna-type sausage, PROCESS Baking",166,166,166,166,166,166,166
Meat and meat products,"Bologna-type sausage, PROCESS Cooking in water",424.9,202,202,202,258,424.9,120
Meat and meat products,"Bologna-type sausage, PROCESS Steaming",424.9,202,202,202,258,424.9,120
Meat and meat products,"Bologna-type sausage, QUAL Low fat (naturally or reduced), PROCESS Cooking in water",200,200,200,200,200,200,200
Meat and meat products,"Bologna-type sausage, QUAL Low fat (naturally or reduced), PROCESS Steaming",200,200,200,200,200,200,200
Meat and meat products,"Bologna-type sausage, QUAL Low sodium / reduced salt, PROCESS Cooking in water",501.3,501.3,501.3,501.3,501.3,501.3,501.3
Meat and meat products,"Bologna-type sausage, QUAL Low sodium / reduced salt, PROCESS Steaming",501.3,501.3,501.3,501.3,501.3,501.3,501.3
Meat and meat products,Bovine and pig fresh meat,230,346,346,346,303,230,303
Meat and meat products,"Bovine and pig fresh meat, PROCESS Baking",285,285,285,285,285,285,285
Meat and meat products,"Bovine and pig fresh meat, PROCESS Cooking in water",302,302,302,302,302,302,302
Meat and meat products,"Bovine and pig fresh meat, PROCESS Frying",385,385,385,385,697,385,697
Meat and meat products,"Bovine and pig fresh meat, PROCESS Steaming",302,302,302,302,302,302,302
Meat and meat products,"Bovine and pig fresh meat, QUAL Half fat or medium fat, PROCESS Frying",300.7,300.7,300.7,300.7,300.7,300.7,300.7
Meat and meat products,Bovine fresh meat,284,360,284,335,324,284,350
Meat and meat products,"Bovine fresh meat, PROCESS Baking",,400,292,400,204,,360
Meat and meat products,"Bovine fresh meat, PROCESS Cooking in water",,320,321,320,250,,250
Meat and meat products,"Bovine fresh meat, PROCESS Frying",461.4,210,210,210,424,461.4,390
Meat and meat products,"Bovine fresh meat, PROCESS Steaming",,321,321,321,250,,250
Meat and meat products,Bovine heart,240,215,215,320,240,240,290
Meat and meat products,"Bovine heart, PROCESS Baking",193,230,193,230,230,193,193
Meat and meat products,"Bovine heart, PROCESS Cooking in water",193,230,193,230,200,193,200
Meat and meat products,"Bovine heart, PROCESS Frying",193,193,193,193,193,193,193
Meat and meat products,"Bovine heart, PROCESS Steaming",193,230,193,230,200,193,200
Meat and meat products,Bovine marrowbone,13,13,13,270,13,13,13
Meat and meat products,"Bovine meat, dried",,839,839,839,839,,839
Meat and meat products,"Bovine meat, dried, PROCESS Cooking in water",40,40,40,40,40,40,40
Meat and meat products,"Bovine meat, dried, PROCESS Steaming",40,40,40,40,40,40,40
Meat and meat products,Bovine stomach,19,19,19,18,19,19,19
Meat and meat products,"Bovine stomach, PROCESS Baking",17,17,17,17,17,17,17
Meat and meat products,"Bovine stomach, PROCESS Cooking in water",17,17,17,17,17,17,17
Meat and meat products,"Bovine stomach, PROCESS Frying",17,17,17,17,17,17,17
Meat and meat products,"Bovine stomach, PROCESS Steaming",17,17,17,17,17,17,17
Meat and meat products,Bovine tail,360,360,360,360,270,360,270
Meat and meat products,"Bovine tail, PROCESS Cooking in water",296,296,296,296,170,296,170
Meat and meat products,"Bovine tail, PROCESS Frying",388,388,388,388,388,388,388
Meat and meat products,"Bovine tail, PROCESS Steaming",296,296,296,296,170,296,170
Meat and meat products,Bovine tongue,270,260,260,197,290,270,290
Meat and meat products,"Bovine tongue, PROCESS Baking",219,150,219,150,150,219,219
Meat and meat products,"Bovine tongue, PROCESS Cooking in water",386.1,150,219,150,140,386.1,140
Meat and meat products,"Bovine tongue, PROCESS Frying",219,150,219,150,150,219,219
Meat and meat products,"Bovine tongue, PROCESS Steaming",386.1,150,219,150,140,386.1,140
Meat and meat products,Breakfast-type sausage,219,250,250,250,219,219,160
Meat and meat products,"Breakfast-type sausage, PROCESS Baking",229,229,229,229,190,229,190
Meat and meat products,"Breakfast-type sausage, PROCESS Cooking in water",173,229,229,229,229,229,229
Meat and meat products,"Breakfast-type sausage, PROCESS Frying",180,180,180,180,180,180,180
Meat and meat products,"Breakfast-type sausage, PROCESS Steaming",229,229,229,229,229,229,229
Meat and meat products,Canned meat,300,68,68,184,78,300,78
Meat and meat products,"Cervelat (swiss type), PROCESS Baking",230,230,230,230,210,230,210
Meat and meat products,"Cervelat (swiss type), PROCESS Cooking in water",174,230,230,230,174,174,230
Meat and meat products,"Cervelat (swiss type), PROCESS Steaming",174,230,230,230,174,174,230
Meat and meat products,"Cervelat (swiss type), QUAL Low fat (naturally or reduced), PROCESS Baking",270,270,270,270,270,270,270
Meat and meat products,"Cervelat (swiss type), QUAL Low fat (naturally or reduced), PROCESS Cooking in water",270,270,270,270,270,270,270
Meat and meat products,"Cervelat (swiss type), QUAL Low fat (naturally or reduced), PROCESS Steaming",270,270,270,270,270,270,270
Meat and meat products,Chicken fresh meat,180,259,281,370,351,180,370
Meat and meat products,"Chicken fresh meat, PROCESS Baking",506.7,324,271,270,371,506.7,330
Meat and meat products,"Chicken fresh meat, PROCESS Cooking in water",,202,128,202,220,128,220
Meat and meat products,"Chicken fresh meat, PROCESS Frying",457.3,287,280,497,419,,420
Meat and meat products,"Chicken fresh meat, PROCESS Steaming",,287,128,287,262,262,220
Meat and meat products,Chicken liver,360,218,218,218,302,360,260
Meat and meat products,"Chicken liver, PROCESS Baking",194,317,194,317,317,194,194
Meat and meat products,"Chicken liver, PROCESS Cooking in water",133,133,133,133,133,133,133
Meat and meat products,"Chicken liver, PROCESS Frying",194,194,194,194,300,194,300
Meat and meat products,"Chicken liver, PROCESS Steaming",133,317,133,317,317,133,133
Meat and meat products,"Chicken, other organs (edible offal non-muscle)",177,218,218,218,177,177,250
Meat and meat products,"Chicken, other organs (edible offal non-muscle), PROCESS Baking",194,194,194,194,194,194,194
Meat and meat products,"Chicken, other organs (edible offal non-muscle), PROCESS Cooking in water",194,194,194,194,210,194,210
Meat and meat products,"Chicken, other organs (edible offal non-muscle), PROCESS Steaming",194,194,194,194,210,194,210
Meat and meat products,Chorizo and similar,,479,331,479,249,208,240
Meat and meat products,"Chorizo and similar, QUAL Low fat (naturally or reduced)",212.8,436,436,436,436,212.8,436
Meat and meat products,Cooked bovine tongue,219,150,219,150,97,219,97
Meat and meat products,"Cooked bratwurst-type sausage, PROCESS Baking",233,233,233,233,210,233,210
Meat and meat products,"Cooked bratwurst-type sausage, PROCESS Cooking in water",,233,233,233,233,,233
Meat and meat products,"Cooked bratwurst-type sausage, PROCESS Steaming",233,233,233,233,233,233,233
Meat and meat products,"Cooked bratwurst-type sausage, QUAL Low fat (naturally or reduced), PROCESS Baking",323,323,323,323,323,323,323
Meat and meat products,"Cooked bratwurst-type sausage, QUAL Low fat (naturally or reduced), PROCESS Cooking in water",323,323,323,323,323,323,323
Meat and meat products,"Cooked bratwurst-type sausage, QUAL Low fat (naturally or reduced), PROCESS Steaming",323,323,323,323,323,323,323
Meat and meat products,Cooked other poultry meat,,360,360,360,360,,360
Meat and meat products,Cooked pork ham,,384,340,227,334,310,340
Meat and meat products,Cooked pork tongue,282,256,256,256,282,282,256
Meat and meat products,"Cooked sausages (generic), QUAL Low fat (naturally or reduced)",340,271,271,271,350,340,170
Meat and meat products,"Cooked sausages (generic), QUAL Low sodium / reduced salt",205,205,205,205,205,205,205
Meat and meat products,Cooked turkey meat,245,305,141,305,330,245,330
Meat and meat products,"Corned beef, uncooked",,131,131,74,,,131
Meat and meat products,"Corned beef, uncooked, PROCESS Baking",151,151,151,151,151,151,151
Meat and meat products,"Corned beef, uncooked, PROCESS Cooking in water",151,151,151,151,100,151,140
Meat and meat products,"Corned beef, uncooked, PROCESS Frying",151,151,151,151,151,151,151
Meat and meat products,"Corned beef, uncooked, PROCESS Steaming",151,151,151,151,100,151,140
Meat and meat products,"Corned pork meat, cooked",317,317,317,317,317,317,317
Meat and meat products,"Corned pork, uncooked, PROCESS Baking",72,72,72,72,72,72,72
Meat and meat products,"Corned pork, uncooked, PROCESS Cooking in water",72,72,72,72,72,72,72
Meat and meat products,"Corned pork, uncooked, PROCESS Steaming",72,72,72,72,72,72,72
Meat and meat products,Cured pork fat,25,1,25,1,25,25,25
Meat and meat products,Cured seasoned poultry meat,316,316,316,316,316,316,316
Meat and meat products,"Cured seasoned poultry meat, PROCESS Baking",278,278,278,278,255,278,255
Meat and meat products,"Cured seasoned poultry meat, PROCESS Cooking in water",278,278,278,278,278,278,278
Meat and meat products,"Cured seasoned poultry meat, PROCESS Steaming",278,278,278,278,278,278,278
Meat and meat products,"Deer, fallow fresh meat",294,294,294,349,340,294,340
Meat and meat products,"Deer, fallow fresh meat, PROCESS Baking",367,367,367,367,367,367,367
Meat and meat products,"Deer, fallow fresh meat, PROCESS Cooking in water",179,179,179,179,179,179,179
Meat and meat products,"Deer, fallow fresh meat, PROCESS Steaming",179,179,179,179,179,179,179
Meat and meat products,"Deer, red fresh meat",354.7,294,294,294,340,354.7,340
Meat and meat products,"Deer, red fresh meat, PROCESS Baking",,335,367,335,335,,367
Meat and meat products,"Deer, red fresh meat, PROCESS Cooking in water",,179,179,179,179,,179
Meat and meat products,"Deer, red fresh meat, PROCESS Steaming",,179,179,179,179,,179
Meat and meat products,Dry and fermented sausages-deprecated,304,490,312,490,249,312,320
Meat and meat products,"Dry and fermented sausages-deprecated, QUAL Low fat (naturally or reduced)",249,249,249,249,249,249,249
Meat and meat products,Duck fresh meat,265,390,265,290,300,265,190
Meat and meat products,"Duck fresh meat, PROCESS Baking",,260,341,260,315,,220
Meat and meat products,"Duck fresh meat, PROCESS Cooking in water",,162,162,162,162,,162
Meat and meat products,"Duck fresh meat, PROCESS Steaming",,162,162,162,162,,162
Meat and meat products,Duck liver,240,240,240,240,240,240,240
Meat and meat products,"Duck liver, PROCESS Baking",240,240,240,240,240,240,240
Meat and meat products,"Duck liver, PROCESS Frying",170,170,170,170,170,170,170
Meat and meat products,Equine fresh meat,400,400,400,331,300,400,300
Meat and meat products,"Equine fresh meat, PROCESS Baking",383,332,468,332,383,383,468
Meat and meat products,"Equine fresh meat, PROCESS Frying",301,301,301,301,301,301,301
Meat and meat products,European moose meat,390,347.5,347.5,347.5,390,347.5,347.5
Meat and meat products,"European moose meat, PROCESS Baking",557.7,557.7,557.7,557.7,557.7,557.7,557.7
Meat and meat products,"European moose meat, PROCESS Frying",557.8,,,,557.8,,
Meat and meat products,"Frankfurt-type sausage, PROCESS Baking",166,166,166,164,170,166,170
Meat and meat products,"Frankfurt-type sausage, PROCESS Cooking in water",157,133,202,140,78,157,78
Meat and meat products,"Frankfurt-type sausage, PROCESS Steaming",202,133,202,133,78,202,78
Meat and meat products,"Frankfurt-type sausage, QUAL Low fat (naturally or reduced), PROCESS Baking",326,326,326,326,326,326,326
Meat and meat products,"Frankfurt-type sausage, QUAL Low fat (naturally or reduced), PROCESS Cooking in water",326,326,326,326,117,326,117
Meat and meat products,"Frankfurt-type sausage, QUAL Low fat (naturally or reduced), PROCESS Steaming",326,326,326,326,117,326,117
Meat and meat products,"Frankfurter sausage, PROCESS Baking",212,166,166,166,212,212,170
Meat and meat products,"Frankfurter sausage, PROCESS Cooking in water",215.4,152,202,152,78,215.4,78
Meat and meat products,"Frankfurter sausage, PROCESS Steaming",215.4,202,202,202,137,215.4,202
Meat and meat products,"Frankfurter sausage, QUAL Low fat (naturally or reduced), PROCESS Baking",326,326,326,326,326,326,326
Meat and meat products,"Frankfurter sausage, QUAL Low fat (naturally or reduced), PROCESS Cooking in water",326,326,326,326,117,326,117
Meat and meat products,"Frankfurter sausage, QUAL Low fat (naturally or reduced), PROCESS Steaming",326,326,326,326,326,326,326
Meat and meat products,Fresh bratwurst,218,250,250,250,315,218,315
Meat and meat products,"Fresh bratwurst, PROCESS Baking",229,229,229,229,210,229,210
Meat and meat products,"Fresh bratwurst, PROCESS Cooking in water",229,229,229,229,229,229,229
Meat and meat products,"Fresh bratwurst, PROCESS Steaming",229,229,229,229,229,229,229
Meat and meat products,Fresh raw sausages,,249,157,200,315,,170
Meat and meat products,"Fresh raw sausages, PROCESS Baking",229,229,229,229,190,229,190
Meat and meat products,"Fresh raw sausages, PROCESS Cooking in water",229,249,229,249,249,229,229
Meat and meat products,"Fresh raw sausages, PROCESS Frying",229,229,229,231,400,229,180
Meat and meat products,"Fresh raw sausages, PROCESS Steaming",229,229,229,229,229,229,229
Meat and meat products,Fresh smoked sausages-deprecated,173,283,260,283,283,260,260
Meat and meat products,"Fresh smoked sausages-deprecated, QUAL Low fat (naturally or reduced)",520,520,520,520,520,520,520
Meat and meat products,"Fresh smoked sausages-deprecated, QUAL Low sodium / reduced salt",260,260,260,260,260,260,260
Meat and meat products,Fresh spiced sausages in casing,315,315,315,315,315,315,315
Meat and meat products,"Fresh spiced sausages in casing, PROCESS Baking",400,400,400,231,400,400,400
Meat and meat products,Game birds fresh meat,390,249,249,249,249,390,249
Meat and meat products,"Game birds fresh meat, PROCESS Baking",518.7,400,341,400,380,518.7,380
Meat and meat products,"Game birds fresh meat, PROCESS Cooking in water",,162,162,162,162,,162
Meat and meat products,"Game birds fresh meat, PROCESS Steaming",,162,162,162,162,,162
Meat and meat products,"Generic traditionally farmed mammals, fresh fat tissue",65,65,65,65,65,65,65
Meat and meat products,"Generic traditionally farmed mammals, fresh fat tissue, PROCESS Cooking in water",178,178,178,178,178,178,178
Meat and meat products,"Generic traditionally farmed mammals, fresh fat tissue, PROCESS Steaming",178,178,178,178,178,178,178
Meat and meat products,German salami,220,220,220,220,249,220,249
Meat and meat products,"German salami, QUAL Low fat (naturally or reduced)",436,436,436,436,249,436,249
Meat and meat products,Goat fresh meat,300,300,300,300,385,300,385
Meat and meat products,"Goat fresh meat, PROCESS Baking",291,346,346,346,291,291,346
Meat and meat products,"Goat fresh meat, PROCESS Cooking in water",450,450,450,450,450,450,450
Meat and meat products,"Goat fresh meat, PROCESS Steaming",450,450,450,450,450,450,450
Meat and meat products,"Goat liver, PROCESS Baking",218,218,218,218,218,218,218
Meat and meat products,Goose fresh meat,270,420,420,406,270,420,270
Meat and meat products,"Goose fresh meat, PROCESS Baking",581,400,581,400,320,581,320
Meat and meat products,"Goose fresh meat, PROCESS Cooking in water",,264,264,264,264,,264
Meat and meat products,"Goose fresh meat, PROCESS Steaming",,264,264,264,264,,264
Meat and meat products,Goose liver,240,240,240,240,240,240,240
Meat and meat products,"Goose liver, PROCESS Baking",210,210,210,210,210,210,210
Meat and meat products,"Goose liver, PROCESS Cooking in water",240,240,240,240,240,240,240
Meat and meat products,"Goose liver, PROCESS Frying",130,130,130,130,130,130,130
Meat and meat products,"Grouse fresh meat, PROCESS Baking",390,380,390,380,390,390,380
Meat and meat products,Guinea-fowl fresh meat,350,350,350,325,350,350,350
Meat and meat products,"Ham, beef",340,367,367,505,367,340,367
Meat and meat products,"Ham, beef, PROCESS Baking",367,367,367,367,367,367,367
Meat and meat products,"Ham, beef, PROCESS Cooking in water",367,367,367,367,367,367,367
Meat and meat products,"Ham, beef, PROCESS Steaming",367,367,367,367,367,367,367
Meat and meat products,"Ham, pork",340,500,296,500,717,533,190
Meat and meat products,"Ham, pork, PROCESS Baking",313,241,241,241,478,313,380
Meat and meat products,"Ham, pork, PROCESS Cooking in water",260,384,262,384,334,260,250
Meat and meat products,"Ham, pork, PROCESS Steaming",260,262,262,262,334,260,250
Meat and meat products,Hare fresh meat,310,264,264,264,400,310,400
Meat and meat products,"Hare fresh meat, PROCESS Baking",430.6,328,328,328,281,430.6,328
Meat and meat products,"Hare fresh meat, PROCESS Cooking in water",,160,160,160,210,,210
Meat and meat products,"Hare fresh meat, PROCESS Steaming",,160,160,160,210,,210
Meat and meat products,Head cheese,107,,259,,285,107,285
Meat and meat products,Hungarian-type salami,331,331,331,420,302,331,302
Meat and meat products,"Hungarian-type salami, QUAL Low fat (naturally or reduced)",436,436,436,436,436,436,436
Meat and meat products,Italian-type salami,204,350,350,452,302,204,220
Meat and meat products,"Knackwurst-type sausage, PROCESS Baking",221,221,221,221,221,221,221
Meat and meat products,"Knackwurst-type sausage, PROCESS Cooking in water",174,152,263,152,78,174,78
Meat and meat products,"Knackwurst-type sausage, PROCESS Steaming",174,221,221,221,174,174,221
Meat and meat products,"Knackwurst-type sausage, QUAL Low fat (naturally or reduced), PROCESS Cooking in water",117,117,117,117,117,117,117
Meat and meat products,Liver based spreadable-textured specialities,,217,217,217,153,,150
Meat and meat products,Liver cheese,299,299,299,299,270,299,270
Meat and meat products,Liver-type sausage,245.7,143,143,143,150,245.7,180
Meat and meat products,"Liver-type sausage, QUAL Low fat (naturally or reduced)",211.1,381,381,381,381,211.1,381
Meat and meat products,Luncheon spiced ham-type tinned meat,206,272,272,272,250,206,120
Meat and meat products,Mallard fresh meat,249,249,249,249,300,249,300
Meat and meat products,"Mallard fresh meat, PROCESS Baking",341,341,341,341,341,341,341
Meat and meat products,"Mallard fresh meat, PROCESS Cooking in water",162,162,162,162,162,162,162
Meat and meat products,"Mallard fresh meat, PROCESS Steaming",162,162,162,162,162,162,162
Meat and meat products,Matured charcuterie products for cooking,312,312,312,312,312,312,312
Meat and meat products,Meat based spreadable-textured specialities,291,291,291,291,220,291,220
Meat and meat products,Mettwurst-type sausage,203,198,198,198,249,203,249
Meat and meat products,"Mettwurst-type sausage, QUAL Low fat (naturally or reduced)",830,830,830,830,664,830,664
Meat and meat products,Miscellaneous cooked sausages,173,249,204,249,249,204,204
Meat and meat products,Mixed beef and mutton/lamb fresh meat,361.7,361.7,361.7,361.7,361.7,361.7,361.7
Meat and meat products,Mixed fresh fat tissue,65,65,65,65,65,65,65
Meat and meat products,"Mixed fresh fat tissue, PROCESS Baking",300,300,300,300,300,300,300
Meat and meat products,Mixed fresh meat,337,274,337,304,274,337,337
Meat and meat products,"Mixed fresh meat, PROCESS Baking",293,278,278,278,293,293,278
Meat and meat products,"Mixed fresh meat, PROCESS Cooking in water",295,295,295,295,295,295,295
Meat and meat products,"Mixed fresh meat, PROCESS Steaming",295,295,295,295,295,295,295
Meat and meat products,"Mixed fresh meat, QUAL Half fat or medium fat",291,291,291,291,291,291,291
Meat and meat products,"Mixed fresh meat, QUAL Low fat (naturally or reduced)",335,335,335,335,335,335,335
Meat and meat products,Mixed pork and mutton/lamb fresh meat,291,291,291,291,291,291,291
Meat and meat products,"Mixed pork and mutton/lamb fresh meat, QUAL Half fat or medium fat, PROCESS Cooking in water",401,401,401,401,401,401,401
Meat and meat products,"Mixed pork and mutton/lamb fresh meat, QUAL Half fat or medium fat, PROCESS Steaming",401,401,401,401,401,401,401
Meat and meat products,Mortadella-type sausage,302,180,302,130,258,302,220
Meat and meat products,"Mortadella-type sausage, QUAL Low fat (naturally or reduced)",231,231,231,231,200,231,200
Meat and meat products,Pancetta,442,442,442,322,442,442,442
Meat and meat products,"Pancetta, PROCESS Baking",229,229,229,229,229,229,229
Meat and meat products,Partridge fresh meat,400,400,400,,400,400,400
Meat and meat products,"Partridge fresh meat, PROCESS Baking",262,410,262,410,262,262,410
Meat and meat products,"Partridge fresh meat, PROCESS Cooking in water",247,247,247,247,247,247,247
Meat and meat products,"Partridge fresh meat, PROCESS Steaming",247,247,247,247,247,247,247
Meat and meat products,"Pastrami, beef",310,310,310,310,350,310,310
Meat and meat products,"Pate, chicken liver",150,150,150,150,150,150,150
Meat and meat products,"Pate, goose liver",275,95,275,95,95,275,275
Meat and meat products,"Pate, pork liver",184,88.5,173,88.5,153,184,153
Meat and meat products,Pheasant fresh meat,317,317,317,290,400,317,400
Meat and meat products,"Pheasant fresh meat, PROCESS Baking",270,400,270,400,270,270,360
Meat and meat products,"Pheasant fresh meat, PROCESS Cooking in water",,193,193,193,193,,193
Meat and meat products,"Pheasant fresh meat, PROCESS Frying",193,193,193,193,193,193,193
Meat and meat products,"Pheasant fresh meat, PROCESS Steaming",,193,193,193,193,,193
Meat and meat products,Pig fresh meat,270,338,291,370,401,270,380
Meat and meat products,"Pig fresh meat, PROCESS Baking",457.8,324,236,324,301,355,350
Meat and meat products,"Pig fresh meat, PROCESS Cooking in water",386.5,320,251,320,290,265,290
Meat and meat products,"Pig fresh meat, PROCESS Frying",339.9,540,540,420,588,339.9,540
Meat and meat products,"Pig fresh meat, PROCESS Steaming",386.5,251,251,251,290,386.5,290
Meat and meat products,Pig kidney,250,250,250,250,220,250,220
Meat and meat products,"Pig kidney, PROCESS Baking",225,190,225,190,190,225,225
Meat and meat products,"Pig kidney, PROCESS Cooking in water",149,190,149,190,190,149,190
Meat and meat products,"Pig kidney, PROCESS Frying",225,225,225,225,400,225,400
Meat and meat products,"Pig kidney, PROCESS Steaming",149,190,149,190,190,149,190
Meat and meat products,Pig liver,370,370,370,356,308,370,300
Meat and meat products,"Pig liver, PROCESS Baking",295,295,295,295,295,295,295
Meat and meat products,"Pig liver, PROCESS Cooking in water",226,226,226,226,300,226,250
Meat and meat products,"Pig liver, PROCESS Frying",,385,385,385,385,,385
Meat and meat products,"Pig liver, PROCESS Steaming",226,226,226,226,300,226,250
Meat and meat products,Pig trotters and feet,104,104,104,104,104,104,104
Meat and meat products,"Pig trotters and feet, PROCESS Cooking in water",30,30,30,95,30,30,30
Meat and meat products,"Pig trotters and feet, PROCESS Steaming",30,30,30,95,30,30,30
Meat and meat products,Pigeon fresh meat,330,330,330,330,330,330,330
Meat and meat products,"Pigeon fresh meat, PROCESS Baking",305,400,305,400,400,305,400
Meat and meat products,"Pigeon fresh meat, PROCESS Frying",305,305,305,305,305,305,305
Meat and meat products,Polish-type cooked sausage,396,396,396,396,396,396,396
Meat and meat products,Ptarmigan fresh meat,390,390,390,390,390,390,390
Meat and meat products,Quail fresh meat,304,304,304,175,304,304,304
Meat and meat products,"Quail fresh meat, PROCESS Baking",268,,268,,,268,268
Meat and meat products,"Quail fresh meat, PROCESS Cooking in water",286,286,286,286,286,286,286
Meat and meat products,"Quail fresh meat, PROCESS Steaming",286,286,286,286,286,286,286
Meat and meat products,Rabbit fresh meat,430.6,318,350,360,300,430.6,360
Meat and meat products,"Rabbit fresh meat, PROCESS Baking",310,340,310,340,340,310,310
Meat and meat products,"Rabbit fresh meat, PROCESS Cooking in water",214,255,214,255,200,214,200
Meat and meat products,"Rabbit fresh meat, PROCESS Steaming",214,214,214,214,200,214,200
Meat and meat products,Reindeer meat,440,310,310,310,310,440,310
Meat and meat products,"Reindeer meat, PROCESS Baking",629.2,245,245,245,245,520,245
Meat and meat products,"Reindeer meat, PROCESS Cooking in water",629.2,629.2,629.2,629.2,629.2,629.2,629.2
Meat and meat products,"Reindeer meat, PROCESS Frying",507.3,,,,507.3,,
Meat and meat products,"Reindeer meat, PROCESS Steaming",629.2,629.2,629.2,629.2,629.2,629.2,629.2
Meat and meat products,Roe deer meat,342,342,342,340,342,342,342
Meat and meat products,"Roe deer meat, PROCESS Baking",386,386,386,386,386,386,386
Meat and meat products,"Roe deer meat, PROCESS Cooking in water",,187,187,187,187,,187
Meat and meat products,"Roe deer meat, PROCESS Steaming",,187,187,187,187,,187
Meat and meat products,Sheep fresh meat,220,241,241,350,306,220,280
Meat and meat products,"Sheep fresh meat, PROCESS Baking",320,286,234,302,340,320,340
Meat and meat products,"Sheep fresh meat, PROCESS Cooking in water",343.6,205,205,205,270,343.6,270
Meat and meat products,"Sheep fresh meat, PROCESS Frying",288.8,350,350,350,360,288.8,350
Meat and meat products,"Sheep fresh meat, PROCESS Steaming",343.6,205,205,205,270,343.6,270
Meat and meat products,Sheep kidney,220,252,252,252,260,252,260
Meat and meat products,"Sheep kidney, PROCESS Baking",228,228,228,228,228,228,228
Meat and meat products,"Sheep kidney, PROCESS Cooking in water",150,340,150,340,340,150,150
Meat and meat products,"Sheep kidney, PROCESS Frying",228,228,228,228,280,228,280
Meat and meat products,"Sheep kidney, PROCESS Steaming",150,340,150,340,340,150,150
Meat and meat products,Sheep liver,273,282,282,300,290,282,290
Meat and meat products,"Sheep liver, PROCESS Baking",251,251,251,251,251,251,251
Meat and meat products,"Sheep liver, PROCESS Cooking in water",251,251,251,251,251,251,251
Meat and meat products,"Sheep liver, PROCESS Frying",,340,340,340,340,,340
Meat and meat products,"Sheep liver, PROCESS Steaming",251,251,251,251,251,251,251
Meat and meat products,"Smoked cooked sausage-deprecated, PROCESS Baking",207.3,166,166,166,166,207.3,166
Meat and meat products,"Smoked cooked sausage-deprecated, PROCESS Cooking in water",192.8,165,202,165,233,192.8,233
Meat and meat products,"Smoked cooked sausage-deprecated, PROCESS Steaming",192.8,202,202,202,202,192.8,202
Meat and meat products,"Smoked cooked sausage-deprecated, QUAL Low fat (naturally or reduced), PROCESS Baking",132.9,132.9,132.9,132.9,132.9,132.9,132.9
Meat and meat products,"Smoked cooked sausage-deprecated, QUAL Low fat (naturally or reduced), PROCESS Cooking in water",231,231,231,231,231,231,231
Meat and meat products,Snack sausages (like Cabanos and landjäger),207,207,207,207,207,207,207
Meat and meat products,"Snack sausages (like Cabanos and landjäger), QUAL Low fat (naturally or reduced)",372,372,372,372,372,372,372
Meat and meat products,Teewurst-type sausage,226,226,226,226,258,226,258
Meat and meat products,"Teewurst-type sausage, QUAL Low fat (naturally or reduced)",452,452,452,452,452,452,452
Meat and meat products,"Teewurst-type sausage, QUAL Low sodium / reduced salt",226,226,226,226,226,226,226
Meat and meat products,Thuringian sausage,250,250,250,250,250,250,250
Meat and meat products,"Thuringian sausage, PROCESS Baking",229,229,229,229,229,229,229
Meat and meat products,"Thuringian sausage, PROCESS Cooking in water",229,229,229,229,229,229,229
Meat and meat products,"Thuringian sausage, PROCESS Steaming",229,229,229,229,229,229,229
Meat and meat products,Tinned bulk sausages,137,260,260,260,137,137,260
Meat and meat products,Tiroler speck,140,140,140,484,140,140,140
Meat and meat products,"Tiroler speck, PROCESS Cooking in water",97,97,97,97,97,97,97
Meat and meat products,"Tiroler speck, PROCESS Steaming",97,97,97,97,97,97,97
Meat and meat products,Turkey fresh meat,314.8,230,230,382,348,314.8,340
Meat and meat products,"Turkey fresh meat, PROCESS Baking",315,305,205,274,297,315,350
Meat and meat products,"Turkey fresh meat, PROCESS Cooking in water",245,141,141,141,210,245,210
Meat and meat products,"Turkey fresh meat, PROCESS Frying",,420,420,457,420,,420
Meat and meat products,"Turkey fresh meat, PROCESS Steaming",245,141,141,141,210,245,210
Meat and meat products,"Turkey liver, PROCESS Baking",240,240,240,240,240,240,240
Meat and meat products,"Undefined mixed fresh meat, other species",,337,337,337,337,,337
Meat and meat products,"Undefined mixed fresh meat, other species, PROCESS Baking",320,278,278,278,320,320,278
Meat and meat products,"Undefined mixed fresh meat, other species, PROCESS Cooking in water",295,295,295,295,295,295,295
Meat and meat products,"Undefined mixed fresh meat, other species, PROCESS Steaming",295,295,295,295,295,295,295
Meat and meat products,"Undefined mixed poultry fresh meat, PROCESS Baking",340,340,340,340,340,340,340
Meat and meat products,"Undefined mixed poultry fresh meat, PROCESS Cooking in water",340,340,340,340,340,340,340
Meat and meat products,"Undefined mixed poultry fresh meat, PROCESS Steaming",340,340,340,340,340,340,340
Meat and meat products,Veal kidney,290,290,290,290,240,290,240
Meat and meat products,"Veal kidney, PROCESS Baking",244,178,260,178,244,244,260
Meat and meat products,"Veal kidney, PROCESS Cooking in water",260,159,260,159,159,260,260
Meat and meat products,"Veal kidney, PROCESS Steaming",260,159,260,159,159,260,260
Meat and meat products,Veal liver,316,316,316,316,365,316,365
Meat and meat products,"Veal liver, PROCESS Baking",271,278,278,278,271,271,278
Meat and meat products,"Veal liver, PROCESS Cooking in water",193,193,193,193,193,193,193
Meat and meat products,"Veal liver, PROCESS Frying",190,190,190,190,190,190,190
Meat and meat products,"Veal liver, PROCESS Steaming",193,193,193,193,193,193,193
Meat and meat products,Weisswurst,132,142,132,142,142,132,132
Meat and meat products,"Wiener sausage, PROCESS Baking",188,188,188,188,188,188,188
Meat and meat products,"Wiener sausage, PROCESS Cooking in water",157,188,188,188,78,157,78
Meat and meat products,"Wiener sausage, PROCESS Steaming",157,188,188,188,157,157,188
Meat and meat products,"Wiener sausage, QUAL Low fat (naturally or reduced), PROCESS Baking",264,264,264,264,264,264,264
Meat and meat products,"Wiener sausage, QUAL Low fat (naturally or reduced), PROCESS Cooking in water",264,264,264,264,117,264,117
Meat and meat products,"Wiener sausage, QUAL Low fat (naturally or reduced), PROCESS Steaming",264,264,264,264,264,264,264
Meat and meat products,Wild boar fresh meat,359,359,359,359,359,359,359
Meat and meat products,"Wild boar fresh meat, PROCESS Baking",,396,443,396,318,,443
Meat and meat products,"Wild boar fresh meat, PROCESS Cooking in water",,220,220,220,220,,220
Meat and meat products,"Wild boar fresh meat, PROCESS Steaming",,220,220,220,220,,220
Meat and meat products,Wild goose fresh meat,420,420,420,420,420,420,420
Meat and meat products,"Wild goose fresh meat, PROCESS Baking",581,581,581,581,581,581,581
Meat and meat products,"Wild goose fresh meat, PROCESS Cooking in water",264,264,264,264,264,264,264
Meat and meat products,"Wild goose fresh meat, PROCESS Steaming",264,264,264,264,264,264,264
Milk and dairy products,Acidophilus milk,155,172,140,172,140,155,140
Milk and dairy products,"Acidophilus milk, QUAL Semi-skimmed",155,112,155,112,140,155,140
Milk and dairy products,"Acidophilus milk, QUAL Skim",150,159,150,159,140,150,140
Milk and dairy products,Ass milk,70,70,70,70,70,70,70
Milk and dairy products,Buttermilk,147,147,147,147,140,147,150
Milk and dairy products,"Buttermilk, QUAL Fat free",140,140,140,140,140,140,140
Milk and dairy products,"Buttermilk, QUAL Low fat (naturally or reduced)",170,140,156,140,140,170,140
Milk and dairy products,"Cheese, asiago",89,89,89,89,89,89,89
Milk and dairy products,"Cheese, bavarian blue",120,120,120,120,120,120,120
Milk and dairy products,"Cheese, beaufort",117,117,117,117,117,117,117
Milk and dairy products,"Cheese, blue castello",96.7,120,120,120,96.7,96.7,120
Milk and dairy products,"Cheese, brie",152,116,152,100,150,152,91
Milk and dairy products,"Cheese, brie, QUAL Half fat or medium fat",108,102,200,102,115,108,115
Milk and dairy products,"Cheese, butterkase",121,121,121,111,121,121,121
Milk and dairy products,"Cheese, butterkase, QUAL Half fat or medium fat",121,121,121,121,121,121,121
Milk and dairy products,"Cheese, butterkase, QUAL Low fat (naturally or reduced)",121,121,121,121,121,121,121
Milk and dairy products,"Cheese, caciocavallo",188,188,188,188,188,188,188
Milk and dairy products,"Cheese, caerphilly",91,91,91,91,91,91,91
Milk and dairy products,"Cheese, camembert",90,122,110,100,110,720,104
Milk and dairy products,"Cheese, cantal",125,125,125,125,125,125,125
Milk and dairy products,"Cheese, chaource",92,92,92,92,92,92,92
Milk and dairy products,"Cheese, cheddar",120,100,102,120,98,120,77
Milk and dairy products,"Cheese, cheddar, QUAL Half fat or medium fat",175,175,175,175,110,175,110
Milk and dairy products,"Cheese, cheddar, QUAL Low fat (naturally or reduced)",112,112,112,112,112,112,112
Milk and dairy products,"Cheese, cheshire",120,80,80,80,120,120,87
Milk and dairy products,"Cheese, cheshire, QUAL Half fat or medium fat",100,100,100,100,95,100,95
Milk and dairy products,"Cheese, cheshire, QUAL Low fat (naturally or reduced)",100,100,100,100,100,100,100
Milk and dairy products,"Cheese, chevre mould ripened",73,190,73,190,141,73,132
Milk and dairy products,"Cheese, coulommiers",110,163,110,163,163,110,110
Milk and dairy products,"Cheese, danbo",79.7,100,100,100,79.7,79.7,100
Milk and dairy products,"Cheese, danbo, QUAL Half fat or medium fat",82.7,100,100,100,82.7,82.7,100
Milk and dairy products,"Cheese, danbo, QUAL Low fat (naturally or reduced)",70.9,100,100,100,70.9,70.9,100
Milk and dairy products,"Cheese, edam",80,115,67,115,67,80,89
Milk and dairy products,"Cheese, edam, QUAL Half fat or medium fat",70,95,95,95,95,70,95
Milk and dairy products,"Cheese, edam, QUAL Low fat (naturally or reduced)",70,95,95,95,95,70,95
Milk and dairy products,"Cheese, emmental",70,89,157,107,107,70,89
Milk and dairy products,"Cheese, emmental, QUAL Half fat or medium fat",175,110,175,110,110,175,175
Milk and dairy products,"Cheese, emmental, QUAL Low fat (naturally or reduced)",112,112,112,112,112,112,112
Milk and dairy products,"Cheese, feta",95,95,57,95,150,62,95
Milk and dairy products,"Cheese, feta, QUAL Low fat (naturally or reduced)",,187,187,187,187,,187
Milk and dairy products,"Cheese, fourme d'ambert",131,131,131,131,131,131,131
Milk and dairy products,"Cheese, gorgonzola",260,138,260,111,138,260,138
Milk and dairy products,"Cheese, gouda",90,102,123,100,100,90,82
Milk and dairy products,"Cheese, gouda, QUAL Half fat or medium fat",123,123,123,123,123,123,123
Milk and dairy products,"Cheese, gouda, QUAL Low fat (naturally or reduced)",123,123,123,123,123,123,123
Milk and dairy products,"Cheese, grana padano",92,120,92,120,92,92,92
Milk and dairy products,"Cheese, gruyere",120,65,157,80,100,120,99
Milk and dairy products,"Cheese, gruyere, QUAL Half fat or medium fat",175,175,175,175,175,175,175
Milk and dairy products,"Cheese, gruyere, QUAL Low fat (naturally or reduced)",175,175,175,175,175,175,175
Milk and dairy products,"Cheese, leicester",85,85,85,85,85,85,85
Milk and dairy products,"Cheese, maasdam",80,100,80,100,80,80,80
Milk and dairy products,"Cheese, mimolette",103,103,103,103,103,103,103
Milk and dairy products,"Cheese, morbier",100,100,100,100,100,100,100
Milk and dairy products,"Cheese, munster",71.4,120,134,120,71.4,71.4,134
Milk and dairy products,"Cheese, nagelkaas, QUAL Half fat or medium fat",36,36,36,36,36,36,36
Milk and dairy products,"Cheese, nagelkaas, QUAL Low fat (naturally or reduced)",68,68,68,68,68,68,68
Milk and dairy products,"Cheese, parmigiano reggiano",92,118,175,102,125,92,125
Milk and dairy products,"Cheese, provolone",90,90,90,139,90,90,90
Milk and dairy products,"Cheese, provolone, QUAL Half fat or medium fat",95,95,95,95,95,95,95
Milk and dairy products,"Cheese, provolone, QUAL Low fat (naturally or reduced)",100,100,100,100,100,100,100
Milk and dairy products,"Cheese, roquefort",91,120,91,91,70,91,91
Milk and dairy products,"Cheese, saint marcellin",200,187,200,187,187,200,200
Milk and dairy products,"Cheese, stilton",130,130,130,130,112,130,96
Milk and dairy products,"Cheese, tilsit",70,60,60,60,60,70,60
Milk and dairy products,"Cheese, tilsit, QUAL Half fat or medium fat",100,100,100,100,100,100,100
Milk and dairy products,"Cheese, tilsit, QUAL Low fat (naturally or reduced)",100,100,100,100,100,100,100
Milk and dairy products,"Cheese, trappist",100,100,100,100,100,100,100
Milk and dairy products,"Cheese, trappist, QUAL Half fat or medium fat",100,100,100,100,100,100,100
Milk and dairy products,"Cheese, trappist, QUAL Low fat (naturally or reduced)",100,100,100,100,100,100,100
Milk and dairy products,"Cheese, white stilton",130,130,130,130,112,130,93
Milk and dairy products,"Cheese, white stilton, QUAL Half fat or medium fat",130,130,130,130,130,130,130
Milk and dairy products,"Cheese, white stilton, QUAL Low fat (naturally or reduced)",130,130,130,130,130,130,130
Milk and dairy products,Condensed milk (sometimes with added sugars),370,287,362,390,300,370,360
Milk and dairy products,Cottage cheese,100,136,50,89,85,70,161
Milk and dairy products,"Cottage cheese, QUAL Fat free",97,147,161,147,161,97,161
Milk and dairy products,"Cow milk, natural high fat",160,157,157,157,146,160,131
Milk and dairy products,"Cow milk, natural high fat, QUAL Low / reduced lactose",140,140,140,140,140,140,140
Milk and dairy products,"Cow milk, semi skimmed (half fat)",150,165,155,165,162,166,156
Milk and dairy products,"Cow milk, semi skimmed (half fat), FORT Mixed supplements/formulations",150,165,150,165,164,150,150
Milk and dairy products,"Cow milk, semi skimmed (half fat), QUAL Low / reduced lactose",150,120,120,120,120,150,120
Milk and dairy products,"Cow milk, skimmed (low fat)",160,173,150,150,169,167,160
Milk and dairy products,"Cow milk, skimmed (low fat), FORT Mixed supplements/formulations",150,150,150,150,150,150,150
Milk and dairy products,"Cow milk, skimmed (low fat), QUAL Low / reduced lactose",160,160,160,160,160,160,160
Milk and dairy products,"Cow milk, whole",160,157,140,150,165,162,155
Milk and dairy products,"Cow milk, whole, QUAL Low / reduced lactose",,140,140,140,140,,140
Milk and dairy products,Cream powder,1000,1000,1000,1000,1000,1000,1000
Milk and dairy products,Cream sprayable,107,107,107,107,99,107,107
Milk and dairy products,Cream with other ingredients,,110,110,110,84,,84
Milk and dairy products,"Cream with other ingredients, QUAL Half fat or medium fat",110,110,110,110,110,110,110
Milk and dairy products,"Cream, plain",130,130,112,100,97,100,65
Milk and dairy products,"Cream, plain, QUAL Half fat or medium fat",120,118,148,118,133,147,104
Milk and dairy products,"Cream, plain, QUAL Low fat (naturally or reduced)",82.8,140,148,140,155,141.9,155
Milk and dairy products,Créme fraiche and other mild variants of sour cream,120,130,80,130,97,110,81
Milk and dairy products,"Créme fraiche and other mild variants of sour cream, QUAL Half fat or medium fat",72,118,120,118,126,139,122
Milk and dairy products,"Créme fraiche and other mild variants of sour cream, QUAL Low fat (naturally or reduced)",167,140,130,140,136,167,130
Milk and dairy products,Cultured buttermilk,170,141,141,141,141,170,141
Milk and dairy products,Custard,140.3,237,127,237,130,,129
Milk and dairy products,"Evaporated milk (liquid, unsweetened)",420,420,420,323,306,420,360
Milk and dairy products,"Extra hard cheese (parmesan, grana type)",107,118,175,118,125,107,152
Milk and dairy products,Filmjölk,162,162,162,162,162,162,162
Milk and dairy products,"Filmjölk, QUAL Low fat (naturally or reduced)",166,166,166,166,166,166,166
Milk and dairy products,Firm brined cheese (ricotta salata type),146,108,146,108,110,146,110
Milk and dairy products,Firm-ripened bloomy (white mould) or washed rind cheese,112,112,112,112,112,112,112
Milk and dairy products,Firm-ripened blue mould-veined cheese,96.7,120,120,91,96.7,96.7,120
Milk and dairy products,Firm/semi-hard cheese (gouda and edam type),80,102,123,102,71.4,80,89
Milk and dairy products,"Firm/semi-hard cheese (gouda and edam type), QUAL Half fat or medium fat",70,123,123,123,70.9,70,123
Milk and dairy products,"Firm/semi-hard cheese (gouda and edam type), QUAL Low fat (naturally or reduced)",123,101,123,101,123,123,123
Milk and dairy products,Flavoured milks,118,162,165,162,,118,
Milk and dairy products,Flavoured sour cream,139,100,100,100,100,139,100
Milk and dairy products,"Flavoured sour cream, QUAL Half fat or medium fat",130,130,130,130,130,130,130
Milk and dairy products,"Flavoured sour cream, QUAL Low fat (naturally or reduced)",144,144,144,144,144,144,144
Milk and dairy products,Flavoured traditional sour milk products,,134,134,134,134,,134
Milk and dairy products,Flavoured whey,171,115,115,115,115,115,115
Milk and dairy products,Frozen yoghurt,109,109,109,109,109,109,109
Milk and dairy products,Goat milk,150,188,181,180,170,150,170
Milk and dairy products,"Hard cheese (cheddar, emmental type)",120,89,157,89,120,120,77
Milk and dairy products,"Hard cheese (cheddar, emmental type), QUAL Half fat or medium fat",92,110,175,110,92,92,110
Milk and dairy products,"Hard cheese (cheddar, emmental type), QUAL Low fat (naturally or reduced)",112,112,112,112,112,112,112
Milk and dairy products,Horse milk,64,64,64,64,64,64,64
Milk and dairy products,"Ice cream, milk-based",190,199,78,199,150,192,174
Milk and dairy products,"Ice cream, milk-imitate based",,164,164,164,164,170,164
Milk and dairy products,Kefir,155,160,160,160,,155,
Milk and dairy products,Lactose,2,2,2,2,2,2,2
Milk and dairy products,Mascarpone,124,124,124,53,53,124,53
Milk and dairy products,Milk from other milk producer animals,170,170,170,170,170,170,170
Milk and dairy products,"Milk powder, full fat",1190,1195,1160,1270,1209,1190,1270
Milk and dairy products,"Milk powder, skimmed",1710,1468,1580,1650,1500,1794,1590
Milk and dairy products,Milk protein,50,50,50,50,50,50,50
Milk and dairy products,Milkshakes,165.8,180,480,180,144,188,171
Milk and dairy products,Mozzarella,76,67,40,145,145,51,51
Milk and dairy products,Probiotic milk-like drinks,63,172,63,172,167,63,167
Milk and dairy products,"Probiotic milk-like drinks, QUAL Semi-skimmed",63,112,63,112,167,63,167
Milk and dairy products,"Probiotic milk-like drinks, QUAL Skim",63,159,63,159,159,63,63
Milk and dairy products,Processed cheese and spreads,120,117,150,150,120,120,178
Milk and dairy products,"Processed cheese and spreads, QUAL Half fat or medium fat",110,120,200,120,120,110,185
Milk and dairy products,"Processed cheese and spreads, QUAL Low fat (naturally or reduced)",110,152,150,152,122,110,150
Milk and dairy products,Processed cheese wedges and similar,120,117,150,108,60,120,60
Milk and dairy products,"Processed cheese wedges and similar, QUAL Half fat or medium fat",120,120,200,120,135,120,135
Milk and dairy products,"Processed cheese wedges and similar, QUAL Low fat (naturally or reduced)",122,152,150,152,105,122,105
Milk and dairy products,"Processed cheese, sliceable",91,144,150,130,120,91,178
Milk and dairy products,"Processed cheese, sliceable, QUAL Half fat or medium fat",110,150,150,150,150,110,185
Milk and dairy products,"Processed cheese, sliceable, QUAL Low fat (naturally or reduced)",122,150,150,150,100,122,100
Milk and dairy products,"Processed cheese, spreadable",150.4,119,150,108,60,98,219
Milk and dairy products,"Processed cheese, spreadable, QUAL Half fat or medium fat",100,110,200,181,135,100,235
Milk and dairy products,"Processed cheese, spreadable, QUAL Low fat (naturally or reduced)",122,150,150,150,105,122,105
Milk and dairy products,Quark,170,124,87,124,163,151,140
Milk and dairy products,Ricotta,146,108,146,119,110,146,110
Milk and dairy products,Sheep milk,130,153,168,182,120,168,120
Milk and dairy products,Skyr,123,123,123,123,123,123,123
Milk and dairy products,Soft brined cheese (feta type),95,145,50,95,150,95,95
Milk and dairy products,"Soft brined cheese (feta type), QUAL Low fat (naturally or reduced)",,187,187,187,187,,187
Milk and dairy products,"Soft-ripened cheese veined with blue mould (blue bavarian, blue de graven type )",96.7,118,120,118,96.7,96.7,120
Milk and dairy products,"Soft-ripened cheese with bloomy rind (white mould) (brie, camembert type)",152,102,110,100,152,152,91
Milk and dairy products,Soft-ripened cheese with natural rind and other soft-ripened cheeses,71.4,110,110,110,71.4,71.4,110
Milk and dairy products,Soft-ripened cheese with white and blue mould (cambozola type),119,120,120,120,96.7,119,120
Milk and dairy products,Soft-ripened washed-rind cheese (limburger type),54.5,152,124,152,250,54.5,250
Milk and dairy products,Sour cream products,110,100,100,100,130,100,110
Milk and dairy products,"Sour cream products, QUAL Half fat or medium fat",130,130,130,130,130,130,130
Milk and dairy products,"Sour cream products, QUAL Low fat (naturally or reduced)",,144,144,144,144,144,144
Milk and dairy products,"Sour cream, plain",130,100,100,100,130,147,110
Milk and dairy products,"Sour cream, plain, QUAL Half fat or medium fat",130,130,130,130,130,130,130
Milk and dairy products,"Sour cream, plain, QUAL Low fat (naturally or reduced)",,144,144,144,144,144,144
Milk and dairy products,Starchy pudding,202,140,140,180,128,202,130
Milk and dairy products,Traditional buttermilk (churning),140,140,140,140,140,140,140
Milk and dairy products,Traditional nordic fermented milks,155,155,155,155,155,155,155
Milk and dairy products,Viili,170,170,170,170,170,170,170
Milk and dairy products,"Viili, QUAL Fat free",160,160,160,160,160,160,160
Milk and dairy products,"Viili, QUAL Low fat (naturally or reduced)",160,160,160,160,160,160,160
Milk and dairy products,Water buffalo milk,100,100,100,100,100,100,100
Milk and dairy products,Whey powder,1980,1860,1860,1860,2080,1980,1980
Milk and dairy products,"Whey, sour",166,140,140,140,140,140,140
Milk and dairy products,"Whey, sweet",,129,129,129,161,,140
Milk and dairy products,"Yoghurt drinks, including sweetened and/or flavoured variants",143.8,134,134,134,152,,130
Milk and dairy products,"Yoghurt drinks, including sweetened and/or flavoured variants, FORT Mixed supplements/formulations",137,137,137,137,137,137,137
Milk and dairy products,"Yoghurt drinks, including sweetened and/or flavoured variants, FORT Mixed supplements/formulations, QUAL Semi-skimmed",145,145,145,145,145,145,145
Milk and dairy products,"Yoghurt drinks, including sweetened and/or flavoured variants, FORT Mixed supplements/formulations, QUAL Skim",256,256,256,256,256,256,256
Milk and dairy products,"Yoghurt drinks, including sweetened and/or flavoured variants, QUAL Low / Reduced sugar",151,151,151,151,151,151,151
Milk and dairy products,"Yoghurt drinks, including sweetened and/or flavoured variants, QUAL Semi-skimmed",259,416,428,416,436,428,430
Milk and dairy products,"Yoghurt drinks, including sweetened and/or flavoured variants, QUAL Skim",510,510,510,510,420,510,420
Milk and dairy products,"Yoghurt drinks, including sweetened and/or flavoured variants, QUAL Sugar free",151,151,151,151,151,151,151
Milk and dairy products,"Yoghurt, cow milk, flavoured",154.7,171,142,171,155,152,170
Milk and dairy products,"Yoghurt, cow milk, flavoured, FORT Mixed supplements/formulations, QUAL Skim",128,128,128,128,128,128,128
Milk and dairy products,"Yoghurt, cow milk, flavoured, QUAL Low / Reduced sugar",157,157,157,157,157,157,157
Milk and dairy products,"Yoghurt, cow milk, flavoured, QUAL Semi-skimmed",499,472,436,472,458,436.5,505
Milk and dairy products,"Yoghurt, cow milk, flavoured, QUAL Skim",345,509,513,555,504,345,525
Milk and dairy products,"Yoghurt, cow milk, flavoured, QUAL Sugar free",157,157,157,150,157,157,157
Milk and dairy products,"Yoghurt, cow milk, plain",200,220,157,170,162,162,280
Milk and dairy products,"Yoghurt, cow milk, plain, FORT Mixed supplements/formulations, QUAL Semi-skimmed",167,167,167,167,167,167,167
Milk and dairy products,"Yoghurt, cow milk, plain, FORT Mixed supplements/formulations, QUAL Skim",372,372,372,372,372,372,372
Milk and dairy products,"Yoghurt, cow milk, plain, QUAL Low / Reduced sugar",157,157,157,157,157,157,157
Milk and dairy products,"Yoghurt, cow milk, plain, QUAL Semi-skimmed",448,476,447,447,465,481,526
Milk and dairy products,"Yoghurt, cow milk, plain, QUAL Skim",372,536,559,556,511,372,619
Milk and dairy products,"Yoghurt, cow milk, plain, QUAL Sugar free",157,157,157,170,157,157,157
Milk and dairy products,"Yoghurt, goat milk, plain",251,251,251,251,251,251,251
Milk and dairy products,"Yoghurt, goat milk, plain, QUAL Semi-skimmed",159,159,159,159,159,159,159
Milk and dairy products,"Yoghurt, sheep milk, flavoured",142,142,142,142,142,142,142
Milk and dairy products,"Yoghurt, sheep milk, flavoured, QUAL Low / Reduced sugar",157,157,157,157,157,157,157
Milk and dairy products,"Yoghurt, sheep milk, flavoured, QUAL Semi-skimmed",433,433,433,433,433,433,433
Milk and dairy products,"Yoghurt, sheep milk, flavoured, QUAL Skim",540,540,540,540,540,540,540
Milk and dairy products,"Yoghurt, sheep milk, flavoured, QUAL Sugar free",157,157,157,157,157,157,157
Milk and dairy products,"Yoghurt, sheep milk, plain",157,157,157,157,190,157,190
Milk and dairy products,"Yoghurt, sheep milk, plain, QUAL Low / Reduced sugar",157,157,157,157,157,157,157
Milk and dairy products,"Yoghurt, sheep milk, plain, QUAL Semi-skimmed",447,447,447,447,447,447,447
Milk and dairy products,"Yoghurt, sheep milk, plain, QUAL Skim",559,559,559,559,559,559,559
Milk and dairy products,"Yoghurt, sheep milk, plain, QUAL Sugar free",157,157,157,157,157,157,157
"Products for non-standard diets, food imitates and food supplements or fortifying agents",Almond drink,60,25,60,25,60,60,60
"Products for non-standard diets, food imitates and food supplements or fortifying agents",Carbohydrate-electrolyte solutions for sports people,36,6,36,6,6,36,36
"Products for non-standard diets, food imitates and food supplements or fortifying agents",Dietary foods for special medical purposes,,0,0,0,0,,0
"Products for non-standard diets, food imitates and food supplements or fortifying agents",Imitation cheese,67,67,67,67,130,67,130
"Products for non-standard diets, food imitates and food supplements or fortifying agents",Imitation cream,120,91,91,91,109,120,109
"Products for non-standard diets, food imitates and food supplements or fortifying agents","Imitation cream, QUAL Half fat or medium fat",,139,139,139,139,40,139
"Products for non-standard diets, food imitates and food supplements or fortifying agents",Non dairy coffee creamer,170,170,170,170,867,170,867
"Products for non-standard diets, food imitates and food supplements or fortifying agents","Non dairy coffee creamer, QUAL Half fat or medium fat",867,867,867,867,867,867,867
"Products for non-standard diets, food imitates and food supplements or fortifying agents",Oats drink,41,41,41,41,41,41,41
"Products for non-standard diets, food imitates and food supplements or fortifying agents",Protein and protein components for sports people,1070,1070,1070,1070,1050,1070,1050
"Products for non-standard diets, food imitates and food supplements or fortifying agents",Rice drink,,45,45,45,,45,45
"Products for non-standard diets, food imitates and food supplements or fortifying agents",Single meal replacement for weight reduction,,237,282,237,282,,282
"Products for non-standard diets, food imitates and food supplements or fortifying agents",Soya drink,,155,170,120,119,128,119
"Products for non-standard diets, food imitates and food supplements or fortifying agents",Soya yoghurt,194.1,63,170,63,94,194.1,94
"Products for non-standard diets, food imitates and food supplements or fortifying agents","Soya yoghurt, QUAL Half fat or medium fat",,80,80,80,80,,80
"Products for non-standard diets, food imitates and food supplements or fortifying agents",Textured fungal proteins,42,42,42,42,42,42,42
"Products for non-standard diets, food imitates and food supplements or fortifying agents",Textured soy protein,2202,2100,2100,2100,,2202,2030
"Products for non-standard diets, food imitates and food supplements or fortifying agents",Tofu,42,112,135,121,55,42,55
"Products for non-standard diets, food imitates and food supplements or fortifying agents",Total daily diet replacement for weight reduction,380,380,380,380,380,380,380
"Seasoning, sauces and condiments",Alcoholic sweet sauce,65,65,65,65,65,65,65
"Seasoning, sauces and condiments",Apple chutney,141,141,141,141,42,141,186
"Seasoning, sauces and condiments",Barbecue or steak sauces,,174,467,174,208,,240
"Seasoning, sauces and condiments",Bechamel sauce,163.3,126,,126,179,163.3,179
"Seasoning, sauces and condiments",Butter sauce,51.8,36.6,10,36.6,36.6,51.8,10
"Seasoning, sauces and condiments",Cheese sauce,140.9,43.2,71,43.2,101,140.9,160
"Seasoning, sauces and condiments",Chilli pickle,86.1,250,187,250,187,86.1,250
"Seasoning, sauces and condiments",Chocolate sauce,,166,166,166,270,166,270
"Seasoning, sauces and condiments",Chutneys,,155,155,155,42,,42
"Seasoning, sauces and condiments","Continental european brown cooked sauce, gravy",,126,10,126,11,10,11
"Seasoning, sauces and condiments",Cream sauce,,44.4,50,44.4,44.4,115,50
"Seasoning, sauces and condiments",Curry powder,1543,1543,1862,1543,1260,1543,1830
"Seasoning, sauces and condiments",Curry sauce,,138,138,138,350,138,180
"Seasoning, sauces and condiments",Fruit sauce,106,199,106,199,39,106,39
"Seasoning, sauces and condiments",Fudge sauce,106,106,106,106,106,106,106
"Seasoning, sauces and condiments",Gravy browning,313,313,313,313,313,313,313
"Seasoning, sauces and condiments",Gravy ingredients,313,313,313,313,313,313,313
"Seasoning, sauces and condiments",Gravy instant granules,313,313,313,313,150,313,150
"Seasoning, sauces and condiments",Gravy thickener,7,7,7,7,7,7,7
"Seasoning, sauces and condiments",Hollandaise type sauce,51.8,65,45,65,65,51.8,65
"Seasoning, sauces and condiments",Horseradish sauce,,628,628,628,220,,220
"Seasoning, sauces and condiments",Lime pickle,240,240,240,240,240,240,240
"Seasoning, sauces and condiments",Malt extract,440,440,440,440,440,440,440
"Seasoning, sauces and condiments",Mango chutney,,155,155,155,42,,42
"Seasoning, sauces and condiments",Mango pickle,170,170,170,170,170,170,170
"Seasoning, sauces and condiments",Mayonnaise sauce,34,34.9,18,34.9,25,34,16
"Seasoning, sauces and condiments","Mayonnaise, low fat",72,10,9,10,37,9,37
"Seasoning, sauces and condiments",Meat extract,511,500,500,970,511,511,970
"Seasoning, sauces and condiments",Mint sauce,210,210,210,210,210,210,210
"Seasoning, sauces and condiments",Miscellaneous savoury extracts,500,500,500,500,2100,500,2100
"Seasoning, sauces and condiments",Mixed and other not listed condiments,40.1,258,520,258,520,40.1,75
"Seasoning, sauces and condiments",Mixed herbs and spices,1670,1670,1670,349,1873,1670,1873
"Seasoning, sauces and condiments",Mushrooms cooked sauce,242.8,87.3,18,87.3,87.3,175,18
"Seasoning, sauces and condiments",Mustard and related sauces,130,229,130,229,130,130,200
"Seasoning, sauces and condiments","Mustard, hot",130,130,130,130,130,130,200
"Seasoning, sauces and condiments","Mustard, mild",110,130,130,130,350,260,350
"Seasoning, sauces and condiments","Mustard, sweet",165,120,120,120,130,165,130
"Seasoning, sauces and condiments",Oyster sauce,485,485,485,485,94,485,94
"Seasoning, sauces and condiments",Pesto,282.9,196,213,196,259,196.3,267
"Seasoning, sauces and condiments",Piccalilly pickle,40,40,40,40,40,40,40
"Seasoning, sauces and condiments",Pickles,140,94,140,94,56,140,94
"Seasoning, sauces and condiments",Pickling spice,901,901,901,901,901,901,901
"Seasoning, sauces and condiments",Salad dressing,14.6,48,31,48,37,14.6,37
"Seasoning, sauces and condiments","Salad dressing, low fat",30,60,,60,90,30,90
"Seasoning, sauces and condiments",Salsa,261.3,48,290,48,290,261.3,290
"Seasoning, sauces and condiments",Salt,,,,,,37,
"Seasoning, sauces and condiments","Salt, flavoured",275,188,188,188,188,2040,188
"Seasoning, sauces and condiments","Salt, iodised",37,4,4,4,7,37,7
"Seasoning, sauces and condiments","Salt, iodised and fluoridated",4,4,4,4,4,4,4
"Seasoning, sauces and condiments","Salt, low sodium",17880,45000,45000,45000,34600,17880,34600
"Seasoning, sauces and condiments",Sea salt,,56,56,56,56,56,56
"Seasoning, sauces and condiments",Seasoning mixes,,1312,901,1312,1144,,1144
"Seasoning, sauces and condiments",Soy sauce,36.6,251,485,360,485,400,180
"Seasoning, sauces and condiments","Stock cube or granulate, beef",511,514,500,514,112,511,490
"Seasoning, sauces and condiments",Stock cubes or granulate (bouillon base),,514,344,,112,,112
"Seasoning, sauces and condiments","Stock cubes or granulate (bouillon base), QUAL Low sodium / reduced salt",1618.3,1618.3,1618.3,1618.3,1618.3,1618.3,1618.3
"Seasoning, sauces and condiments","Stock cubes or granulate, chicken",112.9,,500,,112,112.9,400
"Seasoning, sauces and condiments","Stock cubes or granulate, vegetables",222.1,,500,390,112,222.1,390
"Seasoning, sauces and condiments",Tabasco sauce,946,946,946,946,946,946,946
"Seasoning, sauces and condiments",Tartar sauce,48.2,42,42,42,42,48.2,42
"Seasoning, sauces and condiments",Teriyaki sauce,156.3,485,485,485,485,156.3,485
"Seasoning, sauces and condiments",Tomato chutney,175,375,175,375,287,175,287
"Seasoning, sauces and condiments",Tomato ketchup and related sauces,400,489,350,,350,400,350
"Seasoning, sauces and condiments",Tomato-containing cooking sauces,303,370,214,370,214,,490
"Seasoning, sauces and condiments",Vegetable savoury extracts,99,99,99,99,99,99,99
"Seasoning, sauces and condiments",Vegetables-based cooked sauce,,87.3,138,87.3,214,138,214
"Seasoning, sauces and condiments",Vinegar,89,89,89,89,34,89,34
"Seasoning, sauces and condiments","Vinegar, apple",11.1,100,100,100,34,17,34
"Seasoning, sauces and condiments","Vinegar, wine",7.3,89,89,89,34,89,34
"Seasoning, sauces and condiments",Yeast extract,2600,,,,2600,2600,2100
"Starchy roots or tubers and products thereof, sugar plants",Arrowroots,922,922,922,922,922,922,922
"Starchy roots or tubers and products thereof, sugar plants","Arrowroots, PROCESS Baking",827,827,827,827,827,827,827
"Starchy roots or tubers and products thereof, sugar plants","Arrowroots, PROCESS Cooking in water",760,760,760,760,760,760,760
"Starchy roots or tubers and products thereof, sugar plants","Arrowroots, PROCESS Steaming",760,760,760,760,760,760,760
"Starchy roots or tubers and products thereof, sugar plants",Cassava roots,344,344,344,344,330,344,330
"Starchy roots or tubers and products thereof, sugar plants","Cassava roots, PROCESS Baking",310,310,310,310,350,310,350
"Starchy roots or tubers and products thereof, sugar plants","Cassava roots, PROCESS Cooking in water",286,286,286,286,260,286,260
"Starchy roots or tubers and products thereof, sugar plants","Cassava roots, PROCESS Steaming",286,286,286,286,260,286,340
"Starchy roots or tubers and products thereof, sugar plants",Fries (finger chips),501.4,550,861,660,426,515,650
"Starchy roots or tubers and products thereof, sugar plants",Main-crop potatoes,,381,381,570,450,,360
"Starchy roots or tubers and products thereof, sugar plants","Main-crop potatoes, PROCESS Baking",462,391,547,570,344,462,360
"Starchy roots or tubers and products thereof, sugar plants","Main-crop potatoes, PROCESS Cooking in water",500,333,410,280,344,500,280
"Starchy roots or tubers and products thereof, sugar plants","Main-crop potatoes, PROCESS Steaming",500,379,434,570,344,500,280
"Starchy roots or tubers and products thereof, sugar plants",Mashed potato powder,2114.8,1360,1360,1360,1700,2114.8,1430
"Starchy roots or tubers and products thereof, sugar plants",Mexican yam beans,175,175,175,175,175,175,175
"Starchy roots or tubers and products thereof, sugar plants","Mexican yam beans, PROCESS Cooking in water",142,142,142,142,142,142,142
"Starchy roots or tubers and products thereof, sugar plants","Mexican yam beans, PROCESS Steaming",142,142,142,142,142,142,142
"Starchy roots or tubers and products thereof, sugar plants",New potatoes,470,320,320,318,450,470,320
"Starchy roots or tubers and products thereof, sugar plants","New potatoes, PROCESS Baking",344,344,344,344,344,344,344
"Starchy roots or tubers and products thereof, sugar plants","New potatoes, PROCESS Cooking in water",470,430,430,430,344,470,430
"Starchy roots or tubers and products thereof, sugar plants","New potatoes, PROCESS Steaming",470,430,271,430,344,470,430
"Starchy roots or tubers and products thereof, sugar plants",Pan-fried potato,585.9,550,453,570,327,585.9,710
"Starchy roots or tubers and products thereof, sugar plants",Potato baked,622.6,391,547,570,344,500,344
"Starchy roots or tubers and products thereof, sugar plants",Potato boiled,500,333,410,570,344,340,344
"Starchy roots or tubers and products thereof, sugar plants",Potato crisps or sticks,1190,1164,1000,1060,1048,866.8,1040
"Starchy roots or tubers and products thereof, sugar plants",Potato flakes,1280,1360,1360,1550,1360,1280,1360
"Starchy roots or tubers and products thereof, sugar plants",Potato flour,34,15,15,15,10,34,10
"Starchy roots or tubers and products thereof, sugar plants",Potato starch,60,15,15,15,10,60,10
"Starchy roots or tubers and products thereof, sugar plants",Potato starch-based snacks,240,710,381,710,1048,240,840
"Starchy roots or tubers and products thereof, sugar plants",Sweet potatoes,337,360,360,360,370,337,370
"Starchy roots or tubers and products thereof, sugar plants","Sweet potatoes, PROCESS Baking",366.3,352,418,352,300,,480
"Starchy roots or tubers and products thereof, sugar plants","Sweet potatoes, PROCESS Cooking in water",337,352,323,352,300,,300
"Starchy roots or tubers and products thereof, sugar plants","Sweet potatoes, PROCESS Steaming",337,352,323,352,300,337,350
"Starchy roots or tubers and products thereof, sugar plants",Tannias,480,480,480,480,480,480,480
"Starchy roots or tubers and products thereof, sugar plants","Tannias, PROCESS Baking",606,606,606,606,606,606,606
"Starchy roots or tubers and products thereof, sugar plants",Tapioca starch,20,20,20,20,25,20,25
"Starchy roots or tubers and products thereof, sugar plants",Tapioca starch-based snacks,130,130,130,130,130,130,130
"Starchy roots or tubers and products thereof, sugar plants",Taros,564,564,564,564,360,564,360
"Starchy roots or tubers and products thereof, sugar plants","Taros, PROCESS Baking",430,430,430,430,430,430,430
"Starchy roots or tubers and products thereof, sugar plants","Taros, PROCESS Cooking in water",465,465,465,465,200,465,200
"Starchy roots or tubers and products thereof, sugar plants","Taros, PROCESS Steaming",465,465,465,465,200,465,330
"Starchy roots or tubers and products thereof, sugar plants",Yams,393,393,393,393,380,393,380
"Starchy roots or tubers and products thereof, sugar plants","Yams, PROCESS Baking",352,352,352,352,510,352,510
"Starchy roots or tubers and products thereof, sugar plants","Yams, PROCESS Cooking in water",324,324,324,324,260,324,260
"Starchy roots or tubers and products thereof, sugar plants","Yams, PROCESS Steaming",324,324,324,324,260,324,370
"Sugar, confectionery and water-based sweet desserts",Basic sweet masses,,440,440,440,366,,366
"Sugar, confectionery and water-based sweet desserts",Bitter chocolate,350,727,2014,727,400,350,400
"Sugar, confectionery and water-based sweet desserts","Bitter chocolate, QUAL Sugar free",400,700,400,700,400,400,400
"Sugar, confectionery and water-based sweet desserts",Bitter-sweet chocolate,,1319,1319,300,,,
"Sugar, confectionery and water-based sweet desserts","Bitter-sweet chocolate, QUAL Sugar free",400,400,400,400,400,400,400
"Sugar, confectionery and water-based sweet desserts","Caramel, hard",96.6,,,,86,125,70
"Sugar, confectionery and water-based sweet desserts","Caramel, hard, QUAL Low / Reduced sugar",210,2,2,2,2,210,2
"Sugar, confectionery and water-based sweet desserts","Caramel, hard, QUAL Sugar free",2,2,2,2,2,2,2
"Sugar, confectionery and water-based sweet desserts","Caramel, soft",96.6,,,,86,125,70
"Sugar, confectionery and water-based sweet desserts","Caramel, soft, QUAL Low / Reduced sugar",2,2,2,2,2,2,2
"Sugar, confectionery and water-based sweet desserts","Caramel, soft, QUAL Sugar free",2,2,2,2,2,2,2
"Sugar, confectionery and water-based sweet desserts",Chewing gum,41,10,8,10,24,41,24
"Sugar, confectionery and water-based sweet desserts","Chewing gum, QUAL Low / Reduced sugar",8,8,8,8,8,8,8
"Sugar, confectionery and water-based sweet desserts","Chewing gum, QUAL Sugar free",41,87,8,87,,41,
"Sugar, confectionery and water-based sweet desserts",Chocolate and chocolate products,400,380,460,300,404,400,390
"Sugar, confectionery and water-based sweet desserts","Chocolate and chocolate products, QUAL Low / Reduced sugar",1049,1049,1049,1049,1049,1049,1049
"Sugar, confectionery and water-based sweet desserts","Chocolate and chocolate products, QUAL Sugar free",,,,,404,,350
"Sugar, confectionery and water-based sweet desserts",Chocolate coated confectionery,,136,365,270,168,173.9,270
"Sugar, confectionery and water-based sweet desserts",Cream chocolate,442,670,670,370,192,442,390
"Sugar, confectionery and water-based sweet desserts",Dessert halva,79,79,79,79,56,79,56
"Sugar, confectionery and water-based sweet desserts","Dragée, sugar coated",,793,793,793,,,
"Sugar, confectionery and water-based sweet desserts","Dragée, sugar coated, QUAL Low / Reduced sugar",2,2,2,2,2,2,2
"Sugar, confectionery and water-based sweet desserts","Dragée, sugar coated, QUAL Sugar free",2,2,2,2,5,2,5
"Sugar, confectionery and water-based sweet desserts",Filled chocolate,,,,,192,,270
"Sugar, confectionery and water-based sweet desserts",Foamed sugar products (marshmallows),6,6,6,6,2,6,2
"Sugar, confectionery and water-based sweet desserts",Fructose,0.3,,2,,1,0.3,1
"Sugar, confectionery and water-based sweet desserts",Fudge,210,210,210,210,110,210,148
"Sugar, confectionery and water-based sweet desserts",Gelatine dessert,,12.7,,,10,22,7
"Sugar, confectionery and water-based sweet desserts","Gelatine dessert, QUAL Sugar free",1,1,1,1,1,1,1
"Sugar, confectionery and water-based sweet desserts",Glucose,2,2,2,2,,2,3
"Sugar, confectionery and water-based sweet desserts",Gum drops,8,12,12,12,12,8,12
"Sugar, confectionery and water-based sweet desserts","Gum drops, QUAL Sugar free",290,290,290,290,290,290,290
"Sugar, confectionery and water-based sweet desserts",Hard candies,100,84.7,9,84.7,5,,8
"Sugar, confectionery and water-based sweet desserts","Hard candies, QUAL Low / Reduced sugar",2,2,2,2,5,2,5
"Sugar, confectionery and water-based sweet desserts","Hard candies, QUAL Sugar free",96.6,,,,86,125,70
"Sugar, confectionery and water-based sweet desserts","Honey, polyfloral",60,47,45,51,55,60,51
"Sugar, confectionery and water-based sweet desserts",Jelly candies,20,80,12,80,2,8,8
"Sugar, confectionery and water-based sweet desserts",Liquorice candies,150,194,194,600,294,150,600
"Sugar, confectionery and water-based sweet desserts","Liquorice candies, QUAL Sugar free",314,314,314,314,314,314,314
"Sugar, confectionery and water-based sweet desserts",Marzipan,300,261,209,261,267,270,160
"Sugar, confectionery and water-based sweet desserts",Marzipan raw mass,270,440,440,440,267,440,366
"Sugar, confectionery and water-based sweet desserts",Milk chocolate,450,251,460,420,404,326.5,390
"Sugar, confectionery and water-based sweet desserts","Milk chocolate, QUAL Low / Reduced sugar",1049,1049,1049,1049,1049,1049,1049
"Sugar, confectionery and water-based sweet desserts","Milk chocolate, QUAL Sugar free",,,,,404,,404
"Sugar, confectionery and water-based sweet desserts",Molasses,1470,1470,1470,1470,1460,1470,1460
"Sugar, confectionery and water-based sweet desserts",Nougat,476,337,502,337,249,476,250
"Sugar, confectionery and water-based sweet desserts","Nougat, QUAL Low / Reduced sugar",427,427,427,427,427,427,427
"Sugar, confectionery and water-based sweet desserts","Nougat, QUAL Sugar free",427,427,427,427,427,427,427
"Sugar, confectionery and water-based sweet desserts",Nuts-seeds based halva,578.1,79,79,79,190,578.1,190
"Sugar, confectionery and water-based sweet desserts",Polyols,0,0,0,0,0,0,0
"Sugar, confectionery and water-based sweet desserts",Pralines,315,301,301,301,192,315,240
"Sugar, confectionery and water-based sweet desserts",Sorbet,112.3,196,41,42,32,60.5,41
"Sugar, confectionery and water-based sweet desserts",Sucrose (common sugar),2,2,2,2,4,2,5
"Sugar, confectionery and water-based sweet desserts",Sweet confectionery-deprecated,100,80,9,80,5,100,15
"Sugar, confectionery and water-based sweet desserts","Sweet confectionery-deprecated, QUAL Low / Reduced sugar",2,2,2,2,2,2,2
"Sugar, confectionery and water-based sweet desserts","Sweet confectionery-deprecated, QUAL Sugar free",290,2,2,2,5,290,5
"Sugar, confectionery and water-based sweet desserts",Syrups,220,45.9,240,45.9,,220,58
"Sugar, confectionery and water-based sweet desserts",Toffee,100,210,210,210,110,210,110
"Sugar, confectionery and water-based sweet desserts","Toffee, QUAL Low / Reduced sugar",2,2,2,2,2,2,2
"Sugar, confectionery and water-based sweet desserts","Toffee, QUAL Sugar free",2,2,2,2,2,2,2
"Sugar, confectionery and water-based sweet desserts",White chocolate,350,350,233,350,409,311,350
Vegetables and vegetable products,Alfalfa sprouts,79,79,79,79,79,79,79
Vegetables and vegetable products,"Alfalfa sprouts, PROCESS Cooking in water",65,65,65,65,65,65,65
Vegetables and vegetable products,"Alfalfa sprouts, PROCESS Steaming",149,83,83,83,149,149,83
Vegetables and vegetable products,Angelica (leaves and stems),597,597,597,597,597,597,597
Vegetables and vegetable products,Aniseed myrtle,253,253,253,253,253,253,253
Vegetables and vegetable products,Asparagus,260,203,203,203,200,260,260
Vegetables and vegetable products,"Asparagus, PROCESS Baking",224,224,224,224,224,224,224
Vegetables and vegetable products,"Asparagus, PROCESS Cooking in water",,120,136,120,200,130,220
Vegetables and vegetable products,"Asparagus, PROCESS Steaming",,224,191,224,200,130,220
Vegetables and vegetable products,Aubergines,217,203,203,184,200,217,210
Vegetables and vegetable products,"Aubergines, PROCESS Baking",224,130,224,130,224,224,224
Vegetables and vegetable products,"Aubergines, PROCESS Cooking in water",176,130,176,130,200,176,200
Vegetables and vegetable products,"Aubergines, PROCESS Frying",177.4,170,136,170,136,177.4,170
Vegetables and vegetable products,"Aubergines, PROCESS Steaming",224,224,224,224,200,224,200
Vegetables and vegetable products,Bamboo shoots,,468,468,468,468,,468
Vegetables and vegetable products,"Bamboo shoots, PROCESS Cooking in water",530,248,248,248,530,530,530
Vegetables and vegetable products,"Bamboo shoots, PROCESS Frying",318,318,318,318,318,318,318
Vegetables and vegetable products,"Bamboo shoots, PROCESS Steaming",530,248,248,248,530,530,530
Vegetables and vegetable products,Basil,300,381,300,300,300,462,300
Vegetables and vegetable products,Beans (with pods) and similar-,235,210,226,280,250,235,220
Vegetables and vegetable products,"Beans (with pods) and similar-, PROCESS Baking",670,248,248,248,670,670,248
Vegetables and vegetable products,"Beans (with pods) and similar-, PROCESS Cooking in water",340.4,200,123,160,265,95,130
Vegetables and vegetable products,"Beans (with pods) and similar-, PROCESS Steaming",340.4,200,204,160,265,340.4,130
Vegetables and vegetable products,Beetroots,450,407,407,300,400,290,380
Vegetables and vegetable products,"Beetroots, PROCESS Baking",442,232,442,232,442,442,442
Vegetables and vegetable products,"Beetroots, PROCESS Cooking in water",459.2,232,188,232,344,,510
Vegetables and vegetable products,"Beetroots, PROCESS Steaming",459.2,317,317,317,344,,510
Vegetables and vegetable products,Borage,470,470,470,470,470,470,470
Vegetables and vegetable products,Broccoli and similar-,400,256,256,256,227,400,370
Vegetables and vegetable products,"Broccoli and similar-, PROCESS Baking",483,281,281,281,483,483,281
Vegetables and vegetable products,"Broccoli and similar-, PROCESS Cooking in water",400,232,324,232,399,400,170
Vegetables and vegetable products,"Broccoli and similar-, PROCESS Frying",241,241,241,241,241,241,241
Vegetables and vegetable products,"Broccoli and similar-, PROCESS Steaming",400,232,241,232,399,400,170
Vegetables and vegetable products,Brussels sprouts,320,483,471,450,412,320,450
Vegetables and vegetable products,"Brussels sprouts, PROCESS Baking",240,515,515,515,240,240,515
Vegetables and vegetable products,"Brussels sprouts, PROCESS Cooking in water",320,252,364,252,412,,310
Vegetables and vegetable products,"Brussels sprouts, PROCESS Steaming",320,317,310,317,412,,310
Vegetables and vegetable products,Canned mushrooms,190,127,162,150,150,162,150
Vegetables and vegetable products,"Canned mushrooms, PROCESS Baking",197,197,197,197,197,197,197
Vegetables and vegetable products,"Canned mushrooms, PROCESS Cooking in water",190,90,90,90,150,190,71
Vegetables and vegetable products,"Canned mushrooms, PROCESS Steaming",190,221,221,221,150,190,110
Vegetables and vegetable products,Cardoons,353,397,353,293,397,353,353
Vegetables and vegetable products,"Cardoons, PROCESS Cooking in water",196,196,196,196,196,196,196
Vegetables and vegetable products,"Cardoons, PROCESS Steaming",196,196,196,196,196,196,196
Vegetables and vegetable products,Carrots,390,273,355,220,266,204,170
Vegetables and vegetable products,"Carrots, PROCESS Baking",389,389,389,389,389,389,389
Vegetables and vegetable products,"Carrots, PROCESS Cooking in water",398,125,180,125,214,398,120
Vegetables and vegetable products,"Carrots, PROCESS Frying",587,235,587,235,587,587,587
Vegetables and vegetable products,"Carrots, PROCESS Steaming",398,235,253,235,214,398,120
Vegetables and vegetable products,Cauliflowers,370,253,282,350,296,300,380
Vegetables and vegetable products,"Cauliflowers, PROCESS Baking",292,310,310,310,292,292,310
Vegetables and vegetable products,"Cauliflowers, PROCESS Cooking in water",370,142,161,142,224,,120
Vegetables and vegetable products,"Cauliflowers, PROCESS Steaming",370,142,265,142,224,,120
Vegetables and vegetable products,Celeriacs,470,345,414,345,400,470,460
Vegetables and vegetable products,"Celeriacs, PROCESS Baking",455,455,455,455,455,455,455
Vegetables and vegetable products,"Celeriacs, PROCESS Cooking in water",183,281,183,281,400,183,330
Vegetables and vegetable products,"Celeriacs, PROCESS Steaming",561,173,389,173,400,561,330
Vegetables and vegetable products,Celeries,150,263,329,280,320,320,320
Vegetables and vegetable products,"Celeries, PROCESS Cooking in water",184,284,184,284,320,184,230
Vegetables and vegetable products,"Celeries, PROCESS Steaming",395,284,395,284,320,395,230
Vegetables and vegetable products,Celery leaves,647,291,291,291,700,647,700
Vegetables and vegetable products,"Celtuce, PROCESS Steaming",236,236,236,236,236,236,236
Vegetables and vegetable products,Ceps,270,327,327,235,327,270,327
Vegetables and vegetable products,"Ceps, PROCESS Baking",396,396,396,396,396,396,396
Vegetables and vegetable products,"Ceps, PROCESS Cooking in water",415.4,181,181,181,181,415.4,181
Vegetables and vegetable products,"Ceps, PROCESS Steaming",415.4,378,378,378,378,415.4,378
Vegetables and vegetable products,Chanterelles,340,332,332,367,500,340,500
Vegetables and vegetable products,"Chanterelles, PROCESS Baking",407,407,407,407,407,407,407
Vegetables and vegetable products,"Chanterelles, PROCESS Cooking in water",185,185,185,185,500,185,500
Vegetables and vegetable products,"Chanterelles, PROCESS Steaming",458,458,458,458,500,458,500
Vegetables and vegetable products,Chards,470,376,376,196,300,470,380
Vegetables and vegetable products,"Chards, PROCESS Baking",310,364,364,364,310,310,364
Vegetables and vegetable products,"Chards, PROCESS Cooking in water",210,549,210,420,300,210,550
Vegetables and vegetable products,"Chards, PROCESS Steaming",310,549,354,420,300,310,550
Vegetables and vegetable products,Chervil,597,597,597,597,597,597,597
Vegetables and vegetable products,Chickpea sprouts,173,173,173,173,173,173,173
Vegetables and vegetable products,Chili peppers,,280,280,230,440,,220
Vegetables and vegetable products,"Chili peppers, PROCESS Baking",303,307,307,307,303,303,307
Vegetables and vegetable products,"Chili peppers, PROCESS Cooking in water",242,242,242,242,242,242,242
Vegetables and vegetable products,Chinese cabbages and similar-,150,144,144,144,250,150,230
Vegetables and vegetable products,"Chinese cabbages and similar-, PROCESS Baking",264,264,264,264,264,264,264
Vegetables and vegetable products,"Chinese cabbages and similar-, PROCESS Cooking in water",80,80,80,80,250,80,250
Vegetables and vegetable products,"Chinese cabbages and similar-, PROCESS Steaming",250,250,250,250,250,250,250
Vegetables and vegetable products,Chives,,260,434,230,434,215,230
Vegetables and vegetable products,Chives and similar-,434,260,434,230,434,434,230
Vegetables and vegetable products,Common bean sprouts,307,307,307,307,307,307,307
Vegetables and vegetable products,Common mushrooms,364,344,390,320,400,389,320
Vegetables and vegetable products,"Common mushrooms, PROCESS Baking",478,478,478,320,478,478,478
Vegetables and vegetable products,"Common mushrooms, PROCESS Cooking in water",436.3,110,217,110,400,436.3,250
Vegetables and vegetable products,"Common mushrooms, PROCESS Frying",340,340,340,340,410,340,340
Vegetables and vegetable products,"Common mushrooms, PROCESS Steaming",436.3,110,460,110,400,436.3,250
Vegetables and vegetable products,Common nettle,670,475,475,670,475,,475
Vegetables and vegetable products,Courgettes,360,205,177,205,200,250,360
Vegetables and vegetable products,Courgettes and similar-,360,205,177,264,200,360,360
Vegetables and vegetable products,"Courgettes and similar-, PROCESS Baking",245,195,195,195,245,245,195
Vegetables and vegetable products,"Courgettes and similar-, PROCESS Cooking in water",,98,98,98,270,,210
Vegetables and vegetable products,"Courgettes and similar-, PROCESS Frying",,490,490,490,490,,490
Vegetables and vegetable products,"Courgettes and similar-, PROCESS Steaming",,166,166,166,270,,210
Vegetables and vegetable products,"Courgettes, PROCESS Baking",146,253,195,253,146,146,195
Vegetables and vegetable products,"Courgettes, PROCESS Cooking in water",,98,98,98,270,,210
Vegetables and vegetable products,"Courgettes, PROCESS Frying",490,490,490,490,490,490,490
Vegetables and vegetable products,"Courgettes, PROCESS Steaming",,166,166,166,270,,210
Vegetables and vegetable products,Cresses,150,550,550,550,500,600,110
Vegetables and vegetable products,Cucumbers,240,145,164,140,187,136,140
Vegetables and vegetable products,Curly kales,320,451,451,451,400,530,450
Vegetables and vegetable products,"Curly kales, PROCESS Cooking in water",199,199,199,199,160,199,160
Vegetables and vegetable products,"Curly kales, PROCESS Frying",401,401,401,401,401,401,401
Vegetables and vegetable products,"Curly kales, PROCESS Steaming",199,199,199,199,160,199,160
Vegetables and vegetable products,Dandelions,501,418,501,440,76,501,76
Vegetables and vegetable products,Dill leaves,415,647,647,647,750,750,750
Vegetables and vegetable products,Dried mushrooms,3895,3895,3895,2846,3870,3895,3870
Vegetables and vegetable products,"Dried mushrooms, PROCESS Cooking in water",338,338,338,338,338,338,338
Vegetables and vegetable products,"Dried mushrooms, PROCESS Steaming",338,338,338,338,338,338,338
Vegetables and vegetable products,Dried vegetables,,1617,1617,1617,1617,,1617
Vegetables and vegetable products,Dulse,4720,,,,,,
Vegetables and vegetable products,"Dulse, PROCESS Cooking in water",199,199,199,199,199,199,199
Vegetables and vegetable products,"Dulse, PROCESS Steaming",199,199,199,199,199,199,199
Vegetables and vegetable products,Escaroles,230,230,230,380,253,230,253
Vegetables and vegetable products,Escaroles and similar-,187,191,230,380,253,187,380
Vegetables and vegetable products,"Escaroles and similar-, PROCESS Baking",228,228,228,228,228,228,228
Vegetables and vegetable products,"Escaroles and similar-, PROCESS Cooking in water",163,163,163,163,163,163,163
Vegetables and vegetable products,"Escaroles and similar-, PROCESS Steaming",163,228,163,228,163,163,163
Vegetables and vegetable products,Fennel leaves,641,427,494,427,641,641,440
Vegetables and vegetable products,Florence fennels,,427,395,394,400,396,440
Vegetables and vegetable products,"Florence fennels, PROCESS Baking",435,270,435,270,270,435,435
Vegetables and vegetable products,"Florence fennels, PROCESS Cooking in water",220,270,220,270,400,220,300
Vegetables and vegetable products,"Florence fennels, PROCESS Steaming",372,270,372,270,400,372,300
Vegetables and vegetable products,Garden cress sprouts,110,110,110,110,110,110,110
Vegetables and vegetable products,"Garden cress sprouts, PROCESS Steaming",322,322,322,322,322,322,322
Vegetables and vegetable products,Garden sorrel,20,390,287,390,,,287
Vegetables and vegetable products,Garlic and similar-,620,446,530,600,620,620,620
Vegetables and vegetable products,"Garlic and similar-, PROCESS Baking",193,565,565,565,193,193,565
Vegetables and vegetable products,"Garlic and similar-, PROCESS Cooking in water",296,296,296,296,296,296,296
Vegetables and vegetable products,"Garlic and similar-, PROCESS Steaming",491,491,491,491,491,491,491
Vegetables and vegetable products,Garlic puree,296,296,296,296,300,296,300
Vegetables and vegetable products,Gherkins,262,164,164,110,56,262,230
Vegetables and vegetable products,Globe artichokes,,342,353,376,353,,360
Vegetables and vegetable products,"Globe artichokes, PROCESS Cooking in water",301,377,196,377,330,301,330
Vegetables and vegetable products,"Globe artichokes, PROCESS Steaming",500,377,196,377,500,500,330
Vegetables and vegetable products,Grape leaves,45,272,272,272,272,45,272
Vegetables and vegetable products,"Grape leaves, PROCESS Cooking in water",152,152,152,152,152,152,152
Vegetables and vegetable products,"Grape leaves, PROCESS Steaming",152,152,152,152,152,152,152
Vegetables and vegetable products,Head cabbages,320,243,269,260,270,290,270
Vegetables and vegetable products,Head cabbages and similar-,320,236,269,236,270,320,270
Vegetables and vegetable products,"Head cabbages and similar-, PROCESS Baking",238,296,296,296,238,238,296
Vegetables and vegetable products,"Head cabbages and similar-, PROCESS Cooking in water",,187,139,187,120,,120
Vegetables and vegetable products,"Head cabbages and similar-, PROCESS Frying",334.8,334.8,334.8,334.8,334.8,334.8,334.8
Vegetables and vegetable products,"Head cabbages and similar-, PROCESS Steaming",,187,120,187,120,,120
Vegetables and vegetable products,"Head cabbages, PROCESS Baking",264,296,296,296,264,264,296
Vegetables and vegetable products,"Head cabbages, PROCESS Cooking in water",,103,139,268,120,139,120
Vegetables and vegetable products,"Head cabbages, PROCESS Frying",334.8,,,,334.8,,
Vegetables and vegetable products,"Head cabbages, PROCESS Steaming",,103,120,268,120,,120
Vegetables and vegetable products,Hijiki,89,89,89,89,89,89,89
Vegetables and vegetable products,"Hijiki, PROCESS Cooking in water",50,50,50,50,50,50,50
Vegetables and vegetable products,"Hijiki, PROCESS Steaming",50,50,50,50,50,50,50
Vegetables and vegetable products,Honey mushroom,427,427,427,429,427,427,427
Vegetables and vegetable products,"Honey mushroom, PROCESS Cooking in water",369,369,369,369,369,369,369
Vegetables and vegetable products,"Honey mushroom, PROCESS Steaming",369,369,369,369,369,369,369
Vegetables and vegetable products,Horseradish roots,740,394,628,394,580,740,580
Vegetables and vegetable products,"Horseradish roots, PROCESS Cooking in water",508,508,508,508,508,508,508
Vegetables and vegetable products,"Horseradish roots, PROCESS Steaming",635,508,508,508,635,635,508
Vegetables and vegetable products,Jerusalem artichokes,560,478,478,478,478,560,478
Vegetables and vegetable products,"Jerusalem artichokes, PROCESS Baking",562,429,426,429,562,562,426
Vegetables and vegetable products,"Jerusalem artichokes, PROCESS Cooking in water",388,429,388,429,420,388,420
Vegetables and vegetable products,"Jerusalem artichokes, PROCESS Steaming",388,429,388,429,420,388,420
Vegetables and vegetable products,Kales and similar-,320,451,451,451,400,320,450
Vegetables and vegetable products,"Kales and similar-, PROCESS Baking",350,350,350,350,350,350,350
Vegetables and vegetable products,"Kales and similar-, PROCESS Cooking in water",199,199,199,199,160,199,160
Vegetables and vegetable products,"Kales and similar-, PROCESS Steaming",199,199,199,199,160,199,160
Vegetables and vegetable products,Kohlrabies,320,322,322,322,500,350,340
Vegetables and vegetable products,"Kohlrabies, PROCESS Baking",193,354,354,354,193,193,354
Vegetables and vegetable products,"Kohlrabies, PROCESS Cooking in water",,171,171,171,500,,240
Vegetables and vegetable products,"Kohlrabies, PROCESS Steaming",,240,240,240,500,,240
Vegetables and vegetable products,Lamb's lettuces,,379,421,379,379,,421
Vegetables and vegetable products,Land cresses,550,550,550,550,230,550,230
Vegetables and vegetable products,Laurel,521,84,84,530,521,521,71
Vegetables and vegetable products,Laver,356,356,356,356,356,356,356
Vegetables and vegetable products,"Laver, PROCESS Cooking in water",199,199,199,199,199,199,199
Vegetables and vegetable products,"Laver, PROCESS Steaming",199,199,199,199,199,199,199
Vegetables and vegetable products,Leeks,320,288,279,288,231,223,260
Vegetables and vegetable products,"Leeks, PROCESS Baking",306,,306,,,306,306
Vegetables and vegetable products,"Leeks, PROCESS Cooking in water",,87,155,87,222,155,150
Vegetables and vegetable products,"Leeks, PROCESS Steaming",,,262,,222,280,150
Vegetables and vegetable products,Lentil sprouts,114,114,114,114,114,114,114
Vegetables and vegetable products,"Lentil sprouts, PROCESS Steaming",149,149,149,149,149,149,149
Vegetables and vegetable products,"Lentils, fresh",840,840,840,840,940,840,940
Vegetables and vegetable products,"Lentils, fresh, PROCESS Baking",257,257,257,257,257,257,257
Vegetables and vegetable products,"Lentils, fresh, PROCESS Cooking in water",255,309,255,309,657,255,310
Vegetables and vegetable products,"Lentils, fresh, PROCESS Steaming",255,309,255,309,657,255,310
Vegetables and vegetable products,Lettuces (generic),360,166,306,240,300,,220
Vegetables and vegetable products,Lovage leaves,400,400,400,400,400,400,400
Vegetables and vegetable products,Mashed vegetable puree,199,227,1120,227,1170,199,1120
Vegetables and vegetable products,Melons and similar-,210,237,309,333,200,210,190
Vegetables and vegetable products,Mints,260,429,260,260,260,260,260
Vegetables and vegetable products,Morels,340,390,390,390,248,340,248
Vegetables and vegetable products,"Morels, PROCESS Baking",363,336,336,336,363,363,336
Vegetables and vegetable products,"Morels, PROCESS Cooking in water",336,336,336,336,336,336,336
Vegetables and vegetable products,"Morels, PROCESS Steaming",453,453,453,453,453,453,453
Vegetables and vegetable products,Mung bean sprouts,149,149,179,149,74,149,74
Vegetables and vegetable products,"Mung bean sprouts, PROCESS Cooking in water",46,50.6,46,50.6,74,46,46
Vegetables and vegetable products,"Mung bean sprouts, PROCESS Steaming",46,50.6,46,50.6,74,46,46
Vegetables and vegetable products,Mushy peas,92,180,180,180,92,92,170
Vegetables and vegetable products,Nasturtium flowers and leaves,276,276,276,276,276,276,276
Vegetables and vegetable products,Okra,274,199,199,199,282,274,330
Vegetables and vegetable products,"Okra, PROCESS Cooking in water",172,172,172,172,310,172,310
Vegetables and vegetable products,"Okra, PROCESS Steaming",172,172,172,172,310,172,310
Vegetables and vegetable products,Onions,220,171,162,140,185,192,160
Vegetables and vegetable products,Onions and similar-,220,171,162,140,185,220,160
Vegetables and vegetable products,"Onions and similar-, PROCESS Baking",178,133,178,133,450,178,450
Vegetables and vegetable products,"Onions and similar-, PROCESS Cooking in water",,90,90,90,159,,90
Vegetables and vegetable products,"Onions and similar-, PROCESS Frying",223.6,370,370,370,208,223.6,370
Vegetables and vegetable products,"Onions and similar-, PROCESS Steaming",,90,90,90,90,,90
Vegetables and vegetable products,"Onions, PROCESS Baking",405,133,178,133,276,405,450
Vegetables and vegetable products,"Onions, PROCESS Cooking in water",,90,90,90,159,90,90
Vegetables and vegetable products,"Onions, PROCESS Frying",223.6,370,370,370,208,,370
Vegetables and vegetable products,"Onions, PROCESS Steaming",,90,90,90,90,90,90
Vegetables and vegetable products,Palm hearts,350,350,350,350,350,350,350
Vegetables and vegetable products,"Palm hearts, PROCESS Cooking in water",303,166,303,166,166,303,303
Vegetables and vegetable products,"Palm hearts, PROCESS Steaming",149,303,303,303,149,149,303
Vegetables and vegetable products,Parsley,770,813,811,670,700,710,760
Vegetables and vegetable products,Parsley roots,562,399,399,399,399,562,399
Vegetables and vegetable products,Parsnip roots,590,177,523,177,249,490,450
Vegetables and vegetable products,"Parsnip roots, PROCESS Baking",220,220,220,220,220,220,220
Vegetables and vegetable products,"Parsnip roots, PROCESS Cooking in water",602,220,389,220,350,602,350
Vegetables and vegetable products,"Parsnip roots, PROCESS Frying",220,220,220,220,220,220,220
Vegetables and vegetable products,"Parsnip roots, PROCESS Steaming",602,220,389,220,350,602,350
Vegetables and vegetable products,Pearl oyster mushrooms,298,254,254,254,230,298,230
Vegetables and vegetable products,"Pearl oyster mushrooms, PROCESS Baking",127,127,127,127,127,127,127
Vegetables and vegetable products,"Pearl oyster mushrooms, PROCESS Cooking in water",140,140,140,140,140,140,140
Vegetables and vegetable products,"Pearl oyster mushrooms, PROCESS Steaming",219,219,219,219,219,219,219
Vegetables and vegetable products,Peas (with pods) and similar-,300,185,300,185,150,300,150
Vegetables and vegetable products,"Peas (with pods) and similar-, PROCESS Cooking in water",167,167,167,167,130,167,130
Vegetables and vegetable products,"Peas (with pods) and similar-, PROCESS Frying",,330,330,330,330,,330
Vegetables and vegetable products,"Peas (with pods) and similar-, PROCESS Steaming",280,280,280,280,130,280,130
Vegetables and vegetable products,Peas shoots and sprouts,173,173,173,173,173,173,173
Vegetables and vegetable products,Pickled / marinated vegetables,160,167,167,70,56,160,56
Vegetables and vegetable products,Pumpkins,243,304,304,304,130,243,130
Vegetables and vegetable products,"Pumpkins, PROCESS Baking",334,223,334,223,223,334,334
Vegetables and vegetable products,"Pumpkins, PROCESS Cooking in water",78,223,78,223,84,78,84
Vegetables and vegetable products,"Pumpkins, PROCESS Steaming",264,223,264,223,84,264,84
Vegetables and vegetable products,Purslanes,,494,390,494,800,,800
Vegetables and vegetable products,Purslanes and similar-,390,494,390,494,800,390,800
Vegetables and vegetable products,Radish sprouts,234,234,180,234,234,234,234
Vegetables and vegetable products,"Radish sprouts, PROCESS Cooking in water",100,100,100,100,100,100,100
Vegetables and vegetable products,"Radish sprouts, PROCESS Steaming",36,36,36,36,36,36,36
Vegetables and vegetable products,Radishes and similar-,490,243,450,240,250,280,240
Vegetables and vegetable products,"Radishes and similar-, PROCESS Cooking in water",363,363,363,363,363,363,363
Vegetables and vegetable products,"Radishes and similar-, PROCESS Steaming",387,363,363,363,387,387,363
Vegetables and vegetable products,Red mustard leaves,449,130,449,130,130,449,130
Vegetables and vegetable products,Rhubarbs,320,287,287,287,300,280,290
Vegetables and vegetable products,"Rhubarbs, PROCESS Cooking in water",240,240,240,240,210,240,230
Vegetables and vegetable products,"Rhubarbs, PROCESS Steaming",240,240,240,240,210,240,230
Vegetables and vegetable products,Roman rocket,369,369,369,468,456,369,456
Vegetables and vegetable products,Roman rocket and similar-,369,369,369,468,456,369,456
Vegetables and vegetable products,Rosemary,157,157,157,280,280,157,280
Vegetables and vegetable products,Sage,173,173,173,390,390,173,390
Vegetables and vegetable products,Salsifies,320,320,320,320,400,320,310
Vegetables and vegetable products,"Salsifies, PROCESS Cooking in water",224,228,224,228,400,224,200
Vegetables and vegetable products,"Salsifies, PROCESS Steaming",283,283,224,283,400,283,200
Vegetables and vegetable products,Sauerkraut,300,288,288,288,210,300,
Vegetables and vegetable products,"Sauerkraut, PROCESS Baking",317,317,317,317,317,317,317
Vegetables and vegetable products,"Sauerkraut, PROCESS Cooking in water",260,288,162,288,138,260,180
Vegetables and vegetable products,"Sauerkraut, PROCESS Steaming",162,288,162,288,138,162,180
Vegetables and vegetable products,Shallots,334,242,334,180,185,334,180
Vegetables and vegetable products,"Shallots, PROCESS Baking",216,216,216,216,216,216,216
Vegetables and vegetable products,"Shallots, PROCESS Cooking in water",159,159,159,159,159,159,159
Vegetables and vegetable products,"Shallots, PROCESS Frying",208,208,208,208,208,208,208
Vegetables and vegetable products,Shiitake,224,120,120,120,120,224,120
Vegetables and vegetable products,"Shiitake, PROCESS Baking",120,120,120,120,120,120,120
Vegetables and vegetable products,"Shiitake, PROCESS Cooking in water",103,103,103,103,103,103,103
Vegetables and vegetable products,"Shiitake, PROCESS Frying",190,190,190,190,190,190,190
Vegetables and vegetable products,"Shiitake, PROCESS Steaming",103,103,103,103,103,103,103
Vegetables and vegetable products,Sorrel,287,390,287,390,390,287,287
Vegetables and vegetable products,Soyabeans sprouts,,235,235,218,235,235,235
Vegetables and vegetable products,"Soyabeans sprouts, PROCESS Cooking in water",194,194,194,194,194,194,194
Vegetables and vegetable products,"Soyabeans sprouts, PROCESS Steaming",194,194,194,194,194,194,194
Vegetables and vegetable products,Spinaches,470,489,554,530,539,560,500
Vegetables and vegetable products,Spinaches and similar-,470,489,554,489,539,470,500
Vegetables and vegetable products,"Spinaches and similar-, PROCESS Baking",610,610,610,610,610,610,610
Vegetables and vegetable products,"Spinaches and similar-, PROCESS Cooking in water",310,466,310,466,711,310,290
Vegetables and vegetable products,"Spinaches and similar-, PROCESS Steaming",522,466,522,466,711,522,290
Vegetables and vegetable products,"Spinaches, PROCESS Baking",,466,610,466,466,,610
Vegetables and vegetable products,"Spinaches, PROCESS Cooking in water",379,466,310,466,711,379,290
Vegetables and vegetable products,"Spinaches, PROCESS Steaming",,466,522,466,711,,290
Vegetables and vegetable products,Spirulina,127,127,127,127,127,127,127
Vegetables and vegetable products,Spring onions,230,230,230,230,233,230,260
Vegetables and vegetable products,"Spring onions, PROCESS Baking",252,252,252,252,252,252,252
Vegetables and vegetable products,"Spring onions, PROCESS Cooking in water",128,128,128,128,316,128,316
Vegetables and vegetable products,"Spring onions, PROCESS Frying",247,247,247,247,247,247,247
Vegetables and vegetable products,"Spring onions, PROCESS Steaming",316,316,316,316,316,316,316
Vegetables and vegetable products,"Sprouts, shoots and similar",,179,179,179,74,,74
Vegetables and vegetable products,"Sprouts, shoots and similar, PROCESS Cooking in water",194,194,194,194,74,194,46
Vegetables and vegetable products,"Sprouts, shoots and similar, PROCESS Steaming",79,194,194,194,74,79,46
Vegetables and vegetable products,Sun-dried tomatoes,1565,811,811,,3427,882,460
Vegetables and vegetable products,"Sunflower shoots and sprouts, PROCESS Steaming",392,392,392,392,392,392,392
Vegetables and vegetable products,Swedes,310,227,227,227,200,219,170
Vegetables and vegetable products,"Swedes, PROCESS Baking",183,183,183,183,183,183,183
Vegetables and vegetable products,"Swedes, PROCESS Cooking in water",316.3,108,108,108,200,,86
Vegetables and vegetable products,"Swedes, PROCESS Steaming",316.3,213,213,213,200,,86
Vegetables and vegetable products,Sweet corn,270,289,289,287,314,270,260
Vegetables and vegetable products,Sweet corn canned,414,165,289,220,414,414,220
Vegetables and vegetable products,"Sweet corn, PROCESS Baking",312,249,312,249,249,312,312
Vegetables and vegetable products,"Sweet corn, PROCESS Cooking in water",256.5,165,161,165,250,210,240
Vegetables and vegetable products,"Sweet corn, PROCESS Steaming",256.5,249,248,249,250,210,240
Vegetables and vegetable products,Sweet peppers,242,194,260,210,231,242,160
Vegetables and vegetable products,"Sweet peppers, PROCESS Baking",240,166,241,166,240,240,241
Vegetables and vegetable products,"Sweet peppers, PROCESS Cooking in water",,173,145,173,187,145,180
Vegetables and vegetable products,"Sweet peppers, PROCESS Frying",150,150,150,,150,,150
Vegetables and vegetable products,"Sweet peppers, PROCESS Steaming",,173,244,173,187,244,180
Vegetables and vegetable products,Tarragon,450,450,450,450,450,450,450
Vegetables and vegetable products,Thyme,798,814,131,810,798,798,270
Vegetables and vegetable products,Tigernuts,14,14,14,14,14,14,14
Vegetables and vegetable products,"Tigernuts, PROCESS Steaming",9.8,9.8,9.8,9.8,9.8,9.8,9.8
Vegetables and vegetable products,Tomato puree,,,1150,,1170,,1200
Vegetables and vegetable products,Tomatoes and similar-,290,289,235,297,266,210,250
Vegetables and vegetable products,"Tomatoes and similar-, PROCESS Baking",340,799,260,799,340,340,286
Vegetables and vegetable products,"Tomatoes and similar-, PROCESS Cooking in water",220,220,146,220,236,220,236
Vegetables and vegetable products,"Tomatoes and similar-, PROCESS Steaming",222,222,222,222,247,222,247
Vegetables and vegetable products,Truffles,526,127,526,127,127,526,526
Vegetables and vegetable products,Turnips,300,220,269,220,280,300,280
Vegetables and vegetable products,"Turnips, PROCESS Baking",217,177,217,177,177,217,217
Vegetables and vegetable products,"Turnips, PROCESS Cooking in water",,177,128,177,200,,200
Vegetables and vegetable products,"Turnips, PROCESS Steaming",,177,128,177,202,,200
Vegetables and vegetable products,Vietnamese mint,3427,3427,3427,3427,3427,3427,3427
Vegetables and vegetable products,Wakame,89,89,89,220,89,89,89
Vegetables and vegetable products,"Wakame, PROCESS Cooking in water",50,50,50,50,50,50,50
Vegetables and vegetable products,"Wakame, PROCESS Steaming",50,50,50,50,50,50,50
Vegetables and vegetable products,Watercresses,,271,276,230,237,330,230
Vegetables and vegetable products,Watercresses and similar-,276,271,276,230,230,276,230
Vegetables and vegetable products,Watermelons,100,129,109,280,158,116,100
Vegetables and vegetable products,White ginger,1343,1343,1343,1343,1343,1343,1343
Vegetables and vegetable products,Winter savory,172,172,172,172,172,172,172
Vegetables and vegetable products,Witloofs,198,191,198,191,194,198,170
Vegetables and vegetable products,"Witloofs, PROCESS Baking",218,228,218,228,228,218,218
Vegetables and vegetable products,"Witloofs, PROCESS Cooking in water",107,107,107,107,183,107,110
Vegetables and vegetable products,"Witloofs, PROCESS Steaming",186,228,186,228,183,186,110
Water and water-based beverages,Bottled drinking water,13.5,0.33,,0.33,,13.5,
Water and water-based beverages,"Cola beverages, caffeinic",1.3,,1,1,,1.3,1
Water and water-based beverages,"Cola beverages, decaffeinated",1,1,1,1,1,1,1
Water and water-based beverages,"Cola mix, flavoured cola",1,,1,1,,1,1
Water and water-based beverages,Cola-type drinks,1,1.5,1,1.5,,1,1
Water and water-based beverages,Diet soft drink with caffeine,1.7,10,8,10,,8,
Water and water-based beverages,Diet soft drinks with flavours,1,4,1,,,1,
Water and water-based beverages,Diet soft drinks with fruit juice,,5.5,,5.5,15,,15
Water and water-based beverages,Energy drinks,0.2,1.5,1,1.5,,8,
Water and water-based beverages,Filtered tap water,0,0,0,0,0,0,0
Water and water-based beverages,Flavoured bottled water,13.5,13.5,13.5,13.5,13.5,13.5,13.5
Water and water-based beverages,"Flavoured bottled water, FORT Combination of vitamin and mineral only supplements",72,72,72,72,72,72,72
Water and water-based beverages,"Flavoured bottled water, FORT Mineral only supplements",16,16,16,16,16,16,16
Water and water-based beverages,"Flavoured bottled water, FORT Vitamin only supplements",72,72,72,72,72,72,72
Water and water-based beverages,Fortified bottled water,16,16,16,16,16,16,16
Water and water-based beverages,"Fruit soft drink, currant red",63,63,63,63,14,63,14
Water and water-based beverages,"Fruit soft drink, gooseberry",14,14,14,14,14,14,14
Water and water-based beverages,"Fruit soft drink, grape red",52,52,52,52,14,52,14
Water and water-based beverages,"Fruit soft drink, grape white",52,52,52,52,14,52,14
Water and water-based beverages,"Fruit soft drink, grapefruit",,,,,14,,14
Water and water-based beverages,"Fruit soft drink, mixed fruit",47.5,,27,,14,47.5,27
Water and water-based beverages,"Fruit soft drink, orange",,83,,18,14,,14
Water and water-based beverages,"Fruit soft drink, pear",14,14,14,14,14,14,14
Water and water-based beverages,"Fruit soft drink, pineapple",14,14,14,14,14,14,14
Water and water-based beverages,"Fruit soft drink, plum",14,14,14,14,14,14,14
Water and water-based beverages,"Fruit soft drink, raspberry",14,14,14,14,14,14,14
Water and water-based beverages,Isotonic and sport drinks,12,6,36,6,8,12,8
Water and water-based beverages,Liquid drink bases (including concentrates and home-made preparations),90,90,90,90,80,90,49
Water and water-based beverages,Natural mineral water,,1.07,1,1.07,,,
Water and water-based beverages,Powdered drink bases,2,2,2,2,2,2,2
Water and water-based beverages,Soft drink with bitter principle,1,,1,,,1,
Water and water-based beverages,"Soft drink, apple flavour",1,1,1,1,1,1,1
Water and water-based beverages,"Soft drink, cherry flavour",1,1,1,1,1,1,1
Water and water-based beverages,"Soft drink, flavoured with herbs",1,1,1,1,1,1,1
Water and water-based beverages,"Soft drink, flavoured, no fruit",,6,1,6,1,,1
Water and water-based beverages,"Soft drink, lemon flavour",1,,,,1,1,
Water and water-based beverages,"Soft drink, lime flavour",,,,,1,,1
Water and water-based beverages,"Soft drink, mixed flavours",1,6,1,6,1,1,1
Water and water-based beverages,"Soft drink, orange flavour",5.9,,,,1,,1
Water and water-based beverages,"Soft drink, with fruit juice (fruit content below the minimum for nectars)",6,,,18,14,6,27
Water and water-based beverages,Tap water,,0.5,,,,0.5,
