Food class level 1,Food (FoodEx2 description),Finland,France,Germany,Italy,Netherlands,Sweden,United Kingdom
"Additives,flavours, baking and processing aids","Artificial sweeteners (e.g., aspartam, saccharine)",,,0,,,0,0
"Additives,flavours, baking and processing aids",Aspartame,0,0,0,,0,0,0
"Additives,flavours, baking and processing aids",Baking yeast,4.5,8.3,4.275,8.3,3.2,4.5,8
"Additives,flavours, baking and processing aids",Cyclamate,0,0,0,0,0,0,0
"Additives,flavours, baking and processing aids",Flavour enhancer,0,0,0,0,0,0,0
"Additives,flavours, baking and processing aids",Preparations for gelling home-made food,0,0,0,0,0,0,0
"Additives,flavours, baking and processing aids",Preparations for pickling vegetables,0,0,0,0,0,0,0
"Additives,flavours, baking and processing aids",Preparations for raising and flavouring home-made bakery,2.8,2.8,2.8,2.8,2.8,2.8,2.8
"Additives,flavours, baking and processing aids",Saccharine,0.01,,,,0.01,0.01,
"Additives,flavours, baking and processing aids",Vanilla essence,,,,0.1,,,
"Additives,flavours, baking and processing aids",Vanilla pods extract,1.97,1.97,1.97,1.97,1.97,1.97,1.97
Alcoholic beverages,Alcopop and flavoured wine,,0.014,0.014,0.014,,,
Alcoholic beverages,Ale beer,0.02,0.02,0.02,,0.3,0.02,0.3
Alcoholic beverages,"Beer, alcohol-free",0.1,0.013,0.008,,0.01,,0.01
Alcoholic beverages,"Beer, light",0.1,0.005,0.02,,0.01,,0.01
Alcoholic beverages,"Beer, regular",0.1,0.009,0.028,0.009,0.02,,0.02
Alcoholic beverages,"Beer, strong",0.1,0.01,0.01,,0.02,,0.02
Alcoholic beverages,Brandy,,0.02,,0.02,0.2,,0.2
Alcoholic beverages,Champagne-like wine,,0.07,0.052,0.08,0.041,,0.052
Alcoholic beverages,Chocolate liqueur,0.03,0.03,0.03,0.03,,0.03,
Alcoholic beverages,Cider,0.1,0.02,0.24,,0.03,0.3,0.03
Alcoholic beverages,Cocktail drink,0.1,0.085,0.064,0.085,0.085,,0.064
Alcoholic beverages,Coffee liqueur,0.15,0.03,0.03,0.03,,0.15,
Alcoholic beverages,Cream liqueur,0.2,0.2,0.2,0.2,0.06,0.2,0.2
Alcoholic beverages,Egg liqueur,0.15,0.47,0.47,0.47,0.47,0.15,0.47
Alcoholic beverages,Fruit liqueur,,0.15,0.15,0.15,,,
Alcoholic beverages,Gin,,,0.05,,,,
Alcoholic beverages,Herb liqueur,0.15,0.03,0.035,0.03,,0.15,
Alcoholic beverages,Ice wine,0.2,0.2,0.2,0.2,0.2,0.2,0.2
Alcoholic beverages,Lager beer,0.007,0.009,0.028,0.009,0.007,0.007,0.028
Alcoholic beverages,Low-malt beers,0.02,0.02,0.02,0.02,0.02,0.02,0.02
Alcoholic beverages,Madeira,0.1,0.27,0.27,0.27,0.14,0.1,0.14
Alcoholic beverages,Mixed beer drinks,0.03,0.03,0.03,0.03,0.03,0.03,0.03
Alcoholic beverages,Noble rot wine,0.2,0.2,0.2,0.2,0.2,0.2,0.2
Alcoholic beverages,Port,0.1,0.15,0.27,,0.21,0.1,0.21
Alcoholic beverages,Raisin wine,0.1,0.1,0.1,0.1,0.1,0.1,0.1
Alcoholic beverages,Red or rosé sparkling wine,0.039,0.039,0.039,0.039,0.039,0.039,0.039
Alcoholic beverages,Rum,,0.07,0.06,0.07,0.02,,0.3
Alcoholic beverages,Shandy,0.03,0.01,0.03,0.01,,0.03,
Alcoholic beverages,Sherry,0.1,0.15,0.21,,0.04,,0.04
Alcoholic beverages,Spirits made from stone fruits,0.15,,,,0.15,0.15,
Alcoholic beverages,Stout beer,0.01,0.01,0.01,,0.01,0.01,0.01
Alcoholic beverages,Tequila and similar spirits,,0.02,,0.02,0.02,,
Alcoholic beverages,Vermouth,0.1,0.03,0.04,0.03,0.03,0.1,0.03
Alcoholic beverages,Vodka and vodka-like spirits,,,0.004,,0.004,,0.3
Alcoholic beverages,Wheat beer,0.02,0.02,0.02,0.02,0.02,0.02,0.02
Alcoholic beverages,Whisky,,0.02,0.07,0.02,0.01,,
Alcoholic beverages,"Wine, red",0.1,0.16,0.083,0.16,0.05,0.1,0.1
Alcoholic beverages,"Wine, rosé",,0.05,0.039,,,,
Alcoholic beverages,"Wine, white",0.1,0.083,0.23,0.083,0.04,,0.04
Animal and vegetable fats and oils,Beef tallow (including processed suet),,0.08,0.08,0.08,0.76,,0.76
Animal and vegetable fats and oils,Blended fat and oils,0.1,0.274,0.274,0.274,0.1,0.1,0.1
Animal and vegetable fats and oils,"Blended fat and oils, QUAL Half fat or medium fat",0.2,0.71,0.71,0.71,0.71,0.2,0.71
Animal and vegetable fats and oils,"Blended fat and oils, QUAL Low fat (naturally or reduced)",0.48,0.76,0.76,0.76,0.76,0.48,0.76
Animal and vegetable fats and oils,"Blended fat and oils, QUAL Low sodium / reduced salt",0.274,0.274,0.274,0.274,0.274,0.274,0.274
Animal and vegetable fats and oils,Blended frying oil/fats,0.1,0.011,0.1,,0.1,0.1,0.1
Animal and vegetable fats and oils,Blended margarine,0.1,0.04,0.196,,0.112,0.1,0.196
Animal and vegetable fats and oils,"Blended margarine, QUAL Half fat or medium fat",0.147,0.047,0.243,0.047,0.243,0.147,0.243
Animal and vegetable fats and oils,"Blended margarine, QUAL Low fat (naturally or reduced)",0.243,0.047,0.243,0.047,0.047,0.243,0.243
Animal and vegetable fats and oils,"Blended margarine, QUAL Low sodium / reduced salt",0.133,0.133,0.133,0.133,0.133,0.133,0.133
Animal and vegetable fats and oils,Butter,0.1,0.058,0.23,0.058,0.09,0.1,0.1
Animal and vegetable fats and oils,Butter and margarine/oil blends,,0.1,0.1,0.1,0.1,,0.1
Animal and vegetable fats and oils,"Butter and margarine/oil blends, QUAL Half fat or medium fat",0,0,0,0,0,0,0
Animal and vegetable fats and oils,"Butter and margarine/oil blends, QUAL Low fat (naturally or reduced)",0,0,0,0,0,0,0
Animal and vegetable fats and oils,Butter oil,0.1,0.18,0.18,0.18,0.1,0.1,0.1
Animal and vegetable fats and oils,"Butter, QUAL Half fat or medium fat",,,0.37,,,,
Animal and vegetable fats and oils,"Butter, QUAL Low fat (naturally or reduced)",0.15,,0.37,,,0.37,
Animal and vegetable fats and oils,Cocoa butter,0,0,0,0,0,0,0
Animal and vegetable fats and oils,Coconut oil/fat,0,,0,,0,0,0
Animal and vegetable fats and oils,Cod liver oil,0.06,0.06,0.06,0.06,0.06,0.06,0.06
Animal and vegetable fats and oils,"Cotton seed oil, edible",,0.001,0.001,0.001,,,0.001
Animal and vegetable fats and oils,Functional vegetable margarines/fats,,0.1,0.1,0.1,0.1,,0.1
Animal and vegetable fats and oils,"Functional vegetable margarines/fats, QUAL Half fat or medium fat",0,,,,,0,
Animal and vegetable fats and oils,Ghee,0.18,0.18,0.18,0.18,0.18,0.18,0.18
Animal and vegetable fats and oils,Grape seed oil,,,0.024,,,,0.024
Animal and vegetable fats and oils,Herring oil,0.2,0.2,0.2,0.2,0.2,0.2,0.2
Animal and vegetable fats and oils,Linseed oil,,0,0,0,0,0,0
Animal and vegetable fats and oils,"Maize oil, edible",,,0.005,,,,
Animal and vegetable fats and oils,"Olive oil, refined",,0.045,0.045,,,,
Animal and vegetable fats and oils,"Olive oil, virgin or extra-virgin",0.045,0.019,0.045,,,0.045,
Animal and vegetable fats and oils,"Palm kernel oil, edible",0,0,0,0,0,0,0
Animal and vegetable fats and oils,Palm oil/fat,,0.01,0.01,0.01,0.01,,0.01
Animal and vegetable fats and oils,"Peanut oil, edible",0.01,0.01,0.033,0.01,,0.01,
Animal and vegetable fats and oils,Pork lard,0.1,0.11,0.11,0.11,0.5,0.1,0.5
Animal and vegetable fats and oils,"Poultry fats, processed",,,0.02,,,,0.02
Animal and vegetable fats and oils,Processed fat (blubber) of marine mammals,0.06,0.06,0.06,0.06,0.06,0.06,0.06
Animal and vegetable fats and oils,Pumpkin seed oil,0,0,0,0,0,0,0
Animal and vegetable fats and oils,"Rape seed oil, edible",,,0.04,,,,0.04
Animal and vegetable fats and oils,"Safflower seed oil, edible",0,0,0,0,0,0,0
Animal and vegetable fats and oils,"Sesame seed oil, edible",0,0,0,0,0,0,0
Animal and vegetable fats and oils,Shortening and similar baking fats,,0.04,0.2,0.04,,,
Animal and vegetable fats and oils,"Shortening and similar baking fats, QUAL Half fat or medium fat",0,,0,,0,0,0
Animal and vegetable fats and oils,"Shortening and similar baking fats, QUAL Low sodium / reduced salt",0,0,0,0,0,0,0
Animal and vegetable fats and oils,"Soya bean oil, refined",,,0.004,,,,
Animal and vegetable fats and oils,Spreadable vegetable fat-deprecated,,,0.133,,,,
Animal and vegetable fats and oils,"Spreadable vegetable fat-deprecated, QUAL Half fat or medium fat",0.147,0.047,0.094,0.047,,0.147,
Animal and vegetable fats and oils,"Spreadable vegetable fat-deprecated, QUAL Low fat (naturally or reduced)",0.147,0.094,0.094,0.094,,0.147,
Animal and vegetable fats and oils,"Spreadable vegetable fat-deprecated, QUAL Low sodium / reduced salt",0.133,0.133,0.133,0.133,,0.133,
Animal and vegetable fats and oils,"Sunflower seed oil, edible",,,0.055,,,,
Animal and vegetable fats and oils,Tallow from other animals,0.08,0.08,0.08,0.08,0.08,0.08,0.08
Animal and vegetable fats and oils,Traditional margarine,,0.04,0.133,0.04,,,
Animal and vegetable fats and oils,"Traditional margarine, QUAL Half fat or medium fat",0.047,0.047,0.094,0.047,,0.047,
Animal and vegetable fats and oils,"Traditional margarine, QUAL Low fat (naturally or reduced)",0.047,0.047,0.094,0.047,,0.047,
Animal and vegetable fats and oils,"Traditional margarine, QUAL Low sodium / reduced salt",0.133,0.133,0.133,0.133,,0.133,
Animal and vegetable fats and oils,Walnut oil,0,,0,,0,0,0
Animal and vegetable fats and oils,Wheat germ oil,,3.8,3.8,3.8,,,3.8
"Coffee, cocoa, tea and infusions",Camomile infusion,0.04,0.04,0.04,0.04,0.04,0.04,0.04
"Coffee, cocoa, tea and infusions",Chicory coffee infusion,0.03,0.5,0.03,0.5,0.03,0.03,0.03
"Coffee, cocoa, tea and infusions",Chicory coffee ingredient,0.1,0.3,0.1,0.3,0.1,0.1,0.1
"Coffee, cocoa, tea and infusions",Cocoa beans (fermented or dried),6.85,6.85,6.85,6.85,6.85,6.85,6.85
"Coffee, cocoa, tea and infusions",Cocoa beverages,0.48,0.5,0.568,0.5,0.49,0.48,0.5
"Coffee, cocoa, tea and infusions","Cocoa beverages, QUAL Low / Reduced sugar",0.344,0.344,0.344,0.344,0.46,0.344,0.46
"Coffee, cocoa, tea and infusions","Cocoa beverages, QUAL Sugar free",0.22,0.344,0.344,0.344,0.344,0.344,0.344
"Coffee, cocoa, tea and infusions",Cocoa mass,6.85,8.1,6.85,8.1,8.1,6.85,6.85
"Coffee, cocoa, tea and infusions",Cocoa powder,6.9,0.97,6.85,0.97,7,6.9,6.9
"Coffee, cocoa, tea and infusions","Cocoa powder, QUAL Low / Reduced sugar",6.85,6.85,6.85,6.85,6.85,6.85,6.85
"Coffee, cocoa, tea and infusions","Cocoa powder, QUAL Sugar free",6.85,6.85,6.85,6.85,6.85,6.85,6.85
"Coffee, cocoa, tea and infusions",Coffee (average strenght) beverage,,0.049,0.01,,0.01,,0.01
"Coffee, cocoa, tea and infusions",Coffee (weak strenght) beverage,0.02,0.02,0.02,0.02,0.01,0.02,0.01
"Coffee, cocoa, tea and infusions","Coffee beans, roasted",0.79,0.71,0.79,0.71,0.79,0.79,0.79
"Coffee, cocoa, tea and infusions",Coffee beverage decaffeinated,0.01,0.09,0.01,0.05,0.01,0.01,0.01
"Coffee, cocoa, tea and infusions","Coffee drink, café macchiato",0.391,0.391,0.391,0.391,0.391,0.391,0.391
"Coffee, cocoa, tea and infusions","Coffee drink, cappuccino",0.205,0.205,0.205,0.205,0.16,0.205,0.16
"Coffee, cocoa, tea and infusions",Coffee espresso (beverage),0.05,0.12,0.05,0.05,0.01,0.05,0.1
"Coffee, cocoa, tea and infusions","Coffee ground, roasted",0.79,0.79,0.79,0.79,0.79,0.79,0.79
"Coffee, cocoa, tea and infusions","Coffee ground, roasted and decaffeinated",0.71,0.71,0.71,0.71,0.71,0.71,0.71
"Coffee, cocoa, tea and infusions",Coffee with milk or cream,0.023,0.22,0.023,0.22,0.01,0.023,0.1
"Coffee, cocoa, tea and infusions",Fermented tea infusion,,0.099,0.152,,0.01,,0.1
"Coffee, cocoa, tea and infusions",Flowers used for herbal infusions,2,2,2,2,2,2,2
"Coffee, cocoa, tea and infusions",Fruit infusion,0.1,0.04,0.04,0.04,0.04,0.1,0.04
"Coffee, cocoa, tea and infusions",Herbal infusion materials from leaves and herbs,3.2,3.2,3.2,3.2,3.2,3.2,3.2
"Coffee, cocoa, tea and infusions",Hot chocolate,0.5,0.63,0.568,0.63,0.49,0.5,0.5
"Coffee, cocoa, tea and infusions",Hot chocolate with added ingredients,0.5,0.5,0.5,0.5,0.5,0.5,0.5
"Coffee, cocoa, tea and infusions","Hot chocolate with added ingredients, QUAL Sugar free",0.344,0.344,0.344,0.344,0.344,0.344,0.344
"Coffee, cocoa, tea and infusions","Hot chocolate, QUAL Low / Reduced sugar",0.568,0.568,0.568,0.568,0.46,0.568,0.46
"Coffee, cocoa, tea and infusions","Hot chocolate, QUAL Sugar free",0.344,0.344,0.344,0.344,0.344,0.344,0.344
"Coffee, cocoa, tea and infusions",Instant coffee (beverage),0.006,0.005,0.006,,0.03,0.006,0.03
"Coffee, cocoa, tea and infusions",Instant coffee powder,,0.46,0.47,1.1,0.57,0.57,1.1
"Coffee, cocoa, tea and infusions","Instant coffee powder, decaffeinated",0.11,0.11,0.11,0.11,0.11,0.11,0.11
"Coffee, cocoa, tea and infusions","Instant coffee powder, decaffeinated, QUAL Low / Reduced sugar",0.11,0.11,0.11,0.11,0.11,0.11,0.11
"Coffee, cocoa, tea and infusions","Instant coffee powder, decaffeinated, QUAL Sugar free",0.11,0.11,0.11,0.11,0.11,0.11,0.11
"Coffee, cocoa, tea and infusions","Instant coffee powder, QUAL Low / Reduced sugar",0.006,0.47,0.47,0.47,0.006,0.006,0.47
"Coffee, cocoa, tea and infusions","Instant coffee powder, QUAL Sugar free",0.006,0.47,0.47,0.47,0.006,0.006,0.47
"Coffee, cocoa, tea and infusions",Jasmine infusion,0.04,0.04,0.04,0.04,0.04,0.04,0.04
"Coffee, cocoa, tea and infusions",Malt coffee infusion,0.01,0.01,0.01,0.01,0.01,0.01,0.01
"Coffee, cocoa, tea and infusions",Mixed coffee imitates,0.1,0.3,0.1,0.3,0.3,0.1,0.1
"Coffee, cocoa, tea and infusions",Non-fermented tea leaves (green or white tea),3.2,3.2,3.2,3.2,3.2,3.2,3.2
"Coffee, cocoa, tea and infusions","Non-fermented tea, infusion",0.1,0.099,0.381,0.099,0.381,,0.381
"Coffee, cocoa, tea and infusions",Rooibos infusion,0.04,0.04,0.04,0.04,0.04,0.04,0.04
"Coffee, cocoa, tea and infusions",Tea infusion with added flavouring ingredients,0.1,,,,0.1,,
"Coffee, cocoa, tea and infusions",Tea leaves and stalks decaffeinated,3.2,3.2,3.2,3,3.2,3.2,3.2
"Coffee, cocoa, tea and infusions",Tea leaves and stalks with fruit and flavours,2,2,2,2,2,2,2
"Coffee, cocoa, tea and infusions","Tea leaves and stalks, fermented",2.9,3.2,3.2,3.2,2.9,2.9,3.2
"Coffee, cocoa, tea and infusions",Tea powder ingredients and extracts,3.2,3.2,3.2,3.2,3.2,3.2,3.2
"Coffee, cocoa, tea and infusions","Tea, decaffeinated, infusion",0.152,0.152,0.152,,0.152,0.152,0.152
Composite dishes,Beans and meat meal,1.4,0.77,0.75,0.77,1.7,1.4,1.7
Composite dishes,Beans and vegetables meal,,0.408,0.408,0.408,1.1,0.73,1.1
Composite dishes,Beef loaf,3.3,5.131,5.131,5.131,5.131,3.3,5.131
Composite dishes,Bouillabaisse,,0.294,0.294,0.294,0.294,,0.294
Composite dishes,Ceasar salad,0.6,0.6,0.6,0.6,0.6,0.6,0.6
Composite dishes,Cereal products and grains based soup,0.2,0.369,0.369,0.369,0.369,0.22,0.369
Composite dishes,Cheese omelette,2,2.4,1.7,2.4,2.1,2,2.1
Composite dishes,Cheese savoury pie,1.8,0.629,0.629,0.629,0.59,1.8,0.7
Composite dishes,Creamed vegetable mix,0.2,0.49,0.353,0.49,0.9,0.2,0.9
Composite dishes,Dairy/egg soup,0.6,0.614,0.614,0.614,0.614,,0.614
Composite dishes,Dolma,0.4,1.467,1.467,1.467,1.467,0.4,1.467
Composite dishes,"Dolma, PROCESS Baking",0.8,1.467,1.467,1.467,1.467,0.8,1.467
Composite dishes,"Dolma, PROCESS Cooking in water",0.8,1.467,1.467,1.467,0.5,0.8,0.5
Composite dishes,"Dolma, PROCESS Steaming",0.8,1.467,1.467,1.467,0.5,0.8,0.5
Composite dishes,Doner kebab,,2.5,1.75,2.5,2.2,2.34,2.2
Composite dishes,Finger food,1.46,1.46,1.46,1.46,1.46,1.46,1.46
Composite dishes,Fish and potatoes meal,1.1,0.416,0.416,0.416,0.4,1.1,0.4
Composite dishes,Fish and rice meal,1.2,,0.254,,0.7,0.6,0.7
Composite dishes,Fish and vegetables meal,0.6,0.333,0.333,0.333,0.333,,0.333
Composite dishes,Fish balls,0.6,0.489,0.489,0.489,0.489,,0.489
Composite dishes,"Fish balls, PROCESS Baking",0.633,0.633,0.633,0.633,0.633,0.633,0.633
Composite dishes,"Fish balls, PROCESS Cooking in water",1.8,0.633,0.633,0.633,0.3,1.8,0.3
Composite dishes,"Fish balls, PROCESS Frying",0.48,0.633,0.633,0.633,0.48,0.48,0.633
Composite dishes,"Fish balls, PROCESS Steaming",1.8,0.633,0.633,0.633,0.3,1.8,0.3
Composite dishes,"Fish fingers, breaded",,0.536,0.572,0.536,0.56,,0.4
Composite dishes,Fish gratin,0.8,0.812,0.812,0.812,0.812,,0.812
Composite dishes,Fish pâté,3,0.4,0.519,0.4,0.5,3,0.5
Composite dishes,Fish soup,0.6,0.3,0.702,0.3,0.3,0.6,0.702
Composite dishes,"Fish soup, INGRED Tap water",0.304,0.3,0.304,0.3,0.3,0.304,0.304
Composite dishes,Fishcakes,,0.54,0.653,0.54,0.6,,0.6
Composite dishes,Fried eggs,1.4,0.867,1.496,0.867,1.3,1.4,1.5
Composite dishes,Fruit soup,0.1,0.069,0.069,0.069,0.069,0.1,0.069
Composite dishes,Goulash,4.017,4.017,4.017,4.017,1.64,4.017,1.5
Composite dishes,Greek salad,0.7,0.399,0.399,0.399,0.2,0.7,0.2
Composite dishes,Hamburger with bread,2.4,2.13,1.892,2.13,3,2.41,3
Composite dishes,Hot dog with bread,,1.4,0.896,1.4,1.4,,0.896
Composite dishes,Hummus,,1.46,1.4,1.46,1.4,,1.4
Composite dishes,Lasagna,0.7,0.94,1.053,0.94,1.4,0.7,1.4
Composite dishes,Legume (beans) soup,0.7,0.61,0.569,0.61,0.86,1.1,0.3
Composite dishes,Legumes based dishes,0.5,1.4,0.377,1.4,1.6,0.5,1.6
Composite dishes,Meat and vegetable soup,1.1,0.55,0.591,0.55,0.16,1.1,0.6
Composite dishes,Meat balls,2.7,3.3,3.969,3.3,3,3,1.5
Composite dishes,Meat burger (no sandwich),3.3,3.969,3.969,3.969,3.72,3.3,6.1
Composite dishes,Meat in aspic,2.259,,2.259,,,2.259,2.259
Composite dishes,Meat loaf,3.5,2.362,2.362,2.362,2.5,,2.5
Composite dishes,"Meat loaf with cheese, vegetables or other",2.3,1.675,1.675,1.675,1.675,2.3,1.675
Composite dishes,Meat soup,1.1,0.26,0.819,0.26,0.16,1.1,0.4
Composite dishes,Meat stew,0.9,2.56,0.788,2.56,2.7,0.9,2.7
Composite dishes,Meat terrine,1.704,2.5,1.704,2.5,2.5,1.704,1.704
Composite dishes,Mixed green salad,0.15,0.21,0.278,0.3,0.33,0.278,0.1
Composite dishes,Mixed vegetable salad,0.3,0.19,0.386,0.3,0.33,0.3,0.4
Composite dishes,Mixed vegetables soup,0.1,0.18,0.827,0.18,0.08,0.1,0.2
Composite dishes,"Mixed vegetables, boiled",0.4,0.287,0.343,0.287,0.32,0.4,0.4
Composite dishes,"Mixed vegetables, braised",0.45,0.36,0.45,0.36,0.36,0.45,0.45
Composite dishes,"Mixed vegetables, fried",0.5,0.4,0.43,0.4,0.3,0.5,0.3
Composite dishes,"Mixed vegetables, grilled",,0.45,0.472,0.45,0.45,,0.472
Composite dishes,Moussaka,0.7,0.47,1.305,0.47,1.4,,1.4
Composite dishes,Mushroom based dishes,0.6,1.022,1.022,1.022,0.4,0.6,0.4
Composite dishes,Mushroom salad,0.5,0.4,0.475,0.4,0.4,0.5,0.475
Composite dishes,Mushroom soup,0.4,0.25,0.325,0.25,0.08,0.22,0.3
Composite dishes,Omelette with bacon,1.507,1.34,1.507,1.34,1.34,1.507,1.507
Composite dishes,Omelette with mushrooms,1.349,0.9,1.349,0.9,0.9,1.349,1.349
Composite dishes,Omelette with vegetables,1.2,0.99,1.026,0.99,0.6,,0.6
Composite dishes,"Omelette, plain",1.3,1.01,1.506,1.01,1.1,1.3,1.1
Composite dishes,Onion soup,0.4,0.083,0.035,0.083,0.08,0.2,0.1
Composite dishes,Paella,0.8,0.68,1.194,0.68,0.68,0.8,1.194
Composite dishes,Pasta based dishes (cooked),0.6,1.233,1.233,1.233,1.233,0.6,1.233
Composite dishes,"Pasta based dishes (cooked), PROCESS Baking",,0.88,0.88,0.88,0.88,,0.88
Composite dishes,"Pasta based dishes (cooked), PROCESS Cooking in water",1.1,1.1,1.1,1.1,1.1,1.1,1.1
Composite dishes,"Pasta based dishes (cooked), PROCESS Steaming",1.1,1.1,1.1,1.1,1.1,1.1,1.1
Composite dishes,"Pasta-based dishes, uncooked",1.39,1.39,1.39,1.39,1.39,1.39,1.39
Composite dishes,"Pasta-based dishes, uncooked, PROCESS Baking",0.681,0.681,0.681,0.681,0.681,0.681,0.681
Composite dishes,"Pasta-based dishes, uncooked, PROCESS Cooking in water",0.89,0.7,0.681,0.7,0.91,0.89,1.1
Composite dishes,"Pasta-based dishes, uncooked, PROCESS Steaming",0.89,0.681,0.681,0.681,0.91,0.89,1.1
Composite dishes,"Pasta, cooked, with cheese/cream",,1,1.524,1,1,1.524,1.524
Composite dishes,"Pasta, cooked, with vegetables",,0.4,0.423,0.4,0.4,,0.423
Composite dishes,"Pasta, cooked, with vegetables and cheese/cream",0.518,0.518,0.518,0.518,0.518,0.518,0.518
Composite dishes,"Pasta, filled with meat mix, cooked",1.39,1.39,1.39,1.39,1.39,1.39,1.39
Composite dishes,"Pasta, filled with meat mix, cooked, PROCESS Baking",0.681,0.681,0.681,0.681,0.681,0.681,0.681
Composite dishes,"Pasta, filled with meat mix, cooked, PROCESS Cooking in water",1.1,0.681,0.681,0.681,0.91,0.6,0.91
Composite dishes,"Pasta, filled with meat mix, cooked, PROCESS Steaming",0.681,0.681,0.681,0.681,0.91,0.681,0.91
Composite dishes,"Pasta, filled with vegetable mix, cooked",0.867,0.867,0.867,0.867,0.867,0.867,0.867
Composite dishes,"Pasta, filled with vegetable mix, cooked, PROCESS Cooking in water",0.9,1.1,1.1,1.1,0.91,,1.1
Composite dishes,"Pasta, filled with vegetable mix, cooked, PROCESS Steaming",1.1,1.1,1.1,1.1,0.91,1.1,1.1
Composite dishes,Pastas and rice (or other cereal) –based dishes,0.54,0.54,0.54,0.54,0.54,0.54,0.54
Composite dishes,"Pastas and rice (or other cereal) –based dishes, PROCESS Baking",1.5,1.5,1.5,,1.5,1.5,1.5
Composite dishes,"Pastas and rice (or other cereal) –based dishes, PROCESS Cooking in water",0.5,0.5,0.5,,0.5,0.5,0.5
Composite dishes,"Pastas and rice (or other cereal) –based dishes, PROCESS Steaming",1.5,1.5,1.5,,1.5,1.5,1.5
Composite dishes,Pizza and similar with cheese topping,,,1.994,,1.08,,1.4
Composite dishes,"Pizza and similar with cheese, and mushrooms",,0.863,0.863,0.863,1.08,,1.08
Composite dishes,"Pizza and similar with cheese, and vegetables",,0.502,0.502,0.502,1.08,,1.3
Composite dishes,"Pizza and similar with cheese, meat, and mushrooms",,,0.91,,1.04,,1.04
Composite dishes,"Pizza and similar with cheese, meat, and vegetables",,0.98,1.436,0.98,1.04,1.15,1.5
Composite dishes,"Pizza and similar with meat, and vegetables",1.15,0.91,0.91,0.91,1.04,1.15,1.04
Composite dishes,Poached eggs,1.41,1.1,1.41,1.1,1.3,1.41,1.3
Composite dishes,Pork meat loaf,2.782,2.782,2.782,2.782,2.782,2.782,2.782
Composite dishes,Potato casserole,0.5,0.739,0.739,0.739,0.3,0.5,0.3
Composite dishes,Potato croquettes,0.6,0.585,0.575,0.585,0.3,0.52,0.3
Composite dishes,Potato soup,0.3,0.09,0.11,0.09,0.2,0.3,0.2
Composite dishes,Potatoes and cheese meal,1,0.29,0.907,0.29,0.7,,0.7
Composite dishes,Potatoes and meat meal,0.8,1.29,0.691,1.29,1,1.2,1
Composite dishes,Potatoes and vegetables meal,0.1,0.858,0.858,0.858,0.5,0.1,0.5
Composite dishes,"Potatoes, meat, and vegetables meal",0.6,1.705,1.705,1.705,1.5,1.1,1.5
Composite dishes,Prepared fish salad,,0.6,0.055,0.6,1.33,,1.33
Composite dishes,Prepared legume (beans) salad,,0.9,0.198,0.9,0.5,,0.5
Composite dishes,Prepared meat salad,0.3,0.9,0.677,0.9,1.19,,1.19
Composite dishes,Prepared mixed egg/meat/fish/vegetable salad,,0.532,0.532,0.532,0.532,,0.532
Composite dishes,Prepared nut salad,0.3,0.161,0.161,0.161,0.3,0.3,0.3
Composite dishes,Prepared pasta salad,0.4,0.52,0.399,0.52,0.52,,0.399
Composite dishes,Prepared potato salad,0.3,0.31,0.374,0.31,0.28,0.3,0.2
Composite dishes,Prepared rice salad,0.8,1.3,2.559,1.3,1.3,0.8,2.559
Composite dishes,Quiche,1.16,0.887,1.16,0.887,1.07,1.16,1.8
Composite dishes,Ratatouille,0.2,0.16,0.149,0.16,0.2,,0.2
Composite dishes,Rice and meat meal,,3.711,3.711,3.711,0.74,,1.2
Composite dishes,Rice and vegetables meal,,1.937,1.937,1.937,0.74,,0.8
Composite dishes,"Rice based dishes cooked, PROCESS Baking",0.3,0.3,0.3,,0.3,0.3,0.3
Composite dishes,"Rice based dishes cooked, PROCESS Cooking in water",,1.3,1.3,1.3,1.3,,1.3
Composite dishes,"Rice based dishes cooked, PROCESS Steaming",,0.5,0.5,0.5,0.5,,0.5
Composite dishes,Rice pudding,0.4,0.4,0.445,0.4,0.5,,0.5
Composite dishes,"Rice, meat, and vegetables meal",,0.5,3.425,0.5,0.74,,0.74
Composite dishes,Risotto,0.4,0.258,0.258,0.258,1.1,0.4,1.1
Composite dishes,Roesti,0.4,0.598,0.444,0.598,0.598,,0.598
Composite dishes,Sandwich and sandwich-like dishes,0.668,1.19,0.668,1.19,1.19,0.668,0.668
Composite dishes,Sandwich with cheese and vegetable topping/filling,0.8,2.464,2.464,2.464,2.464,0.8,2.464
Composite dishes,Sandwich with cheese topping/filling,2.1,1.27,1.648,1.27,1.7,1.55,1.7
Composite dishes,Sandwich with fish and vegetable topping/filling,0.64,0.54,1.256,0.54,0.54,0.64,1.256
Composite dishes,Sandwich with fish topping/filling,,0.54,1.256,0.54,0.7,,0.7
Composite dishes,Sandwich with meat and vegetable topping/filling,1.7,0.73,1.401,0.73,0.7,1.7,0.7
Composite dishes,Sandwich with processed meat topping/filling,1.4,1.23,0.955,1.23,0.8,1.4,0.8
Composite dishes,Sausage roll,2.17,2.17,2.17,2.17,2.17,2.17,2.17
Composite dishes,Seafood salad,1,1.186,1.186,1.186,1.33,,2.4
Composite dishes,Seafood-based meals,,0.9,0.529,0.9,0.7,0.51,0.7
Composite dishes,Spring rolls,0.2,0.62,0.971,0.62,0.73,,0.6
Composite dishes,Tomato soup,0.1,0.15,0.057,0.15,0.08,0.1,0.2
Composite dishes,Vegetable casserole,0.8,0.391,0.391,0.391,0.3,0.8,0.3
Composite dishes,Vegetable soufflé,,0.844,0.844,0.844,0.844,0.844,0.844
Composite dishes,"Vegetables, gratinated",0.7,0.49,0.844,0.49,0.5,,0.5
Eggs and egg products,Boiled eggs,1.4,1.05,1.416,1.05,1.63,1.31,1.3
Eggs and egg products,Duck eggs,1.41,1.4,1.4,1.4,1.41,1.41,1.4
Eggs and egg products,"Duck eggs, PROCESS Cooking in water",1.33,1.33,1.33,1.33,1.33,1.33,1.33
Eggs and egg products,Eggs from other eggs producer birds,1.44,1.4,1.4,1.4,1.4,1.4,1.4
Eggs and egg products,"Eggs from other eggs producer birds, PROCESS Cooking in water",1.264,1.264,1.264,1.264,1.264,1.264,1.264
Eggs and egg products,Geese eggs,1.33,1.33,1.33,1.33,1.33,1.33,1.33
Eggs and egg products,"Geese eggs, PROCESS Cooking in water",1.264,1.264,1.264,1.264,1.264,1.264,1.264
Eggs and egg products,Hen egg mixed whole,1.4,1.01,1.49,1.2,1.56,1.31,1.56
Eggs and egg products,"Hen egg mixed whole, dried",5.28,5,5,5,5,5.28,5
Eggs and egg products,Hen egg white,0.1,0.025,0.02,0.26,0.09,,0.1
Eggs and egg products,"Hen egg white, dried",0.1,0.15,0.15,0.15,0.1,0.1,0.8
Eggs and egg products,Hen egg yolk,3.8,3.05,3.8,2.14,4.3,3.37,3.9
Eggs and egg products,"Hen egg yolk, dried",4.93,6.15,6.15,6.15,4.93,4.93,6.15
Eggs and egg products,Hen eggs,1.4,1.01,1.49,1.2,1.56,1.4,1.3
Eggs and egg products,"Hen eggs, PROCESS Cooking in water",1.4,1.05,1.416,1.05,1.63,1.4,1.3
Eggs and egg products,"Hen eggs, PROCESS Frying",1.4,0.867,1.5,0.867,1.3,1.4,1.5
Eggs and egg products,Quail eggs,1.4,1.49,1.49,1.49,1.49,1.4,1.49
Eggs and egg products,"Quail eggs, PROCESS Cooking in water",1.416,1.416,1.416,1.416,1.416,1.416,1.416
"Fish, seafood, amphibians, reptiles and invertebrates",Amphibians and Reptiles,2,2,2,2,2,2,2
"Fish, seafood, amphibians, reptiles and invertebrates",Anchovies,1.8,2.37,0.93,4.2,3.4,1.8,0.93
"Fish, seafood, amphibians, reptiles and invertebrates","Anchovies, PROCESS Baking",1.115,1.115,1.115,1.115,1.115,1.115,1.115
"Fish, seafood, amphibians, reptiles and invertebrates","Anchovies, PROCESS Cooking in water",1.8,1.174,1.174,1.174,1.174,1.8,1.174
"Fish, seafood, amphibians, reptiles and invertebrates","Anchovies, PROCESS Frying",1.115,1.115,1.115,1.115,1.115,1.115,1.115
"Fish, seafood, amphibians, reptiles and invertebrates","Anchovies, PROCESS Steaming",1.174,1.174,1.174,1.174,1.174,1.174,1.174
"Fish, seafood, amphibians, reptiles and invertebrates",Anglerfish and monkfish,0.33,0.5,0.5,0.4,0.5,0.5,0.5
"Fish, seafood, amphibians, reptiles and invertebrates","Anglerfish and monkfish, PROCESS Baking",0.593,0.593,0.593,0.593,0.7,0.593,0.7
"Fish, seafood, amphibians, reptiles and invertebrates","Anglerfish and monkfish, PROCESS Cooking in water",0.593,0.593,0.593,0.593,0.593,0.593,0.593
"Fish, seafood, amphibians, reptiles and invertebrates","Anglerfish and monkfish, PROCESS Frying",0.593,0.593,0.593,0.593,0.593,0.593,0.593
"Fish, seafood, amphibians, reptiles and invertebrates","Anglerfish and monkfish, PROCESS Steaming",0.593,0.593,0.593,0.593,0.593,0.593,0.593
"Fish, seafood, amphibians, reptiles and invertebrates",Atlantic salmon,,,,0.591,0.6,,0.6
"Fish, seafood, amphibians, reptiles and invertebrates","Atlantic salmon, PROCESS Baking",,,,,0.42,,0.7
"Fish, seafood, amphibians, reptiles and invertebrates","Atlantic salmon, PROCESS Cooking in water",,,,,0.47,,0.7
"Fish, seafood, amphibians, reptiles and invertebrates","Atlantic salmon, PROCESS Curing",,,,,,0.4,
"Fish, seafood, amphibians, reptiles and invertebrates","Atlantic salmon, PROCESS Frying",0.5,,,,,0.5,
"Fish, seafood, amphibians, reptiles and invertebrates","Atlantic salmon, PROCESS Preserving with salt",0.4,0.004,0.004,,0.43,0.4,0.004
"Fish, seafood, amphibians, reptiles and invertebrates","Atlantic salmon, PROCESS Steaming",,0.392,,0.392,0.47,,0.7
"Fish, seafood, amphibians, reptiles and invertebrates","Atlantic salmon, PROD Farmed / cultivated / aquaculture",,0.591,,,,,
"Fish, seafood, amphibians, reptiles and invertebrates","Atlantic salmon, STATE Primal cuts / fillets / halves or quarters",0.4,,,,,,
"Fish, seafood, amphibians, reptiles and invertebrates",Barracudas,1.1,1.1,1.1,1.1,1.1,1.1,1.1
"Fish, seafood, amphibians, reptiles and invertebrates","Barracudas, PROCESS Baking",0.616,0.616,0.616,0.616,0.616,0.616,0.616
"Fish, seafood, amphibians, reptiles and invertebrates","Barracudas, PROCESS Cooking in water",0.611,0.611,0.611,0.611,0.611,0.611,0.611
"Fish, seafood, amphibians, reptiles and invertebrates","Barracudas, PROCESS Frying",0.616,0.616,0.616,0.616,0.616,0.616,0.616
"Fish, seafood, amphibians, reptiles and invertebrates","Barracudas, PROCESS Steaming",0.611,0.611,0.611,0.611,0.611,0.611,0.611
"Fish, seafood, amphibians, reptiles and invertebrates",Bogue,2,2,2,2,2,2,2
"Fish, seafood, amphibians, reptiles and invertebrates","Bream, silver",0.3,0.3,0.3,0.3,0.3,0.3,0.3
"Fish, seafood, amphibians, reptiles and invertebrates",Canned/jarred fish in brine-deprecated,,0.49,0.739,0.49,0.8,,0.7
"Fish, seafood, amphibians, reptiles and invertebrates","Canned/jarred fish in brine-deprecated, RACSOURCE Atlantic salmon",,,,0.004,,,
"Fish, seafood, amphibians, reptiles and invertebrates",Canned/jarred fish in oil-deprecated,2,1.82,0.571,1.82,1.1,2,1.1
"Fish, seafood, amphibians, reptiles and invertebrates","Canned/jarred fish in vinegar, pickles or sauces-deprecated",1.8,1.5,0.614,1.5,0.53,1.8,1.1
"Fish, seafood, amphibians, reptiles and invertebrates",Canned/jarred smoked fish in oil-deprecated,0.787,0.5,0.787,0.5,0.5,0.787,0.787
"Fish, seafood, amphibians, reptiles and invertebrates",Carps,0.737,0.737,0.737,0.737,0.737,0.737,0.737
"Fish, seafood, amphibians, reptiles and invertebrates","Carps, PROCESS Baking",0.885,1.25,0.885,1.25,1.25,0.885,0.885
"Fish, seafood, amphibians, reptiles and invertebrates","Carps, PROCESS Cooking in water",0.927,0.927,0.927,0.927,0.927,0.927,0.927
"Fish, seafood, amphibians, reptiles and invertebrates","Carps, PROCESS Frying",0.901,0.901,0.901,0.901,0.901,0.901,0.901
"Fish, seafood, amphibians, reptiles and invertebrates","Carps, PROCESS Steaming",0.927,0.927,0.927,0.927,0.927,0.927,0.927
"Fish, seafood, amphibians, reptiles and invertebrates",Catfishes (freshwater),,0.4,0.4,0.4,0.4,,0.7
"Fish, seafood, amphibians, reptiles and invertebrates","Catfishes (freshwater), PROCESS Baking",,0.487,0.487,0.487,0.487,,0.487
"Fish, seafood, amphibians, reptiles and invertebrates","Catfishes (freshwater), PROCESS Cooking in water",,0.483,0.483,0.483,0.9,,0.9
"Fish, seafood, amphibians, reptiles and invertebrates","Catfishes (freshwater), PROCESS Frying",,0.487,0.487,0.487,0.487,,0.487
"Fish, seafood, amphibians, reptiles and invertebrates","Catfishes (freshwater), PROCESS Steaming",,0.483,0.483,0.483,0.9,,0.9
"Fish, seafood, amphibians, reptiles and invertebrates",Clams,2,2,2,2,2,2,2
"Fish, seafood, amphibians, reptiles and invertebrates","Clams, cockles, arkshells",9.32,16.7,1.828,16.7,2.5,1.828,2.5
"Fish, seafood, amphibians, reptiles and invertebrates","Clams, cockles, arkshells, PROCESS Baking",2.215,2.215,2.215,2.215,2.215,2.215,2.215
"Fish, seafood, amphibians, reptiles and invertebrates","Clams, cockles, arkshells, PROCESS Cooking in water",,1.82,2.273,1.82,2.3,2.273,2.3
"Fish, seafood, amphibians, reptiles and invertebrates","Clams, cockles, arkshells, PROCESS Frying",2.215,2.215,2.215,2.215,2.215,2.215,2.215
"Fish, seafood, amphibians, reptiles and invertebrates","Clams, cockles, arkshells, PROCESS Steaming",,1.923,1.923,1.923,2.3,1.923,2.3
"Fish, seafood, amphibians, reptiles and invertebrates","Clams, PROCESS Baking",2.215,2.215,2.215,2.215,2.215,2.215,2.215
"Fish, seafood, amphibians, reptiles and invertebrates","Clams, PROCESS Cooking in water",2.273,1.37,2.273,1.37,1.37,2.273,2.273
"Fish, seafood, amphibians, reptiles and invertebrates","Clams, PROCESS Frying",2.215,2.215,2.215,2.215,2.215,2.215,2.215
"Fish, seafood, amphibians, reptiles and invertebrates","Clams, PROCESS Steaming",1.923,1.923,1.923,1.923,1.923,1.923,1.923
"Fish, seafood, amphibians, reptiles and invertebrates",Cockles,1.1,1.1,1.1,1.1,1.1,1.1,1.1
"Fish, seafood, amphibians, reptiles and invertebrates","Cockles, PROCESS Cooking in water",2.1,2.1,2.1,2.1,2.1,2.1,2.1
"Fish, seafood, amphibians, reptiles and invertebrates","Cockles, PROCESS Steaming",2.1,2.1,2.1,2.1,2.1,2.1,2.1
"Fish, seafood, amphibians, reptiles and invertebrates",Cod,0.4,,,2,0.37,0.4,0.4
"Fish, seafood, amphibians, reptiles and invertebrates",Cod liver,1.94,1.94,1.94,1.94,1.94,1.94,1.94
"Fish, seafood, amphibians, reptiles and invertebrates",Cod roe,2.2,1,1,1,2.2,2.2,3.3
"Fish, seafood, amphibians, reptiles and invertebrates","Cod roe, PROCESS Smoking",4.3,,,,4.3,4.3,
"Fish, seafood, amphibians, reptiles and invertebrates","Cod, atlantic",,1.06,,,,,
"Fish, seafood, amphibians, reptiles and invertebrates","Cod, murray",0.38,0.38,0.38,0.38,0.38,0.38,0.38
"Fish, seafood, amphibians, reptiles and invertebrates","Cod, PROCESS Boiling",,,,,,,0.413
"Fish, seafood, amphibians, reptiles and invertebrates","Cod, PROCESS Drying (dehydration)",,,,0.413,,,
"Fish, seafood, amphibians, reptiles and invertebrates","Cod, PROCESS Preserving with salt",,0.413,0.413,,,,
"Fish, seafood, amphibians, reptiles and invertebrates","Cod, STATE Slices, steaks or other flat cuts",,,0.398,,,,
"Fish, seafood, amphibians, reptiles and invertebrates","Cods, hakes, haddocks, PROCESS Baking",0.481,0.5,0.481,0.5,0.5,0.481,0.5
"Fish, seafood, amphibians, reptiles and invertebrates","Cods, hakes, haddocks, PROCESS Cooking in water",0.5,0.5,0.502,0.5,0.4,0.502,0.5
"Fish, seafood, amphibians, reptiles and invertebrates","Cods, hakes, haddocks, PROCESS Frying",0.481,0.481,0.481,0.481,0.5,0.481,0.5
"Fish, seafood, amphibians, reptiles and invertebrates","Cods, hakes, haddocks, PROCESS Steaming",0.502,0.5,0.502,0.5,0.56,0.502,0.5
"Fish, seafood, amphibians, reptiles and invertebrates",Conger,2.048,2.048,2.048,2.048,2.048,2.048,2.048
"Fish, seafood, amphibians, reptiles and invertebrates","Conger, european",2.048,2.048,2.048,2.048,0.9,2.048,0.9
"Fish, seafood, amphibians, reptiles and invertebrates","Conger, european, PROCESS Baking",2.439,2.439,2.439,2.439,1.1,2.439,1.1
"Fish, seafood, amphibians, reptiles and invertebrates","Conger, european, PROCESS Cooking in water",2.406,2.406,2.406,2.406,1.75,2.406,1.75
"Fish, seafood, amphibians, reptiles and invertebrates","Conger, european, PROCESS Frying",2.439,2.439,2.439,2.439,2.439,2.439,2.439
"Fish, seafood, amphibians, reptiles and invertebrates","Conger, european, PROCESS Steaming",2.406,2.406,2.406,2.406,1.75,2.406,1.75
"Fish, seafood, amphibians, reptiles and invertebrates","Conger, PROCESS Baking",2.439,2.439,2.439,2.439,2.439,2.439,2.439
"Fish, seafood, amphibians, reptiles and invertebrates","Conger, PROCESS Cooking in water",2.406,2.406,2.406,2.406,1.75,2.406,1.75
"Fish, seafood, amphibians, reptiles and invertebrates","Conger, PROCESS Frying",2.439,2.439,2.439,2.439,2.439,2.439,2.439
"Fish, seafood, amphibians, reptiles and invertebrates","Conger, PROCESS Steaming",2.406,2.406,2.406,2.406,1.75,2.406,1.75
"Fish, seafood, amphibians, reptiles and invertebrates","Crabmeat, cooked-deprecated",0.24,11.9,2.727,11.9,5.7,0.24,5.5
"Fish, seafood, amphibians, reptiles and invertebrates","Crabs, sea-spiders",11.9,2.17,2.17,3.5,11.9,11.9,2.17
"Fish, seafood, amphibians, reptiles and invertebrates","Crabs, sea-spiders, PROCESS Baking",2.605,2.605,2.605,2.605,2.605,2.605,2.605
"Fish, seafood, amphibians, reptiles and invertebrates","Crabs, sea-spiders, PROCESS Cooking in water",5.5,4.33,2.727,4.33,5.5,5.5,5.5
"Fish, seafood, amphibians, reptiles and invertebrates","Crabs, sea-spiders, PROCESS Frying",2.727,2.727,2.727,2.727,2.727,2.727,2.727
"Fish, seafood, amphibians, reptiles and invertebrates","Crabs, sea-spiders, PROCESS Steaming",5.5,2.727,2.727,2.727,5.5,5.5,5.5
"Fish, seafood, amphibians, reptiles and invertebrates",Cuttlefishes,1.2,4.2,1.2,4.2,1.1,1.2,1.2
"Fish, seafood, amphibians, reptiles and invertebrates","Cuttlefishes, PROCESS Frying",1.2,1.2,1.2,1.2,1.2,1.2,1.2
"Fish, seafood, amphibians, reptiles and invertebrates",Diadromous fish,0,0,0,0,0,0,0
"Fish, seafood, amphibians, reptiles and invertebrates","Diadromous fish, PROCESS Baking",0,0,0,0,0,0,0
"Fish, seafood, amphibians, reptiles and invertebrates","Diadromous fish, PROCESS Cooking in water",0,0,0,0,0,0,0
"Fish, seafood, amphibians, reptiles and invertebrates","Diadromous fish, PROCESS Frying",0,0,0,0,0,0,0
"Fish, seafood, amphibians, reptiles and invertebrates","Diadromous fish, PROCESS Steaming",0,0,0,0,0,0,0
"Fish, seafood, amphibians, reptiles and invertebrates",Dories,0.5,0.5,0.5,0.5,0.5,0.5,0.5
"Fish, seafood, amphibians, reptiles and invertebrates",Dried fish,,0.744,0.744,0.744,0.38,,1.1
"Fish, seafood, amphibians, reptiles and invertebrates","Dried fish, PROCESS Baking",0.491,0.491,0.491,0.491,0.491,0.491,0.491
"Fish, seafood, amphibians, reptiles and invertebrates","Dried fish, PROCESS Cooking in water",0.491,0.491,0.491,0.491,0.491,0.491,0.491
"Fish, seafood, amphibians, reptiles and invertebrates","Dried fish, PROCESS Steaming",0.491,0.491,0.491,0.491,0.491,0.491,0.491
"Fish, seafood, amphibians, reptiles and invertebrates",Drums,2.1,2.1,2.1,2.1,2.1,2.1,2.1
"Fish, seafood, amphibians, reptiles and invertebrates",Fish paste or surimi,0.9,0.7,,0.3,0.9,0.9,2
"Fish, seafood, amphibians, reptiles and invertebrates","Flat-fishes, dried",0.744,0.744,0.744,0.744,0.744,0.744,0.744
"Fish, seafood, amphibians, reptiles and invertebrates","Flat-fishes, dried, PROCESS Baking",0.491,0.491,0.491,0.491,0.491,0.491,0.491
"Fish, seafood, amphibians, reptiles and invertebrates","Flat-fishes, dried, PROCESS Cooking in water",0.491,0.491,0.491,0.491,0.491,0.491,0.491
"Fish, seafood, amphibians, reptiles and invertebrates","Flat-fishes, dried, PROCESS Steaming",0.491,0.491,0.491,0.491,0.491,0.491,0.491
"Fish, seafood, amphibians, reptiles and invertebrates",Flounders,0.5,0.5,0.5,0.5,0.78,0.5,0.5
"Fish, seafood, amphibians, reptiles and invertebrates","Flounders, PROCESS Baking",0.605,0.605,0.605,0.605,0.605,0.605,0.605
"Fish, seafood, amphibians, reptiles and invertebrates","Flounders, PROCESS Cooking in water",0.604,0.604,0.604,0.604,0.6,0.604,0.6
"Fish, seafood, amphibians, reptiles and invertebrates","Flounders, PROCESS Frying",0.6,0.605,0.605,0.605,0.605,0.6,0.605
"Fish, seafood, amphibians, reptiles and invertebrates","Flounders, PROCESS Steaming",0.604,0.604,0.604,0.604,0.6,0.604,0.6
"Fish, seafood, amphibians, reptiles and invertebrates",Freshwater bream - Europe,0.5,0.47,0.47,0.47,0.42,0.5,0.47
"Fish, seafood, amphibians, reptiles and invertebrates",Freshwater crayfishes,1.3,1.3,1.31,1.3,1.31,1.3,1.3
"Fish, seafood, amphibians, reptiles and invertebrates","Freshwater crayfishes, cooked-deprecated",1.6,1.645,1.645,1.645,2.5,1.6,2.5
"Fish, seafood, amphibians, reptiles and invertebrates","Freshwater crayfishes, PROCESS Baking",1.585,1.585,1.585,1.585,1.585,1.585,1.585
"Fish, seafood, amphibians, reptiles and invertebrates","Freshwater crayfishes, PROCESS Cooking in water",1.645,1.645,1.645,1.645,2.5,1.645,2.5
"Fish, seafood, amphibians, reptiles and invertebrates","Freshwater crayfishes, PROCESS Frying",2.3,1.585,1.585,1.585,1.585,2.3,1.585
"Fish, seafood, amphibians, reptiles and invertebrates","Freshwater crayfishes, PROCESS Steaming",1.38,1.38,1.38,1.38,2.5,1.38,2.5
"Fish, seafood, amphibians, reptiles and invertebrates",Freshwater crustaceans,2.17,1.3,2.17,1.3,1.3,2.17,2.17
"Fish, seafood, amphibians, reptiles and invertebrates","Freshwater crustaceans, PROCESS Baking",2.605,2.605,2.605,2.605,2.605,2.605,2.605
"Fish, seafood, amphibians, reptiles and invertebrates","Freshwater crustaceans, PROCESS Cooking in water",2.727,2.727,2.727,2.727,2.727,2.727,2.727
"Fish, seafood, amphibians, reptiles and invertebrates","Freshwater crustaceans, PROCESS Frying",2.605,2.605,2.605,2.605,2.605,2.605,2.605
"Fish, seafood, amphibians, reptiles and invertebrates","Freshwater crustaceans, PROCESS Steaming",2.285,2.285,2.285,2.285,2.285,2.285,2.285
"Fish, seafood, amphibians, reptiles and invertebrates",Freshwater fish,0.53,0.514,0.514,0.514,0.53,0.53,0.514
"Fish, seafood, amphibians, reptiles and invertebrates","Freshwater fish, PROCESS Baking",0.617,0.562,0.617,0.562,0.562,0.617,0.617
"Fish, seafood, amphibians, reptiles and invertebrates","Freshwater fish, PROCESS Cooking in water",,0.648,0.648,0.648,0.648,,0.648
"Fish, seafood, amphibians, reptiles and invertebrates","Freshwater fish, PROCESS Frying",0.629,0.629,0.629,0.629,0.629,0.629,0.629
"Fish, seafood, amphibians, reptiles and invertebrates","Freshwater fish, PROCESS Steaming",,0.562,0.648,0.562,0.562,,0.648
"Fish, seafood, amphibians, reptiles and invertebrates",Freshwater shrimps or prawns,1.9,1.9,1.9,1.9,1.9,1.9,1.9
"Fish, seafood, amphibians, reptiles and invertebrates","Freshwater shrimps or prawns, PROCESS Cooking in water",1.3,1.3,1.3,1.3,1.3,1.3,1.3
"Fish, seafood, amphibians, reptiles and invertebrates",Frogs (legs),2,2,2,2,2,2,2
"Fish, seafood, amphibians, reptiles and invertebrates",Garfish,0.5,0.58,0.58,0.58,0.5,0.5,0.58
"Fish, seafood, amphibians, reptiles and invertebrates",Hakes,,0.3,0.3,0.3,0.3,,0.3
"Fish, seafood, amphibians, reptiles and invertebrates","Hakes, PROCESS Baking",,0.4,0.4,0.4,0.4,,0.4
"Fish, seafood, amphibians, reptiles and invertebrates","Hakes, PROCESS Cooking in water",0.91,0.91,0.91,0.91,0.91,0.91,0.91
"Fish, seafood, amphibians, reptiles and invertebrates","Hakes, PROCESS Steaming",0.91,0.91,0.91,0.91,0.91,0.91,0.91
"Fish, seafood, amphibians, reptiles and invertebrates",Halibut,0.5,0.5,0.405,0.5,0.5,0.5,0.4
"Fish, seafood, amphibians, reptiles and invertebrates","Halibut, PROCESS Baking",0.486,0.486,0.486,0.486,0.5,0.486,0.5
"Fish, seafood, amphibians, reptiles and invertebrates","Halibut, PROCESS Cooking in water",0.6,0.512,0.512,0.512,0.6,0.512,0.6
"Fish, seafood, amphibians, reptiles and invertebrates","Halibut, PROCESS Frying",0.486,0.486,0.486,0.486,0.486,0.486,0.486
"Fish, seafood, amphibians, reptiles and invertebrates","Halibut, PROCESS Steaming",0.6,0.512,0.512,0.512,0.6,0.512,0.6
"Fish, seafood, amphibians, reptiles and invertebrates",Herring roe,1,1,1,1,1.2,1,1.2
"Fish, seafood, amphibians, reptiles and invertebrates","Herring, atlantic",0.21,0.713,0.713,0.713,0.57,0.713,0.9
"Fish, seafood, amphibians, reptiles and invertebrates","Herring, atlantic, PROCESS Baking",0.84,1.2,0.84,1.2,1.2,0.84,1.2
"Fish, seafood, amphibians, reptiles and invertebrates","Herring, atlantic, PROCESS Cooking in water",0.887,0.887,0.887,0.887,0.887,0.887,0.887
"Fish, seafood, amphibians, reptiles and invertebrates","Herring, atlantic, PROCESS Frying",0.84,1.2,0.84,1.2,1.2,0.84,0.84
"Fish, seafood, amphibians, reptiles and invertebrates","Herring, atlantic, PROCESS Pickling",0.3,0.49,0.772,0.49,0.3,0.772,0.3
"Fish, seafood, amphibians, reptiles and invertebrates","Herring, atlantic, PROCESS Steaming",0.887,0.887,0.887,0.887,0.887,0.887,0.887
"Fish, seafood, amphibians, reptiles and invertebrates",Herrings,2.1,0.75,0.713,0.75,0.57,2.1,0.9
"Fish, seafood, amphibians, reptiles and invertebrates","Herrings, PROCESS Baking",0.84,1.2,0.84,1.2,1.2,0.84,1.2
"Fish, seafood, amphibians, reptiles and invertebrates","Herrings, PROCESS Cooking in water",0.887,0.887,0.887,0.887,0.887,0.887,0.887
"Fish, seafood, amphibians, reptiles and invertebrates","Herrings, PROCESS Frying",0.84,0.84,0.84,0.84,0.84,0.84,0.84
"Fish, seafood, amphibians, reptiles and invertebrates","Herrings, PROCESS Pickling",1.8,0.49,0.772,0.49,0.3,1.8,0.3
"Fish, seafood, amphibians, reptiles and invertebrates","Herrings, PROCESS Steaming",0.887,0.887,0.887,0.887,0.887,0.887,0.887
"Fish, seafood, amphibians, reptiles and invertebrates","Lobster, european",3,1.6,1.6,2.2,4.6,3,1.6
"Fish, seafood, amphibians, reptiles and invertebrates","Lobster, european, PROCESS Baking",1.928,1.928,1.928,1.928,1.928,1.928,1.928
"Fish, seafood, amphibians, reptiles and invertebrates","Lobster, european, PROCESS Cooking in water",3.8,2.57,1.686,2.75,2.5,3.8,2.5
"Fish, seafood, amphibians, reptiles and invertebrates","Lobster, european, PROCESS Frying",1.928,1.928,1.928,1.928,1.928,1.928,1.928
"Fish, seafood, amphibians, reptiles and invertebrates","Lobster, european, PROCESS Steaming",3.8,1.686,1.686,1.686,2.5,3.8,2.5
"Fish, seafood, amphibians, reptiles and invertebrates","Lobster, norway",4.6,4.6,4.6,4.6,4.6,4.6,4.6
"Fish, seafood, amphibians, reptiles and invertebrates","Lobster, norway, PROCESS Cooking in water",,2.5,2.5,2.5,2.5,,2.5
"Fish, seafood, amphibians, reptiles and invertebrates","Lobster, norway, PROCESS Steaming",,2.5,2.5,2.5,2.5,,2.5
"Fish, seafood, amphibians, reptiles and invertebrates","Lobsters (including lobster meat), cooked-deprecated",1.8,2.57,1.686,2.57,2.5,1.8,2.5
"Fish, seafood, amphibians, reptiles and invertebrates",Mackerel,0.1,0.519,0.519,2,0.1,0.1,0.6
"Fish, seafood, amphibians, reptiles and invertebrates",Mackerel and mackerel-like fishes-deprecated,0.1,0.519,0.519,2,0.1,0.519,0.6
"Fish, seafood, amphibians, reptiles and invertebrates","Mackerel and mackerel-like fishes-deprecated, PROCESS Baking",0.616,0.94,0.616,0.94,0.7,0.616,0.7
"Fish, seafood, amphibians, reptiles and invertebrates","Mackerel and mackerel-like fishes-deprecated, PROCESS Cooking in water",1.8,0.611,0.611,0.611,0.7,1.8,0.7
"Fish, seafood, amphibians, reptiles and invertebrates","Mackerel and mackerel-like fishes-deprecated, PROCESS Frying",0.616,1.8,0.616,1.8,0.8,0.616,0.8
"Fish, seafood, amphibians, reptiles and invertebrates","Mackerel and mackerel-like fishes-deprecated, PROCESS Steaming",0.611,0.611,0.611,0.611,0.7,0.611,0.7
"Fish, seafood, amphibians, reptiles and invertebrates","Mackerel, PROCESS Baking",,0.94,0.616,0.94,0.7,,0.7
"Fish, seafood, amphibians, reptiles and invertebrates","Mackerel, PROCESS Cooking in water",0.611,0.611,0.611,0.611,0.7,0.611,0.7
"Fish, seafood, amphibians, reptiles and invertebrates","Mackerel, PROCESS Frying",0.616,1.8,0.616,1.8,0.8,0.616,0.8
"Fish, seafood, amphibians, reptiles and invertebrates","Mackerel, PROCESS Steaming",0.611,0.611,0.611,0.611,0.7,0.611,0.7
"Fish, seafood, amphibians, reptiles and invertebrates","Marine shrimps or prawns, cooked-deprecated",1.3,1.31,2.764,1.31,1.8,1.3,2.2
"Fish, seafood, amphibians, reptiles and invertebrates",Miscellaneous coastal marine fishes,0.519,0.35,0.519,0.35,0.519,0.519,0.3
"Fish, seafood, amphibians, reptiles and invertebrates","Miscellaneous coastal marine fishes, PROCESS Baking",0.374,0.58,0.374,0.58,0.4,0.374,0.4
"Fish, seafood, amphibians, reptiles and invertebrates","Miscellaneous coastal marine fishes, PROCESS Cooking in water",0.46,0.6,0.611,0.6,0.6,0.611,0.611
"Fish, seafood, amphibians, reptiles and invertebrates","Miscellaneous coastal marine fishes, PROCESS Frying",0.616,0.616,0.616,0.616,0.616,0.616,0.616
"Fish, seafood, amphibians, reptiles and invertebrates","Miscellaneous coastal marine fishes, PROCESS Steaming",0.46,0.91,0.611,0.91,0.91,0.611,0.611
"Fish, seafood, amphibians, reptiles and invertebrates",Miscellaneous demersal marine fishes,0.483,0.483,0.483,0.483,0.483,0.483,0.483
"Fish, seafood, amphibians, reptiles and invertebrates","Miscellaneous demersal marine fishes, PROCESS Baking",0.583,0.58,0.583,0.58,0.58,0.583,0.583
"Fish, seafood, amphibians, reptiles and invertebrates","Miscellaneous demersal marine fishes, PROCESS Cooking in water",0.609,0.657,0.609,0.657,0.657,0.609,0.609
"Fish, seafood, amphibians, reptiles and invertebrates","Miscellaneous demersal marine fishes, PROCESS Frying",0.583,0.583,0.583,0.583,0.583,0.583,0.583
"Fish, seafood, amphibians, reptiles and invertebrates","Miscellaneous demersal marine fishes, PROCESS Steaming",0.609,0.91,0.609,0.91,0.91,0.609,0.609
"Fish, seafood, amphibians, reptiles and invertebrates",Miscellaneous marine crustaceans,2.17,2.17,2.17,2.17,2.17,2.17,2.17
"Fish, seafood, amphibians, reptiles and invertebrates","Miscellaneous marine crustaceans, PROCESS Baking",2.605,1.31,2.605,1.31,1.31,2.605,2.605
"Fish, seafood, amphibians, reptiles and invertebrates","Miscellaneous marine crustaceans, PROCESS Cooking in water",2.727,1.31,2.727,1.31,1.31,2.727,2.727
"Fish, seafood, amphibians, reptiles and invertebrates","Miscellaneous marine crustaceans, PROCESS Frying",2.605,1.31,2.605,1.31,1.31,2.605,2.605
"Fish, seafood, amphibians, reptiles and invertebrates","Miscellaneous marine crustaceans, PROCESS Steaming",2.285,1.31,2.285,1.31,1.31,2.285,2.285
"Fish, seafood, amphibians, reptiles and invertebrates",Miscellaneous pelagic marine fishes,0.713,2.37,0.713,2.37,0.713,0.713,0.713
"Fish, seafood, amphibians, reptiles and invertebrates","Miscellaneous pelagic marine fishes, PROCESS Baking",0.84,0.84,0.84,0.84,0.84,0.84,0.84
"Fish, seafood, amphibians, reptiles and invertebrates","Miscellaneous pelagic marine fishes, PROCESS Cooking in water",0.887,0.887,0.887,0.887,0.887,0.887,0.887
"Fish, seafood, amphibians, reptiles and invertebrates","Miscellaneous pelagic marine fishes, PROCESS Frying",0.84,0.84,0.84,0.84,0.84,0.84,0.84
"Fish, seafood, amphibians, reptiles and invertebrates","Miscellaneous pelagic marine fishes, PROCESS Steaming",0.887,0.887,0.887,0.887,0.887,0.887,0.887
"Fish, seafood, amphibians, reptiles and invertebrates",Mullets,0.72,0.72,0.72,2,0.3,0.72,0.3
"Fish, seafood, amphibians, reptiles and invertebrates","Mullets, PROCESS Baking",0.605,1.53,0.605,1.53,0.4,0.605,0.4
"Fish, seafood, amphibians, reptiles and invertebrates","Mullets, PROCESS Cooking in water",0.605,0.605,0.605,0.605,0.605,0.605,0.605
"Fish, seafood, amphibians, reptiles and invertebrates","Mullets, PROCESS Frying",0.605,0.605,0.605,0.605,0.605,0.605,0.605
"Fish, seafood, amphibians, reptiles and invertebrates","Mullets, PROCESS Steaming",0.605,0.605,0.605,0.605,0.605,0.605,0.605
"Fish, seafood, amphibians, reptiles and invertebrates",Mussels,3,1.828,1.828,2.2,3.4,3,2.5
"Fish, seafood, amphibians, reptiles and invertebrates","Mussels, PROCESS Baking",2.215,2.215,2.215,2.215,2.215,2.215,2.215
"Fish, seafood, amphibians, reptiles and invertebrates","Mussels, PROCESS Cooking in water",3.6,1.82,2.273,1.82,2.2,3.6,2.3
"Fish, seafood, amphibians, reptiles and invertebrates","Mussels, PROCESS Frying",2.215,2.215,2.215,2.215,1.2,2.215,1.2
"Fish, seafood, amphibians, reptiles and invertebrates","Mussels, PROCESS Steaming",3.6,1.923,1.923,1.923,2.2,3.6,2.3
"Fish, seafood, amphibians, reptiles and invertebrates",Nile perch,0.613,0.613,0.613,0.613,0.613,0.613,0.613
"Fish, seafood, amphibians, reptiles and invertebrates","Nile perch, PROCESS Baking",0.739,0.739,0.739,0.739,0.739,0.739,0.739
"Fish, seafood, amphibians, reptiles and invertebrates","Nile perch, PROCESS Cooking in water",0.774,0.774,0.774,0.774,0.774,0.774,0.774
"Fish, seafood, amphibians, reptiles and invertebrates","Nile perch, PROCESS Frying",0.754,0.754,0.754,0.754,0.754,0.754,0.754
"Fish, seafood, amphibians, reptiles and invertebrates","Nile perch, PROCESS Steaming",0.774,0.774,0.774,0.774,0.774,0.774,0.774
"Fish, seafood, amphibians, reptiles and invertebrates",Ocean perch,0.336,0.336,0.336,0.336,0.336,0.336,0.336
"Fish, seafood, amphibians, reptiles and invertebrates","Ocean perch, PROCESS Baking",0.67,0.67,0.67,0.67,0.67,0.67,0.67
"Fish, seafood, amphibians, reptiles and invertebrates",Octopuses,1.7,0.7,0.7,5.1,1.1,1.7,1.7
"Fish, seafood, amphibians, reptiles and invertebrates","Octopuses, PROCESS Baking",0.844,0.844,0.844,0.844,0.844,0.844,0.844
"Fish, seafood, amphibians, reptiles and invertebrates","Octopuses, PROCESS Cooking in water",0.878,0.878,0.878,0.878,0.878,0.878,0.878
"Fish, seafood, amphibians, reptiles and invertebrates","Octopuses, PROCESS Frying",0.844,0.844,0.844,0.844,0.844,0.844,0.844
"Fish, seafood, amphibians, reptiles and invertebrates","Octopuses, PROCESS Steaming",0.878,0.878,0.878,0.878,0.878,0.878,0.878
"Fish, seafood, amphibians, reptiles and invertebrates",Other fish offal,0.7,0.7,0.7,0.7,0.7,0.7,0.7
"Fish, seafood, amphibians, reptiles and invertebrates",Oysters,8.3,16.7,21.711,16.7,59.2,50,59.2
"Fish, seafood, amphibians, reptiles and invertebrates","Oysters, PROCESS Baking",26.269,26.269,26.269,26.269,26.269,26.269,26.269
"Fish, seafood, amphibians, reptiles and invertebrates","Oysters, PROCESS Cooking in water",22.83,22.83,22.83,22.83,22.83,22.83,22.83
"Fish, seafood, amphibians, reptiles and invertebrates","Oysters, PROCESS Frying",26.269,26.269,26.269,26.269,26.269,26.269,26.269
"Fish, seafood, amphibians, reptiles and invertebrates","Oysters, PROCESS Steaming",22.83,22.83,22.83,22.83,22.83,22.83,22.83
"Fish, seafood, amphibians, reptiles and invertebrates",Pacific salmon (generic),1.04,0.44,0.44,0.44,0.6,1.04,0.6
"Fish, seafood, amphibians, reptiles and invertebrates","Pacific salmon (generic), PROCESS Baking",0.47,0.47,0.47,0.47,0.47,0.47,0.47
"Fish, seafood, amphibians, reptiles and invertebrates","Pacific salmon (generic), PROCESS Cooking in water",0.47,0.47,0.47,0.47,0.47,0.47,0.47
"Fish, seafood, amphibians, reptiles and invertebrates","Pacific salmon (generic), PROCESS Frying",0,0,0,0,0,0,0
"Fish, seafood, amphibians, reptiles and invertebrates","Pacific salmon (generic), PROCESS Steaming",0.47,0.47,0.47,0.47,0.47,0.47,0.47
"Fish, seafood, amphibians, reptiles and invertebrates",Perch,0.8,0.613,0.613,1.1,0.52,0.8,0.613
"Fish, seafood, amphibians, reptiles and invertebrates","Perch, golden",0.336,0.336,0.336,0.336,0.336,0.336,0.336
"Fish, seafood, amphibians, reptiles and invertebrates","Perch, PROCESS Baking",0.9,0.67,0.739,0.67,0.67,0.9,0.67
"Fish, seafood, amphibians, reptiles and invertebrates","Perch, PROCESS Cooking in water",0.774,0.774,0.774,0.774,0.774,0.774,0.774
"Fish, seafood, amphibians, reptiles and invertebrates","Perch, PROCESS Frying",,0.754,0.754,0.754,0.754,,0.754
"Fish, seafood, amphibians, reptiles and invertebrates","Perch, PROCESS Steaming",0.774,0.774,0.774,0.774,0.774,0.774,0.774
"Fish, seafood, amphibians, reptiles and invertebrates",Pike,1.1,0.785,0.785,0.785,0.96,1.1,0.785
"Fish, seafood, amphibians, reptiles and invertebrates",Pike-perch,0.6,0.575,0.575,0.575,0.4,0.6,0.575
"Fish, seafood, amphibians, reptiles and invertebrates","Pike-perch, PROCESS Baking",0.706,0.706,0.706,0.706,0.706,0.706,0.706
"Fish, seafood, amphibians, reptiles and invertebrates","Pike-perch, PROCESS Cooking in water",0.726,0.726,0.726,0.726,0.726,0.726,0.726
"Fish, seafood, amphibians, reptiles and invertebrates","Pike-perch, PROCESS Frying",0.706,0.706,0.706,0.706,0.706,0.706,0.706
"Fish, seafood, amphibians, reptiles and invertebrates","Pike-perch, PROCESS Steaming",0.726,0.726,0.726,0.726,0.726,0.726,0.726
"Fish, seafood, amphibians, reptiles and invertebrates","Pike, PROCESS Baking",0.965,0.67,0.965,0.67,0.67,0.965,0.965
"Fish, seafood, amphibians, reptiles and invertebrates","Pike, PROCESS Cooking in water",0.991,0.991,0.991,0.991,0.991,0.991,0.991
"Fish, seafood, amphibians, reptiles and invertebrates","Pike, PROCESS Frying",,0.965,0.965,0.965,0.965,,0.965
"Fish, seafood, amphibians, reptiles and invertebrates","Pike, PROCESS Steaming",0.963,0.963,0.963,0.963,0.963,0.963,0.963
"Fish, seafood, amphibians, reptiles and invertebrates",Plaice,0.68,0.483,0.483,0.483,0.5,0.68,0.5
"Fish, seafood, amphibians, reptiles and invertebrates","Plaice, PROCESS Baking",0.583,0.68,0.583,0.68,0.6,0.583,0.6
"Fish, seafood, amphibians, reptiles and invertebrates","Plaice, PROCESS Cooking in water",0.609,0.609,0.609,0.609,0.6,0.609,0.6
"Fish, seafood, amphibians, reptiles and invertebrates","Plaice, PROCESS Frying",0.583,0.68,0.583,0.68,1,0.583,1
"Fish, seafood, amphibians, reptiles and invertebrates","Plaice, PROCESS Steaming",0.609,0.68,0.609,0.68,0.6,0.609,0.6
"Fish, seafood, amphibians, reptiles and invertebrates",Rays,0.8,0.8,0.8,0.8,0.8,0.8,0.8
"Fish, seafood, amphibians, reptiles and invertebrates","Rays, PROCESS Baking",0.6,0.6,0.6,0.6,0.6,0.6,0.6
"Fish, seafood, amphibians, reptiles and invertebrates","Rays, PROCESS Cooking in water",0.6,0.6,0.6,0.6,0.6,0.6,0.6
"Fish, seafood, amphibians, reptiles and invertebrates","Rays, PROCESS Steaming",0.6,0.6,0.6,0.6,0.6,0.6,0.6
"Fish, seafood, amphibians, reptiles and invertebrates",River eels,2.7,2.048,2.048,2.048,1.75,2.7,2.5
"Fish, seafood, amphibians, reptiles and invertebrates","River eels, PROCESS Baking",2.439,2.08,2.439,2.08,2.08,2.439,2.439
"Fish, seafood, amphibians, reptiles and invertebrates","River eels, PROCESS Cooking in water",2.406,2.08,2.406,2.08,1.75,2.406,1.75
"Fish, seafood, amphibians, reptiles and invertebrates","River eels, PROCESS Frying",2.439,2.439,2.439,2.439,2.439,2.439,2.439
"Fish, seafood, amphibians, reptiles and invertebrates","River eels, PROCESS Steaming",2.406,2.08,2.406,2.08,1.75,2.406,1.75
"Fish, seafood, amphibians, reptiles and invertebrates",Roaches,1.8,1.8,1.8,1.8,1.8,1.8,1.8
"Fish, seafood, amphibians, reptiles and invertebrates","Salmon roe, atlantic",1,1,1,1,1,1,1
"Fish, seafood, amphibians, reptiles and invertebrates","Salmon, threadfin",0.6,0.6,0.6,0.6,0.6,0.6,0.6
"Fish, seafood, amphibians, reptiles and invertebrates","Salmon, threadfin, PROCESS Baking",0.47,0.47,0.47,0.47,0.47,0.47,0.47
"Fish, seafood, amphibians, reptiles and invertebrates","Salmon, threadfin, PROCESS Cooking in water",0.47,0.47,0.47,0.47,0.47,0.47,0.47
"Fish, seafood, amphibians, reptiles and invertebrates","Salmon, threadfin, PROCESS Steaming",0.47,0.47,0.47,0.47,0.47,0.47,0.47
"Fish, seafood, amphibians, reptiles and invertebrates",Sardines and sardine-type fishes,1.61,1.61,1.61,0.8,1,1.61,1
"Fish, seafood, amphibians, reptiles and invertebrates","Sardines and sardine-type fishes, PROCESS Baking",1.928,1,1.928,1,1.4,1.928,1.4
"Fish, seafood, amphibians, reptiles and invertebrates","Sardines and sardine-type fishes, PROCESS Cooking in water",2,1.919,1.919,1.919,2.2,2,1.919
"Fish, seafood, amphibians, reptiles and invertebrates","Sardines and sardine-type fishes, PROCESS Frying",1.928,1.928,1.928,1.928,1.928,1.928,1.928
"Fish, seafood, amphibians, reptiles and invertebrates","Sardines and sardine-type fishes, PROCESS Steaming",2.2,1.919,1.919,1.919,2.2,2.2,1.919
"Fish, seafood, amphibians, reptiles and invertebrates","Scallops, pectens",2,0.95,2,1,0.95,2,0.95
"Fish, seafood, amphibians, reptiles and invertebrates","Scallops, pectens, PROCESS Baking",2.406,2.406,2.406,2.406,2.406,2.406,2.406
"Fish, seafood, amphibians, reptiles and invertebrates","Scallops, pectens, PROCESS Cooking in water",2.472,0.95,2.472,0.95,2.6,2.472,2.6
"Fish, seafood, amphibians, reptiles and invertebrates","Scallops, pectens, PROCESS Frying",,0.95,2.406,0.95,0.95,,2.406
"Fish, seafood, amphibians, reptiles and invertebrates","Scallops, pectens, PROCESS Steaming",2.472,2.472,2.472,2.472,2.6,2.472,2.6
"Fish, seafood, amphibians, reptiles and invertebrates",Sea bass,0.3,0.35,0.3,2.1,0.3,0.3,0.3
"Fish, seafood, amphibians, reptiles and invertebrates","Sea bass, PROCESS Cooking in water",1.1,1.1,1.1,1.1,1.1,1.1,1.1
"Fish, seafood, amphibians, reptiles and invertebrates","Sea bass, PROCESS Steaming",1.1,1.1,1.1,1.1,1.1,1.1,1.1
"Fish, seafood, amphibians, reptiles and invertebrates",Sea bream,0.3,1.17,0.3,1.17,0.3,0.3,0.3
"Fish, seafood, amphibians, reptiles and invertebrates","Sea bream, PROCESS Cooking in water",0.9,0.9,0.9,0.9,0.9,0.9,0.9
"Fish, seafood, amphibians, reptiles and invertebrates","Sea bream, PROCESS Steaming",0.9,0.9,0.9,0.9,0.9,0.9,0.9
"Fish, seafood, amphibians, reptiles and invertebrates",Sea-squirts and other tunicates,1.62,1.62,1.62,1.62,1.62,1.62,1.62
"Fish, seafood, amphibians, reptiles and invertebrates","Sea-squirts and other tunicates, PROCESS Baking",1.787,1.787,1.787,1.787,1.787,1.787,1.787
"Fish, seafood, amphibians, reptiles and invertebrates","Sea-squirts and other tunicates, PROCESS Cooking in water",1.794,7.68,1.794,7.68,12.1,1.794,12.1
"Fish, seafood, amphibians, reptiles and invertebrates","Sea-squirts and other tunicates, PROCESS Frying",1.787,1.787,1.787,1.787,1.787,1.787,1.787
"Fish, seafood, amphibians, reptiles and invertebrates","Sea-squirts and other tunicates, PROCESS Steaming",1.794,1.794,1.794,1.794,12.1,1.794,12.1
"Fish, seafood, amphibians, reptiles and invertebrates",Shads,1,1,1,1,1,1,1
"Fish, seafood, amphibians, reptiles and invertebrates","Shads, PROCESS Baking",0.84,0.84,0.84,0.84,0.84,0.84,0.84
"Fish, seafood, amphibians, reptiles and invertebrates","Shads, PROCESS Cooking in water",0.887,0.887,0.887,0.887,0.887,0.887,0.887
"Fish, seafood, amphibians, reptiles and invertebrates","Shads, PROCESS Frying",0.84,0.84,0.84,0.84,0.84,0.84,0.84
"Fish, seafood, amphibians, reptiles and invertebrates","Shads, PROCESS Steaming",0.887,0.887,0.887,0.887,0.887,0.887,0.887
"Fish, seafood, amphibians, reptiles and invertebrates",Sharks,0.52,0.264,0.264,0.264,0.52,0.52,0.264
"Fish, seafood, amphibians, reptiles and invertebrates","Sharks, PROCESS Baking",0.223,0.45,0.223,0.45,0.45,0.223,0.223
"Fish, seafood, amphibians, reptiles and invertebrates","Sharks, PROCESS Cooking in water",0.223,0.45,0.223,0.45,0.45,0.223,0.223
"Fish, seafood, amphibians, reptiles and invertebrates","Sharks, PROCESS Frying",0.223,0.45,0.223,0.45,0.45,0.223,0.223
"Fish, seafood, amphibians, reptiles and invertebrates","Sharks, PROCESS Steaming",0.223,0.45,0.223,0.45,0.45,0.223,0.223
"Fish, seafood, amphibians, reptiles and invertebrates",Shrimps and prawns,2.2,2.2,2.2,0.9,1.5,2.2,1.5
"Fish, seafood, amphibians, reptiles and invertebrates","Shrimps and prawns, PROCESS Baking",2.64,1.31,2.64,1.31,1.31,2.64,2.64
"Fish, seafood, amphibians, reptiles and invertebrates","Shrimps and prawns, PROCESS Cooking in water",,1.31,2.764,1.31,1.8,,2.2
"Fish, seafood, amphibians, reptiles and invertebrates","Shrimps and prawns, PROCESS Frying",2.64,1.31,2.64,1.31,1.31,2.64,2.64
"Fish, seafood, amphibians, reptiles and invertebrates","Shrimps and prawns, PROCESS Steaming",,1.31,2.764,1.31,1.8,,2.2
"Fish, seafood, amphibians, reptiles and invertebrates","Shrimps, common",1.3,2.17,2.17,1.9,2.17,1.3,2.17
"Fish, seafood, amphibians, reptiles and invertebrates","Shrimps, common, PROCESS Baking",,1.31,2.605,1.31,1.31,,2.605
"Fish, seafood, amphibians, reptiles and invertebrates","Shrimps, common, PROCESS Cooking in water",1.3,1.31,2.727,1.31,1.8,1.3,2.3
"Fish, seafood, amphibians, reptiles and invertebrates","Shrimps, common, PROCESS Frying",,1.31,2.605,1.31,1.31,,2.605
"Fish, seafood, amphibians, reptiles and invertebrates","Shrimps, common, PROCESS Steaming",1.3,1.31,2.285,1.31,1.8,1.3,1.8
"Fish, seafood, amphibians, reptiles and invertebrates",Smelt,1.65,1.65,1.65,1.65,1.65,1.65,1.65
"Fish, seafood, amphibians, reptiles and invertebrates","Smelt, PROCESS Baking",2.031,2.031,2.031,2.031,2.031,2.031,2.031
"Fish, seafood, amphibians, reptiles and invertebrates","Smelt, PROCESS Cooking in water",2.025,2.025,2.025,2.025,2.025,2.025,2.025
"Fish, seafood, amphibians, reptiles and invertebrates","Smelt, PROCESS Frying",2.031,2.031,2.031,2.031,2.031,2.031,2.031
"Fish, seafood, amphibians, reptiles and invertebrates","Smelt, PROCESS Steaming",2.025,2.025,2.025,2.025,2.025,2.025,2.025
"Fish, seafood, amphibians, reptiles and invertebrates",Smoked herring,0.96,0.6,0.787,0.6,0.57,0.96,1
"Fish, seafood, amphibians, reptiles and invertebrates",Smoked salmon,,0.3,,0.3,0.42,0.47,0.4
"Fish, seafood, amphibians, reptiles and invertebrates",Snails,2,3.3,2,3.3,2,,2
"Fish, seafood, amphibians, reptiles and invertebrates",Sole,0.08,0.42,0.42,1.5,0.4,0.08,0.4
"Fish, seafood, amphibians, reptiles and invertebrates","Sole, PROCESS Baking",0.507,0.58,0.507,0.58,0.58,0.507,0.507
"Fish, seafood, amphibians, reptiles and invertebrates","Sole, PROCESS Cooking in water",0.506,0.506,0.506,0.506,0.46,0.506,0.46
"Fish, seafood, amphibians, reptiles and invertebrates","Sole, PROCESS Frying",0.507,0.507,0.507,0.507,0.507,0.507,0.507
"Fish, seafood, amphibians, reptiles and invertebrates","Sole, PROCESS Steaming",0.506,0.392,0.506,0.392,0.46,0.506,0.46
"Fish, seafood, amphibians, reptiles and invertebrates",Spiny and rock lobsters,2,2,2,2,2,2,2
"Fish, seafood, amphibians, reptiles and invertebrates","Spiny and rock lobsters, PROCESS Baking",1.928,1.928,1.928,1.928,1.928,1.928,1.928
"Fish, seafood, amphibians, reptiles and invertebrates","Spiny and rock lobsters, PROCESS Cooking in water",1.686,7.27,1.686,7.27,7.27,1.686,1.686
"Fish, seafood, amphibians, reptiles and invertebrates","Spiny and rock lobsters, PROCESS Frying",2.406,2.406,2.406,2.406,2.406,2.406,2.406
"Fish, seafood, amphibians, reptiles and invertebrates","Spiny and rock lobsters, PROCESS Steaming",1.686,1.686,1.686,1.686,1.686,1.686,1.686
"Fish, seafood, amphibians, reptiles and invertebrates",Sprat,1.6,1.283,1.283,1.283,1.6,1.6,1.7
"Fish, seafood, amphibians, reptiles and invertebrates","Sprat, PROCESS Baking",0.84,0.84,0.84,0.84,0.84,0.84,0.84
"Fish, seafood, amphibians, reptiles and invertebrates","Sprat, PROCESS Cooking in water",0.887,0.887,0.887,0.887,0.887,0.887,0.887
"Fish, seafood, amphibians, reptiles and invertebrates","Sprat, PROCESS Frying",0.84,0.84,0.84,0.84,2.1,0.84,2.1
"Fish, seafood, amphibians, reptiles and invertebrates","Sprat, PROCESS Steaming",0.887,0.887,0.887,0.887,0.887,0.887,0.887
"Fish, seafood, amphibians, reptiles and invertebrates",Squids,1.1,1.1,1.1,3.1,1.1,1.1,1.1
"Fish, seafood, amphibians, reptiles and invertebrates","Squids, cuttlefishes, octopuses",1.1,4.2,1.1,4.2,1.1,1.1,1.1
"Fish, seafood, amphibians, reptiles and invertebrates","Squids, cuttlefishes, octopuses, PROCESS Frying",1.2,1.2,1.2,1.2,1.2,1.2,1.2
"Fish, seafood, amphibians, reptiles and invertebrates","Squids, PROCESS Frying",0.87,0.87,0.87,0.87,0.87,0.87,0.87
"Fish, seafood, amphibians, reptiles and invertebrates",Stockfish,0.38,1.011,1.011,1.011,0.38,0.38,0.38
"Fish, seafood, amphibians, reptiles and invertebrates","Stockfish, PROCESS Baking",0.491,0.491,0.491,0.491,0.491,0.491,0.491
"Fish, seafood, amphibians, reptiles and invertebrates","Stockfish, PROCESS Cooking in water",0.4,0.491,0.491,0.491,0.491,0.4,0.491
"Fish, seafood, amphibians, reptiles and invertebrates","Stockfish, PROCESS Steaming",0.4,0.491,0.491,0.491,0.491,0.4,0.491
"Fish, seafood, amphibians, reptiles and invertebrates",Sturgeon roe,2.1,0.8,0.95,0.8,0.8,2.1,0.8
"Fish, seafood, amphibians, reptiles and invertebrates",Tilapia,,0.56,0.56,0.56,0.56,,0.56
"Fish, seafood, amphibians, reptiles and invertebrates",Trouts,0.5,0.514,0.514,1.19,0.44,0.5,0.5
"Fish, seafood, amphibians, reptiles and invertebrates","Trouts, PROCESS Baking",0.617,0.562,0.617,1.36,0.5,0.617,0.5
"Fish, seafood, amphibians, reptiles and invertebrates","Trouts, PROCESS Cooking in water",,0.648,0.648,0.648,0.57,,0.5
"Fish, seafood, amphibians, reptiles and invertebrates","Trouts, PROCESS Frying",0.629,0.629,0.629,0.629,0.57,0.629,0.57
"Fish, seafood, amphibians, reptiles and invertebrates","Trouts, PROCESS Steaming",,0.562,0.648,0.562,0.57,,0.5
"Fish, seafood, amphibians, reptiles and invertebrates",Tuna and bonito (generic),0.7,0.683,0.08,0.683,1.1,0.7,0.7
"Fish, seafood, amphibians, reptiles and invertebrates","Tuna and bonito (generic), PROCESS Baking",0.094,0.83,0.094,0.83,0.83,0.094,0.094
"Fish, seafood, amphibians, reptiles and invertebrates","Tuna and bonito (generic), PROCESS Cooking in water",0.1,0.1,0.1,0.1,0.1,0.1,0.1
"Fish, seafood, amphibians, reptiles and invertebrates","Tuna and bonito (generic), PROCESS Frying",0.8,0.094,0.094,0.094,0.094,0.7,0.094
"Fish, seafood, amphibians, reptiles and invertebrates","Tuna and bonito (generic), PROCESS Steaming",0.093,0.093,0.093,0.093,0.093,0.093,0.093
"Fish, seafood, amphibians, reptiles and invertebrates","Water snails, conches and whelks, PROCESS Cooking in water",12.1,7.68,12.1,7.68,12.1,12.1,12.1
"Fish, seafood, amphibians, reptiles and invertebrates",Whitefishes or coregonus,1.2,1.498,1.498,1.498,0.54,1.2,1.498
"Fish, seafood, amphibians, reptiles and invertebrates","Whitefishes or coregonus, PROCESS Baking",1.837,1.837,1.837,1.837,1.837,1.837,1.837
"Fish, seafood, amphibians, reptiles and invertebrates","Whitefishes or coregonus, PROCESS Cooking in water",1.83,1.83,1.83,1.83,1.83,1.83,1.83
"Fish, seafood, amphibians, reptiles and invertebrates","Whitefishes or coregonus, PROCESS Frying",1.837,1.837,1.837,1.837,1.837,1.837,1.837
"Fish, seafood, amphibians, reptiles and invertebrates","Whitefishes or coregonus, PROCESS Steaming",1.83,1.83,1.83,1.83,1.83,1.83,1.83
"Fish, seafood, amphibians, reptiles and invertebrates",Wolffish,0.59,0.59,0.59,0.59,0.59,0.59,0.59
"Fish, seafood, amphibians, reptiles and invertebrates","Wolffish, PROCESS Baking",0.714,0.714,0.714,0.714,0.714,0.714,0.714
"Fish, seafood, amphibians, reptiles and invertebrates","Wolffish, PROCESS Cooking in water",0.712,0.712,0.712,0.712,0.712,0.712,0.712
"Fish, seafood, amphibians, reptiles and invertebrates","Wolffish, PROCESS Frying",0.714,0.714,0.714,0.714,0.714,0.714,0.714
"Fish, seafood, amphibians, reptiles and invertebrates","Wolffish, PROCESS Steaming",0.743,0.743,0.743,0.743,0.743,0.743,0.743
"Fish, seafood, amphibians, reptiles and invertebrates",Wolffishes,0.59,0.35,0.59,0.35,0.59,0.59,0.59
"Fish, seafood, amphibians, reptiles and invertebrates","Wolffishes, PROCESS Baking",0.714,0.714,0.714,0.714,0.714,0.714,0.714
"Fish, seafood, amphibians, reptiles and invertebrates","Wolffishes, PROCESS Cooking in water",0.712,0.712,0.712,0.712,0.712,0.712,0.712
"Fish, seafood, amphibians, reptiles and invertebrates","Wolffishes, PROCESS Frying",0.714,0.714,0.714,0.714,0.714,0.714,0.714
"Fish, seafood, amphibians, reptiles and invertebrates","Wolffishes, PROCESS Steaming",0.743,0.743,0.743,0.743,0.743,0.743,0.743
Food products for young population,"Biscuits, rusks and cookies for children",1.397,1.397,1.397,1.397,0.67,1.397,1.1
Food products for young population,Cereals with an added high protein food which have to be reconstituted with water or other protein-free liquid,1.4,1.4,1.4,1.4,1.4,1.4,1.4
Food products for young population,"Follow-on formulae, liquid",0.38,0.38,0.38,0.38,0.38,0.38,0.38
Food products for young population,"Follow-on formulae, powder",2.9,2.9,2.9,2.9,2.9,2.9,2.9
Food products for young population,"Infant formulae, liquid",0.4,0.38,0.38,0.38,0.38,0.4,0.38
Food products for young population,"Infant formulae, powder",3.9,3,4.05,3,4.05,3.9,3
Food products for young population,"Pasta for children (dry, to be cooked)",1.208,1.208,1.208,1.208,1.208,1.208,1.208
Food products for young population,Ready-to-eat cereal-based meal for children,,0.7,0.5,0.7,0.5,,0.5
Food products for young population,Ready-to-eat dairy-based meal for children,,0.1,0.1,0.1,0.1,,0.1
Food products for young population,Ready-to-eat fish-based meal for children,0.3,0.325,0.3,0.325,0.3,0.3,0.3
Food products for young population,Ready-to-eat fruit-based meal for children,0.1,0.1,0.1,0.1,0.06,0.1,0.1
Food products for young population,Ready-to-eat meat-based meal for children,0.6,0.325,0.6,0.325,0.6,0.6,0.6
Food products for young population,Ready-to-eat mixed meal for children,0.325,0.325,0.325,0.325,0.325,0.325,0.325
Food products for young population,Ready-to-eat vegetable-based meal for children,0.2,0.3,0.3,0.3,0.3,0.2,0.3
Food products for young population,Simple cereals which have to be reconstituted with milk or other appropriate nutritious liquids,2.32,2.4,2.32,2.4,2.4,2.32,2.4
Fruit and fruit products,American persimmons,0.64,0.7,0.038,0.7,0.64,0.64,0.038
Fruit and fruit products,Apples and similar-,0.1,0.04,0.038,0.04,0.08,,0.1
Fruit and fruit products,"Apples and similar-, PROCESS Baking",,0.041,0.041,0.041,0.05,0.05,0.041
Fruit and fruit products,"Apples and similar-, PROCESS Cooking in water",0.043,0.043,0.043,0.043,0.07,0.043,0.07
Fruit and fruit products,"Apples and similar-, PROCESS Steaming",0.043,0.043,0.043,0.043,0.07,0.043,0.07
Fruit and fruit products,Apricots,0.3,0.1,0.102,0.1,0.1,0.3,0.1
Fruit and fruit products,Arbutus berries,0.21,0.21,0.21,0.21,0.21,0.21,0.21
Fruit and fruit products,Avocados,,0.487,0.644,0.487,0.4,0.4,0.2
Fruit and fruit products,Bilberries (European blueberries),0.2,0.133,0.133,0.133,0.1,0.2,0.2
Fruit and fruit products,Blackberries,0.3,0.333,0.19,0.333,0.2,0.3,0.2
Fruit and fruit products,Blackcurrants,0.3,0.29,0.258,0.29,0.3,0.3,0.3
Fruit and fruit products,Blueberries,0.1,0.16,0.133,0.16,0.2,0.1,0.2
Fruit and fruit products,"Candied fruit, cherry",0.037,0.037,0.037,0.037,0.1,0.037,0.1
Fruit and fruit products,"Candied fruit, orange peel",0.033,0.033,0.033,0.1,0.033,0.033,0.033
Fruit and fruit products,Canned fruit cocktail,0.4,0.058,0.058,0.1,0.08,0.1,0.08
Fruit and fruit products,"Canned fruit cocktail, MEDIUM In diluted sweet liquid-syrup",0.4,0.063,0.035,0.1,0.08,0.4,0.1
Fruit and fruit products,"Canned fruit cocktail, MEDIUM In fruit/vegetable juice",0.08,0.035,0.035,0.035,0.1,0.035,0.1
Fruit and fruit products,Canned or jarred apple,0.039,0.041,0.041,0.041,0.039,0.039,0.041
Fruit and fruit products,"Canned or jarred apple, MEDIUM In diluted sweet liquid-syrup",0.13,0.025,0.025,0.025,0.13,0.13,0.025
Fruit and fruit products,"Canned or jarred apple, MEDIUM In fruit/vegetable juice",0.025,0.025,0.025,0.025,0.025,0.025,0.025
Fruit and fruit products,Canned or jarred apricot,0.3,0.1,0.1,0.1,0.1,0.3,0.1
Fruit and fruit products,"Canned or jarred apricot, MEDIUM In diluted sweet liquid-syrup",0.3,0.1,0.06,0.1,0.1,0.3,0.1
Fruit and fruit products,"Canned or jarred apricot, MEDIUM In fruit/vegetable juice",0.11,0.06,0.06,0.06,0.11,0.11,0.1
Fruit and fruit products,Canned or jarred cranberry,0.177,0.177,0.177,0.177,0.177,0.177,0.177
Fruit and fruit products,"Canned or jarred cranberry, MEDIUM In diluted sweet liquid-syrup",0.082,0.112,0.112,0.112,0.082,0.082,0.112
Fruit and fruit products,"Canned or jarred cranberry, MEDIUM In fruit/vegetable juice",0.112,0.112,0.112,0.112,0.112,0.112,0.112
Fruit and fruit products,Canned or jarred mandarin,0.2,0.051,0.051,0.051,0.12,0.2,0.12
Fruit and fruit products,"Canned or jarred mandarin, MEDIUM In diluted sweet liquid-syrup",0.032,0.032,0.032,0.032,0.12,0.032,0.12
Fruit and fruit products,"Canned or jarred mandarin, MEDIUM In fruit/vegetable juice",0.032,0.032,0.032,0.032,0.1,0.032,0.1
Fruit and fruit products,Canned or jarred mixed fruit,0.058,0.058,0.058,0.1,0.08,0.058,0.08
Fruit and fruit products,"Canned or jarred mixed fruit, MEDIUM In diluted sweet liquid-syrup",0.08,0.063,0.035,0.063,0.08,0.035,0.1
Fruit and fruit products,"Canned or jarred mixed fruit, MEDIUM In fruit/vegetable juice",0.08,0.035,0.035,0.035,0.1,0.035,0.1
Fruit and fruit products,Canned or jarred peach,0.3,0.06,0.06,,0.06,0.3,0.06
Fruit and fruit products,"Canned or jarred peach, MEDIUM In diluted sweet liquid-syrup",0.3,0.2,0.079,0.2,0.2,0.3,0.079
Fruit and fruit products,"Canned or jarred peach, MEDIUM In fruit/vegetable juice",0.079,0.079,0.079,0.079,0.1,0.079,0.1
Fruit and fruit products,Canned or jarred pear,0.1,0.105,0.105,0.105,0.06,0.1,0.06
Fruit and fruit products,"Canned or jarred pear, MEDIUM In diluted sweet liquid-syrup",0.11,0.1,0.067,0.1,0.06,0.11,0.1
Fruit and fruit products,"Canned or jarred pear, MEDIUM In fruit/vegetable juice",0.067,0.067,0.067,0.067,0.1,0.067,0.1
Fruit and fruit products,Canned or jarred pineapple,0.1,0.12,0.12,0.1,0.08,0.1,0.08
Fruit and fruit products,"Canned or jarred pineapple, MEDIUM In diluted sweet liquid-syrup",0.1,0.039,0.057,0.039,0.08,0.1,0.1
Fruit and fruit products,"Canned or jarred pineapple, MEDIUM In fruit/vegetable juice",0.1,0.057,0.057,0.057,0.1,0.1,0.1
Fruit and fruit products,Canned or jarred plum,0.148,0.148,0.148,0.148,0.07,0.148,0.07
Fruit and fruit products,"Canned or jarred plum, MEDIUM In diluted sweet liquid-syrup",0.093,0.093,0.093,0.093,0.07,0.093,0.07
Fruit and fruit products,"Canned or jarred plum, MEDIUM In fruit/vegetable juice",0.093,0.093,0.093,0.093,0.093,0.093,0.093
Fruit and fruit products,Canned or jarred sour cherry,0.57,0.57,0.57,0.57,0.57,0.57,0.57
Fruit and fruit products,"Canned or jarred sour cherry, MEDIUM In diluted sweet liquid-syrup",0.31,0.355,0.355,0.355,0.31,0.31,0.355
Fruit and fruit products,"Canned or jarred sour cherry, MEDIUM In fruit/vegetable juice",0.355,0.355,0.355,0.355,0.355,0.355,0.355
Fruit and fruit products,Canned or jarred sweet cherry,0.073,0.073,0.073,0.073,0.05,0.073,0.05
Fruit and fruit products,"Canned or jarred sweet cherry, MEDIUM In diluted sweet liquid-syrup",0.045,0.04,0.045,0.04,0.05,0.045,0.05
Fruit and fruit products,"Canned or jarred sweet cherry, MEDIUM In fruit/vegetable juice",0.045,0.045,0.045,0.045,0.045,0.045,0.045
Fruit and fruit products,Carambolas,0.052,0.115,0.11,0.115,0.1,0.052,0.1
Fruit and fruit products,Cherimoyas,0.1,0.08,0.08,0.08,0.19,0.1,0.08
Fruit and fruit products,Cherries (sweet),0.1,0.07,0.075,0.07,0.06,0.1,0.1
Fruit and fruit products,Chocolate coated dried fruit,3.9,3.9,3.9,3.9,3.9,3.9,3.9
Fruit and fruit products,Chokecherries,5.1,5.1,5.1,5.1,5.1,5.1,5.1
Fruit and fruit products,Citrons,0.11,0.11,,0.11,0.11,0.11,0.11
Fruit and fruit products,Citrus fruit peel,,0.15,0.15,0.1,0.2,,0.2
Fruit and fruit products,Cloudberries,0.6,0.44,0.44,0.44,0.34,0.6,0.44
Fruit and fruit products,Common banana,0.2,0.16,0.162,0.16,0.25,0.2,0.2
Fruit and fruit products,"Common banana, PROCESS Baking",0.2,0.175,0.175,0.175,0.079,,0.175
Fruit and fruit products,"Common banana, PROCESS Cooking in water",0.185,0.185,0.185,0.185,0.185,0.185,0.185
Fruit and fruit products,"Common banana, PROCESS Steaming",0.18,0.18,0.18,0.18,0.18,0.18,0.18
Fruit and fruit products,Cranberries,0.2,0.44,0.44,0.44,0.2,0.2,0.2
Fruit and fruit products,Dates,0.15,0.34,0.34,0.2,0.2,0.15,0.2
Fruit and fruit products,Dewberries and similar-,0.34,0.3,0.34,0.3,0.2,0.34,0.3
Fruit and fruit products,Dried apples,0.2,0.176,0.176,0.176,0.5,0.2,0.5
Fruit and fruit products,Dried apricots,1,0.78,0.4,0.78,0.2,0.7,0.7
Fruit and fruit products,Dried bananas,0.2,0.522,0.522,0.522,0.522,,0.4
Fruit and fruit products,Dried dates,2,0.26,0.42,0.26,0.3,0.3,0.4
Fruit and fruit products,Dried figs,,0.53,0.9,0.53,0.55,0.5,0.7
Fruit and fruit products,Dried pears,0.4,0.507,0.507,0.507,0.5,0.4,0.5
Fruit and fruit products,Dried prunes,0.5,0.49,0.356,0.49,0.53,0.5,0.4
Fruit and fruit products,"Dried prunes, PROCESS Baking",0.2,0.364,0.364,0.364,0.2,0.2,0.364
Fruit and fruit products,"Dried prunes, PROCESS Cooking in water",0.153,0.153,0.153,0.153,0.3,0.153,0.3
Fruit and fruit products,"Dried prunes, PROCESS Steaming",0.148,0.148,0.148,0.148,0.3,0.148,0.3
Fruit and fruit products,Dried vine fruits (raisins etc.),0.3,0.26,0.245,0.26,0.18,0.3,0.7
Fruit and fruit products,Elderberries,0.21,0.21,0.21,0.21,0.21,0.21,0.21
Fruit and fruit products,Figs,2.2,0.225,0.36,0.225,0.3,0.2,0.3
Fruit and fruit products,Fruit chips,2.2,0.176,0.176,0.176,2.2,2.2,0.4
Fruit and fruit products,"Fruit compote, apple",0.1,0.02,0.038,0.02,0.04,0.1,0.04
Fruit and fruit products,"Fruit compote, apricot",,0.066,0.066,0.066,0.1,,0.1
Fruit and fruit products,"Fruit compote, mixed fruit",0.06,0.06,0.06,0.1,0.06,0.06,0.06
Fruit and fruit products,"Fruit compote, peach",0.085,0.085,0.085,0.085,0.085,0.085,0.085
Fruit and fruit products,"Fruit compote, pear",0.068,0.068,0.068,0.068,0.1,0.068,0.1
Fruit and fruit products,"Fruit compote, pineapple",0.081,0.081,0.081,0.081,0.081,0.081,0.081
Fruit and fruit products,"Fruit compote, plum",0.07,0.07,0.07,0.07,0.07,0.07,0.07
Fruit and fruit products,"Fruit compote, sour cherry",0.081,0.081,0.081,0.081,0.081,0.081,0.081
Fruit and fruit products,"Fruit compote, sweet cherry",0.066,0.066,0.066,0.066,0.1,0.066,0.1
Fruit and fruit products,Fruit or fruit-vegetable puree,0.1,0.1,0.1,0.1,0.1,0.1,0.1
Fruit and fruit products,Fruit preparations for fillings and/or flavouring,0.052,0.052,0.052,0.052,0.07,0.052,0.07
Fruit and fruit products,Fruit salad,0.1,0.0936,0.09,0.0936,0.1,,0.1
Fruit and fruit products,Gooseberries and similar-,0.1,0.14,0.16,0.14,0.1,0.1,0.1
Fruit and fruit products,Granate apples,,0.12,0.57,0.12,0.4,0.2,0.4
Fruit and fruit products,Grapefruits,0.1,0.05,0.035,0.05,0.06,0.1,0.06
Fruit and fruit products,Guavas and similar-,,,0.557,,0.2,0.2,0.2
Fruit and fruit products,"Jam, apricots",0.052,0.06,0.052,0.1,0.04,0.052,0.04
Fruit and fruit products,"Jam, apricots, SWEET Fructose",0.031,0.031,0.031,0.031,0.031,0.031,0.031
Fruit and fruit products,"Jam, blackberries",0.086,0.086,0.086,0.086,0.04,0.086,0.1
Fruit and fruit products,"Jam, blackberries, SWEET Fructose",0.112,0.112,0.112,0.112,0.112,0.112,0.112
Fruit and fruit products,"Jam, blueberries",0.1,0.05,0.05,0.05,0.04,0.05,0.04
Fruit and fruit products,"Jam, blueberries, SWEET Fructose",0.112,0.112,0.112,0.112,0.112,0.112,0.112
Fruit and fruit products,"Jam, cranberries",0.1,0.083,0.083,0.083,0.04,0.083,0.04
Fruit and fruit products,"Jam, cranberries, SWEET Fructose",0.112,0.112,0.112,0.112,0.112,0.112,0.112
Fruit and fruit products,"Jam, currants (black)",0.1,0.108,0.108,0.108,0.04,0.108,0.1
Fruit and fruit products,"Jam, currants (black), SWEET Fructose",0.09,0.112,0.112,0.112,0.09,0.09,0.112
Fruit and fruit products,"Jam, currants (red)",0.1,0.127,0.127,0.127,0.04,0.127,0.1
Fruit and fruit products,"Jam, currants (red), SWEET Fructose",0.112,0.112,0.112,0.112,0.112,0.112,0.112
Fruit and fruit products,"Jam, gooseberries",0.072,0.072,0.072,0.072,0.04,0.072,0.04
Fruit and fruit products,"Jam, gooseberries, SWEET Fructose",0.112,0.112,0.112,0.112,0.112,0.112,0.112
Fruit and fruit products,"Jam, lingonberry",,0.083,0.083,0.083,0.04,0.1,0.04
Fruit and fruit products,"Jam, lingonberry, SWEET Fructose",0.112,0.112,0.112,0.112,0.112,0.112,0.112
Fruit and fruit products,"Jam, mixed fruit",0.1,0.04,0.047,0.04,0.04,0.1,0.04
Fruit and fruit products,"Jam, mixed fruit, SWEET Fructose",,0.112,0.112,0.112,0.027,,0.112
Fruit and fruit products,"Jam, oranges",0.025,0.06,0.025,0.1,0.04,0.025,0.04
Fruit and fruit products,"Jam, oranges, SWEET Fructose",0.097,0.02,0.02,0.02,0.097,0.097,0.02
Fruit and fruit products,"Jam, peaches",0.063,0.063,0.063,0.063,0.04,0.063,0.04
Fruit and fruit products,"Jam, peaches, SWEET Fructose",0.031,0.031,0.031,0.031,0.031,0.031,0.031
Fruit and fruit products,"Jam, plums",0.05,0.05,0.05,0.06,0.04,0.05,0.04
Fruit and fruit products,"Jam, plums, SWEET Fructose",0.031,0.031,0.031,0.031,0.031,0.031,0.031
Fruit and fruit products,"Jam, raspberries",0.1,0.144,0.144,0.144,0.04,0.144,0.1
Fruit and fruit products,"Jam, raspberries, SWEET Fructose",0.112,0.112,0.112,0.112,0.112,0.112,0.112
Fruit and fruit products,"Jam, rose hips",0.215,0.215,0.215,0.215,0.05,0.215,0.05
Fruit and fruit products,"Jam, rose hips, SWEET Fructose",0.112,0.112,0.112,0.112,0.112,0.112,0.112
Fruit and fruit products,"Jam, sour cherry",0.064,0.064,0.064,0.064,0.04,0.064,0.04
Fruit and fruit products,"Jam, sour cherry, SWEET Fructose",0.031,0.031,0.031,0.031,0.031,0.031,0.031
Fruit and fruit products,"Jam, strawberries",0.1,0.06,0.049,0.06,0.04,0.1,0.1
Fruit and fruit products,"Jam, strawberries, SWEET Fructose",0.027,0.112,0.112,0.112,0.027,0.027,0.112
Fruit and fruit products,"Jam, sweet cherry",0.064,0.1,0.064,0.1,0.04,0.064,0.04
Fruit and fruit products,"Jam, sweet cherry, SWEET Fructose",0.031,0.031,0.031,0.031,0.031,0.031,0.031
Fruit and fruit products,Kaki and similar-,,0.08,0.038,0.08,0.08,,0.038
Fruit and fruit products,"Kiwi fruits (green, red, yellow)",0.1,0.098,0.06,0.098,0.21,0.1,0.1
Fruit and fruit products,Lemons,0.1,0.07,0.13,0.07,0.1,0.1,0.1
Fruit and fruit products,Limes,0.1,0.08,0.11,0.1,0.1,0.1,0.1
Fruit and fruit products,Lingonberries,0.2,0.19,0.19,0.19,0.2,0.2,0.2
Fruit and fruit products,Litchis,0.21,0.07,0.21,0.07,0.18,0.21,0.3
Fruit and fruit products,Loganberries,0.3,0.3,0.3,0.3,0.2,0.3,0.3
Fruit and fruit products,Loquats,0.05,0.075,0.05,0.075,0.2,0.05,0.2
Fruit and fruit products,Mandarins,0.1,0.59,0.051,0.59,0.08,0.1,0.08
Fruit and fruit products,Mandarins and similar-,0.1,0.59,0.051,0.59,0.08,0.1,0.08
Fruit and fruit products,Mangoes,,0.073,0.117,0.073,0.07,,0.1
Fruit and fruit products,"Marmalade, oranges",0.1,0.06,0.023,0.1,0.04,,0.1
Fruit and fruit products,"Marmalade, oranges, SWEET Fructose",0.24,0.02,0.02,0.02,0.24,0.24,0.02
Fruit and fruit products,Medlars,0.124,0.1,0.1,0.1,0.124,0.124,0.1
Fruit and fruit products,Mixed dried fruits,0.306,0.45,0.306,3.5,0.43,0.306,0.4
Fruit and fruit products,Mulberries (black and white),0.2,0.12,0.2,0.2,0.2,0.2,0.2
Fruit and fruit products,Oranges and similar-,0.1,0.067,0.063,0.067,0.17,0.1,0.1
Fruit and fruit products,Papayas,0.1,0.07,0.376,0.07,0.3,0.1,0.3
Fruit and fruit products,Passionfruits,0.1,0.1,0.65,0.1,0.8,0.1,0.8
Fruit and fruit products,Peaches and similar-,0.1,0.09,0.136,0.09,0.1,0.1,0.1
Fruit and fruit products,Pears and similar-,0.1,0.117,0.105,0.05,0.17,0.1,0.1
Fruit and fruit products,"Pears and similar-, PROCESS Baking",0.117,0.117,0.117,0.117,0.117,0.117,0.117
Fruit and fruit products,"Pears and similar-, PROCESS Cooking in water",0.119,0.1,0.119,0.1,0.1,0.119,0.1
Fruit and fruit products,Pineapples,0.1,0.079,0.097,0.079,0.2,0.1,0.1
Fruit and fruit products,"Pineapples, PROCESS Baking",0.53,0.106,0.106,0.106,0.53,0.53,0.106
Fruit and fruit products,"Pineapples, PROCESS Cooking in water",0.11,0.11,0.11,0.11,0.11,0.11,0.11
Fruit and fruit products,"Pineapples, PROCESS Steaming",0.108,0.108,0.108,0.108,0.108,0.108,0.108
Fruit and fruit products,Plums and similar-,0.1,0.083,0.083,0.083,0.09,0.1,0.1
Fruit and fruit products,Pomelos,0.1,0.1,0.1,0.1,0.1,0.1,0.1
Fruit and fruit products,Prickly pears,0.1,0.7,0.25,0.7,0.6,0.1,0.6
Fruit and fruit products,Quinces,0.059,0.04,0.2,0.04,0.059,0.059,0.5
Fruit and fruit products,Raspberries (red and yellow),0.4,0.36,0.361,0.36,0.3,0.3,0.3
Fruit and fruit products,Raspberries and similar-,0.4,0.36,0.361,0.4,0.3,0.4,0.3
Fruit and fruit products,Redcurrants,0.2,0.25,0.25,0.25,0.2,0.2,0.2
Fruit and fruit products,Rose hips and similar-,0.92,0.92,0.92,0.92,0.92,0.92,0.92
Fruit and fruit products,Sea buckthorns,,0.15,0.15,0.15,0.2,,0.15
Fruit and fruit products,Sour cherries,0.1,0.1,0.1,0.1,0.1,0.1,0.1
Fruit and fruit products,Strawberries and similar-,0.1,0.06,0.098,0.06,0.12,0.1,0.1
Fruit and fruit products,Table grapes,0.1,0.048,0.048,0.12,0.2,0.1,0.1
Fruit and fruit products,Tamarillos,0.091,0.7,0.1,0.7,0.091,0.091,0.1
Fruit and fruit products,Tangelos (except minneolas),0.032,0.032,0.032,0.032,0.032,0.032,0.032
Fruit and fruit products,Wine grapes,0.1,0.048,0.048,0.048,0.1,0.1,0.048
Fruit and vegetable juices and nectars,Dehydrated/powdered vegetable juice,2.746,2.746,2.746,2.746,2.746,2.746,2.746
Fruit and vegetable juices and nectars,Fruit smoothies,0.207,0.207,0.207,0.207,0.03,0.207,0.03
Fruit and vegetable juices and nectars,"Juice concentrate, black currant",0.1,0.1,0.1,0.1,0.1,0.1,0.1
Fruit and vegetable juices and nectars,"Juice concentrate, orange",0.061,0.061,0.061,0.061,0.061,0.061,0.061
Fruit and vegetable juices and nectars,"Juice, apple",0.1,0.02,0.12,,0.02,,0.02
Fruit and vegetable juices and nectars,"Juice, apple-carrot",,0.066,0.066,0.066,0.18,,0.066
Fruit and vegetable juices and nectars,"Juice, apple-cherry",0.06,0.06,0.06,0.06,0.06,0.06,0.06
Fruit and vegetable juices and nectars,"Juice, apple-cherry, FORT Combination of vitamin and mineral only supplements",0.08,0.08,0.08,0.08,0.08,0.08,0.08
Fruit and vegetable juices and nectars,"Juice, apple, FORT Vitamin only supplements",0.044,0.044,0.044,0.044,0.02,0.044,0.02
Fruit and vegetable juices and nectars,"Juice, apricot",0.104,0.104,0.104,0.1,0.104,0.104,0.104
Fruit and vegetable juices and nectars,"Juice, apricot-orange",0.073,0.073,0.073,0.073,0.06,0.073,0.06
Fruit and vegetable juices and nectars,"Juice, apricot-orange, FORT Combination of vitamin and mineral only supplements",0.08,0.08,0.08,0.08,0.08,0.08,0.08
Fruit and vegetable juices and nectars,"Juice, beetroot",0.224,0.224,0.224,0.29,0.3,0.224,0.3
Fruit and vegetable juices and nectars,"Juice, black currant",,0.266,0.266,0.266,0.266,,0.266
Fruit and vegetable juices and nectars,"Juice, blackberry",0.195,0.195,0.195,0.195,0.195,0.195,0.195
Fruit and vegetable juices and nectars,"Juice, carrot",0.2,0.117,0.103,0.117,0.1,0.2,0.1
Fruit and vegetable juices and nectars,"Juice, celery",0.394,0.394,0.394,0.394,0.394,0.394,0.394
Fruit and vegetable juices and nectars,"Juice, cranberry",0.2,0.454,0.454,0.454,0.454,0.2,0.454
Fruit and vegetable juices and nectars,"Juice, elderberry",0.254,0.254,0.254,0.254,0.254,0.254,0.254
Fruit and vegetable juices and nectars,"Juice, grape",0.1,0.07,0.04,0.07,0.1,0.1,0.1
Fruit and vegetable juices and nectars,"Juice, grapefruit",0.1,0.05,0.11,0.4,0.03,0.1,0.03
Fruit and vegetable juices and nectars,"Juice, lemon",,0.05,0.131,0.05,0.13,0.1,0.13
Fruit and vegetable juices and nectars,"Juice, lime",0.1,0.06,0.1,0.06,0.13,0.1,0.1
Fruit and vegetable juices and nectars,"Juice, mango",0.12,0.02,0.12,0.02,0.12,0.12,0.12
Fruit and vegetable juices and nectars,"Juice, mixed fruit",0.1,0.05,0.095,0.1,0.06,0.1,0.06
Fruit and vegetable juices and nectars,"Juice, multi-vegetable",0.1,0.17,0.408,0.17,0.181,,0.181
Fruit and vegetable juices and nectars,"Juice, orange",0.1,0.046,0.039,0.046,0.08,0.1,0.08
Fruit and vegetable juices and nectars,"Juice, orange-grapefruit",0.06,0.06,0.06,0.1,0.06,0.06,0.06
Fruit and vegetable juices and nectars,"Juice, orange-grapefruit, FORT Combination of vitamin and mineral only supplements",0.08,0.05,0.08,0.05,0.08,0.08,0.08
Fruit and vegetable juices and nectars,"Juice, orange-peach",0.06,0.05,0.06,0.05,0.06,0.06,0.06
Fruit and vegetable juices and nectars,"Juice, orange-peach, FORT Combination of vitamin and mineral only supplements",0.08,0.08,0.08,0.08,0.08,0.08,0.08
Fruit and vegetable juices and nectars,"Juice, orange, FORT Vitamin only supplements",0.1,0.039,0.039,0.039,0.08,0.1,0.08
Fruit and vegetable juices and nectars,"Juice, peach",0.138,0.138,0.138,0.1,0.138,0.138,0.138
Fruit and vegetable juices and nectars,"Juice, pear",0.1,0.11,0.11,0.1,0.07,0.1,0.07
Fruit and vegetable juices and nectars,"Juice, pineapple",0.1,0.09,0.083,0.1,0.07,0.1,0.1
Fruit and vegetable juices and nectars,"Juice, pomegranate",0.12,0.12,0.12,0.12,0.12,0.12,0.12
Fruit and vegetable juices and nectars,"Juice, red currant",0.258,0.258,0.258,0.258,0.258,0.258,0.258
Fruit and vegetable juices and nectars,"Juice, strawberry-cherry",0.06,0.06,0.06,0.06,0.06,0.06,0.06
Fruit and vegetable juices and nectars,"Juice, strawberry-cherry, FORT Combination of vitamin and mineral only supplements",0.08,0.08,0.08,0.08,0.08,0.08,0.08
Fruit and vegetable juices and nectars,"Juice, tomato",0.2,0.2,0.086,0.2,0.12,0.1,0.1
Fruit and vegetable juices and nectars,"Juice, tomato-leafy vegetables",0.3,0.17,0.408,0.17,0.3,0.3,0.3
Fruit and vegetable juices and nectars,Mixed fruit nectars,0.053,0.05,0.053,0.05,0.07,0.053,0.07
Fruit and vegetable juices and nectars,Mixed vegetable juice,0.181,0.408,0.408,0.408,0.181,0.181,0.181
Fruit and vegetable juices and nectars,Multivitamin juices,,0.095,0.095,0.095,0.08,,0.08
Fruit and vegetable juices and nectars,"Multivitamin juices, FORT Combination of vitamin and mineral only supplements",0.05,0.05,0.05,0.05,0.05,0.05,0.05
Fruit and vegetable juices and nectars,"Multivitamin juices, FORT Vitamin only supplements",,0.05,0.095,0.05,0.08,0.095,0.08
Fruit and vegetable juices and nectars,"Nectar, apple",0.025,0.025,0.025,0.025,0.07,0.025,0.07
Fruit and vegetable juices and nectars,"Nectar, apricot",0.045,0.05,0.045,0.1,0.07,0.045,0.07
Fruit and vegetable juices and nectars,"Nectar, banana",0.046,0.046,0.046,0.046,0.046,0.046,0.046
Fruit and vegetable juices and nectars,"Nectar, mango",0.045,0.07,0.045,0.07,0.07,0.045,0.07
Fruit and vegetable juices and nectars,"Nectar, orange",,0.04,0.023,0.04,0.07,,0.07
Fruit and vegetable juices and nectars,"Nectar, peach",0.065,,0.065,0.1,0.07,0.065,0.07
Fruit and vegetable juices and nectars,"Nectar, pear",0.058,0.07,0.058,0.1,0.07,0.058,0.07
Fruit and vegetable juices and nectars,"Nectar, pineapple",0.045,0.045,0.045,0.1,0.07,0.045,0.07
Fruit and vegetable juices and nectars,Vegetable juice concentrate,0.408,0.408,0.408,0.408,0.408,0.408,0.408
Grains and grain-based products,Amaranth flour,3.18,3.18,3.18,3.18,3.18,3.18,3.18
Grains and grain-based products,Apple strudel,0.264,0.17,0.264,0.17,0.17,0.264,0.264
Grains and grain-based products,Asian-style noodles other than glass noodles,,,,,1.5,,1.3
Grains and grain-based products,"Asian-style noodles other than glass noodles, PROCESS Cooking in water",,,,,0.6,,0.3
Grains and grain-based products,"Asian-style noodles other than glass noodles, PROCESS Steaming",,,,,0.6,,0.3
Grains and grain-based products,Baklava,0.994,1.12,0.994,1.12,0.4,0.994,0.4
Grains and grain-based products,Barley flour,2.8,2.8,2.8,2.8,2.8,2.8,2.8
Grains and grain-based products,"Barley grain, pearled",2.1,2.1,2.1,2.1,2,2.1,2.1
Grains and grain-based products,"Barley grain, pearled, PROCESS Cooking in water",0.5,0.752,0.752,0.752,0.7,0.5,0.7
Grains and grain-based products,"Barley grain, pearled, PROCESS Steaming",0.5,0.752,0.752,0.752,0.7,0.5,0.7
Grains and grain-based products,Barley porridge,0.3,0.3,0.3,0.3,0.3,0.3,0.3
Grains and grain-based products,"Barley porridge, INGRED Cow milk, skimmed (low fat)",0.3,0.3,0.3,0.3,0.3,0.3,0.3
Grains and grain-based products,"Barley porridge, INGRED Cow milk, whole",0.5,0.5,0.5,0.5,0.5,0.5,0.5
Grains and grain-based products,"Barley porridge, INGRED Tap water",0.4,0.4,0.4,0.4,0.4,0.4,0.4
Grains and grain-based products,Barley rolled grains,2,1.28,1.28,1.28,3.1,2,3.1
Grains and grain-based products,Beignets,0.614,0.6,0.614,0.6,0.6,0.614,0.614
Grains and grain-based products,"Biscuit with inclusions, filling or coating",0.6,0.91,1.887,0.91,0.3,0.6,0.5
Grains and grain-based products,"Biscuits, chocolate",,0.91,2.503,0.8,0.57,,0.8
Grains and grain-based products,"Biscuits, oat meal",1.5,1.567,1.567,1.567,1.3,,1.3
Grains and grain-based products,"Biscuits, sweet, plain",0.4,0.47,2.014,0.47,0.73,0.46,0.73
Grains and grain-based products,"Biscuits, sweet, plain, FORT Combination of vitamin and mineral only supplements",1.9,1.9,1.9,1.9,1.9,1.9,1.9
Grains and grain-based products,"Biscuits, sweet, plain, FORT Vitamin only supplements",1.5,1.5,1.5,1.5,1.5,1.5,1.5
Grains and grain-based products,"Biscuits, sweet, wheat wholemeal",,2.014,2.014,2.014,2.7,0.6,0.5
Grains and grain-based products,Bread and rolls with special ingredients added,1.1,1.08,1.514,1.08,1.88,1.1,0.9
Grains and grain-based products,"Bread and rolls with special ingredients added, FORT Protein and amino acids supplements",1.327,1.327,1.327,1.327,1.327,1.327,1.327
Grains and grain-based products,Bread stuffing,0.5,0.5,0.5,0.5,0.5,0.5,0.5
Grains and grain-based products,Breadcrumbs,1.2,0.76,0.9,0.76,0.9,1.2,1
Grains and grain-based products,Brioche type products,0.814,0.81,0.814,0.81,,0.814,
Grains and grain-based products,Buckwheat flour,2,2.5,2.5,2.6,2,2,2
Grains and grain-based products,Buckwheat groats,2.5,9.215,9.215,9.215,1.1,2.5,2.6
Grains and grain-based products,Buns,,0.17,0.666,0.17,0.64,0.666,0.7
Grains and grain-based products,Butter biscuits,,0.7,0.478,0.7,0.46,0.37,0.46
Grains and grain-based products,"Cake marbled, with chocolate",,0.4,0.942,0.4,0.4,,0.942
Grains and grain-based products,Cereal bars mixed,,1.13,1.211,1.13,1.04,,1.7
Grains and grain-based products,Cereal bars plain,,1.62,1.211,1.62,2.2,,2.2
Grains and grain-based products,Cereal bran,8.62,7.67,8.62,0.99,7.67,8.62,7.67
Grains and grain-based products,Cereals and cereal-like grains not separately listed,2.547,2.547,2.547,2.547,2.547,2.547,2.547
Grains and grain-based products,Chapatti flour,1.3,1.3,1.3,1.3,1.3,1.3,1.3
Grains and grain-based products,Cheese cake,,0.7,0.665,0.7,0.4,1.4,0.4
Grains and grain-based products,Chocolate cake,,0.9,1.148,0.9,0.77,0.51,0.77
Grains and grain-based products,Chocolate cake with fruits,0.524,0.613,0.613,0.613,0.524,0.524,0.613
Grains and grain-based products,Choux pastry doughs,0.572,0.572,0.572,0.572,0.572,0.572,0.572
Grains and grain-based products,"Choux pastry doughs, PROCESS Baking",0.572,1,0.572,0.05,0.572,0.572,0.572
Grains and grain-based products,Common millet and similar-,3.4,2.24,2.24,2.3,1.7,3.4,1.7
Grains and grain-based products,"Common millet and similar-, PROCESS Cooking in water",1.4,1.028,1.028,1.028,0.57,1.4,0.57
Grains and grain-based products,"Common millet and similar-, PROCESS Steaming",1.4,1.028,1.028,1.028,0.57,1.4,0.57
Grains and grain-based products,Common wheat grain,2.8,2.56,2.56,3.1,0.64,2.8,0.64
Grains and grain-based products,Corn chips,1.61,0.774,0.774,0.774,2.46,1.61,1.2
Grains and grain-based products,Corn curls,0.4,0.5,0.748,0.5,0.45,0.1,0.9
Grains and grain-based products,Corn semolina based thick soup,,0.039,0.039,0.5,0.039,,0.039
Grains and grain-based products,Cornmeal porridge,,0.896,0.896,0.5,0.896,,0.896
Grains and grain-based products,"Cornmeal porridge, INGRED Cow milk, whole",0.4,0.4,0.4,0.4,0.4,0.4,0.4
Grains and grain-based products,"Cornmeal porridge, INGRED Tap water",0.896,0.5,0.896,0.5,0.5,0.896,0.896
Grains and grain-based products,Couscous,0.8,0.83,2.051,0.83,0.83,0.8,0.83
Grains and grain-based products,"Couscous, PROCESS Cooking in water",0.4,0.56,1.137,0.56,0.28,0.26,0.28
Grains and grain-based products,"Couscous, PROCESS Steaming",0.4,0.56,1.137,0.56,0.28,0.26,0.28
Grains and grain-based products,Crackers and breadsticks,,0.75,0.939,0.75,0.7,1.54,0.7
Grains and grain-based products,Cream cake,0.4,1,0.467,1,0.56,0.3,0.4
Grains and grain-based products,Cream cheese cake,,0.447,0.447,0.447,0.4,0.447,0.4
Grains and grain-based products,Cream custard cake,0.687,1,0.687,1,0.5,0.687,0.5
Grains and grain-based products,Cream-cheese strudel,0.562,0.562,0.562,0.562,0.562,0.562,0.562
Grains and grain-based products,"Crisp bread, rye wholemeal",,2.319,2.319,2.4,2.5,2.32,3
Grains and grain-based products,"Crisp bread, rye, refined flour",2.58,2.319,2.319,2.319,2.58,2.58,2.319
Grains and grain-based products,"Crisp bread, wheat, refined flour",,,0.987,,1.8,,1.8
Grains and grain-based products,"Crisp bread, wheat, wholemeal",3.6,0.987,0.987,0.987,2.4,2,2.4
Grains and grain-based products,Croissant,,0.662,0.739,0.662,0.69,0.739,0.7
Grains and grain-based products,Croissant from puff pastry,,0.662,0.739,0.9,0.69,,0.7
Grains and grain-based products,"Croissant, filled with chocolate",1.033,0.81,1.033,0.81,0.84,1.033,0.84
Grains and grain-based products,"Croissant, filled with cream",1,1,1,1,1,1,1
Grains and grain-based products,"Croissant, filled with jam",0.8,0.8,0.8,0.8,0.8,0.8,0.8
Grains and grain-based products,Croquembouche,1,1,1,1,1,1,1
Grains and grain-based products,Croutons,,0.7,0.6,0.7,0.48,,0.48
Grains and grain-based products,Doughnuts-berliner,0.5,0.56,0.669,0.56,0.6,0.44,
Grains and grain-based products,Dried egg pasta,,1.208,1.208,1.208,1.208,,1.208
Grains and grain-based products,"Dried egg pasta, PROCESS Baking",1.058,1.058,1.058,1.058,1.058,1.058,1.058
Grains and grain-based products,"Dried egg pasta, PROCESS Cooking in water",,0.48,0.483,0.48,0.9,0.483,0.9
Grains and grain-based products,"Dried egg pasta, PROCESS Steaming",,0.483,0.483,0.483,0.9,0.483,0.9
Grains and grain-based products,"Dumpling, sweet",0.549,0.549,0.549,0.549,0.549,0.549,0.549
Grains and grain-based products,Durum wheat grain,2.56,,2.56,2.9,0.64,2.56,0.64
Grains and grain-based products,"Durum wheat grain, PROCESS Baking",0.917,0.917,0.917,0.917,0.917,0.917,0.917
Grains and grain-based products,"Durum wheat grain, PROCESS Cooking in water",0.917,0.94,0.917,2.9,0.94,0.917,0.917
Grains and grain-based products,"Durum wheat grain, PROCESS Steaming",0.917,0.94,0.917,0.94,0.94,0.917,0.917
Grains and grain-based products,Éclair,0.507,0.482,0.507,0.482,0.41,0.507,0.8
Grains and grain-based products,"Extruded, pressed or puffed bread",,,1.771,,0.7,1.62,0.7
Grains and grain-based products,Flan tart,0.277,0.43,0.277,0.43,0.18,0.277,0.18
Grains and grain-based products,Flour mix (like wheat/rye/barley/oats and other),1.6,1.6,1.6,1.6,1.6,1.6,1.6
Grains and grain-based products,Fresh egg pasta,,1.22,0.744,0.74,1.4,,1.4
Grains and grain-based products,"Fresh egg pasta, PROCESS Baking",1.058,1.058,1.058,1.058,1.058,1.058,1.058
Grains and grain-based products,"Fresh egg pasta, PROCESS Cooking in water",,0.48,0.276,0.48,0.9,,0.8
Grains and grain-based products,"Fresh egg pasta, PROCESS Steaming",,0.483,0.483,0.483,0.9,,0.8
Grains and grain-based products,Fruit cake,,0.52,0.815,0.52,0.34,0.54,0.4
Grains and grain-based products,Fruit pie-tarts,0.297,0.26,0.297,0.26,0.28,0.297,0.2
Grains and grain-based products,Gingerbread,3.02,0.5,3.02,0.5,3.02,3.02,3.02
Grains and grain-based products,"Gingerbread dough, PROCESS Baking",0.5,0.5,0.5,0.5,0.5,0.5,0.5
Grains and grain-based products,"Gluten free bread, brown",,1.605,1.605,1.605,1.605,,1.605
Grains and grain-based products,"Gluten free bread, white",,0.652,0.652,0.652,0.652,,0.652
Grains and grain-based products,Gnocchi,,0.269,0.269,0.269,0.269,,0.269
Grains and grain-based products,"Gnocchi, PROCESS Baking",0.31,0.31,0.31,0.31,0.31,0.31,0.31
Grains and grain-based products,"Gnocchi, PROCESS Cooking in water",0.272,0.5,0.272,0.5,0.5,0.272,0.272
Grains and grain-based products,"Gnocchi, PROCESS Steaming",0.254,0.254,0.254,0.254,0.254,0.254,0.254
Grains and grain-based products,Gougere,0.954,1.98,0.954,1.98,0.75,0.954,0.75
Grains and grain-based products,Graham flour,2.6,2.9,2.6,2.9,2.6,2.6,2.9
Grains and grain-based products,Indian rice grain,5.96,5.96,5.96,5.96,5.96,5.96,5.96
Grains and grain-based products,"Indian rice grain, PROCESS Cooking in water",1.34,2.139,2.139,2.139,2.139,1.34,2.139
Grains and grain-based products,"Indian rice grain, PROCESS Steaming",1.34,2.139,2.139,2.139,2.139,1.34,2.139
Grains and grain-based products,Ingredient rich fine dough without yeast,0.6,0.6,0.6,0.6,0.6,0.6,0.6
Grains and grain-based products,"Ingredient rich fine dough without yeast, PROCESS Baking",0.6,0.66,0.6,0.66,0.66,0.6,0.6
Grains and grain-based products,Kringles,0.688,0.688,0.688,0.688,0.62,0.688,0.62
Grains and grain-based products,Laminated doughs,0.287,0.5,0.287,0.5,0.4,0.287,0.4
Grains and grain-based products,"Laminated doughs, PROCESS Baking",0.287,0.3,0.287,0.3,0.3,0.287,0.287
Grains and grain-based products,Leavened bread doughs-deprecated,0.618,0.618,0.618,0.618,0.618,0.618,0.618
Grains and grain-based products,"Leavened bread doughs-deprecated, PROCESS Baking",,1.27,1.512,1.27,0.6,,0.6
Grains and grain-based products,"Leavened bread doughs-deprecated, PROCESS Cooking in water",0.444,0.444,0.444,0.444,0.444,0.444,0.444
Grains and grain-based products,"Leavened bread doughs-deprecated, PROCESS Steaming",1.713,1.713,1.713,1.713,1.713,1.713,1.713
Grains and grain-based products,Lebkuchen,3.4,1.225,1.225,1.225,3.4,3.4,1.225
Grains and grain-based products,Macaroons,0.76,0.9,0.633,0.9,0.4,0.76,1.1
Grains and grain-based products,Maize flour,0.4,,2.5,2.5,2.5,0.4,2.5
Grains and grain-based products,Maize semolina,0.41,0.41,0.41,0.41,0.41,0.41,0.41
Grains and grain-based products,"Maize semolina, PROCESS Baking",0.53,0.53,0.53,0.53,0.53,0.53,0.53
Grains and grain-based products,"Maize semolina, PROCESS Cooking in water",0.53,0.5,0.53,0.5,0.5,0.53,0.53
Grains and grain-based products,"Maize semolina, PROCESS Steaming",0.53,0.5,0.53,0.5,0.5,0.53,0.53
Grains and grain-based products,Maize starch,,0.6,0.6,0.6,0.3,,0.3
Grains and grain-based products,Marzipan pie,0.94,0.7,0.678,0.7,0.8,0.94,0.8
Grains and grain-based products,Matzo,0.7,0.7,0.7,0.7,0.7,0.7,0.7
Grains and grain-based products,Meringue,0.1,0.13,0.027,0.2,0.1,0.19,0.1
Grains and grain-based products,Meringue tart,,0.17,0.17,0.17,0.51,0.17,0.2
Grains and grain-based products,Millet flour,3.4,1,1,1,1,3.4,1
Grains and grain-based products,Millet groats,2.24,2.24,2.24,2.24,2.24,2.24,2.24
Grains and grain-based products,Millet rolled grains,2.24,2.24,2.24,2.24,2.24,2.24,2.24
Grains and grain-based products,Miscellaneous mixed and processed breakfast cereals-deprecated,13.4,0.77,2.524,0.77,2.4,2.524,13
Grains and grain-based products,Mixed breakfast cereals,2,1.17,2.547,1.17,2,2,2
Grains and grain-based products,Mixed cereal rolled grains,,2.107,2.107,2.107,2.107,,2.107
Grains and grain-based products,Mixed cereal-based snacks,1.55,0.5,0.5,0.5,0.261,1.55,0.6
Grains and grain-based products,Muesli plain,2.5,1.86,3.642,1.86,2.2,2.5,2.3
Grains and grain-based products,Muffins,,1,1.618,1,0.8,,0.8
Grains and grain-based products,Multigrain (not only rye-wheat) bread and rolls,1.2,1.5,1.668,1.5,1.24,1.2,1.24
Grains and grain-based products,"Noodle, rice",0.7,0.74,0.74,0.74,0.74,0.7,0.74
Grains and grain-based products,"Noodle, rice, PROCESS Cooking in water",0.3,0.3,0.3,0.3,0.3,0.3,0.3
Grains and grain-based products,"Noodle, rice, PROCESS Steaming",0.3,0.3,0.3,0.3,0.3,0.3,0.3
Grains and grain-based products,Nut cream cake,,0.723,0.723,0.723,0.51,,0.51
Grains and grain-based products,Oat bran,4.5,3.642,3.642,3.642,3.642,3.1,3.642
Grains and grain-based products,Oat flour,4.5,3.3,3.3,3.3,3.3,4.5,3.3
Grains and grain-based products,Oat groats,2.98,4,4,4,3.3,4,3.3
Grains and grain-based products,Oat high-bran flakes,3.564,3.564,3.564,3.564,3.564,3.564,3.564
Grains and grain-based products,Oat porridge,0.6,0.609,0.609,0.609,0.35,0.6,3.3
Grains and grain-based products,"Oat porridge, INGRED Cow milk, skimmed (low fat)",0.9,0.9,0.9,0.9,0.9,0.9,0.9
Grains and grain-based products,"Oat porridge, INGRED Cow milk, whole",0.9,0.609,0.609,0.609,0.35,0.9,0.8
Grains and grain-based products,"Oat porridge, INGRED Tap water",0.6,0.49,0.865,0.49,0.4,0.6,0.4
Grains and grain-based products,Oat rolled grains,3.2,3.642,3.642,3.642,3.02,3.2,3.3
Grains and grain-based products,"Oat rolled grains, instant",3.642,3.642,3.642,3.642,3.02,3.642,3.3
Grains and grain-based products,Pancakes,,0.623,0.582,0.623,0.73,0.582,0.6
Grains and grain-based products,Pasta flavoured and/or/coloured-deprecated,0.8,3.511,3.511,3.511,3.511,0.8,3.511
Grains and grain-based products,Pasta wholemeal,3.1,3,3,3,3,3.1,3
Grains and grain-based products,"Pasta wholemeal, PROCESS Baking",1.333,1.333,1.333,1.333,1.333,1.333,1.333
Grains and grain-based products,"Pasta wholemeal, PROCESS Cooking in water",,1,1.333,1,1.3,1.333,1.1
Grains and grain-based products,"Pasta wholemeal, PROCESS Steaming",1.1,1.1,1.1,1.1,1.3,1.1,1.1
Grains and grain-based products,"Pasta, gluten free",0.7,0.605,0.605,0.605,0.605,0.7,0.605
Grains and grain-based products,"Pasta, gluten free, PROCESS Cooking in water",,0.224,0.224,0.224,0.224,,0.224
Grains and grain-based products,"Pasta, gluten free, PROCESS Steaming",,0.224,0.224,0.224,0.224,,0.224
Grains and grain-based products,"Pasta, simple-deprecated",1.2,1.5,1.5,1.15,1.5,1.2,1.5
Grains and grain-based products,"Pasta, simple-deprecated, PROCESS Baking",0.6,0.6,0.6,0.6,0.6,0.6,0.6
Grains and grain-based products,"Pasta, simple-deprecated, PROCESS Cooking in water",0.7,0.6,0.6,0.5,0.6,0.7,0.5
Grains and grain-based products,"Pasta, simple-deprecated, PROCESS Steaming",0.6,0.6,0.6,0.5,0.6,0.6,0.6
Grains and grain-based products,Pita bread,0.6,0.67,0.67,0.67,0.5,0.94,0.8
Grains and grain-based products,"Pizza base, cooked",,0.304,0.304,0.31,0.4,,0.4
Grains and grain-based products,"Popcorn (maize, popped)",1.2,3.24,1.667,3.44,0.1,0.1,1.7
Grains and grain-based products,Popcorn kernels,2.48,1.48,1.48,2.21,2.48,2.48,2.48
Grains and grain-based products,Popped cereals,1.1,1.06,2.8,1.06,1,1.1,1
Grains and grain-based products,Pretzels,,0.75,0.804,0.75,0.9,,0.9
Grains and grain-based products,Processed and mixed breakfast cereals,6,2,3.564,2,2,3.564,3.564
Grains and grain-based products,Processed barley-based flakes,1.28,1.28,1.28,1.28,1.28,1.28,1.28
Grains and grain-based products,Processed maize-based flakes,0.3,0.6,0.26,0.28,0.2,0.11,0.2
Grains and grain-based products,Processed mixed cereal-based flakes,1.3,1.5,3.642,1.5,1.5,1.3,3.642
Grains and grain-based products,Processed oat-based flakes,4.5,3.564,3.564,3.564,3.02,4.5,2
Grains and grain-based products,Processed rice-based flakes,,0.95,0.9,0.95,2,1.5,2
Grains and grain-based products,Processed rye-based flakes,2.6,2.48,2.48,2.48,2.6,2.6,2.6
Grains and grain-based products,Processed wheat-based flakes,3.7,1,2.524,1,6,3.7,6
Grains and grain-based products,Profiterole,0.6,0.3,0.6,0.3,0.41,0.6,0.6
Grains and grain-based products,Pumpernickel,1.6,1.713,1.713,1.713,1.49,2.3,1.49
Grains and grain-based products,Pyramid cake,0.955,0.955,0.955,0.955,0.955,0.955,0.955
Grains and grain-based products,Rice chips,,1.03,1.03,1.03,1.2,,1.2
Grains and grain-based products,Rice flour,1.3,0.4,0.4,0.4,1.17,1.3,1.17
Grains and grain-based products,"Rice grain, brown",1.8,1.997,1.997,1.997,0.8,1.8,1.8
Grains and grain-based products,"Rice grain, brown, PROCESS Baking",0.516,0.516,0.516,0.516,0.516,0.516,0.516
Grains and grain-based products,"Rice grain, brown, PROCESS Cooking in water",0.7,0.63,0.715,0.63,0.81,0.8,0.7
Grains and grain-based products,"Rice grain, brown, PROCESS Steaming",0.7,0.63,0.523,0.63,0.81,0.8,0.7
Grains and grain-based products,"Rice grain, long-grain",2,1.05,1.443,1.05,1.8,2,1.8
Grains and grain-based products,"Rice grain, long-grain, PROCESS Cooking in water",0.5,0.26,4.055,0.26,0.75,0.5,0.7
Grains and grain-based products,"Rice grain, long-grain, PROCESS Steaming",0.5,0.26,0.523,0.26,0.75,0.5,0.7
Grains and grain-based products,"Rice grain, mixed",2.4,2.988,2.988,2.988,0.8,2.4,0.8
Grains and grain-based products,"Rice grain, mixed, PROCESS Cooking in water",0.6,1.071,1.071,1.071,0.32,0.6,0.32
Grains and grain-based products,"Rice grain, mixed, PROCESS Steaming",0.6,0.523,0.523,0.523,0.523,0.6,0.523
Grains and grain-based products,"Rice grain, parboiled",2,1.37,1.7,2,1.7,0.8,1.8
Grains and grain-based products,"Rice grain, parboiled, PROCESS Cooking in water",0.1,0.26,0.586,0.26,0.66,0.586,0.7
Grains and grain-based products,"Rice grain, parboiled, PROCESS Steaming",0.586,0.37,0.586,0.37,0.66,0.586,0.7
Grains and grain-based products,"Rice grain, polished",1.3,1.05,1.443,1.3,1.8,1.14,1.3
Grains and grain-based products,Rice porridge,0.46,0.43,0.43,0.43,0.41,0.43,0.41
Grains and grain-based products,"Rice porridge, INGRED Cow milk, skimmed (low fat)",0.5,0.5,0.5,0.5,0.5,0.5,0.5
Grains and grain-based products,"Rice porridge, INGRED Cow milk, whole",0.5,0.43,0.43,0.43,0.41,0.5,0.41
Grains and grain-based products,Rice rolled grains,1.443,1.443,1.443,1.443,1.443,1.443,1.443
Grains and grain-based products,Rice starch,0.1,0.1,0.1,0.1,0.1,0.1,0.1
Grains and grain-based products,"Rice, popped",1.1,1,1.03,1,2,1.1,2
Grains and grain-based products,"Rusk, refined flour",0.98,0.95,0.57,0.95,0.9,0.98,1.1
Grains and grain-based products,"Rusk, wholemeal",1.84,1.5,3.538,1.5,0.1,1.84,1.7
Grains and grain-based products,Rye bran,8,8,8,8,8,8,8
Grains and grain-based products,"Rye bread, refined flour",,1.512,1.512,1.512,1.23,,1.3
Grains and grain-based products,"Rye bread, wholemeal",,1.532,1.532,1.532,1.43,1.55,1.43
Grains and grain-based products,"Rye flour, light",0.89,1.457,1.457,1.457,1.3,0.89,1.3
Grains and grain-based products,"Rye flour, medium",1.9,2.101,2.101,2.4,3,1.9,3
Grains and grain-based products,"Rye flour, wholemeal",3.3,2.76,2.76,,2.8,3.3,3
Grains and grain-based products,Rye groats,3.8,3.204,3.204,3.204,3.204,3.8,3.204
Grains and grain-based products,Rye porridge,0.4,0.4,0.4,0.4,0.4,0.4,0.4
Grains and grain-based products,"Rye porridge, INGRED Cow milk, whole",0.6,0.6,0.6,0.6,0.6,0.6,0.6
Grains and grain-based products,"Rye porridge, INGRED Tap water",0.3,0.3,0.3,0.3,0.3,0.3,0.3
Grains and grain-based products,Rye rolled grains,2.48,2.48,2.48,2.48,2.6,2.48,2.6
Grains and grain-based products,Rye starch,0.2,0.2,0.2,0.2,0.2,0.2,0.2
Grains and grain-based products,"Rye-wheat bread, refined flour",,1.01,1.15,1.01,0.93,1.3,1.15
Grains and grain-based products,"Rye-wheat bread, wholemeal",2.1,2.1,2.1,2.1,1.42,0.74,1.42
Grains and grain-based products,Scones and similar,0.7,0.7,0.7,0.7,0.7,0.7,0.7
Grains and grain-based products,Short pastry dough and similar,0.7,0.493,0.493,0.493,0.4,0.7,0.4
Grains and grain-based products,"Short pastry dough and similar, PROCESS Baking",0.454,0.3,0.454,0.3,0.4,0.454,0.4
Grains and grain-based products,Sorghum flour,1,1,1,1,1,1,1
Grains and grain-based products,Speculaas,0.776,0.776,0.776,0.776,0.5,0.776,0.5
Grains and grain-based products,Spelt flour,0.53,1.547,1.547,1.547,1.547,1.547,1.547
Grains and grain-based products,"Spelt flour, wholemeal",3.363,3.363,3.363,3.363,3.363,3.363,3.363
Grains and grain-based products,Spelt grain,3.65,3.65,3.65,3.65,3.65,3.65,3.65
Grains and grain-based products,"Spelt grain, PROCESS Baking",0.917,0.917,0.917,0.917,0.917,0.917,0.917
Grains and grain-based products,"Spelt grain, PROCESS Cooking in water",0.917,0.917,0.917,0.917,0.917,0.917,0.917
Grains and grain-based products,"Spelt grain, PROCESS Steaming",0.917,0.917,0.917,0.917,0.917,0.917,0.917
Grains and grain-based products,Spelt rolled grains,2.32,3.65,3.65,3.65,2.32,2.32,3.65
Grains and grain-based products,Spice cakes,0.6,0.5,0.778,0.5,0.65,0.6,0.65
Grains and grain-based products,Sponge cake,0.4,0.75,0.406,0.75,0.89,0.4,0.5
Grains and grain-based products,"Sponge cake dough (génoise), PROCESS Baking",0.87,0.75,0.87,0.75,0.89,0.87,0.89
Grains and grain-based products,"Sponge cake dough (génoise), PROCESS Steaming",0.87,0.87,0.87,0.87,0.87,0.87,0.87
Grains and grain-based products,Sponge cake roll,,0.4,0.57,0.71,0.38,0.24,0.7
Grains and grain-based products,"Sticks, salty",,0.7,0.5,1.3,0.9,0.4,0.9
Grains and grain-based products,Sweet almond pastry mass,1.47,1.47,1.47,1.47,1.47,1.47,1.47
Grains and grain-based products,"Sweet almond pastry mass, PROCESS Baking",1.121,1.121,1.121,1.121,1.121,1.121,1.121
Grains and grain-based products,Tortilla,0.5,0.534,0.534,0.534,1.75,0.56,0.5
Grains and grain-based products,Tortilla chips,1.2,1.46,0.774,1.46,2.46,1.3,1.2
Grains and grain-based products,"Unleavened doughs, PROCESS Baking",0.493,0.493,0.493,0.493,0.8,0.493,0.8
Grains and grain-based products,Waffles,,1,0.767,1,0.31,0.767,0.8
Grains and grain-based products,Wheat bran,29,9.215,9.215,0.99,7.67,29,16.2
Grains and grain-based products,Wheat bran rolled flakes,6.8,2,2.56,2,2,6.8,2.56
Grains and grain-based products,"Wheat bread and rolls, brown or wholemeal",1.3,1.23,1.541,1.23,1,,1.3
Grains and grain-based products,"Wheat bread and rolls, white (refined flour)",,0.75,2.56,0.75,0.6,0.78,0.6
Grains and grain-based products,"Wheat bread and rolls, white with maize",,0.89,0.89,0.89,0.89,,0.89
Grains and grain-based products,Wheat flour white,0.8,,0.512,0.512,0.64,0.8,0.6
Grains and grain-based products,"Wheat flour, brown",3.1,3.4,3.4,3.4,2.9,3.1,1.9
Grains and grain-based products,"Wheat flour, durum",4.2,0.512,0.512,0.07,0.64,4.2,0.64
Grains and grain-based products,Wheat germ,17.8,12.3,17.8,1.22,16.87,17.8,17
Grains and grain-based products,Wheat germs rolled flakes,2.26,17.8,17.8,17.8,2.26,2.26,17.8
Grains and grain-based products,Wheat groats,4.2,2.76,2.76,2.76,1.93,4.2,1.93
Grains and grain-based products,Wheat rolled grains,2.56,2.56,2.56,2.56,2.56,2.56,2.56
Grains and grain-based products,Wheat semolina,0.8,3.3,3.3,3.3,0.6,0.8,0.6
Grains and grain-based products,"Wheat semolina porridge, INGRED Cow milk, whole",0.4,0.367,0.367,0.367,0.32,0.4,0.32
Grains and grain-based products,"Wheat semolina porridge, INGRED Tap water",0.4,0.134,0.134,0.134,0.134,0.4,0.134
Grains and grain-based products,"Wheat semolina, PROCESS Cooking in water",0.342,0.342,0.342,0.342,,0.342,
Grains and grain-based products,"Wheat semolina, PROCESS Steaming",0.342,0.342,0.342,0.342,,0.342,
Grains and grain-based products,Wheat starch,0.1,0.1,0.1,0.1,0.1,0.1,0.1
Grains and grain-based products,Wheat wholemeal flour,3.6,3.4,3.4,3.4,2.6,3.6,2.9
Grains and grain-based products,"Wheat, popped",0.96,1.06,2.8,1.06,2.8,0.96,2.8
Grains and grain-based products,Yeast leavened sweet doughs,0.564,0.564,0.564,0.564,0.564,0.564,0.564
Grains and grain-based products,"Yeast leavened sweet doughs, PROCESS Baking",0.564,0.84,0.564,0.84,0.8,0.564,0.8
Human milk,Human milk,0.3,,0.3,,0.3,0.3,
"Legumes, nuts, oilseeds and spices",Allspice fruit,1,1,1,1,1,1,1
"Legumes, nuts, oilseeds and spices",Almonds sweet,3.3,3.29,3.156,2.5,3.1,3.3,3.2
"Legumes, nuts, oilseeds and spices","Almonds sweet, PROCESS Baking",3.3,3.185,3.185,3.185,3.3,3.3,3.3
"Legumes, nuts, oilseeds and spices","Almonds sweet, PROCESS Cooking in water",3.023,3.023,3.023,3.023,3.023,3.023,3.023
"Legumes, nuts, oilseeds and spices","Almonds sweet, PROCESS Steaming",3.023,3.023,3.023,3.023,3.023,3.023,3.023
"Legumes, nuts, oilseeds and spices",Anise seed,5.3,5.3,5.3,5.3,5.3,5.3,5.3
"Legumes, nuts, oilseeds and spices",Azuki beans (dry),,3.29,3.29,5,5,,5
"Legumes, nuts, oilseeds and spices","Azuki beans (dry), PROCESS Baking",3.306,3.306,3.306,3.306,3.306,3.306,3.306
"Legumes, nuts, oilseeds and spices","Azuki beans (dry), PROCESS Cooking in water",1.203,1.203,1.203,1.203,2.3,1.203,2.3
"Legumes, nuts, oilseeds and spices","Azuki beans (dry), PROCESS Steaming",1.203,1.203,1.203,1.203,2.3,1.203,2.3
"Legumes, nuts, oilseeds and spices",Beans (dry) and similar-,2,3.1,3.1,3.4,2,2,3
"Legumes, nuts, oilseeds and spices","Beans (dry) and similar-, PROCESS Baking",1.285,1.285,1.285,1.285,1.285,1.285,1.285
"Legumes, nuts, oilseeds and spices","Beans (dry) and similar-, PROCESS Cooking in water",1.285,0.659,1.285,0.2,1,1.285,1
"Legumes, nuts, oilseeds and spices","Beans (dry) and similar-, PROCESS Steaming",1.285,0.659,1.285,0.2,1,1.285,1
"Legumes, nuts, oilseeds and spices",Beans (fresh seeds without pods) and similar-,0.73,0.73,0.73,0.73,0.9,0.73,0.9
"Legumes, nuts, oilseeds and spices","Beans (fresh seeds without pods) and similar-, PROCESS Cooking in water",0.4,0.436,0.436,0.436,0.7,0.4,0.7
"Legumes, nuts, oilseeds and spices","Beans (fresh seeds without pods) and similar-, PROCESS Steaming",0.4,0.436,0.436,0.436,0.7,0.4,0.7
"Legumes, nuts, oilseeds and spices",Bitter almonds,3.3,3.156,3.156,3.156,3.1,3.3,3.1
"Legumes, nuts, oilseeds and spices",Borage seeds,1,1,1,1,1,1,1
"Legumes, nuts, oilseeds and spices",Borlotti or other common beans (dry),2.78,3.1,3.1,2.9,2,2.78,0.2
"Legumes, nuts, oilseeds and spices","Borlotti or other common beans (dry), PROCESS Baking",1.285,1.285,1.285,1.285,1.285,1.285,1.285
"Legumes, nuts, oilseeds and spices","Borlotti or other common beans (dry), PROCESS Cooking in water",1.4,0.659,1.285,1.2,1,1,0.2
"Legumes, nuts, oilseeds and spices","Borlotti or other common beans (dry), PROCESS Steaming",1.4,0.659,1.285,1.2,1,1,0.2
"Legumes, nuts, oilseeds and spices",Broad beans (dry),0.4,3.1,3.1,3.1,3.1,0.4,3.1
"Legumes, nuts, oilseeds and spices","Broad beans (dry), PROCESS Baking",1.285,1.285,1.285,1.285,1.285,1.285,1.285
"Legumes, nuts, oilseeds and spices","Broad beans (dry), PROCESS Cooking in water",1.285,0.727,1.285,0.727,0.7,1.285,0.7
"Legumes, nuts, oilseeds and spices","Broad beans (dry), PROCESS Steaming",1.285,0.727,1.285,0.727,0.7,1.285,0.7
"Legumes, nuts, oilseeds and spices",Broad beans (without pods),0.73,0.73,0.73,0.73,0.9,0.73,0.9
"Legumes, nuts, oilseeds and spices","Broad beans (without pods), PROCESS Cooking in water",0.436,0.436,0.436,0.436,0.7,0.436,0.7
"Legumes, nuts, oilseeds and spices","Broad beans (without pods), PROCESS Steaming",0.436,0.436,0.436,0.436,0.7,0.436,0.7
"Legumes, nuts, oilseeds and spices",Canned or jarred chickpea,5,0.5,0.847,1.03,5,5,0.8
"Legumes, nuts, oilseeds and spices",Canned or jarred common beans,0.3,1.12,0.748,0.8,0.56,0.3,0.7
"Legumes, nuts, oilseeds and spices",Canned or jarred lentils,0.893,0.6,0.893,0.8,0.6,0.893,0.893
"Legumes, nuts, oilseeds and spices",Canned or jarred peas,0.71,0.63,0.65,0.63,0.95,0.65,0.6
"Legumes, nuts, oilseeds and spices",Capers buds,,0.26,,0.2,0.32,,0.32
"Legumes, nuts, oilseeds and spices",Caraway fruit,5.5,4.8,5.2,4.8,5.2,5.2,5.2
"Legumes, nuts, oilseeds and spices",Cardamom fruit,2.6,2.6,2.6,2.6,2.6,2.6,2.6
"Legumes, nuts, oilseeds and spices",Cashew nuts,5.6,5.15,5.15,6,5.8,5.6,5.9
"Legumes, nuts, oilseeds and spices","Cashew nuts, PROCESS Baking",5.6,4.75,4.75,4.75,5.7,5.6,5.7
"Legumes, nuts, oilseeds and spices","Cashew nuts, PROCESS Cooking in water",4.753,4.753,4.753,4.753,4.753,4.753,4.753
"Legumes, nuts, oilseeds and spices","Cashew nuts, PROCESS Steaming",5.161,5.161,5.161,5.161,5.161,5.161,5.161
"Legumes, nuts, oilseeds and spices",Cassia buds,2,2,2,2,2,2,2
"Legumes, nuts, oilseeds and spices",Chestnut puree (castanea vulgaris),0.308,0.262,0.308,0.262,0.262,0.308,0.308
"Legumes, nuts, oilseeds and spices",Chestnuts,2,0.5,0.5,0.5,0.5,2,0.5
"Legumes, nuts, oilseeds and spices","Chestnuts, PROCESS Baking",0.6,0.57,0.6,0.57,0.57,0.6,0.57
"Legumes, nuts, oilseeds and spices","Chestnuts, PROCESS Cooking in water",0.472,0.295,0.472,0.295,0.295,0.472,0.472
"Legumes, nuts, oilseeds and spices","Chestnuts, PROCESS Steaming",0.472,0.472,0.472,0.472,0.472,0.472,0.472
"Legumes, nuts, oilseeds and spices",Chickpea flour,2.373,2.373,2.373,3.3,3.1,2.373,3.1
"Legumes, nuts, oilseeds and spices",Chickpeas (dry),1,3.35,3.35,3.2,1,1,3
"Legumes, nuts, oilseeds and spices","Chickpeas (dry), PROCESS Cooking in water",1.5,1.15,1.391,1.7,1.7,1.06,1.2
"Legumes, nuts, oilseeds and spices","Chickpeas (dry), PROCESS Steaming",1.5,1.15,1.391,1.7,1.7,1.5,1.2
"Legumes, nuts, oilseeds and spices",Cinnamon bark and similar-,1.83,1.97,1.97,2,1.97,1.83,2
"Legumes, nuts, oilseeds and spices",Cloves buds,2.2,2.2,2.2,2.2,2.2,2.2,2.2
"Legumes, nuts, oilseeds and spices",Coconut milk (cocos nucifera) liquid,0.6,0.6,0.1,0.6,0.56,,0.1
"Legumes, nuts, oilseeds and spices",Coconuts,0.5,0.8,0.785,0.5,1.1,0.5,0.5
"Legumes, nuts, oilseeds and spices","Coconuts, PROCESS Drying (dehydration)",0.9,1.25,1.46,1.25,0.9,2,0.9
"Legumes, nuts, oilseeds and spices",Coriander seed,4.7,4.7,4.7,4.7,4.7,4.7,4.7
"Legumes, nuts, oilseeds and spices",Cumin seed,4.2,4.8,4.2,4.8,4.2,4.2,4.2
"Legumes, nuts, oilseeds and spices",Dill seed,4.5,4.5,4.5,4.5,4.5,4.5,4.5
"Legumes, nuts, oilseeds and spices",Fennel seed,3.7,3.7,3.7,3.7,3.7,3.7,3.7
"Legumes, nuts, oilseeds and spices",Fenugreek seed,2.5,2.5,2.5,2.5,6.9,2.5,6.9
"Legumes, nuts, oilseeds and spices",Garden peas (dry),3.8,3.8,3.8,3.8,3.5,3.8,3.7
"Legumes, nuts, oilseeds and spices","Garden peas (dry), PROCESS Cooking in water",,0.979,1.937,0.979,1.4,,1
"Legumes, nuts, oilseeds and spices","Garden peas (dry), PROCESS Steaming",,0.979,1.937,0.979,1.4,,1
"Legumes, nuts, oilseeds and spices",Ginger roots,,4.72,1.2,4.72,2.3,,0.4
"Legumes, nuts, oilseeds and spices",Hazelnuts,2,2.29,2.08,2,2.1,2,2.1
"Legumes, nuts, oilseeds and spices","Hazelnuts, PROCESS Baking",2,2.098,2.098,2.098,2.098,2,2.098
"Legumes, nuts, oilseeds and spices","Hazelnuts, PROCESS Cooking in water",1.902,1.902,1.902,1.902,1.902,1.902,1.902
"Legumes, nuts, oilseeds and spices","Hazelnuts, PROCESS Steaming",1.902,1.902,1.902,1.902,1.902,1.902,1.902
"Legumes, nuts, oilseeds and spices",Juniper berry,5.2,5.2,5.2,5.2,5.2,5.2,5.2
"Legumes, nuts, oilseeds and spices",Kidney bean (dry seeds),3,,3.29,3.6,3,3.29,3
"Legumes, nuts, oilseeds and spices","Kidney bean (dry seeds), PROCESS Baking",3.306,3.306,3.306,3.306,3.306,3.306,3.306
"Legumes, nuts, oilseeds and spices","Kidney bean (dry seeds), PROCESS Cooking in water",0.88,,1.203,1.54,1,0.88,1
"Legumes, nuts, oilseeds and spices","Kidney bean (dry seeds), PROCESS Steaming",1,,1.203,1.54,1,1.203,1
"Legumes, nuts, oilseeds and spices",Lentils (dry),3.9,3.583,3.583,2.9,3.9,1.5,3.9
"Legumes, nuts, oilseeds and spices","Lentils (dry), PROCESS Cooking in water",1.39,1.03,1.442,1.1,1.4,1.39,1.4
"Legumes, nuts, oilseeds and spices","Lentils (dry), PROCESS Steaming",1.39,1.03,1.442,1.1,1.4,1.39,1.4
"Legumes, nuts, oilseeds and spices",Lentils (without pods),,3.583,3.583,2.9,,,3.583
"Legumes, nuts, oilseeds and spices","Lentils (without pods), PROCESS Cooking in water",1.4,1.442,1.442,1.1,1.442,1.442,1.442
"Legumes, nuts, oilseeds and spices","Lentils (without pods), PROCESS Steaming",1.442,1.442,1.442,1.1,1.442,1.442,1.442
"Legumes, nuts, oilseeds and spices",Lima beans (without pods),0.5,0.5,0.5,0.5,2.8,0.5,2.8
"Legumes, nuts, oilseeds and spices","Lima beans (without pods), PROCESS Cooking in water",0.486,0.486,0.486,0.486,0.9,0.486,0.9
"Legumes, nuts, oilseeds and spices","Lima beans (without pods), PROCESS Steaming",0.486,0.486,0.486,0.486,0.9,0.486,0.9
"Legumes, nuts, oilseeds and spices",Linseeds,4.3,4.17,4.17,4.17,7.8,7.8,7.8
"Legumes, nuts, oilseeds and spices",Liquorice roots,0.34,4.35,4.35,4.35,0.34,0.34,4.35
"Legumes, nuts, oilseeds and spices",Macadamias,,1.3,1.4,1,1.29,,1.1
"Legumes, nuts, oilseeds and spices",Mace aril,2.3,2.3,2.3,2.3,2.3,2.3,2.3
"Legumes, nuts, oilseeds and spices",Mung beans (dry),2.68,1.845,1.845,2.7,2.68,2.68,2.7
"Legumes, nuts, oilseeds and spices","Mung beans (dry), PROCESS Cooking in water",0.8,1.212,1.212,1.212,0.9,0.8,0.9
"Legumes, nuts, oilseeds and spices","Mung beans (dry), PROCESS Steaming",0.8,1.212,1.212,1.212,0.9,0.8,0.9
"Legumes, nuts, oilseeds and spices",Mustard seeds and similar-,4.7,4.7,4.7,4.7,4.7,4.7,4.7
"Legumes, nuts, oilseeds and spices",Navy beans (dry seeds),2.635,2.635,2.635,2.635,2.8,2.635,2.8
"Legumes, nuts, oilseeds and spices","Navy beans (dry seeds), PROCESS Cooking in water",1.096,0.659,1.096,0.659,1,1.096,1
"Legumes, nuts, oilseeds and spices","Navy beans (dry seeds), PROCESS Steaming",1.096,0.659,1.096,0.659,1,1.096,1
"Legumes, nuts, oilseeds and spices",Nutmeg seed,2.15,2.2,2.2,2.2,2.15,2.15,2.2
"Legumes, nuts, oilseeds and spices","Olives, processed",0.13,0.112,0.112,0.112,0.22,0.13,0.22
"Legumes, nuts, oilseeds and spices",Paprika powder,4.1,4.1,4.1,4.1,4.1,4.1,4.1
"Legumes, nuts, oilseeds and spices",Peanut butter,2.9,2.96,3,2.96,2.28,2.9,3
"Legumes, nuts, oilseeds and spices",Peanuts,3.1,3.27,2.829,3.27,3.1,3.1,3.5
"Legumes, nuts, oilseeds and spices","Peanuts, PROCESS Baking",3.697,2.92,3.697,3.5,3.3,3.697,3.3
"Legumes, nuts, oilseeds and spices","Peanuts, PROCESS Cooking in water",2.589,2.589,2.589,2.589,2.589,2.589,2.589
"Legumes, nuts, oilseeds and spices","Peanuts, PROCESS Steaming",2.589,2.589,2.589,2.589,2.589,2.589,2.589
"Legumes, nuts, oilseeds and spices",Peas (without pods) and similar-,0.8,0.962,0.962,0.962,1.1,0.8,1.1
"Legumes, nuts, oilseeds and spices","Peas (without pods) and similar-, PROCESS Baking",1.039,1.039,1.039,1.039,1.039,1.039,1.039
"Legumes, nuts, oilseeds and spices","Peas (without pods) and similar-, PROCESS Cooking in water",0.7,0.51,0.845,0.51,1,0.7,1
"Legumes, nuts, oilseeds and spices","Peas (without pods) and similar-, PROCESS Steaming",0.949,0.51,0.949,0.51,1,0.949,1
"Legumes, nuts, oilseeds and spices",Pecans,,4.53,3.87,5,5.3,5.5,5.3
"Legumes, nuts, oilseeds and spices","Peppercorn (black, green and white) and similar-",1.422,1.42,1.22,1.42,1.4,1.422,1.4
"Legumes, nuts, oilseeds and spices","Peppers, dried",2.48,2.48,2.48,2.48,2.48,2.48,2.48
"Legumes, nuts, oilseeds and spices",Pine nut kernels and similar-,6.45,5.35,4.25,5.35,4.25,6.45,6.5
"Legumes, nuts, oilseeds and spices","Pine nut kernels and similar-, PROCESS Baking",4.255,4.255,4.255,4.255,4.25,4.255,4.25
"Legumes, nuts, oilseeds and spices","Pine nut kernels and similar-, PROCESS Cooking in water",4.307,4.307,4.307,4.307,4.307,4.307,4.307
"Legumes, nuts, oilseeds and spices","Pine nut kernels and similar-, PROCESS Steaming",4.307,4.307,4.307,4.307,4.307,4.307,4.307
"Legumes, nuts, oilseeds and spices",Pistachios,,3.34,3.34,2.37,2.2,,3.34
"Legumes, nuts, oilseeds and spices","Pistachios, PROCESS Baking",1.3,2.2,1.78,2.2,2.9,1.3,2.2
"Legumes, nuts, oilseeds and spices","Pistachios, PROCESS Cooking in water",3.065,3.065,3.065,3.065,3.065,3.065,3.065
"Legumes, nuts, oilseeds and spices","Pistachios, PROCESS Steaming",3.065,3.065,3.065,3.065,3.065,3.065,3.065
"Legumes, nuts, oilseeds and spices",Poppy seeds,10.2,5.952,5.952,5.952,4.94,10.2,8.5
"Legumes, nuts, oilseeds and spices","Poppy seeds, PROCESS Baking",4.94,4.94,4.94,4.94,4.94,4.94,4.94
"Legumes, nuts, oilseeds and spices",Pumpkin seeds,6.15,6.15,6.15,6.15,6.6,6.15,6.6
"Legumes, nuts, oilseeds and spices","Pumpkin seeds, PROCESS Baking",7.5,6.157,6.157,6.157,7.94,7.5,7.94
"Legumes, nuts, oilseeds and spices","Pumpkin seeds, PROCESS Cooking in water",5.622,5.622,5.622,5.622,5.622,5.622,5.622
"Legumes, nuts, oilseeds and spices","Pumpkin seeds, PROCESS Steaming",5.622,5.622,5.622,5.622,5.622,5.622,5.622
"Legumes, nuts, oilseeds and spices",Saffron,2,2,2,1.1,2,2,2
"Legumes, nuts, oilseeds and spices",Sesame paste (tahini) (sesamus indicum),,4.64,4.64,4.64,5.4,,5.4
"Legumes, nuts, oilseeds and spices",Sesame seeds,,6.41,7.775,6.41,5.4,,5.3
"Legumes, nuts, oilseeds and spices","Sesame seeds, PROCESS Baking",5.3,7.075,7.075,7.075,7.075,5.3,7.075
"Legumes, nuts, oilseeds and spices",Soya proteins,3.9,4.9,4.9,4.9,3.9,3.9,3.9
"Legumes, nuts, oilseeds and spices",Sunflower seeds,5.1,5.06,5.76,5.1,5.4,5.1,5.1
"Legumes, nuts, oilseeds and spices","Sunflower seeds, PROCESS Baking",5.1,5.244,5.244,5.244,5.3,5.1,5.3
"Legumes, nuts, oilseeds and spices","Sunflower seeds, PROCESS Cooking in water",5.368,5.368,5.368,5.368,5.368,5.368,5.368
"Legumes, nuts, oilseeds and spices","Sunflower seeds, PROCESS Steaming",5.368,5.368,5.368,5.368,5.368,5.368,5.368
"Legumes, nuts, oilseeds and spices",Table olives and similar-,0.12,0.15,0.15,0.15,0.12,0.12,0.15
"Legumes, nuts, oilseeds and spices",Table olives ready for consumption,0.2,0.13,0.134,0.13,0.22,,0.22
"Legumes, nuts, oilseeds and spices",Turmeric roots,4.35,4.35,4.35,4.35,3.2,4.35,3.2
"Legumes, nuts, oilseeds and spices",Vanilla,1.97,1.97,1.97,1.97,1.97,1.97,1.97
"Legumes, nuts, oilseeds and spices",Walnuts,2,2.53,2.64,2.7,3.4,3,2.7
Meat and meat products,Bacon,1.7,1.957,1.957,1,1,1.7,1.2
Meat and meat products,"Bacon, PROCESS Baking",1.7,2.126,2.126,2.126,1.7,1.7,1.7
Meat and meat products,"Bacon, PROCESS Cooking in water",2.663,,2.663,,,2.663,2.663
Meat and meat products,"Bacon, PROCESS Frying",2.3,,0.59,,0.59,2.3,2.3
Meat and meat products,"Bacon, PROCESS Steaming",2.663,,2.663,,,2.663,2.663
Meat and meat products,Beef kidney,1.947,1.947,1.947,2.6,1.9,1.947,1.9
Meat and meat products,"Beef kidney, PROCESS Baking",1.7,4.2,1.982,4.2,1.7,1.7,1.982
Meat and meat products,"Beef kidney, PROCESS Cooking in water",3.3,4.2,3,4.2,3,3.3,3
Meat and meat products,"Beef kidney, PROCESS Frying",2.6,,,,2.6,,
Meat and meat products,"Beef kidney, PROCESS Steaming",3.3,3.1,3,3.1,3,3.3,3
Meat and meat products,Beef liver,4.5,4.816,4.816,6,4.1,4.5,14.2
Meat and meat products,"Beef liver, PROCESS Baking",3.7,5.29,5.29,5.29,3.7,3.7,5.29
Meat and meat products,"Beef liver, PROCESS Cooking in water",5.344,5.344,5.344,5.344,,5.344,
Meat and meat products,"Beef liver, PROCESS Frying",15.9,15.9,15.9,15.9,5.49,15.9,15.9
Meat and meat products,"Beef liver, PROCESS Steaming",5.344,5.344,5.344,5.344,,5.344,
Meat and meat products,"Beerwurst, PROCESS Baking",2.238,2.238,2.238,2.238,2.238,2.238,2.238
Meat and meat products,"Beerwurst, PROCESS Cooking in water",2.238,2.238,2.238,2.238,2.238,2.238,2.238
Meat and meat products,"Beerwurst, PROCESS Steaming",2.238,2.238,2.238,2.238,2.238,2.238,2.238
Meat and meat products,Blood-type sausage,1.8,0.7,0.814,0.7,0.7,0.9,0.7
Meat and meat products,"Blood-type sausage, QUAL Low fat (naturally or reduced)",1.126,1.126,1.126,1.126,1.126,1.126,1.126
Meat and meat products,"Bockwurst, PROCESS Baking",1.578,1.578,1.578,1.578,1.578,1.578,1.578
Meat and meat products,"Bockwurst, PROCESS Cooking in water",1.578,1.578,1.578,1.578,1.578,1.578,1.578
Meat and meat products,"Bockwurst, PROCESS Steaming",1.578,1.578,1.578,1.578,1.578,1.578,1.578
Meat and meat products,"Bockwurst, QUAL Low fat (naturally or reduced), PROCESS Baking",1.857,1.857,1.857,1.857,1.857,1.857,1.857
Meat and meat products,"Bockwurst, QUAL Low fat (naturally or reduced), PROCESS Cooking in water",1.857,1.857,1.857,1.857,1.857,1.857,1.857
Meat and meat products,"Bockwurst, QUAL Low fat (naturally or reduced), PROCESS Steaming",1.857,1.857,1.857,1.857,1.857,1.857,1.857
Meat and meat products,"Bologna-type sausage, PROCESS Baking",1.688,1.688,1.688,1.688,1.688,1.688,1.688
Meat and meat products,"Bologna-type sausage, PROCESS Cooking in water",3.4,2.044,2.044,2.044,1.7,3.4,1.2
Meat and meat products,"Bologna-type sausage, PROCESS Steaming",3.4,2.044,2.044,2.044,1.7,3.4,1.2
Meat and meat products,"Bologna-type sausage, QUAL Low fat (naturally or reduced), PROCESS Cooking in water",1.7,1.7,1.7,1.7,1.7,1.7,1.7
Meat and meat products,"Bologna-type sausage, QUAL Low fat (naturally or reduced), PROCESS Steaming",1.7,1.7,1.7,1.7,1.7,1.7,1.7
Meat and meat products,"Bologna-type sausage, QUAL Low sodium / reduced salt, PROCESS Cooking in water",4,4,4,4,4,4,4
Meat and meat products,"Bologna-type sausage, QUAL Low sodium / reduced salt, PROCESS Steaming",4,4,4,4,4,4,4
Meat and meat products,Bovine and pig fresh meat,3,3.823,3.823,3.823,3.22,3,3.22
Meat and meat products,"Bovine and pig fresh meat, PROCESS Baking",4.259,4.259,4.259,4.259,4.259,4.259,4.259
Meat and meat products,"Bovine and pig fresh meat, PROCESS Cooking in water",5.267,5.267,5.267,5.267,5.267,5.267,5.267
Meat and meat products,"Bovine and pig fresh meat, PROCESS Frying",5.168,5.168,5.168,5.168,5.24,5.168,5.24
Meat and meat products,"Bovine and pig fresh meat, PROCESS Steaming",5.267,5.267,5.267,5.267,5.267,5.267,5.267
Meat and meat products,"Bovine and pig fresh meat, QUAL Half fat or medium fat, PROCESS Frying",3.9,3.9,3.9,3.9,3.9,3.9,3.9
Meat and meat products,Bovine fresh meat,4.31,3.6,4.989,3.3,4.88,4.989,4.1
Meat and meat products,"Bovine fresh meat, PROCESS Baking",,5.42,4.704,5.42,3.6,,7.4
Meat and meat products,"Bovine fresh meat, PROCESS Cooking in water",,,6.035,,6.6,,6.6
Meat and meat products,"Bovine fresh meat, PROCESS Frying",4.4,7.385,7.385,7.385,6.27,4.4,5.1
Meat and meat products,"Bovine fresh meat, PROCESS Steaming",,6.035,6.035,6.035,6.6,,6.6
Meat and meat products,Bovine heart,1.4,1.35,1.35,1.35,1.4,1.4,1.8
Meat and meat products,"Bovine heart, PROCESS Baking",1.372,2.87,1.372,2.87,2.87,1.372,1.372
Meat and meat products,"Bovine heart, PROCESS Cooking in water",1.372,2.87,1.372,2.87,3.3,1.372,3.3
Meat and meat products,"Bovine heart, PROCESS Frying",1.372,1.372,1.372,1.372,1.372,1.372,1.372
Meat and meat products,"Bovine heart, PROCESS Steaming",1.372,2.87,1.372,2.87,3.3,1.372,3.3
Meat and meat products,Bovine marrowbone,0.2,0.2,0.2,1.02,0.2,0.2,0.2
Meat and meat products,"Bovine meat, dried",,15.552,15.552,15.552,15.552,,15.552
Meat and meat products,"Bovine meat, dried, PROCESS Cooking in water",6.4,6.4,6.4,6.4,6.4,6.4,6.4
Meat and meat products,"Bovine meat, dried, PROCESS Steaming",6.4,6.4,6.4,6.4,6.4,6.4,6.4
Meat and meat products,Bovine stomach,2.47,2.47,2.47,2.47,2.47,2.47,2.47
Meat and meat products,"Bovine stomach, PROCESS Baking",2.534,2.534,2.534,2.534,2.534,2.534,2.534
Meat and meat products,"Bovine stomach, PROCESS Cooking in water",2.534,2.534,2.534,2.534,2.534,2.534,2.534
Meat and meat products,"Bovine stomach, PROCESS Frying",2.534,2.534,2.534,2.534,2.534,2.534,2.534
Meat and meat products,"Bovine stomach, PROCESS Steaming",2.534,2.534,2.534,2.534,2.534,2.534,2.534
Meat and meat products,Bovine tail,3.9,3.9,3.9,3.9,5.6,3.9,5.6
Meat and meat products,"Bovine tail, PROCESS Cooking in water",5.053,5.053,5.053,5.053,8.8,5.053,8.8
Meat and meat products,"Bovine tail, PROCESS Frying",5.105,5.105,5.105,5.105,5.105,5.105,5.105
Meat and meat products,"Bovine tail, PROCESS Steaming",5.053,5.053,5.053,5.053,8.8,5.053,8.8
Meat and meat products,Bovine tongue,3.2,3.15,3.15,3.15,3.4,3.2,3.4
Meat and meat products,"Bovine tongue, PROCESS Baking",3.007,2.2,3.007,2.2,2.2,3.007,3.007
Meat and meat products,"Bovine tongue, PROCESS Cooking in water",4.6,2.2,3.007,2.2,3.8,4.6,3.8
Meat and meat products,"Bovine tongue, PROCESS Frying",3.007,2.2,3.007,2.2,2.2,3.007,3.007
Meat and meat products,"Bovine tongue, PROCESS Steaming",4.6,2.2,3.007,2.2,3.8,4.6,3.8
Meat and meat products,Breakfast-type sausage,1.05,1.713,1.713,1.713,1.05,1.05,0.9
Meat and meat products,"Breakfast-type sausage, PROCESS Baking",1.845,1.845,1.845,1.845,1.4,1.845,1.4
Meat and meat products,"Breakfast-type sausage, PROCESS Cooking in water",1.87,1.845,1.845,1.845,1.845,1.845,1.845
Meat and meat products,"Breakfast-type sausage, PROCESS Frying",1.1,1.1,1.1,1.1,1.1,1.1,1.1
Meat and meat products,"Breakfast-type sausage, PROCESS Steaming",1.845,1.845,1.845,1.845,1.845,1.845,1.845
Meat and meat products,Canned meat,3.6,3.808,3.808,3.64,1.4,3.6,1.4
Meat and meat products,"Cervelat (swiss type), PROCESS Baking",1.578,1.578,1.578,1.578,1.578,1.578,1.578
Meat and meat products,"Cervelat (swiss type), PROCESS Cooking in water",1.1,1.578,1.578,1.578,1.1,1.1,1.578
Meat and meat products,"Cervelat (swiss type), PROCESS Steaming",1.1,1.578,1.578,1.578,1.1,1.1,1.578
Meat and meat products,"Cervelat (swiss type), QUAL Low fat (naturally or reduced), PROCESS Baking",1.857,1.857,1.857,1.857,1.857,1.857,1.857
Meat and meat products,"Cervelat (swiss type), QUAL Low fat (naturally or reduced), PROCESS Cooking in water",1.857,1.857,1.857,1.857,1.857,1.857,1.857
Meat and meat products,"Cervelat (swiss type), QUAL Low fat (naturally or reduced), PROCESS Steaming",1.857,1.857,1.857,1.857,1.857,1.857,1.857
Meat and meat products,Chicken fresh meat,1.3,0.986,0.97,0.67,0.65,1.3,0.7
Meat and meat products,"Chicken fresh meat, PROCESS Baking",1.6,2.16,1.168,2.16,1.5,1.6,1.5
Meat and meat products,"Chicken fresh meat, PROCESS Cooking in water",,2.06,1.106,2.06,1.8,1.106,1.8
Meat and meat products,"Chicken fresh meat, PROCESS Frying",1.4,0.867,1.94,0.98,0.74,,0.8
Meat and meat products,"Chicken fresh meat, PROCESS Steaming",,0.867,1.106,0.867,1.8,1.8,1.8
Meat and meat products,Chicken liver,4.5,3.34,3.34,3.34,3.19,4.5,3.7
Meat and meat products,"Chicken liver, PROCESS Baking",3.368,3.32,3.368,3.32,3.32,3.368,3.368
Meat and meat products,"Chicken liver, PROCESS Cooking in water",3.706,3.706,3.706,3.706,3.706,3.706,3.706
Meat and meat products,"Chicken liver, PROCESS Frying",3.368,3.368,3.368,3.368,3.8,3.368,3.8
Meat and meat products,"Chicken liver, PROCESS Steaming",3.706,3.32,3.706,3.32,3.32,3.706,3.706
Meat and meat products,"Chicken, other organs (edible offal non-muscle)",6.59,3.34,3.34,3.34,6.59,6.59,2.8
Meat and meat products,"Chicken, other organs (edible offal non-muscle), PROCESS Baking",3.368,3.368,3.368,3.368,3.368,3.368,3.368
Meat and meat products,"Chicken, other organs (edible offal non-muscle), PROCESS Cooking in water",3.368,3.368,3.368,3.368,3.5,3.368,3.5
Meat and meat products,"Chicken, other organs (edible offal non-muscle), PROCESS Steaming",3.368,3.368,3.368,3.368,3.5,3.368,3.5
Meat and meat products,Chorizo and similar,,2.3,2.142,2.3,2.34,2.11,2.34
Meat and meat products,"Chorizo and similar, QUAL Low fat (naturally or reduced)",2.01,2.528,2.528,2.528,2.528,2.01,2.528
Meat and meat products,Cooked bovine tongue,3.007,2.2,3.007,2.2,2.3,3.007,2.3
Meat and meat products,"Cooked bratwurst-type sausage, PROCESS Baking",1.952,1.952,1.952,1.952,2.3,1.952,2.3
Meat and meat products,"Cooked bratwurst-type sausage, PROCESS Cooking in water",,1.952,1.952,1.952,1.952,,1.952
Meat and meat products,"Cooked bratwurst-type sausage, PROCESS Steaming",1.952,1.952,1.952,1.952,1.952,1.952,1.952
Meat and meat products,"Cooked bratwurst-type sausage, QUAL Low fat (naturally or reduced), PROCESS Baking",1.763,1.763,1.763,1.763,1.763,1.763,1.763
Meat and meat products,"Cooked bratwurst-type sausage, QUAL Low fat (naturally or reduced), PROCESS Cooking in water",1.763,1.763,1.763,1.763,1.763,1.763,1.763
Meat and meat products,"Cooked bratwurst-type sausage, QUAL Low fat (naturally or reduced), PROCESS Steaming",1.763,1.763,1.763,1.763,1.763,1.763,1.763
Meat and meat products,Cooked other poultry meat,,0.8,0.8,0.8,0.8,,0.8
Meat and meat products,Cooked pork ham,,1.38,2.47,2.6,2.2,3,1.8
Meat and meat products,Cooked pork tongue,2.6,2.514,2.514,2.514,2.6,2.6,2.514
Meat and meat products,"Cooked sausages (generic), QUAL Low fat (naturally or reduced)",1.857,1.857,1.857,1.857,1.34,1.857,1.2
Meat and meat products,"Cooked sausages (generic), QUAL Low sodium / reduced salt",1.197,1.197,1.197,1.197,1.197,1.197,1.197
Meat and meat products,Cooked turkey meat,2.4,3.08,2.897,3.08,1.1,2.4,1.1
Meat and meat products,"Corned beef, uncooked",,4,4,2.98,,,4
Meat and meat products,"Corned beef, uncooked, PROCESS Baking",5.434,5.434,5.434,5.434,5.434,5.434,5.434
Meat and meat products,"Corned beef, uncooked, PROCESS Cooking in water",5.434,5.434,5.434,5.434,5.5,5.434,5.5
Meat and meat products,"Corned beef, uncooked, PROCESS Frying",5.434,5.434,5.434,5.434,5.434,5.434,5.434
Meat and meat products,"Corned beef, uncooked, PROCESS Steaming",5.434,5.434,5.434,5.434,5.5,5.434,5.5
Meat and meat products,"Corned pork meat, cooked",1.39,1.39,1.39,1.39,1.39,1.39,1.39
Meat and meat products,"Corned pork, uncooked, PROCESS Baking",4.928,4.928,4.928,4.928,4.928,4.928,4.928
Meat and meat products,"Corned pork, uncooked, PROCESS Cooking in water",4.928,4.928,4.928,4.928,4.928,4.928,4.928
Meat and meat products,"Corned pork, uncooked, PROCESS Steaming",4.928,4.928,4.928,4.928,4.928,4.928,4.928
Meat and meat products,Cured pork fat,3.6,3.6,3.6,3.6,3.6,3.6,3.6
Meat and meat products,Cured seasoned poultry meat,1.801,1.801,1.801,1.801,1.801,1.801,1.801
Meat and meat products,"Cured seasoned poultry meat, PROCESS Baking",1.978,1.978,1.978,1.978,1.77,1.978,1.77
Meat and meat products,"Cured seasoned poultry meat, PROCESS Cooking in water",1.978,1.978,1.978,1.978,1.978,1.978,1.978
Meat and meat products,"Cured seasoned poultry meat, PROCESS Steaming",1.978,1.978,1.978,1.978,1.978,1.978,1.978
Meat and meat products,"Deer, fallow fresh meat",3.21,3.21,3.21,2.7,2.4,3.21,2.4
Meat and meat products,"Deer, fallow fresh meat, PROCESS Baking",4.708,4.708,4.708,4.708,4.708,4.708,4.708
Meat and meat products,"Deer, fallow fresh meat, PROCESS Cooking in water",3.554,3.554,3.554,3.554,3.554,3.554,3.554
Meat and meat products,"Deer, fallow fresh meat, PROCESS Steaming",3.554,3.554,3.554,3.554,3.554,3.554,3.554
Meat and meat products,"Deer, red fresh meat",6.87,3.21,3.21,3.21,2.4,6.87,2.4
Meat and meat products,"Deer, red fresh meat, PROCESS Baking",,2.75,4.708,2.75,2.75,,4.708
Meat and meat products,"Deer, red fresh meat, PROCESS Cooking in water",,3.554,3.554,3.554,3.554,,3.554
Meat and meat products,"Deer, red fresh meat, PROCESS Steaming",,3.554,3.554,3.554,3.554,,3.554
Meat and meat products,Dry and fermented sausages-deprecated,2.3,2.65,2.074,2.65,2.34,2.074,3
Meat and meat products,"Dry and fermented sausages-deprecated, QUAL Low fat (naturally or reduced)",2.69,2.69,2.69,2.69,2.69,2.69,2.69
Meat and meat products,Duck fresh meat,1.84,2.1,1.84,1.9,1.3,1.84,1.3
Meat and meat products,"Duck fresh meat, PROCESS Baking",,2.6,2.634,2.6,2.34,,2.2
Meat and meat products,"Duck fresh meat, PROCESS Cooking in water",,2.245,2.245,2.245,2.245,,2.245
Meat and meat products,"Duck fresh meat, PROCESS Steaming",,2.245,2.245,2.245,2.245,,2.245
Meat and meat products,Duck liver,3.07,3.07,3.07,3.07,3.07,3.07,3.07
Meat and meat products,"Duck liver, PROCESS Baking",3.07,3.07,3.07,3.07,3.07,3.07,3.07
Meat and meat products,Equine fresh meat,4.9,4.9,4.9,3.72,4,4.9,4
Meat and meat products,"Equine fresh meat, PROCESS Baking",1.7,3.1,7.162,3.1,1.7,1.7,7.162
Meat and meat products,"Equine fresh meat, PROCESS Frying",3.4,3.4,3.4,3.4,3.4,3.4,3.4
Meat and meat products,European moose meat,4.6,3.56,3.56,3.56,4.6,3.56,3.56
Meat and meat products,"European moose meat, PROCESS Baking",6.6,6.6,6.6,6.6,6.6,6.6,6.6
Meat and meat products,"European moose meat, PROCESS Frying",6.6,,,,6.6,,
Meat and meat products,"Frankfurt-type sausage, PROCESS Baking",1.688,1.688,1.688,1.688,1.4,1.688,1.4
Meat and meat products,"Frankfurt-type sausage, PROCESS Cooking in water",1.4,1.17,2.044,1.6,1.4,1.4,1.4
Meat and meat products,"Frankfurt-type sausage, PROCESS Steaming",2.044,1.17,2.044,1.17,1.4,2.044,1.4
Meat and meat products,"Frankfurt-type sausage, QUAL Low fat (naturally or reduced), PROCESS Baking",1.987,1.987,1.987,1.987,1.987,1.987,1.987
Meat and meat products,"Frankfurt-type sausage, QUAL Low fat (naturally or reduced), PROCESS Cooking in water",1.987,1.987,1.987,1.987,1.4,1.987,1.4
Meat and meat products,"Frankfurt-type sausage, QUAL Low fat (naturally or reduced), PROCESS Steaming",1.987,1.987,1.987,1.987,1.4,1.987,1.4
Meat and meat products,"Frankfurter sausage, PROCESS Baking",1.7,1.688,1.688,1.688,1.7,1.7,1.4
Meat and meat products,"Frankfurter sausage, PROCESS Cooking in water",1.7,1.38,2.044,1.38,1.4,1.7,1.4
Meat and meat products,"Frankfurter sausage, PROCESS Steaming",1.7,2.044,2.044,2.044,2.3,1.7,2.044
Meat and meat products,"Frankfurter sausage, QUAL Low fat (naturally or reduced), PROCESS Baking",1.987,1.987,1.987,1.987,1.987,1.987,1.987
Meat and meat products,"Frankfurter sausage, QUAL Low fat (naturally or reduced), PROCESS Cooking in water",1.987,1.987,1.987,1.987,1.4,1.987,1.4
Meat and meat products,"Frankfurter sausage, QUAL Low fat (naturally or reduced), PROCESS Steaming",1.987,1.987,1.987,1.987,1.987,1.987,1.987
Meat and meat products,Fresh bratwurst,1.7,1.713,1.713,1.713,2.29,1.7,2.29
Meat and meat products,"Fresh bratwurst, PROCESS Baking",1.845,1.845,1.845,1.845,2.3,1.845,2.3
Meat and meat products,"Fresh bratwurst, PROCESS Cooking in water",1.845,1.845,1.845,1.845,1.845,1.845,1.845
Meat and meat products,"Fresh bratwurst, PROCESS Steaming",1.845,1.845,1.845,1.845,1.845,1.845,1.845
Meat and meat products,Fresh raw sausages,,1.62,1.4,1.62,2.29,,1.1
Meat and meat products,"Fresh raw sausages, PROCESS Baking",1.845,1.845,1.845,1.845,1.4,1.845,1.4
Meat and meat products,"Fresh raw sausages, PROCESS Cooking in water",1.845,1.62,1.845,1.62,1.62,1.845,1.845
Meat and meat products,"Fresh raw sausages, PROCESS Frying",1.845,1.845,1.845,1.845,3.05,1.845,1.1
Meat and meat products,"Fresh raw sausages, PROCESS Steaming",1.845,1.845,1.845,1.845,1.845,1.845,1.845
Meat and meat products,Fresh smoked sausages-deprecated,1.87,1.5,2.052,1.5,1.5,2.052,2.052
Meat and meat products,"Fresh smoked sausages-deprecated, QUAL Low fat (naturally or reduced)",4.104,4.104,4.104,4.104,4.104,4.104,4.104
Meat and meat products,"Fresh smoked sausages-deprecated, QUAL Low sodium / reduced salt",2.052,2.052,2.052,2.052,2.052,2.052,2.052
Meat and meat products,Fresh spiced sausages in casing,2.29,2.29,2.29,2.29,2.29,2.29,2.29
Meat and meat products,"Fresh spiced sausages in casing, PROCESS Baking",3.05,3.05,3.05,1.4,3.05,3.05,3.05
Meat and meat products,Game birds fresh meat,1.5,0.77,0.77,0.77,0.77,1.5,0.77
Meat and meat products,"Game birds fresh meat, PROCESS Baking",2,,2.634,,1.6,2,1.6
Meat and meat products,"Game birds fresh meat, PROCESS Cooking in water",,2.245,2.245,2.245,2.245,,2.245
Meat and meat products,"Game birds fresh meat, PROCESS Steaming",,2.245,2.245,2.245,2.245,,2.245
Meat and meat products,"Generic traditionally farmed mammals, fresh fat tissue",0.37,0.37,0.37,0.37,0.37,0.37,0.37
Meat and meat products,"Generic traditionally farmed mammals, fresh fat tissue, PROCESS Cooking in water",1.9,1.9,1.9,1.9,1.9,1.9,1.9
Meat and meat products,"Generic traditionally farmed mammals, fresh fat tissue, PROCESS Steaming",1.9,1.9,1.9,1.9,1.9,1.9,1.9
Meat and meat products,German salami,3.695,3.695,3.695,3.695,2.34,3.695,2.34
Meat and meat products,"German salami, QUAL Low fat (naturally or reduced)",2.528,2.528,2.528,2.528,2.69,2.528,2.69
Meat and meat products,Goat fresh meat,3,3,3,3,4,3,4
Meat and meat products,"Goat fresh meat, PROCESS Baking",4.61,4.32,4.32,4.32,4.61,4.61,4.32
Meat and meat products,"Goat fresh meat, PROCESS Cooking in water",5.8,5.8,5.8,5.8,5.8,5.8,5.8
Meat and meat products,"Goat fresh meat, PROCESS Steaming",5.8,5.8,5.8,5.8,5.8,5.8,5.8
Meat and meat products,"Goat liver, PROCESS Baking",2.9,2.9,2.9,2.9,2.9,2.9,2.9
Meat and meat products,Goose fresh meat,1.7,1.3,1.3,1.3,1.7,1.3,1.7
Meat and meat products,"Goose fresh meat, PROCESS Baking",1.998,3.17,1.998,3.17,2.6,1.998,2.6
Meat and meat products,"Goose fresh meat, PROCESS Cooking in water",,1.487,1.487,1.487,1.487,,1.487
Meat and meat products,"Goose fresh meat, PROCESS Steaming",,1.487,1.487,1.487,1.487,,1.487
Meat and meat products,Goose liver,3.07,3.07,3.07,3.07,3.07,3.07,3.07
Meat and meat products,"Goose liver, PROCESS Baking",1.7,1.7,1.7,1.7,1.7,1.7,1.7
Meat and meat products,"Goose liver, PROCESS Cooking in water",3.07,3.07,3.07,3.07,3.07,3.07,3.07
Meat and meat products,"Goose liver, PROCESS Frying",1.2,1.2,1.2,1.2,1.2,1.2,1.2
Meat and meat products,"Grouse fresh meat, PROCESS Baking",1.5,1.6,1.5,1.6,1.5,1.5,1.6
Meat and meat products,Guinea-fowl fresh meat,1.1,1.1,1.1,1.9,1.1,1.1,1.1
Meat and meat products,"Ham, beef",5.1,3.758,3.758,3.87,3.758,5.1,3.758
Meat and meat products,"Ham, beef, PROCESS Baking",3.758,3.758,3.758,3.758,3.758,3.758,3.758
Meat and meat products,"Ham, beef, PROCESS Cooking in water",3.758,3.758,3.758,3.758,3.758,3.758,3.758
Meat and meat products,"Ham, beef, PROCESS Steaming",3.758,3.758,3.758,3.758,3.758,3.758,3.758
Meat and meat products,"Ham, pork",2.6,2.24,1.971,2.24,2.3,3.43,1.5
Meat and meat products,"Ham, pork, PROCESS Baking",3.6,2.168,2.168,2.168,1.7,3.6,2.2
Meat and meat products,"Ham, pork, PROCESS Cooking in water",1.9,1.38,2.753,1.38,2.2,1.9,2.1
Meat and meat products,"Ham, pork, PROCESS Steaming",1.9,2.753,2.753,2.753,2.2,1.9,2.1
Meat and meat products,Hare fresh meat,1.7,2.171,2.171,2.171,1.7,1.7,1.7
Meat and meat products,"Hare fresh meat, PROCESS Baking",2.4,3.174,3.174,3.174,0.971,2.4,3.174
Meat and meat products,"Hare fresh meat, PROCESS Cooking in water",,2.399,2.399,2.399,2.399,,2.399
Meat and meat products,"Hare fresh meat, PROCESS Steaming",,2.399,2.399,2.399,2.399,,2.399
Meat and meat products,Head cheese,1.5,1.23,2.052,1.23,2.4,1.5,2.4
Meat and meat products,Hungarian-type salami,2.142,2.142,2.142,3.3,3,2.142,3
Meat and meat products,"Hungarian-type salami, QUAL Low fat (naturally or reduced)",2.528,2.528,2.528,2.528,2.528,2.528,2.528
Meat and meat products,Italian-type salami,1.67,3.123,3.123,3.5,3,1.67,3.2
Meat and meat products,"Knackwurst-type sausage, PROCESS Baking",2.06,2.06,2.06,2.06,2.06,2.06,2.06
Meat and meat products,"Knackwurst-type sausage, PROCESS Cooking in water",1.1,1.38,2.453,1.38,1.4,1.1,1.4
Meat and meat products,"Knackwurst-type sausage, PROCESS Steaming",1.1,2.06,2.06,2.06,1.1,1.1,2.06
Meat and meat products,"Knackwurst-type sausage, QUAL Low fat (naturally or reduced), PROCESS Cooking in water",1.4,1.4,1.4,1.4,1.4,1.4,1.4
Meat and meat products,Liver based spreadable-textured specialities,,2.68,2.68,2.68,2.7,,2.8
Meat and meat products,Liver cheese,1.702,1.702,1.702,1.702,2.9,1.702,2.9
Meat and meat products,Liver-type sausage,2.5,3.15,3.15,3.15,2.44,2.5,2.6
Meat and meat products,"Liver-type sausage, QUAL Low fat (naturally or reduced)",3.1,5.243,5.243,5.243,5.243,3.1,5.243
Meat and meat products,Luncheon spiced ham-type tinned meat,1.59,1.614,1.614,1.614,1.7,1.59,1.5
Meat and meat products,Mallard fresh meat,0.77,0.77,0.77,0.77,0.77,0.77,0.77
Meat and meat products,"Mallard fresh meat, PROCESS Baking",2.634,2.634,2.634,2.634,2.634,2.634,2.634
Meat and meat products,"Mallard fresh meat, PROCESS Cooking in water",2.245,2.245,2.245,2.245,2.245,2.245,2.245
Meat and meat products,"Mallard fresh meat, PROCESS Steaming",2.245,2.245,2.245,2.245,2.245,2.245,2.245
Meat and meat products,Matured charcuterie products for cooking,2.074,2.074,2.074,2.074,2.074,2.074,2.074
Meat and meat products,Meat based spreadable-textured specialities,1.893,1.893,1.893,1.893,3.3,1.893,3.3
Meat and meat products,Mettwurst-type sausage,1.19,2.01,2.01,2.01,2.34,1.19,2.34
Meat and meat products,"Mettwurst-type sausage, QUAL Low fat (naturally or reduced)",5.29,5.29,5.29,5.29,5.335,5.29,5.335
Meat and meat products,Miscellaneous cooked sausages,1.87,1.62,1.943,1.62,1.62,1.943,1.943
Meat and meat products,Mixed beef and mutton/lamb fresh meat,4.1,4.1,4.1,4.1,4.1,4.1,4.1
Meat and meat products,Mixed fresh fat tissue,0.37,0.37,0.37,0.37,0.37,0.37,0.37
Meat and meat products,"Mixed fresh fat tissue, PROCESS Baking",3.7,3.7,3.7,3.7,3.7,3.7,3.7
Meat and meat products,Mixed fresh meat,3.192,2,3.192,4.5,2,3.192,3.192
Meat and meat products,"Mixed fresh meat, PROCESS Baking",2.8,3.563,3.563,3.563,2.8,2.8,3.563
Meat and meat products,"Mixed fresh meat, PROCESS Cooking in water",4.398,4.398,4.398,4.398,4.398,4.398,4.398
Meat and meat products,"Mixed fresh meat, PROCESS Steaming",4.398,4.398,4.398,4.398,4.398,4.398,4.398
Meat and meat products,"Mixed fresh meat, QUAL Half fat or medium fat",4.47,4.47,4.47,4.47,4.47,4.47,4.47
Meat and meat products,"Mixed fresh meat, QUAL Low fat (naturally or reduced)",3.3,3.3,3.3,3.3,3.3,3.3,3.3
Meat and meat products,Mixed pork and mutton/lamb fresh meat,3.5,3.5,3.5,3.5,3.5,3.5,3.5
Meat and meat products,"Mixed pork and mutton/lamb fresh meat, QUAL Half fat or medium fat, PROCESS Cooking in water",3.6,3.6,3.6,3.6,3.6,3.6,3.6
Meat and meat products,"Mixed pork and mutton/lamb fresh meat, QUAL Half fat or medium fat, PROCESS Steaming",3.6,3.6,3.6,3.6,3.6,3.6,3.6
Meat and meat products,Mortadella-type sausage,1.855,,1.855,0.8,1.7,1.855,3.2
Meat and meat products,"Mortadella-type sausage, QUAL Low fat (naturally or reduced)",2.02,2.02,2.02,2.02,1.7,2.02,1.7
Meat and meat products,Pancetta,3.35,3.35,3.35,2.3,3.35,3.35,3.35
Meat and meat products,"Pancetta, PROCESS Baking",2.2,2.2,2.2,2.2,2.2,2.2,2.2
Meat and meat products,Partridge fresh meat,0.65,0.65,0.65,1.9,0.65,0.65,0.65
Meat and meat products,"Partridge fresh meat, PROCESS Baking",0.97,0.97,0.97,0.97,0.97,0.97,0.97
Meat and meat products,"Partridge fresh meat, PROCESS Cooking in water",2.4,2.4,2.4,2.4,2.4,2.4,2.4
Meat and meat products,"Partridge fresh meat, PROCESS Steaming",2.4,2.4,2.4,2.4,2.4,2.4,2.4
Meat and meat products,"Pate, chicken liver",2.8,2.8,2.8,2.8,2.8,2.8,2.8
Meat and meat products,"Pate, goose liver",3.642,2.14,3.642,2.14,2.14,3.642,3.642
Meat and meat products,"Pate, pork liver",3.5,1.48,3.324,1.48,2.7,3.5,2.7
Meat and meat products,Pheasant fresh meat,1.578,1.578,1.578,1.578,1.578,1.578,1.578
Meat and meat products,"Pheasant fresh meat, PROCESS Baking",2.7,,2.7,,2.7,2.7,1.3
Meat and meat products,"Pheasant fresh meat, PROCESS Cooking in water",,1.75,1.75,1.75,1.75,,1.75
Meat and meat products,"Pheasant fresh meat, PROCESS Frying",1.75,1.75,1.75,1.75,1.75,1.75,1.75
Meat and meat products,"Pheasant fresh meat, PROCESS Steaming",,1.75,1.75,1.75,1.75,,1.75
Meat and meat products,Pig fresh meat,2,2.8,3.5,2.8,2.36,2,2.1
Meat and meat products,"Pig fresh meat, PROCESS Baking",4,2.33,3.817,2.33,3.5,3.7,3.7
Meat and meat products,"Pig fresh meat, PROCESS Cooking in water",2.9,4.6,4.733,4.6,3.5,1.4,3.5
Meat and meat products,"Pig fresh meat, PROCESS Frying",2.5,2.6,2.6,3.5,4.83,2.5,2.6
Meat and meat products,"Pig fresh meat, PROCESS Steaming",2.9,4.733,4.733,4.733,3.5,2.9,3.5
Meat and meat products,Pig kidney,2.614,2.614,2.614,2.614,2.4,2.614,2.4
Meat and meat products,"Pig kidney, PROCESS Baking",2.667,4.15,2.667,4.15,4.15,2.667,2.667
Meat and meat products,"Pig kidney, PROCESS Cooking in water",2.834,4.15,2.834,4.15,4.7,2.834,4.7
Meat and meat products,"Pig kidney, PROCESS Frying",2.667,2.667,2.667,2.667,4.4,2.667,4.4
Meat and meat products,"Pig kidney, PROCESS Steaming",2.834,4.15,2.834,4.15,4.7,2.834,4.7
Meat and meat products,Pig liver,9,7.1,7.1,6.3,7.69,9,7
Meat and meat products,"Pig liver, PROCESS Baking",6.577,6.577,6.577,6.577,6.577,6.577,6.577
Meat and meat products,"Pig liver, PROCESS Cooking in water",7.875,7.875,7.875,7.875,,7.875,8.2
Meat and meat products,"Pig liver, PROCESS Frying",,10.07,10.07,10.07,10.07,,10.07
Meat and meat products,"Pig liver, PROCESS Steaming",7.875,7.875,7.875,7.875,,7.875,8.2
Meat and meat products,Pig trotters and feet,2.2,2.2,2.2,2.2,2.2,2.2,2.2
Meat and meat products,"Pig trotters and feet, PROCESS Cooking in water",2.4,2.4,2.4,2.4,2.4,2.4,2.4
Meat and meat products,"Pig trotters and feet, PROCESS Steaming",2.4,2.4,2.4,2.4,2.4,2.4,2.4
Meat and meat products,Pigeon fresh meat,1,1,1,1,1,1,1
Meat and meat products,"Pigeon fresh meat, PROCESS Baking",1.321,,1.321,,1.7,1.321,1.7
Meat and meat products,"Pigeon fresh meat, PROCESS Frying",1.321,1.321,1.321,1.321,1.321,1.321,1.321
Meat and meat products,Polish-type cooked sausage,3.186,3.186,3.186,3.186,3.186,3.186,3.186
Meat and meat products,Ptarmigan fresh meat,1.5,1.5,1.5,1.5,1.5,1.5,1.5
Meat and meat products,Quail fresh meat,2.7,2.7,2.7,2.7,2.7,2.7,2.7
Meat and meat products,"Quail fresh meat, PROCESS Baking",2.972,,2.972,,,2.972,2.972
Meat and meat products,"Quail fresh meat, PROCESS Cooking in water",2.7,2.7,2.7,2.7,2.7,2.7,2.7
Meat and meat products,"Quail fresh meat, PROCESS Steaming",2.7,2.7,2.7,2.7,2.7,2.7,2.7
Meat and meat products,Rabbit fresh meat,2.4,1.27,1.339,3.9,1.4,2.4,1.4
Meat and meat products,"Rabbit fresh meat, PROCESS Baking",1.484,1.79,1.484,1.79,1.79,1.484,1.484
Meat and meat products,"Rabbit fresh meat, PROCESS Cooking in water",1.489,2.37,1.489,2.37,1.7,1.489,1.7
Meat and meat products,"Rabbit fresh meat, PROCESS Steaming",1.489,1.489,1.489,1.489,1.7,1.489,1.7
Meat and meat products,Reindeer meat,4.8,4.8,4.8,4.8,4.8,4.8,4.8
Meat and meat products,"Reindeer meat, PROCESS Baking",6.9,6.895,6.895,6.895,6.895,5.6,6.895
Meat and meat products,"Reindeer meat, PROCESS Cooking in water",6.9,6.9,6.9,6.9,6.9,6.9,6.9
Meat and meat products,"Reindeer meat, PROCESS Frying",5.5,,,,5.5,,
Meat and meat products,"Reindeer meat, PROCESS Steaming",6.9,6.9,6.9,6.9,6.9,6.9,6.9
Meat and meat products,Roe deer meat,3,3,3,2.4,2.4,3,2.4
Meat and meat products,"Roe deer meat, PROCESS Baking",4.412,4.412,4.412,4.412,4.412,4.412,4.412
Meat and meat products,"Roe deer meat, PROCESS Cooking in water",,3.31,3.31,3.31,3.31,,3.31
Meat and meat products,"Roe deer meat, PROCESS Steaming",,3.31,3.31,3.31,3.31,,3.31
Meat and meat products,Sheep fresh meat,3.5,4.151,4.151,3.13,2.75,3.5,2
Meat and meat products,"Sheep fresh meat, PROCESS Baking",3.7,3.14,4.212,4.86,4.5,3.7,4.5
Meat and meat products,"Sheep fresh meat, PROCESS Cooking in water",3.3,5.55,5.55,5.55,4.6,3.3,4.6
Meat and meat products,"Sheep fresh meat, PROCESS Frying",3.4,4.6,4.6,4.6,3.4,3.4,4.6
Meat and meat products,"Sheep fresh meat, PROCESS Steaming",3.3,5.55,5.55,5.55,4.6,3.3,4.6
Meat and meat products,Sheep kidney,1.58,2.214,2.214,2.214,2.5,2.214,2.5
Meat and meat products,"Sheep kidney, PROCESS Baking",2.266,2.266,2.266,2.266,2.266,2.266,2.266
Meat and meat products,"Sheep kidney, PROCESS Cooking in water",2.399,4.1,2.399,4.1,4.1,2.399,2.399
Meat and meat products,"Sheep kidney, PROCESS Frying",2.266,2.266,2.266,2.266,3.6,2.266,3.6
Meat and meat products,"Sheep kidney, PROCESS Steaming",2.399,4.1,2.399,4.1,4.1,2.399,2.399
Meat and meat products,Sheep liver,4.18,4.35,4.35,3.9,4,4.35,4
Meat and meat products,"Sheep liver, PROCESS Baking",4.393,4.393,4.393,4.393,4.393,4.393,4.393
Meat and meat products,"Sheep liver, PROCESS Cooking in water",4.393,4.393,4.393,4.393,4.393,4.393,4.393
Meat and meat products,"Sheep liver, PROCESS Frying",,5.9,5.9,5.9,5.9,,5.9
Meat and meat products,"Sheep liver, PROCESS Steaming",4.393,4.393,4.393,4.393,4.393,4.393,4.393
Meat and meat products,"Smoked cooked sausage-deprecated, PROCESS Baking",1.6,1.688,1.688,1.688,1.688,1.6,1.688
Meat and meat products,"Smoked cooked sausage-deprecated, PROCESS Cooking in water",1.5,1.15,2.044,1.15,1.96,1.5,1.96
Meat and meat products,"Smoked cooked sausage-deprecated, PROCESS Steaming",1.5,2.044,2.044,2.044,2.044,1.5,2.044
Meat and meat products,"Smoked cooked sausage-deprecated, QUAL Low fat (naturally or reduced), PROCESS Baking",0.9,0.9,0.9,0.9,0.9,0.9,0.9
Meat and meat products,"Smoked cooked sausage-deprecated, QUAL Low fat (naturally or reduced), PROCESS Cooking in water",1.9,1.9,1.9,1.9,1.9,1.9,1.9
Meat and meat products,Snack sausages (like Cabanos and landjäger),1.993,1.993,1.993,1.993,1.993,1.993,1.993
Meat and meat products,"Snack sausages (like Cabanos and landjäger), QUAL Low fat (naturally or reduced)",2.146,2.146,2.146,2.146,2.146,2.146,2.146
Meat and meat products,Teewurst-type sausage,1.8,1.8,1.8,1.8,0.31,1.8,0.31
Meat and meat products,"Teewurst-type sausage, QUAL Low fat (naturally or reduced)",3.6,3.6,3.6,3.6,3.6,3.6,3.6
Meat and meat products,"Teewurst-type sausage, QUAL Low sodium / reduced salt",1.8,1.8,1.8,1.8,1.8,1.8,1.8
Meat and meat products,Thuringian sausage,1.713,1.713,1.713,1.713,1.713,1.713,1.713
Meat and meat products,"Thuringian sausage, PROCESS Baking",1.845,1.845,1.845,1.845,1.845,1.845,1.845
Meat and meat products,"Thuringian sausage, PROCESS Cooking in water",1.845,1.845,1.845,1.845,1.845,1.845,1.845
Meat and meat products,"Thuringian sausage, PROCESS Steaming",1.845,1.845,1.845,1.845,1.845,1.845,1.845
Meat and meat products,Tinned bulk sausages,2.3,3.88,3.88,3.88,2.3,2.3,3.88
Meat and meat products,Tiroler speck,1.502,1.502,1.502,2.5,1.502,1.502,1.502
Meat and meat products,"Tiroler speck, PROCESS Cooking in water",1.877,1.877,1.877,1.877,1.877,1.877,1.877
Meat and meat products,"Tiroler speck, PROCESS Steaming",1.877,1.877,1.877,1.877,1.877,1.877,1.877
Meat and meat products,Turkey fresh meat,3.7,2.6,2.6,1.1,1.94,3.7,1.9
Meat and meat products,"Turkey fresh meat, PROCESS Baking",3.7,3.08,3.863,2.77,1.35,3.7,2.4
Meat and meat products,"Turkey fresh meat, PROCESS Cooking in water",2.4,2.897,2.897,2.897,3.8,2.4,3.8
Meat and meat products,"Turkey fresh meat, PROCESS Frying",,1.3,1.3,1.28,1.3,,1.3
Meat and meat products,"Turkey fresh meat, PROCESS Steaming",2.4,2.897,2.897,2.897,3.8,2.4,3.8
Meat and meat products,"Turkey liver, PROCESS Baking",3.07,3.07,3.07,3.07,3.07,3.07,3.07
Meat and meat products,"Undefined mixed fresh meat, other species",,3.192,3.192,3.192,3.192,,3.192
Meat and meat products,"Undefined mixed fresh meat, other species, PROCESS Baking",1.4,3.563,3.563,3.563,1.4,1.4,3.563
Meat and meat products,"Undefined mixed fresh meat, other species, PROCESS Cooking in water",4.398,4.398,4.398,4.398,4.398,4.398,4.398
Meat and meat products,"Undefined mixed fresh meat, other species, PROCESS Steaming",4.398,4.398,4.398,4.398,4.398,4.398,4.398
Meat and meat products,"Undefined mixed poultry fresh meat, PROCESS Baking",1.68,1.68,1.68,1.68,1.68,1.68,1.68
Meat and meat products,"Undefined mixed poultry fresh meat, PROCESS Cooking in water",1.68,1.68,1.68,1.68,1.68,1.68,1.68
Meat and meat products,"Undefined mixed poultry fresh meat, PROCESS Steaming",1.68,1.68,1.68,1.68,1.68,1.68,1.68
Meat and meat products,Veal kidney,2.82,2.82,2.82,2.82,1.9,2.82,1.9
Meat and meat products,"Veal kidney, PROCESS Baking",2.59,4.2,2.862,4.2,2.59,2.59,2.862
Meat and meat products,"Veal kidney, PROCESS Cooking in water",2.862,4.9,2.862,4.9,4.9,2.862,2.862
Meat and meat products,"Veal kidney, PROCESS Steaming",2.862,4.9,2.862,4.9,4.9,2.862,2.862
Meat and meat products,Veal liver,6.163,6.163,6.163,6.163,4.1,6.163,4.1
Meat and meat products,"Veal liver, PROCESS Baking",6.78,6.775,6.775,6.775,6.78,6.78,6.775
Meat and meat products,"Veal liver, PROCESS Cooking in water",6.831,6.831,6.831,6.831,6.831,6.831,6.831
Meat and meat products,"Veal liver, PROCESS Frying",8.2,8.2,8.2,8.2,8.2,8.2,8.2
Meat and meat products,"Veal liver, PROCESS Steaming",6.831,6.831,6.831,6.831,6.831,6.831,6.831
Meat and meat products,Weisswurst,1.58,1.3,1.58,1.3,1.3,1.58,1.58
Meat and meat products,"Wiener sausage, PROCESS Baking",2.106,2.106,2.106,2.106,2.106,2.106,2.106
Meat and meat products,"Wiener sausage, PROCESS Cooking in water",1.4,2.106,2.106,2.106,1.4,1.4,1.4
Meat and meat products,"Wiener sausage, PROCESS Steaming",1.4,2.106,2.106,2.106,1.4,1.4,2.106
Meat and meat products,"Wiener sausage, QUAL Low fat (naturally or reduced), PROCESS Baking",1.506,1.506,1.506,1.506,1.506,1.506,1.506
Meat and meat products,"Wiener sausage, QUAL Low fat (naturally or reduced), PROCESS Cooking in water",1.506,1.506,1.506,1.506,1.4,1.506,1.4
Meat and meat products,"Wiener sausage, QUAL Low fat (naturally or reduced), PROCESS Steaming",1.506,1.506,1.506,1.506,1.506,1.506,1.506
Meat and meat products,Wild boar fresh meat,2.25,2.25,2.25,2.25,2.25,2.25,2.25
Meat and meat products,"Wild boar fresh meat, PROCESS Baking",,3.01,3.264,3.01,1.7,,3.264
Meat and meat products,"Wild boar fresh meat, PROCESS Cooking in water",,2.507,2.507,2.507,2.507,,2.507
Meat and meat products,"Wild boar fresh meat, PROCESS Steaming",,2.507,2.507,2.507,2.507,,2.507
Meat and meat products,Wild goose fresh meat,1.3,1.3,1.3,1.3,1.3,1.3,1.3
Meat and meat products,"Wild goose fresh meat, PROCESS Baking",1.998,1.998,1.998,1.998,1.998,1.998,1.998
Meat and meat products,"Wild goose fresh meat, PROCESS Cooking in water",1.487,1.487,1.487,1.487,1.487,1.487,1.487
Meat and meat products,"Wild goose fresh meat, PROCESS Steaming",1.487,1.487,1.487,1.487,1.487,1.487,1.487
Milk and dairy products,Acidophilus milk,0.44,0.45,0.4,0.45,0.41,0.44,0.41
Milk and dairy products,"Acidophilus milk, QUAL Semi-skimmed",0.43,0.3,0.43,0.3,0.41,0.43,0.41
Milk and dairy products,"Acidophilus milk, QUAL Skim",0.41,0.44,0.41,0.44,0.41,0.41,0.41
Milk and dairy products,Ass milk,0.15,0.15,0.15,0.15,0.15,0.15,0.15
Milk and dairy products,Buttermilk,0.42,0.5,0.5,0.5,0.41,0.42,0.4
Milk and dairy products,"Buttermilk, QUAL Fat free",0.41,0.41,0.41,0.41,0.41,0.41,0.41
Milk and dairy products,"Buttermilk, QUAL Low fat (naturally or reduced)",0.5,0.41,0.42,0.41,0.41,0.5,0.41
Milk and dairy products,"Cheese, asiago",4.3,4.3,4.3,4.3,4.3,4.3,4.3
Milk and dairy products,"Cheese, bavarian blue",5.1,5.1,5.1,5.1,5.1,5.1,5.1
Milk and dairy products,"Cheese, beaufort",5.88,5.88,5.88,5.88,5.88,5.88,5.88
Milk and dairy products,"Cheese, blue castello",5.1,5.1,5.1,5.1,5.1,5.1,5.1
Milk and dairy products,"Cheese, brie",2.38,2.5,2.6,2.5,3,2.38,2
Milk and dairy products,"Cheese, brie, QUAL Half fat or medium fat",2.38,2.53,3,2.53,2,2.38,2
Milk and dairy products,"Cheese, butterkase",4.75,4.75,4.75,2.5,4.75,4.75,4.75
Milk and dairy products,"Cheese, butterkase, QUAL Half fat or medium fat",4.75,4.75,4.75,4.75,4.75,4.75,4.75
Milk and dairy products,"Cheese, butterkase, QUAL Low fat (naturally or reduced)",4.75,4.75,4.75,4.75,4.75,4.75,4.75
Milk and dairy products,"Cheese, caerphilly",3.3,3.3,3.3,3.3,3.3,3.3,3.3
Milk and dairy products,"Cheese, camembert",4.1,2.7,3.1,2.7,3,2.4,2.1
Milk and dairy products,"Cheese, cantal",3.8,3.8,3.8,3.8,3.8,3.8,3.8
Milk and dairy products,"Cheese, chaource",2.5,2.5,2.5,2.5,2.5,2.5,2.5
Milk and dairy products,"Cheese, cheddar",4,5,3.9,5,3.6,4,2.3
Milk and dairy products,"Cheese, cheddar, QUAL Half fat or medium fat",5.94,5.94,5.94,5.94,2.8,5.94,2.8
Milk and dairy products,"Cheese, cheddar, QUAL Low fat (naturally or reduced)",5.045,5.045,5.045,5.045,5.045,5.045,5.045
Milk and dairy products,"Cheese, cheshire",4,3.6,3.6,3.6,4,4,3.3
Milk and dairy products,"Cheese, cheshire, QUAL Half fat or medium fat",4.5,4.5,4.5,4.5,3.5,4.5,3.5
Milk and dairy products,"Cheese, cheshire, QUAL Low fat (naturally or reduced)",4.5,4.5,4.5,4.5,4.5,4.5,4.5
Milk and dairy products,"Cheese, chevre mould ripened",3.05,2.4,3.05,2.4,0.5,3.05,1
Milk and dairy products,"Cheese, coulommiers",3.1,3.6,3.1,3.6,3.6,3.1,3.1
Milk and dairy products,"Cheese, danbo",3.64,4,4,4,3.64,3.64,4
Milk and dairy products,"Cheese, danbo, QUAL Half fat or medium fat",4.4,4,4,4,4.4,4.4,4
Milk and dairy products,"Cheese, danbo, QUAL Low fat (naturally or reduced)",4,4,4,4,4,4,4
Milk and dairy products,"Cheese, edam",4.2,5.3,4.6,5.3,3.8,4.2,3.8
Milk and dairy products,"Cheese, edam, QUAL Half fat or medium fat",4.1,5.3,5.3,5.3,5.3,4.1,5.3
Milk and dairy products,"Cheese, edam, QUAL Low fat (naturally or reduced)",4.1,5.3,5.3,5.3,5.3,4.1,5.3
Milk and dairy products,"Cheese, emmental",4.1,4.52,5.79,4.52,5.1,4.1,4.4
Milk and dairy products,"Cheese, emmental, QUAL Half fat or medium fat",5.94,4.1,5.94,4.1,4.1,5.94,5.94
Milk and dairy products,"Cheese, emmental, QUAL Low fat (naturally or reduced)",5.045,5.045,5.045,5.045,5.045,5.045,5.045
Milk and dairy products,"Cheese, feta",0.9,1.15,1.04,1.15,2,2.9,0.9
Milk and dairy products,"Cheese, feta, QUAL Low fat (naturally or reduced)",,2.38,2.38,2.38,2.38,,2.38
Milk and dairy products,"Cheese, fourme d'ambert",6.2,6.2,6.2,6.2,6.2,6.2,6.2
Milk and dairy products,"Cheese, gorgonzola",2.6,2.5,2.6,2.81,2.5,2.6,2.5
Milk and dairy products,"Cheese, gouda",4,6.3,4.25,1.8,3.47,4,3.9
Milk and dairy products,"Cheese, gouda, QUAL Half fat or medium fat",4.25,4.25,4.25,4.25,4.25,4.25,4.25
Milk and dairy products,"Cheese, gouda, QUAL Low fat (naturally or reduced)",4.25,4.25,4.25,4.25,4.25,4.25,4.25
Milk and dairy products,"Cheese, grana padano",2.75,11,2.75,11,2.75,2.75,2.75
Milk and dairy products,"Cheese, gruyere",4,4.85,5.79,4.85,5.1,4,2.3
Milk and dairy products,"Cheese, gruyere, QUAL Half fat or medium fat",5.94,5.94,5.94,5.94,5.94,5.94,5.94
Milk and dairy products,"Cheese, gruyere, QUAL Low fat (naturally or reduced)",5.94,5.94,5.94,5.94,5.94,5.94,5.94
Milk and dairy products,"Cheese, leicester",3.3,3.3,3.3,3.3,3.3,3.3,3.3
Milk and dairy products,"Cheese, maasdam",4,3,4,3,4,4,4
Milk and dairy products,"Cheese, mimolette",3.1,3.1,3.1,3.1,3.1,3.1,3.1
Milk and dairy products,"Cheese, morbier",7,7,7,7,7,7,7
Milk and dairy products,"Cheese, munster",4,4.11,2.81,4.11,4,4,2.81
Milk and dairy products,"Cheese, nagelkaas, QUAL Half fat or medium fat",3.3,3.3,3.3,3.3,3.3,3.3,3.3
Milk and dairy products,"Cheese, nagelkaas, QUAL Low fat (naturally or reduced)",4.5,4.5,4.5,4.5,4.5,4.5,4.5
Milk and dairy products,"Cheese, parmigiano reggiano",2.75,6.7,5.94,4,3.6,2.75,3.6
Milk and dairy products,"Cheese, provolone",4.01,4.01,4.01,4.16,4.01,4.01,4.01
Milk and dairy products,"Cheese, provolone, QUAL Half fat or medium fat",5.313,5.313,5.313,5.313,5.313,5.313,5.313
Milk and dairy products,"Cheese, provolone, QUAL Low fat (naturally or reduced)",4,4,4,4,4,4,4
Milk and dairy products,"Cheese, roquefort",2.08,3.7,2.5,1.6,2.5,2.08,1.6
Milk and dairy products,"Cheese, saint marcellin",3,0.85,3,0.85,0.85,3,3
Milk and dairy products,"Cheese, stilton",2.5,2.5,2.5,2.5,1.75,2.5,2.9
Milk and dairy products,"Cheese, tilsit",4.1,3.69,3.69,3.69,3.69,4.1,3.69
Milk and dairy products,"Cheese, tilsit, QUAL Half fat or medium fat",4,4,4,4,4,4,4
Milk and dairy products,"Cheese, tilsit, QUAL Low fat (naturally or reduced)",4,4,4,4,4,4,4
Milk and dairy products,"Cheese, trappist",3.5,3.5,3.5,3.5,3.5,3.5,3.5
Milk and dairy products,"Cheese, trappist, QUAL Half fat or medium fat",3.8,3.8,3.8,3.8,3.8,3.8,3.8
Milk and dairy products,"Cheese, trappist, QUAL Low fat (naturally or reduced)",3.8,3.8,3.8,3.8,3.8,3.8,3.8
Milk and dairy products,"Cheese, white stilton",2.5,2.5,2.5,2.5,1.75,2.5,1
Milk and dairy products,"Cheese, white stilton, QUAL Half fat or medium fat",2.5,2.5,2.5,2.5,2.5,2.5,2.5
Milk and dairy products,"Cheese, white stilton, QUAL Low fat (naturally or reduced)",2.5,2.5,2.5,2.5,2.5,2.5,2.5
Milk and dairy products,Condensed milk (sometimes with added sugars),0.9,0.89,0.88,0.89,0.9,0.9,1
Milk and dairy products,Cottage cheese,1.4,0.51,0.5,0.6,0.23,0.4,0.6
Milk and dairy products,"Cottage cheese, QUAL Fat free",0.3,0.3,0.6,0.3,0.6,0.3,0.6
Milk and dairy products,"Cow milk, natural high fat",0.4,0.38,0.38,0.38,0.31,0.44,0.4
Milk and dairy products,"Cow milk, natural high fat, QUAL Low / reduced lactose",0.4,0.4,0.4,0.4,0.4,0.4,0.4
Milk and dairy products,"Cow milk, semi skimmed (half fat)",0.4,0.51,0.43,0.37,0.41,0.45,0.4
Milk and dairy products,"Cow milk, semi skimmed (half fat), FORT Mixed supplements/formulations",0.4,0.5,0.4,0.5,0.38,0.4,0.4
Milk and dairy products,"Cow milk, semi skimmed (half fat), QUAL Low / reduced lactose",0.4,0.4,0.4,0.4,0.4,0.4,0.4
Milk and dairy products,"Cow milk, skimmed (low fat)",0.4,0.41,0.41,0.59,0.46,0.46,0.5
Milk and dairy products,"Cow milk, skimmed (low fat), FORT Mixed supplements/formulations",0.4,0.4,0.4,0.4,0.4,0.4,0.4
Milk and dairy products,"Cow milk, skimmed (low fat), QUAL Low / reduced lactose",0.4,0.4,0.4,0.4,0.4,0.4,0.4
Milk and dairy products,"Cow milk, whole",0.4,0.37,0.4,0.38,0.46,0.44,0.4
Milk and dairy products,"Cow milk, whole, QUAL Low / reduced lactose",,0.4,0.4,0.4,0.4,,0.4
Milk and dairy products,Cream powder,3,3,3,3,3,3,3
Milk and dairy products,Cream sprayable,0.2,0.2,0.2,0.2,0.18,0.2,0.2
Milk and dairy products,Cream with other ingredients,,0.25,0.25,0.25,0.15,,0.15
Milk and dairy products,"Cream with other ingredients, QUAL Half fat or medium fat",0.25,0.25,0.25,0.25,0.25,0.25,0.25
Milk and dairy products,"Cream, plain",0.3,0.244,0.26,0.28,0.18,0.31,0.2
Milk and dairy products,"Cream, plain, QUAL Half fat or medium fat",0.3,0.28,0.343,0.28,0.3,0.41,0.3
Milk and dairy products,"Cream, plain, QUAL Low fat (naturally or reduced)",0.2,0.34,0.343,0.34,0.38,0.39,0.38
Milk and dairy products,Créme fraiche and other mild variants of sour cream,0.2,0.244,0.31,0.244,0.18,0.34,0.2
Milk and dairy products,"Créme fraiche and other mild variants of sour cream, QUAL Half fat or medium fat",0.1,0.28,,0.28,0.32,0.4,0.3
Milk and dairy products,"Créme fraiche and other mild variants of sour cream, QUAL Low fat (naturally or reduced)",0.39,0.34,0.4,0.34,0.422,0.39,0.4
Milk and dairy products,Cultured buttermilk,0.4,0.41,0.41,0.41,0.41,0.4,0.41
Milk and dairy products,Custard,0.5,0.71,0.58,0.71,0.29,,0.3
Milk and dairy products,"Evaporated milk (liquid, unsweetened)",1,1,1,1,0.65,1,0.9
Milk and dairy products,"Extra hard cheese (parmesan, grana type)",3.2,6.7,5.94,6.7,3.87,3.2,5.1
Milk and dairy products,Filmjölk,0.44,0.44,0.44,0.44,0.44,0.44,0.44
Milk and dairy products,"Filmjölk, QUAL Low fat (naturally or reduced)",0.45,0.45,0.45,0.45,0.45,0.45,0.45
Milk and dairy products,Firm brined cheese (ricotta salata type),,1.23,,1.23,1.3,,1.3
Milk and dairy products,Firm-ripened bloomy (white mould) or washed rind cheese,3.5,3.5,3.5,3.5,3.5,3.5,3.5
Milk and dairy products,Firm-ripened blue mould-veined cheese,5.1,5.1,5.1,1.6,5.1,5.1,5.1
Milk and dairy products,Firm/semi-hard cheese (gouda and edam type),4.2,6.3,4.25,6.3,4,4.2,3.8
Milk and dairy products,"Firm/semi-hard cheese (gouda and edam type), QUAL Half fat or medium fat",4.1,4.25,4.25,4.25,4,4.1,4.25
Milk and dairy products,"Firm/semi-hard cheese (gouda and edam type), QUAL Low fat (naturally or reduced)",4.25,4,4.25,4,4.25,4.25,4.25
Milk and dairy products,Flavoured milks,0.4,0.37,0.568,0.37,,0.4,
Milk and dairy products,Flavoured sour cream,0.4,0.32,0.32,0.32,0.32,0.4,0.32
Milk and dairy products,"Flavoured sour cream, QUAL Half fat or medium fat",0.4,0.4,0.4,0.4,0.4,0.4,0.4
Milk and dairy products,"Flavoured sour cream, QUAL Low fat (naturally or reduced)",0.43,0.43,0.43,0.43,0.43,0.43,0.43
Milk and dairy products,Flavoured traditional sour milk products,,0.322,0.322,0.322,0.322,,0.322
Milk and dairy products,Flavoured whey,0.28,0.047,0.047,0.047,0.047,0.047,0.047
Milk and dairy products,Frozen yoghurt,0.314,0.314,0.314,0.314,0.314,0.314,0.314
Milk and dairy products,Goat milk,0.4,0.38,0.242,0.31,0.5,0.4,0.5
Milk and dairy products,"Hard cheese (cheddar, emmental type)",4,4.52,5.79,4.52,4,4,2.3
Milk and dairy products,"Hard cheese (cheddar, emmental type), QUAL Half fat or medium fat",2.75,4.1,5.94,4.1,2.75,2.75,2.8
Milk and dairy products,"Hard cheese (cheddar, emmental type), QUAL Low fat (naturally or reduced)",5.045,5.045,5.045,5.045,5.045,5.045,5.045
Milk and dairy products,Horse milk,0.15,0.15,0.15,0.15,0.15,0.15,0.15
Milk and dairy products,"Ice cream, milk-based",0.5,0.368,0.183,0.368,0.36,0.52,0.3
Milk and dairy products,"Ice cream, milk-imitate based",,0.2,0.2,0.2,0.2,0.2,0.2
Milk and dairy products,Kefir,0.44,0.36,0.36,0.36,,0.44,
Milk and dairy products,Lactose,0.02,0.02,0.02,0.02,0.02,0.02,0.02
Milk and dairy products,Mascarpone,,,,,0.4,,0.4
Milk and dairy products,Milk from other milk producer animals,0.5,0.5,0.5,0.5,0.5,0.5,0.5
Milk and dairy products,"Milk powder, full fat",3.91,3.33,3.09,3.33,3.09,3.91,3.2
Milk and dairy products,"Milk powder, skimmed",4.7,3.96,4.1,3.96,4.7,4.08,4
Milk and dairy products,Milk protein,0.16,0.16,0.16,0.16,0.16,0.16,0.16
Milk and dairy products,Milkshakes,0.4,0.55,1.002,0.55,0.32,0.3,0.1
Milk and dairy products,Mozzarella,2.9,2.9,2.71,2.6,4.3,2.7,2.7
Milk and dairy products,Probiotic milk-like drinks,0.183,0.45,0.183,0.45,0.45,0.183,0.45
Milk and dairy products,"Probiotic milk-like drinks, QUAL Semi-skimmed",0.183,0.3,0.183,0.3,0.45,0.183,0.45
Milk and dairy products,"Probiotic milk-like drinks, QUAL Skim",0.183,0.44,0.183,0.44,0.44,0.183,0.183
Milk and dairy products,Processed cheese and spreads,2.6,2,3,2,2.6,2.6,2.6
Milk and dairy products,"Processed cheese and spreads, QUAL Half fat or medium fat",2.3,8,3,8,2.6,2.3,3
Milk and dairy products,"Processed cheese and spreads, QUAL Low fat (naturally or reduced)",2.3,8,4,8,2.63,2.3,4
Milk and dairy products,Processed cheese wedges and similar,2.6,2,3,2,2.4,2.6,2.4
Milk and dairy products,"Processed cheese wedges and similar, QUAL Half fat or medium fat",2.6,8,3,8,3,2.6,3
Milk and dairy products,"Processed cheese wedges and similar, QUAL Low fat (naturally or reduced)",2.63,8,4,8,3,2.63,3
Milk and dairy products,"Processed cheese, sliceable",3.5,1.5,4,3.2,2.6,3.5,2.6
Milk and dairy products,"Processed cheese, sliceable, QUAL Half fat or medium fat",4,4,4,4,3.8,4,3
Milk and dairy products,"Processed cheese, sliceable, QUAL Low fat (naturally or reduced)",2.63,4,4,4,3.8,2.63,3.8
Milk and dairy products,"Processed cheese, spreadable",0.3,1.05,3,3.2,2.4,2.6,1.8
Milk and dairy products,"Processed cheese, spreadable, QUAL Half fat or medium fat",2.6,0.5,3,2.2,3,2.6,1.7
Milk and dairy products,"Processed cheese, spreadable, QUAL Low fat (naturally or reduced)",2.63,4,4,4,3,2.63,3
Milk and dairy products,Quark,0.6,0.516,0.5,0.516,0.57,0.4,0.9
Milk and dairy products,Ricotta,,1.23,,0.5,1.3,,1.3
Milk and dairy products,Sheep milk,0.7,0.6,0.48,0.6,0.7,0.48,0.7
Milk and dairy products,Skyr,0.521,0.521,0.521,0.521,0.521,0.521,0.521
Milk and dairy products,Soft brined cheese (feta type),0.9,2.55,4,0.9,2,0.9,0.9
Milk and dairy products,"Soft brined cheese (feta type), QUAL Low fat (naturally or reduced)",,2.38,2.38,2.38,2.38,,2.38
Milk and dairy products,"Soft-ripened cheese veined with blue mould (blue bavarian, blue de graven type )",5.1,2.5,5.1,2.5,5.1,5.1,5.1
Milk and dairy products,"Soft-ripened cheese with bloomy rind (white mould) (brie, camembert type)",2.38,2.53,3.1,2.2,2.38,2.38,2
Milk and dairy products,Soft-ripened cheese with natural rind and other soft-ripened cheeses,4,3.1,3.1,3.1,4,4,3.1
Milk and dairy products,Soft-ripened cheese with white and blue mould (cambozola type),0.5,5.1,5.1,5.1,5.1,0.5,5.1
Milk and dairy products,Soft-ripened washed-rind cheese (limburger type),3.3,8.2,2.04,8.2,2,3.3,2
Milk and dairy products,Sour cream products,0.5,0.32,0.32,0.32,0.31,0.32,0.5
Milk and dairy products,"Sour cream products, QUAL Half fat or medium fat",0.4,0.4,0.4,0.4,0.4,0.4,0.4
Milk and dairy products,"Sour cream products, QUAL Low fat (naturally or reduced)",,0.43,0.43,0.43,0.43,0.43,0.43
Milk and dairy products,"Sour cream, plain",0.3,0.32,0.32,0.32,0.31,0.41,0.5
Milk and dairy products,"Sour cream, plain, QUAL Half fat or medium fat",0.4,0.4,0.4,0.4,0.4,0.4,0.4
Milk and dairy products,"Sour cream, plain, QUAL Low fat (naturally or reduced)",,0.43,0.43,0.43,0.43,0.43,0.43
Milk and dairy products,Starchy pudding,0.5,0.337,0.337,0.4,0.88,0.5,0.5
Milk and dairy products,Traditional buttermilk (churning),0.41,0.41,0.41,0.41,0.41,0.41,0.41
Milk and dairy products,Traditional nordic fermented milks,0.44,0.44,0.44,0.44,0.44,0.44,0.44
Milk and dairy products,Viili,0.5,0.5,0.5,0.5,0.5,0.5,0.5
Milk and dairy products,"Viili, QUAL Fat free",0.4,0.4,0.4,0.4,0.4,0.4,0.4
Milk and dairy products,"Viili, QUAL Low fat (naturally or reduced)",0.4,0.4,0.4,0.4,0.4,0.4,0.4
Milk and dairy products,Water buffalo milk,0.6,0.6,0.6,0.6,0.6,0.6,0.6
Milk and dairy products,Whey powder,1.2,0.723,0.723,0.723,1.97,1.2,1.2
Milk and dairy products,"Whey, sour",0.28,0.23,0.23,0.23,0.23,0.23,0.23
Milk and dairy products,"Whey, sweet",0.2,0.05,0.05,0.05,0.13,0.2,0.1
Milk and dairy products,"Yoghurt drinks, including sweetened and/or flavoured variants",0.4,0.339,0.339,0.339,0.469,,0.3
Milk and dairy products,"Yoghurt drinks, including sweetened and/or flavoured variants, FORT Mixed supplements/formulations",0.6,0.6,0.6,0.6,0.6,0.6,0.6
Milk and dairy products,"Yoghurt drinks, including sweetened and/or flavoured variants, FORT Mixed supplements/formulations, QUAL Semi-skimmed",0.36,0.36,0.36,0.36,0.36,0.36,0.36
Milk and dairy products,"Yoghurt drinks, including sweetened and/or flavoured variants, FORT Mixed supplements/formulations, QUAL Skim",0.54,0.54,0.54,0.54,0.54,0.54,0.54
Milk and dairy products,"Yoghurt drinks, including sweetened and/or flavoured variants, QUAL Low / Reduced sugar",0.431,0.431,0.431,0.431,0.431,0.431,0.431
Milk and dairy products,"Yoghurt drinks, including sweetened and/or flavoured variants, QUAL Semi-skimmed",0.667,0.967,1.073,0.967,0.957,1.073,1.024
Milk and dairy products,"Yoghurt drinks, including sweetened and/or flavoured variants, QUAL Skim",1.252,1.252,1.252,1.252,0.91,1.252,0.91
Milk and dairy products,"Yoghurt drinks, including sweetened and/or flavoured variants, QUAL Sugar free",0.431,0.431,0.431,0.431,0.431,0.431,0.431
Milk and dairy products,"Yoghurt, cow milk, flavoured",0.4,0.42,0.398,0.42,0.37,0.3,0.4
Milk and dairy products,"Yoghurt, cow milk, flavoured, FORT Mixed supplements/formulations, QUAL Skim",0.45,0.45,0.45,0.45,0.45,0.45,0.45
Milk and dairy products,"Yoghurt, cow milk, flavoured, QUAL Low / Reduced sugar",0.441,0.441,0.441,0.441,0.441,0.441,0.441
Milk and dairy products,"Yoghurt, cow milk, flavoured, QUAL Semi-skimmed",1.36,1.203,1.102,1.203,1.163,1.163,1.283
Milk and dairy products,"Yoghurt, cow milk, flavoured, QUAL Skim",0.831,1.241,1.229,1.331,1.221,0.831,1.231
Milk and dairy products,"Yoghurt, cow milk, flavoured, QUAL Sugar free",0.441,0.441,0.441,0.5,0.441,0.441,0.441
Milk and dairy products,"Yoghurt, cow milk, plain",0.6,0.42,0.45,0.41,0.53,0.45,0.7
Milk and dairy products,"Yoghurt, cow milk, plain, FORT Mixed supplements/formulations, QUAL Semi-skimmed",0.44,0.44,0.44,0.44,0.44,0.44,0.44
Milk and dairy products,"Yoghurt, cow milk, plain, FORT Mixed supplements/formulations, QUAL Skim",0.882,0.882,0.882,0.882,0.882,0.882,0.882
Milk and dairy products,"Yoghurt, cow milk, plain, QUAL Low / Reduced sugar",0.441,0.441,0.441,0.441,0.441,0.441,0.441
Milk and dairy products,"Yoghurt, cow milk, plain, QUAL Semi-skimmed",1.106,1.336,1.066,1.583,1.156,1.206,1.306
Milk and dairy products,"Yoghurt, cow milk, plain, QUAL Skim",0.882,1.391,1.332,1.491,1.551,0.882,1.482
Milk and dairy products,"Yoghurt, cow milk, plain, QUAL Sugar free",0.441,0.441,0.441,0.41,0.441,0.441,0.441
Milk and dairy products,"Yoghurt, goat milk, plain, QUAL Semi-skimmed",0.4,0.4,0.4,0.4,0.4,0.4,0.4
Milk and dairy products,"Yoghurt, sheep milk, flavoured",0.398,0.398,0.398,0.398,0.398,0.398,0.398
Milk and dairy products,"Yoghurt, sheep milk, flavoured, QUAL Low / Reduced sugar",0.441,0.441,0.441,0.441,0.441,0.441,0.441
Milk and dairy products,"Yoghurt, sheep milk, flavoured, QUAL Semi-skimmed",1.025,1.025,1.025,1.025,1.025,1.025,1.025
Milk and dairy products,"Yoghurt, sheep milk, flavoured, QUAL Skim",1.28,1.28,1.28,1.28,1.28,1.28,1.28
Milk and dairy products,"Yoghurt, sheep milk, flavoured, QUAL Sugar free",0.441,0.441,0.441,0.441,0.441,0.441,0.441
Milk and dairy products,"Yoghurt, sheep milk, plain",0.45,0.45,0.45,0.45,0.5,0.45,0.5
Milk and dairy products,"Yoghurt, sheep milk, plain, QUAL Low / Reduced sugar",0.441,0.441,0.441,0.441,0.441,0.441,0.441
Milk and dairy products,"Yoghurt, sheep milk, plain, QUAL Semi-skimmed",1.066,1.066,1.066,1.066,1.066,1.066,1.066
Milk and dairy products,"Yoghurt, sheep milk, plain, QUAL Skim",1.332,1.332,1.332,1.332,1.332,1.332,1.332
Milk and dairy products,"Yoghurt, sheep milk, plain, QUAL Sugar free",0.441,0.441,0.441,0.441,0.441,0.441,0.441
"Products for non-standard diets, food imitates and food supplements or fortifying agents",Almond drink,0.2,0.1,0.2,0.1,0.2,0.2,0.2
"Products for non-standard diets, food imitates and food supplements or fortifying agents",Carbohydrate-electrolyte solutions for sports people,0.019,,0.019,,,0.019,0.019
"Products for non-standard diets, food imitates and food supplements or fortifying agents",Dietary foods for special medical purposes,,0,0,0,0,,0
"Products for non-standard diets, food imitates and food supplements or fortifying agents",Imitation cheese,0.54,0.54,0.54,0.54,1.8,0.54,1.8
"Products for non-standard diets, food imitates and food supplements or fortifying agents",Imitation cream,0.8,,,,0.3,0.8,0.3
"Products for non-standard diets, food imitates and food supplements or fortifying agents","Imitation cream, QUAL Half fat or medium fat",,0.3,0.3,0.3,0.3,0.1,0.3
"Products for non-standard diets, food imitates and food supplements or fortifying agents",Non dairy coffee creamer,,,,,0.15,,0.15
"Products for non-standard diets, food imitates and food supplements or fortifying agents","Non dairy coffee creamer, QUAL Half fat or medium fat",0.15,0.15,0.15,0.15,0.15,0.15,0.15
"Products for non-standard diets, food imitates and food supplements or fortifying agents",Oats drink,0.5,0.5,0.5,0.5,0.5,0.5,0.5
"Products for non-standard diets, food imitates and food supplements or fortifying agents",Protein and protein components for sports people,0.15,0.15,0.15,0.15,13,0.15,13
"Products for non-standard diets, food imitates and food supplements or fortifying agents",Rice drink,,0.2,0.2,0.2,,0.2,0.2
"Products for non-standard diets, food imitates and food supplements or fortifying agents",Single meal replacement for weight reduction,,1.5,1.3,1.5,1.3,,1.3
"Products for non-standard diets, food imitates and food supplements or fortifying agents",Soya drink,,0.201,,0.201,0.3,8,0.3
"Products for non-standard diets, food imitates and food supplements or fortifying agents",Soya yoghurt,0.1,0.29,,0.29,0.2,0.1,0.2
"Products for non-standard diets, food imitates and food supplements or fortifying agents",Textured fungal proteins,1.6,1.6,1.6,1.6,1.6,1.6,1.6
"Products for non-standard diets, food imitates and food supplements or fortifying agents",Textured soy protein,4.4,5.6,5.6,5.6,2,4.4,2
"Products for non-standard diets, food imitates and food supplements or fortifying agents",Tofu,1.6,1.14,1.46,0.8,1.1,1.6,1.1
"Products for non-standard diets, food imitates and food supplements or fortifying agents",Total daily diet replacement for weight reduction,2.3,2.3,2.3,2.3,2.3,2.3,2.3
"Seasoning, sauces and condiments",Alcoholic sweet sauce,0.711,0.711,0.711,0.711,0.711,0.711,0.711
"Seasoning, sauces and condiments",Apple chutney,0.117,0.117,0.117,0.117,,0.117,0.2
"Seasoning, sauces and condiments",Barbecue or steak sauces,,0.2,0.424,0.2,0.13,,0.2
"Seasoning, sauces and condiments",Bechamel sauce,0.5,0.3,0.052,0.3,0.5,0.5,0.5
"Seasoning, sauces and condiments",Butter sauce,1,0.1,0.041,0.1,0.1,1,0.041
"Seasoning, sauces and condiments",Cheese sauce,1.4,0.98,0.452,0.98,0.74,1.4,1.1
"Seasoning, sauces and condiments",Chilli pickle,0.19,0.7,0.17,0.7,0.17,0.19,0.7
"Seasoning, sauces and condiments",Chocolate sauce,,0.519,0.519,0.519,0.8,0.519,0.8
"Seasoning, sauces and condiments",Chutneys,,0.138,0.138,0.138,,,
"Seasoning, sauces and condiments","Continental european brown cooked sauce, gravy",,0.12,0.038,0.12,,0.038,
"Seasoning, sauces and condiments",Cream sauce,,0.12,0.172,0.12,0.12,0.34,0.172
"Seasoning, sauces and condiments",Curry powder,4.05,4.05,3.437,4.05,4.05,4.05,4.1
"Seasoning, sauces and condiments",Curry sauce,,0.2,0.244,0.2,0.1,0.244,0.2
"Seasoning, sauces and condiments",Fruit sauce,0.055,0.2,0.055,0.2,0.05,0.055,0.05
"Seasoning, sauces and condiments",Fudge sauce,0.413,0.413,0.413,0.413,0.413,0.413,0.413
"Seasoning, sauces and condiments",Gravy browning,0.6,0.6,0.6,0.6,0.6,0.6,0.6
"Seasoning, sauces and condiments",Gravy ingredients,0.6,0.6,0.6,0.6,0.6,0.6,0.6
"Seasoning, sauces and condiments",Gravy instant granules,0.6,0.6,0.6,0.6,0.3,0.6,0.3
"Seasoning, sauces and condiments",Gravy thickener,0.6,0.6,0.6,0.6,0.6,0.6,0.6
"Seasoning, sauces and condiments",Hollandaise type sauce,1,0.3,0.781,0.3,1.1,1,1.1
"Seasoning, sauces and condiments",Horseradish sauce,,1.4,1.4,1.4,0.4,,0.4
"Seasoning, sauces and condiments",Lime pickle,0.3,0.3,0.3,0.3,0.3,0.3,0.3
"Seasoning, sauces and condiments",Mango chutney,,0.138,0.138,0.138,,,
"Seasoning, sauces and condiments",Mango pickle,0.3,0.3,0.3,0.3,0.3,0.3,0.3
"Seasoning, sauces and condiments",Mayonnaise sauce,0.4,0.21,0.16,0.21,0.29,0.4,0.1
"Seasoning, sauces and condiments","Mayonnaise, low fat",0.2,0.11,0.11,0.11,0.21,0.1,0.21
"Seasoning, sauces and condiments",Meat extract,,0.2,0.2,1,,,1.5
"Seasoning, sauces and condiments",Mint sauce,0.2,0.2,0.2,0.2,0.2,0.2,0.2
"Seasoning, sauces and condiments",Miscellaneous savoury extracts,0.2,0.2,0.2,0.2,2.7,0.2,2.7
"Seasoning, sauces and condiments",Mixed and other not listed condiments,0.2,0.4,0.2,0.4,0.2,0.2,0.4
"Seasoning, sauces and condiments",Mixed herbs and spices,4.43,4.43,4.43,1.2,4.6,4.43,4.6
"Seasoning, sauces and condiments",Mushrooms cooked sauce,0.6,0.26,0.13,0.26,0.26,0.46,0.13
"Seasoning, sauces and condiments",Mustard and related sauces,0.7,1.39,0.4,1.39,1.1,0.7,1
"Seasoning, sauces and condiments","Mustard, hot",0.7,0.4,0.4,0.4,1.1,0.7,1
"Seasoning, sauces and condiments","Mustard, mild",0.7,0.4,0.4,0.4,0.7,0.7,0.7
"Seasoning, sauces and condiments","Mustard, sweet",0.7,0.4,0.4,0.4,1.1,0.7,1.1
"Seasoning, sauces and condiments",Oyster sauce,1.264,1.264,1.264,1.264,1.4,1.264,1.4
"Seasoning, sauces and condiments",Pesto,1.3,1.1,2.129,1.1,1.45,0.63,3.5
"Seasoning, sauces and condiments",Piccalilly pickle,0.1,0.1,0.1,0.1,0.1,0.1,0.1
"Seasoning, sauces and condiments",Pickles,0.18,0.1,0.18,0.1,0.18,0.18,0.1
"Seasoning, sauces and condiments",Pickling spice,2.796,2.796,2.796,2.796,2.796,2.796,2.796
"Seasoning, sauces and condiments",Salad dressing,0.1,0.033,0.088,0.033,0.21,0.1,0.21
"Seasoning, sauces and condiments","Salad dressing, low fat",0.1,0.08,0.441,0.08,0.2,0.1,0.2
"Seasoning, sauces and condiments",Salsa,0.2,0.11,0.1,0.11,0.1,0.2,0.1
"Seasoning, sauces and condiments",Salt,0.1,0.08,0.05,0.1,0.1,0.1,0.1
"Seasoning, sauces and condiments","Salt, flavoured",0.5,0.369,0.369,0.369,0.369,,0.369
"Seasoning, sauces and condiments","Salt, iodised",0.1,0.05,0.05,0.05,0.1,0.1,0.1
"Seasoning, sauces and condiments","Salt, iodised and fluoridated",0.05,0.05,0.05,0.05,0.05,0.05,0.05
"Seasoning, sauces and condiments","Salt, low sodium",0.2,,,,,0.2,
"Seasoning, sauces and condiments",Sea salt,,0.08,0.077,0.08,0.08,0.1,0.08
"Seasoning, sauces and condiments",Seasoning mixes,,2.8,2.796,2.8,1.88,,1.88
"Seasoning, sauces and condiments",Soy sauce,,0.28,1.264,0.28,0.2,0.4,0.2
"Seasoning, sauces and condiments","Stock cube or granulate, beef",1.8,1.8,0.2,1.8,0.15,1.8,0.8
"Seasoning, sauces and condiments",Stock cubes or granulate (bouillon base),1.8,1.8,0.138,0.02,0.15,1.8,0.15
"Seasoning, sauces and condiments","Stock cubes or granulate (bouillon base), QUAL Low sodium / reduced salt",1.9,1.9,1.9,1.9,1.9,1.9,1.9
"Seasoning, sauces and condiments","Stock cubes or granulate, chicken",0.5,,0.2,,0.15,0.5,1.2
"Seasoning, sauces and condiments","Stock cubes or granulate, vegetables",1,,0.2,0.4,0.15,1,0.4
"Seasoning, sauces and condiments",Tabasco sauce,0.697,0.697,0.697,0.697,0.697,0.697,0.697
"Seasoning, sauces and condiments",Tartar sauce,0.6,0.3,0.3,0.3,0.3,0.6,0.3
"Seasoning, sauces and condiments",Teriyaki sauce,0.34,1.264,1.264,1.264,1.264,0.34,1.264
"Seasoning, sauces and condiments",Tomato chutney,0.111,0.67,0.111,0.67,0.2,0.111,0.2
"Seasoning, sauces and condiments",Tomato ketchup and related sauces,0.2,0.15,0.1,0.15,0.1,0.2,0.1
"Seasoning, sauces and condiments",Tomato-containing cooking sauces,0.3,0.22,0.113,0.22,0.17,,0.2
"Seasoning, sauces and condiments",Vegetable savoury extracts,0.058,0.058,0.058,0.058,0.058,0.058,0.058
"Seasoning, sauces and condiments",Vegetables-based cooked sauce,,0.26,0.255,0.26,0.17,0.255,0.17
"Seasoning, sauces and condiments",Vinegar,0.009,0.01,0.1,0.6,0.1,0.009,0.1
"Seasoning, sauces and condiments","Vinegar, apple",0.1,0.2,0.2,0.2,0.1,0.1,0.1
"Seasoning, sauces and condiments","Vinegar, wine",0.1,0.01,0.1,0.01,0.1,0.1,0.1
"Seasoning, sauces and condiments",Yeast extract,2.1,0.785,0.785,0.785,2.1,2.1,2.7
"Starchy roots or tubers and products thereof, sugar plants",Arrowroots,0.3,0.3,0.3,0.3,0.3,0.3,0.3
"Starchy roots or tubers and products thereof, sugar plants","Arrowroots, PROCESS Baking",0.289,0.289,0.289,0.289,0.289,0.289,0.289
"Starchy roots or tubers and products thereof, sugar plants","Arrowroots, PROCESS Cooking in water",0.278,0.278,0.278,0.278,0.278,0.278,0.278
"Starchy roots or tubers and products thereof, sugar plants","Arrowroots, PROCESS Steaming",0.278,0.278,0.278,0.278,0.278,0.278,0.278
"Starchy roots or tubers and products thereof, sugar plants",Cassava roots,0.55,0.55,0.55,0.55,0.6,0.55,0.6
"Starchy roots or tubers and products thereof, sugar plants","Cassava roots, PROCESS Baking",0.532,0.532,0.532,0.532,0.7,0.532,0.7
"Starchy roots or tubers and products thereof, sugar plants","Cassava roots, PROCESS Cooking in water",0.514,0.514,0.514,0.514,0.3,0.514,0.3
"Starchy roots or tubers and products thereof, sugar plants","Cassava roots, PROCESS Steaming",0.514,0.514,0.514,0.514,0.3,0.514,0.8
"Starchy roots or tubers and products thereof, sugar plants",Fries (finger chips),0.3,0.598,0.785,0.598,0.37,0.4,0.5
"Starchy roots or tubers and products thereof, sugar plants",Main-crop potatoes,,0.423,0.423,1.24,0.37,,0.3
"Starchy roots or tubers and products thereof, sugar plants","Main-crop potatoes, PROCESS Baking",0.3,0.237,0.497,0.237,0.33,0.3,0.3
"Starchy roots or tubers and products thereof, sugar plants","Main-crop potatoes, PROCESS Cooking in water",0.3,0.174,0.38,0.174,0.33,0.3,0.3
"Starchy roots or tubers and products thereof, sugar plants","Main-crop potatoes, PROCESS Steaming",0.3,0.3,0.311,1.24,0.33,0.3,0.3
"Starchy roots or tubers and products thereof, sugar plants",Mashed potato powder,1.6,0.775,0.775,0.775,1.2,1.6,1.2
"Starchy roots or tubers and products thereof, sugar plants",Mexican yam beans,0.8,0.8,0.8,0.8,0.8,0.8,0.8
"Starchy roots or tubers and products thereof, sugar plants","Mexican yam beans, PROCESS Cooking in water",0.728,0.728,0.728,0.728,0.728,0.728,0.728
"Starchy roots or tubers and products thereof, sugar plants","Mexican yam beans, PROCESS Steaming",0.728,0.728,0.728,0.728,0.728,0.728,0.728
"Starchy roots or tubers and products thereof, sugar plants",New potatoes,0.3,0.2,0.2,1.52,0.2,0.3,0.2
"Starchy roots or tubers and products thereof, sugar plants","New potatoes, PROCESS Baking",0.33,0.33,0.33,0.86,0.33,0.33,0.33
"Starchy roots or tubers and products thereof, sugar plants","New potatoes, PROCESS Cooking in water",0.3,0.3,0.3,0.3,0.33,0.3,0.3
"Starchy roots or tubers and products thereof, sugar plants","New potatoes, PROCESS Steaming",0.3,0.3,0.34,0.3,0.33,0.3,0.3
"Starchy roots or tubers and products thereof, sugar plants",Pan-fried potato,0.4,0.582,0.503,0.582,0.31,0.4,0.7
"Starchy roots or tubers and products thereof, sugar plants",Potato baked,0.4,0.237,0.497,1.26,0.33,0.3,0.33
"Starchy roots or tubers and products thereof, sugar plants",Potato boiled,0.3,0.174,0.38,1.24,0.33,0.3,0.33
"Starchy roots or tubers and products thereof, sugar plants",Potato crisps or sticks,0.8,0.594,0.92,0.594,1.3,0.73,0.6
"Starchy roots or tubers and products thereof, sugar plants",Potato flakes,1.2,0.775,0.775,1.1,0.775,1.2,0.775
"Starchy roots or tubers and products thereof, sugar plants",Potato flour,0.16,0.15,0.15,0.15,0.3,0.16,0.3
"Starchy roots or tubers and products thereof, sugar plants",Potato starch,0.2,0.15,0.15,0.15,0.3,0.2,0.3
"Starchy roots or tubers and products thereof, sugar plants",Potato starch-based snacks,0.1,0.69,0.423,0.69,1.3,0.1,0.6
"Starchy roots or tubers and products thereof, sugar plants",Sweet potatoes,0.3,0.23,0.23,0.23,0.3,0.3,0.3
"Starchy roots or tubers and products thereof, sugar plants","Sweet potatoes, PROCESS Baking",0.3,0.26,0.267,0.26,0.3,,0.4
"Starchy roots or tubers and products thereof, sugar plants","Sweet potatoes, PROCESS Cooking in water",0.3,0.26,0.222,0.26,0.3,,0.3
"Starchy roots or tubers and products thereof, sugar plants","Sweet potatoes, PROCESS Steaming",0.3,0.26,0.222,0.26,0.3,0.3,0.3
"Starchy roots or tubers and products thereof, sugar plants",Tannias,0.6,0.6,0.6,0.6,0.5,0.6,0.6
"Starchy roots or tubers and products thereof, sugar plants","Tannias, PROCESS Baking",0.5,0.5,0.5,0.5,0.5,0.5,0.5
"Starchy roots or tubers and products thereof, sugar plants",Tapioca starch,0.015,0.015,0.015,0.015,0.015,0.015,0.015
"Starchy roots or tubers and products thereof, sugar plants",Tapioca starch-based snacks,0.4,0.4,0.4,0.4,0.4,0.4,0.4
"Starchy roots or tubers and products thereof, sugar plants",Taros,0.3,0.3,0.3,0.3,1.3,0.3,1.3
"Starchy roots or tubers and products thereof, sugar plants","Taros, PROCESS Baking",1.7,1.7,1.7,1.7,1.7,1.7,1.7
"Starchy roots or tubers and products thereof, sugar plants","Taros, PROCESS Cooking in water",0.278,0.278,0.278,0.278,1.3,0.278,1.3
"Starchy roots or tubers and products thereof, sugar plants","Taros, PROCESS Steaming",0.278,0.278,0.278,0.278,1.3,0.278,1.3
"Starchy roots or tubers and products thereof, sugar plants",Yams,0.11,0.11,0.11,0.11,0.3,0.11,0.3
"Starchy roots or tubers and products thereof, sugar plants","Yams, PROCESS Baking",0.106,0.106,0.106,0.106,0.4,0.106,0.4
"Starchy roots or tubers and products thereof, sugar plants","Yams, PROCESS Cooking in water",0.102,0.102,0.102,0.102,0.4,0.102,0.4
"Starchy roots or tubers and products thereof, sugar plants","Yams, PROCESS Steaming",0.102,0.102,0.102,0.102,0.4,0.102,0.3
"Sugar, confectionery and water-based sweet desserts",Basic sweet masses,0.1,1.724,1.724,1.724,1.6,0.1,1.6
"Sugar, confectionery and water-based sweet desserts",Bitter chocolate,1.8,2.85,3.776,2.85,1.3,1.8,1.3
"Sugar, confectionery and water-based sweet desserts","Bitter chocolate, QUAL Sugar free",1.3,2.8,1.3,2.8,1.3,1.3,1.3
"Sugar, confectionery and water-based sweet desserts",Bitter-sweet chocolate,2.89,2.474,2.474,2.474,0.1,2.89,1.3
"Sugar, confectionery and water-based sweet desserts","Bitter-sweet chocolate, QUAL Sugar free",1.3,1.3,1.3,1.3,1.3,1.3,1.3
"Sugar, confectionery and water-based sweet desserts","Caramel, hard",0.1,0.02,0.02,0.02,0.32,0.1,0.32
"Sugar, confectionery and water-based sweet desserts","Caramel, hard, QUAL Low / Reduced sugar",0.1,0.018,0.018,0.018,0.018,0.1,0.018
"Sugar, confectionery and water-based sweet desserts","Caramel, hard, QUAL Sugar free",0.018,0.018,0.018,0.018,0.018,0.018,0.018
"Sugar, confectionery and water-based sweet desserts","Caramel, soft",0.1,,,,0.32,0.1,0.32
"Sugar, confectionery and water-based sweet desserts","Caramel, soft, QUAL Low / Reduced sugar",0.018,0.018,0.018,0.018,0.018,0.018,0.018
"Sugar, confectionery and water-based sweet desserts","Caramel, soft, QUAL Sugar free",0.018,0.018,0.018,0.018,0.018,0.018,0.018
"Sugar, confectionery and water-based sweet desserts",Chewing gum,0.1,,0.04,,,0.1,
"Sugar, confectionery and water-based sweet desserts","Chewing gum, QUAL Low / Reduced sugar",0.04,0.04,0.04,0.04,0.04,0.04,0.04
"Sugar, confectionery and water-based sweet desserts","Chewing gum, QUAL Sugar free",0.1,0.09,0.04,0.09,0.09,0.1,0.09
"Sugar, confectionery and water-based sweet desserts",Chocolate and chocolate products,1.7,1.38,2.067,1.3,1.1,1.7,1.1
"Sugar, confectionery and water-based sweet desserts","Chocolate and chocolate products, QUAL Low / Reduced sugar",2.201,2.201,2.201,2.201,2.201,2.201,2.201
"Sugar, confectionery and water-based sweet desserts","Chocolate and chocolate products, QUAL Sugar free",2.201,2.201,2.201,2.201,0.11,2.201,1.1
"Sugar, confectionery and water-based sweet desserts",Chocolate coated confectionery,,0.69,1.289,0.69,0.52,0.57,0.6
"Sugar, confectionery and water-based sweet desserts",Cream chocolate,1.55,1.399,1.399,1.399,0.66,1.55,1.3
"Sugar, confectionery and water-based sweet desserts",Dessert halva,0.624,0.624,0.624,0.624,0.2,0.624,0.2
"Sugar, confectionery and water-based sweet desserts","Dragée, sugar coated",,1.384,1.384,1.384,0.04,,0.04
"Sugar, confectionery and water-based sweet desserts","Dragée, sugar coated, QUAL Low / Reduced sugar",0.018,0.018,0.018,0.018,0.018,0.018,0.018
"Sugar, confectionery and water-based sweet desserts","Dragée, sugar coated, QUAL Sugar free",0.018,0.018,0.018,0.018,0.04,0.018,0.04
"Sugar, confectionery and water-based sweet desserts",Filled chocolate,,,1.872,,0.66,,0.8
"Sugar, confectionery and water-based sweet desserts",Foamed sugar products (marshmallows),0.1,,,,,0.1,
"Sugar, confectionery and water-based sweet desserts",Fructose,0.1,0.01,0.02,,,,
"Sugar, confectionery and water-based sweet desserts",Fudge,0.32,,,,0.32,0.32,0.4
"Sugar, confectionery and water-based sweet desserts",Gelatine dessert,0.1,0.3,0.009,0.3,,0.1,
"Sugar, confectionery and water-based sweet desserts","Gelatine dessert, QUAL Sugar free",0.009,0.009,0.009,0.009,0.009,0.009,0.009
"Sugar, confectionery and water-based sweet desserts",Glucose,0.02,0.02,0.02,0.02,0.02,0.02,0.02
"Sugar, confectionery and water-based sweet desserts",Gum drops,,,,,0.05,,0.05
"Sugar, confectionery and water-based sweet desserts","Gum drops, QUAL Sugar free",0.1,0.1,0.1,0.1,0.1,0.1,0.1
"Sugar, confectionery and water-based sweet desserts",Hard candies,0.3,0.04,0.02,0.04,0.04,,0.04
"Sugar, confectionery and water-based sweet desserts","Hard candies, QUAL Low / Reduced sugar",0.018,0.018,0.018,0.018,0.04,0.018,0.04
"Sugar, confectionery and water-based sweet desserts","Hard candies, QUAL Sugar free",0.1,0.018,0.018,0.018,0.04,0.1,0.04
"Sugar, confectionery and water-based sweet desserts","Honey, polyfloral",0.1,0.118,0.168,0.118,0.62,0.1,0.9
"Sugar, confectionery and water-based sweet desserts",Jelly candies,0.1,0.04,,0.04,,0.1,
"Sugar, confectionery and water-based sweet desserts",Liquorice candies,0.3,0.433,0.433,0.5,0.29,0.3,0.5
"Sugar, confectionery and water-based sweet desserts","Liquorice candies, QUAL Sugar free",0.29,0.29,0.29,0.29,0.29,0.29,0.29
"Sugar, confectionery and water-based sweet desserts",Marzipan,1.7,1.39,1.5,1.39,0.97,1.5,0.8
"Sugar, confectionery and water-based sweet desserts",Marzipan raw mass,1.5,1.724,1.724,1.724,0.97,1.724,1.6
"Sugar, confectionery and water-based sweet desserts",Milk chocolate,1.5,1.2,2.067,1.2,1.1,0.2,1.1
"Sugar, confectionery and water-based sweet desserts","Milk chocolate, QUAL Low / Reduced sugar",2.201,2.201,2.201,2.201,2.201,2.201,2.201
"Sugar, confectionery and water-based sweet desserts","Milk chocolate, QUAL Sugar free",2.201,2.201,2.201,2.201,0.11,2.201,0.11
"Sugar, confectionery and water-based sweet desserts",Molasses,0.9,0.9,0.9,0.9,0.3,0.9,0.3
"Sugar, confectionery and water-based sweet desserts",Nougat,0.12,1.3,1.167,1.3,0.94,0.12,0.5
"Sugar, confectionery and water-based sweet desserts","Nougat, QUAL Low / Reduced sugar",1.176,1.176,1.176,1.176,1.176,1.176,1.176
"Sugar, confectionery and water-based sweet desserts","Nougat, QUAL Sugar free",1.176,1.176,1.176,1.176,1.176,1.176,1.176
"Sugar, confectionery and water-based sweet desserts",Nuts-seeds based halva,0.1,0.624,0.624,0.624,4.4,0.1,4.4
"Sugar, confectionery and water-based sweet desserts",Polyols,0,0,0,0,0,0,0
"Sugar, confectionery and water-based sweet desserts",Pralines,1.1,0.481,0.481,0.481,0.66,1.1,1.2
"Sugar, confectionery and water-based sweet desserts",Sorbet,0.1,0.368,0.025,0.368,0.02,0.7,
"Sugar, confectionery and water-based sweet desserts",Sucrose (common sugar),0.1,0.032,0.02,0.032,0.01,0.1,0.1
"Sugar, confectionery and water-based sweet desserts",Sweet confectionery-deprecated,0.3,0.04,0.02,0.04,0.04,0.3,0.04
"Sugar, confectionery and water-based sweet desserts","Sweet confectionery-deprecated, QUAL Low / Reduced sugar",0.018,0.018,0.018,0.018,0.018,0.018,0.018
"Sugar, confectionery and water-based sweet desserts","Sweet confectionery-deprecated, QUAL Sugar free",0.1,0.018,0.018,0.018,0.04,0.1,0.04
"Sugar, confectionery and water-based sweet desserts",Syrups,0.1,0.02,0.01,0.02,,0.1,0.1
"Sugar, confectionery and water-based sweet desserts",Toffee,0.3,,,,0.32,0.1,0.3
"Sugar, confectionery and water-based sweet desserts","Toffee, QUAL Low / Reduced sugar",0.018,0.018,0.018,0.018,0.018,0.018,0.018
"Sugar, confectionery and water-based sweet desserts","Toffee, QUAL Sugar free",0.018,0.018,0.018,0.018,0.018,0.018,0.018
"Sugar, confectionery and water-based sweet desserts",White chocolate,0.9,0.9,0.629,0.9,1,0.74,0.9
Vegetables and vegetable products,Alfalfa sprouts,0.9,0.92,0.92,0.9,0.9,0.9,0.9
Vegetables and vegetable products,"Alfalfa sprouts, PROCESS Cooking in water",0.856,0.856,0.856,0.856,0.856,0.856,0.856
Vegetables and vegetable products,"Alfalfa sprouts, PROCESS Steaming",0.41,0.964,0.964,0.964,0.41,0.41,0.964
Vegetables and vegetable products,Angelica (leaves and stems),1.1,1.1,1.1,1.1,1.1,1.1,1.1
Vegetables and vegetable products,Aniseed myrtle,0.46,0.46,0.46,0.46,0.46,0.46,0.46
Vegetables and vegetable products,Asparagus,0.7,0.444,0.444,0.444,0.5,0.7,0.7
Vegetables and vegetable products,"Asparagus, PROCESS Baking",0.49,0.49,0.49,0.49,0.49,0.49,0.49
Vegetables and vegetable products,"Asparagus, PROCESS Cooking in water",,0.462,0.359,0.462,0.7,0.4,0.7
Vegetables and vegetable products,"Asparagus, PROCESS Steaming",,0.336,0.443,0.336,0.7,0.4,0.7
Vegetables and vegetable products,Aubergines,,0.116,0.116,0.116,0.2,,0.2
Vegetables and vegetable products,"Aubergines, PROCESS Baking",0.128,0.05,0.128,0.05,0.128,0.128,0.128
Vegetables and vegetable products,"Aubergines, PROCESS Cooking in water",0.114,0.05,0.114,0.05,0.1,0.114,0.1
Vegetables and vegetable products,"Aubergines, PROCESS Frying",0.1,0.1,0.129,0.1,0.129,0.1,0.1
Vegetables and vegetable products,"Aubergines, PROCESS Steaming",0.128,0.128,0.128,0.128,0.1,0.128,0.1
Vegetables and vegetable products,Bamboo shoots,0.2,0.2,0.2,0.2,0.2,0.2,0.2
Vegetables and vegetable products,"Bamboo shoots, PROCESS Cooking in water",1.1,0.159,0.159,0.159,0.65,1.1,1.1
Vegetables and vegetable products,"Bamboo shoots, PROCESS Frying",0.1,0.1,0.1,0.1,0.1,0.1,0.1
Vegetables and vegetable products,"Bamboo shoots, PROCESS Steaming",1.1,0.159,0.159,0.159,0.65,1.1,1.1
Vegetables and vegetable products,Basil,0.7,0.78,0.7,0.78,0.7,0.85,0.7
Vegetables and vegetable products,Beans (with pods) and similar-,0.4,0.29,0.304,0.29,0.18,0.4,0.2
Vegetables and vegetable products,"Beans (with pods) and similar-, PROCESS Baking",3.06,0.333,0.333,0.333,3.06,3.06,0.333
Vegetables and vegetable products,"Beans (with pods) and similar-, PROCESS Cooking in water",0.4,0.24,0.249,0.24,0.37,0.3,0.2
Vegetables and vegetable products,"Beans (with pods) and similar-, PROCESS Steaming",0.4,0.24,0.291,0.24,0.37,0.4,0.2
Vegetables and vegetable products,Beetroots,0.5,0.357,0.357,0.357,0.4,0.7,0.4
Vegetables and vegetable products,"Beetroots, PROCESS Baking",0.37,0.285,0.37,0.285,0.37,0.37,0.37
Vegetables and vegetable products,"Beetroots, PROCESS Cooking in water",0.5,0.285,0.275,0.285,0.34,,0.5
Vegetables and vegetable products,"Beetroots, PROCESS Steaming",0.5,0.321,0.321,0.321,0.34,,0.5
Vegetables and vegetable products,Borage,1,1,1,1,1,1,1
Vegetables and vegetable products,Broccoli and similar-,0.1,0.464,0.464,2.35,0.32,0.1,0.6
Vegetables and vegetable products,"Broccoli and similar-, PROCESS Baking",0.43,0.509,0.509,1.95,0.43,0.43,0.509
Vegetables and vegetable products,"Broccoli and similar-, PROCESS Cooking in water",0.1,0.24,0.389,0.24,0.62,0.1,0.4
Vegetables and vegetable products,"Broccoli and similar-, PROCESS Frying",0.462,0.462,0.462,0.462,0.462,0.462,0.462
Vegetables and vegetable products,"Broccoli and similar-, PROCESS Steaming",0.1,0.24,0.462,0.24,0.62,0.1,0.4
Vegetables and vegetable products,Brussels sprouts,0.2,0.43,0.54,0.43,0.4,0.2,0.5
Vegetables and vegetable products,"Brussels sprouts, PROCESS Baking",0.145,0.591,0.591,0.591,0.145,0.145,0.591
Vegetables and vegetable products,"Brussels sprouts, PROCESS Cooking in water",0.2,0.2,0.41,0.2,0.31,,0.3
Vegetables and vegetable products,"Brussels sprouts, PROCESS Steaming",0.2,0.32,0.3,0.32,0.31,,0.3
Vegetables and vegetable products,Canned mushrooms,0.29,0.548,0.616,0.7,0.6,0.616,0.6
Vegetables and vegetable products,"Canned mushrooms, PROCESS Baking",0.749,0.749,0.749,0.749,0.749,0.749,0.749
Vegetables and vegetable products,"Canned mushrooms, PROCESS Cooking in water",0.9,0.515,0.515,0.515,0.6,0.9,0.6
Vegetables and vegetable products,"Canned mushrooms, PROCESS Steaming",0.9,0.841,0.841,0.841,0.6,0.9,0.3
Vegetables and vegetable products,Cardoons,0.474,0.31,0.474,0.31,0.31,0.474,0.474
Vegetables and vegetable products,"Cardoons, PROCESS Cooking in water",0.395,0.395,0.395,0.395,0.395,0.395,0.395
Vegetables and vegetable products,"Cardoons, PROCESS Steaming",0.395,0.395,0.395,0.395,0.395,0.395,0.395
Vegetables and vegetable products,Carrots,0.4,0.22,0.256,2.92,0.22,0.3,0.1
Vegetables and vegetable products,"Carrots, PROCESS Baking",0.28,0.28,0.28,2.1,0.28,0.28,0.28
Vegetables and vegetable products,"Carrots, PROCESS Cooking in water",0.4,0.2,0.281,0.2,0.23,0.4,0.1
Vegetables and vegetable products,"Carrots, PROCESS Frying",1.4,0.38,1.4,0.38,1.4,1.4,1.4
Vegetables and vegetable products,"Carrots, PROCESS Steaming",0.4,0.38,0.272,0.38,0.23,0.4,0.1
Vegetables and vegetable products,Cauliflowers,0.5,0.314,0.286,0.7,0.37,0.4,0.6
Vegetables and vegetable products,"Cauliflowers, PROCESS Baking",0.19,0.315,0.315,1.04,0.19,0.19,0.315
Vegetables and vegetable products,"Cauliflowers, PROCESS Cooking in water",0.5,0.18,0.233,0.18,0.26,,0.4
Vegetables and vegetable products,"Cauliflowers, PROCESS Steaming",0.5,0.18,0.285,0.18,0.26,,0.4
Vegetables and vegetable products,Celeriacs,0.4,0.315,0.398,0.315,0.31,0.4,0.3
Vegetables and vegetable products,"Celeriacs, PROCESS Baking",0.438,0.438,0.438,0.438,0.438,0.438,0.438
Vegetables and vegetable products,"Celeriacs, PROCESS Cooking in water",0.294,0.14,0.294,0.14,0.1,0.294,0.2
Vegetables and vegetable products,"Celeriacs, PROCESS Steaming",0.1,0.2,0.396,0.2,0.1,0.1,0.2
Vegetables and vegetable products,Celeries,0.2,0.12,0.11,1.24,0.1,0.4,0.1
Vegetables and vegetable products,"Celeries, PROCESS Cooking in water",0.092,0.077,0.092,1.25,0.1,0.092,0.1
Vegetables and vegetable products,"Celeries, PROCESS Steaming",0.22,0.077,0.22,1.25,0.1,0.22,0.1
Vegetables and vegetable products,Celery leaves,1.8,0.3,0.3,0.3,1.2,1.8,1.2
Vegetables and vegetable products,"Celtuce, PROCESS Steaming",0.29,0.29,0.29,0.29,0.29,0.29,0.29
Vegetables and vegetable products,Ceps,0.9,1.51,1.51,1.51,1.51,0.9,1.51
Vegetables and vegetable products,"Ceps, PROCESS Baking",1.827,1.827,1.827,1.827,1.827,1.827,1.827
Vegetables and vegetable products,"Ceps, PROCESS Cooking in water",1.4,1.253,1.253,1.253,1.253,1.4,1.253
Vegetables and vegetable products,"Ceps, PROCESS Steaming",1.4,1.847,1.847,1.847,1.847,1.4,1.847
Vegetables and vegetable products,Chanterelles,0.8,0.65,0.65,0.65,0.97,0.8,0.97
Vegetables and vegetable products,"Chanterelles, PROCESS Baking",0.796,0.796,0.796,0.796,0.796,0.796,0.796
Vegetables and vegetable products,"Chanterelles, PROCESS Cooking in water",0.542,0.542,0.542,0.542,0.97,0.542,0.97
Vegetables and vegetable products,"Chanterelles, PROCESS Steaming",0.898,0.898,0.898,0.898,0.97,0.898,0.97
Vegetables and vegetable products,Chards,0.9,0.3,0.3,0.78,0.3,0.9,0.3
Vegetables and vegetable products,"Chards, PROCESS Baking",0.2,0.327,0.327,1.76,0.2,0.2,0.327
Vegetables and vegetable products,"Chards, PROCESS Cooking in water",0.252,0.323,0.252,1.5,0.323,0.252,0.252
Vegetables and vegetable products,"Chards, PROCESS Steaming",0.2,0.323,0.299,1.5,0.2,0.2,0.299
Vegetables and vegetable products,Chervil,1.1,1.1,1.1,1.1,1.1,1.1,1.1
Vegetables and vegetable products,Chickpea sprouts,0.63,0.63,0.63,0.63,0.63,0.63,0.63
Vegetables and vegetable products,Chili peppers,,0.15,0.15,0.15,0.3,,0.4
Vegetables and vegetable products,"Chili peppers, PROCESS Baking",0.6,0.164,0.164,0.164,0.6,0.6,0.164
Vegetables and vegetable products,"Chili peppers, PROCESS Cooking in water",0.146,0.146,0.146,0.146,0.146,0.146,0.146
Vegetables and vegetable products,Chinese cabbages and similar-,0.2,0.37,0.37,0.37,0.23,0.2,0.2
Vegetables and vegetable products,"Chinese cabbages and similar-, PROCESS Baking",0.62,0.62,0.62,0.62,0.62,0.62,0.62
Vegetables and vegetable products,"Chinese cabbages and similar-, PROCESS Cooking in water",0.309,0.309,0.309,0.309,0.17,0.309,0.17
Vegetables and vegetable products,"Chinese cabbages and similar-, PROCESS Steaming",0.17,0.17,0.17,0.17,0.17,0.17,0.17
Vegetables and vegetable products,Chives,0.5,0.47,0.49,0.4,0.4,0.4,0.4
Vegetables and vegetable products,Chives and similar-,0.49,0.47,0.49,0.4,0.4,0.49,0.4
Vegetables and vegetable products,Common bean sprouts,0.5,0.5,0.5,0.5,0.5,0.5,0.5
Vegetables and vegetable products,Common mushrooms,0.5,0.647,0.523,1.46,0.3,0.5,0.4
Vegetables and vegetable products,"Common mushrooms, PROCESS Baking",0.641,0.641,0.641,0.641,0.641,0.641,0.641
Vegetables and vegetable products,"Common mushrooms, PROCESS Cooking in water",0.6,0.93,0.436,0.93,0.3,0.6,0.3
Vegetables and vegetable products,"Common mushrooms, PROCESS Frying",0.5,0.5,0.5,0.5,0.56,0.5,0.5
Vegetables and vegetable products,"Common mushrooms, PROCESS Steaming",0.6,0.93,0.654,0.93,0.3,0.6,0.3
Vegetables and vegetable products,Common nettle,1.7,1.02,1.02,1.7,1.02,0.1,1.02
Vegetables and vegetable products,Courgettes,0.3,0.185,0.248,0.9,0.3,0.3,0.3
Vegetables and vegetable products,Courgettes and similar-,0.3,0.185,0.248,0.185,0.3,0.3,0.3
Vegetables and vegetable products,"Courgettes and similar-, PROCESS Baking",0.081,0.274,0.274,0.274,0.081,0.081,0.274
Vegetables and vegetable products,"Courgettes and similar-, PROCESS Cooking in water",,0.207,0.207,0.207,0.31,,0.2
Vegetables and vegetable products,"Courgettes and similar-, PROCESS Frying",,0.5,0.5,0.5,0.5,,0.5
Vegetables and vegetable products,"Courgettes and similar-, PROCESS Steaming",,0.247,0.247,0.247,0.31,,0.2
Vegetables and vegetable products,"Courgettes, PROCESS Baking",0.1,0.32,0.274,1.21,0.1,0.1,0.274
Vegetables and vegetable products,"Courgettes, PROCESS Cooking in water",,0.207,0.207,0.207,0.31,,0.2
Vegetables and vegetable products,"Courgettes, PROCESS Frying",0.5,0.5,0.5,0.5,0.5,0.5,0.5
Vegetables and vegetable products,"Courgettes, PROCESS Steaming",,0.247,0.247,0.247,0.31,,0.2
Vegetables and vegetable products,Cresses,0.7,0.15,0.15,0.15,0.46,0.2,0.3
Vegetables and vegetable products,Cucumbers,0.2,0.15,0.112,0.15,0.63,0.2,0.1
Vegetables and vegetable products,Curly kales,0.2,0.33,0.33,0.33,0.4,0.4,0.4
Vegetables and vegetable products,"Curly kales, PROCESS Cooking in water",0.218,0.218,0.218,0.218,0.2,0.218,0.2
Vegetables and vegetable products,"Curly kales, PROCESS Frying",1.16,1.16,1.16,1.16,1.16,1.16,1.16
Vegetables and vegetable products,"Curly kales, PROCESS Steaming",0.218,0.218,0.218,0.218,0.2,0.218,0.2
Vegetables and vegetable products,Dandelions,0.83,0.278,0.83,0.278,1.2,0.83,1.2
Vegetables and vegetable products,Dill leaves,0.7,1.8,1.8,1.8,1.8,1.8,1.8
Vegetables and vegetable products,Dried mushrooms,5.526,5.526,5.526,12.2,4.8,5.526,4.8
Vegetables and vegetable products,"Dried mushrooms, PROCESS Cooking in water",0.511,0.511,0.511,0.511,0.511,0.511,0.511
Vegetables and vegetable products,"Dried mushrooms, PROCESS Steaming",0.511,0.511,0.511,0.511,0.511,0.511,0.511
Vegetables and vegetable products,Dried vegetables,,2.642,2.642,2.642,2.642,,2.642
Vegetables and vegetable products,Dulse,1.05,1.05,1.05,1.05,1.05,1.05,1.05
Vegetables and vegetable products,"Dulse, PROCESS Cooking in water",0.623,0.623,0.623,0.623,0.623,0.623,0.623
Vegetables and vegetable products,"Dulse, PROCESS Steaming",0.623,0.623,0.623,0.623,0.623,0.623,0.623
Vegetables and vegetable products,Escaroles,0.356,0.356,0.356,0.356,0.55,0.356,0.55
Vegetables and vegetable products,Escaroles and similar-,0.2,0.145,0.356,0.145,0.55,0.2,0.2
Vegetables and vegetable products,"Escaroles and similar-, PROCESS Baking",0.177,0.177,0.177,0.177,0.177,0.177,0.177
Vegetables and vegetable products,"Escaroles and similar-, PROCESS Cooking in water",0.27,0.27,0.27,0.27,0.27,0.27,0.27
Vegetables and vegetable products,"Escaroles and similar-, PROCESS Steaming",0.27,0.177,0.27,0.177,0.27,0.27,0.27
Vegetables and vegetable products,Fennel leaves,0.46,0.35,0.25,0.35,0.46,0.46,0.5
Vegetables and vegetable products,Florence fennels,,0.35,0.22,0.87,0.25,0.5,0.5
Vegetables and vegetable products,"Florence fennels, PROCESS Baking",0.242,0.16,0.242,0.66,0.16,0.242,0.242
Vegetables and vegetable products,"Florence fennels, PROCESS Cooking in water",0.184,0.16,0.184,0.16,0.4,0.184,0.4
Vegetables and vegetable products,"Florence fennels, PROCESS Steaming",0.219,0.16,0.219,0.16,0.4,0.219,0.4
Vegetables and vegetable products,Garden cress sprouts,0.3,0.3,0.3,0.3,0.3,0.3,0.3
Vegetables and vegetable products,"Garden cress sprouts, PROCESS Steaming",1.51,1.51,1.51,1.51,1.51,1.51,1.51
Vegetables and vegetable products,Garden sorrel,0.1,0.2,0.58,0.2,0.2,0.1,0.58
Vegetables and vegetable products,Garlic and similar-,0.9,0.86,0.577,0.86,1,0.9,1
Vegetables and vegetable products,"Garlic and similar-, PROCESS Baking",0.16,0.615,0.615,0.615,0.16,0.16,0.615
Vegetables and vegetable products,"Garlic and similar-, PROCESS Cooking in water",0.483,0.483,0.483,0.483,0.483,0.483,0.483
Vegetables and vegetable products,"Garlic and similar-, PROCESS Steaming",0.565,0.565,0.565,0.565,0.565,0.565,0.565
Vegetables and vegetable products,Garlic puree,0.483,0.483,0.483,0.483,0.4,0.483,0.4
Vegetables and vegetable products,Gherkins,0.29,0.112,0.112,0.3,0.18,0.29,0.2
Vegetables and vegetable products,Globe artichokes,,0.26,0.474,0.95,0.5,,0.5
Vegetables and vegetable products,"Globe artichokes, PROCESS Cooking in water",0.4,0.49,0.395,0.49,0.5,0.4,0.5
Vegetables and vegetable products,"Globe artichokes, PROCESS Steaming",0.395,0.49,0.395,0.49,0.395,0.395,0.5
Vegetables and vegetable products,Grape leaves,0.3,0.67,0.67,0.67,0.67,0.3,0.67
Vegetables and vegetable products,"Grape leaves, PROCESS Cooking in water",0.561,0.561,0.561,0.561,0.561,0.561,0.561
Vegetables and vegetable products,"Grape leaves, PROCESS Steaming",0.561,0.561,0.561,0.561,0.561,0.561,0.561
Vegetables and vegetable products,Head cabbages,0.2,0.205,0.157,0.205,0.3,0.3,0.3
Vegetables and vegetable products,Head cabbages and similar-,0.2,0.15,0.157,0.15,0.3,0.2,0.3
Vegetables and vegetable products,"Head cabbages and similar-, PROCESS Baking",0.11,0.173,0.173,0.173,0.11,0.11,0.173
Vegetables and vegetable products,"Head cabbages and similar-, PROCESS Cooking in water",,0.139,0.121,0.139,0.1,,0.1
Vegetables and vegetable products,"Head cabbages and similar-, PROCESS Frying",0.2,0.2,0.2,0.2,0.2,0.2,0.2
Vegetables and vegetable products,"Head cabbages and similar-, PROCESS Steaming",,0.139,0.1,0.139,0.1,,0.1
Vegetables and vegetable products,"Head cabbages, PROCESS Baking",0.62,0.173,0.173,0.173,0.62,0.62,0.173
Vegetables and vegetable products,"Head cabbages, PROCESS Cooking in water",,0.201,0.121,0.201,0.1,0.121,0.1
Vegetables and vegetable products,"Head cabbages, PROCESS Frying",0.2,,,,0.2,,
Vegetables and vegetable products,"Head cabbages, PROCESS Steaming",,0.201,0.1,0.201,0.1,,0.1
Vegetables and vegetable products,Hijiki,1.23,1.23,1.23,1.23,1.23,1.23,1.23
Vegetables and vegetable products,"Hijiki, PROCESS Cooking in water",0.73,0.73,0.73,0.73,0.73,0.73,0.73
Vegetables and vegetable products,"Hijiki, PROCESS Steaming",0.73,0.73,0.73,0.73,0.73,0.73,0.73
Vegetables and vegetable products,Honey mushroom,0.767,0.767,0.767,0.4,0.767,0.767,0.767
Vegetables and vegetable products,"Honey mushroom, PROCESS Cooking in water",0.747,0.747,0.747,0.747,0.747,0.747,0.747
Vegetables and vegetable products,"Honey mushroom, PROCESS Steaming",0.747,0.747,0.747,0.747,0.747,0.747,0.747
Vegetables and vegetable products,Horseradish roots,1.4,1.4,1.4,1.4,1.4,1.4,1.4
Vegetables and vegetable products,"Horseradish roots, PROCESS Cooking in water",1.306,1.306,1.306,1.306,1.306,1.306,1.306
Vegetables and vegetable products,"Horseradish roots, PROCESS Steaming",0.85,1.306,1.306,1.306,0.85,0.85,1.306
Vegetables and vegetable products,Jerusalem artichokes,,0.06,0.06,0.06,0.06,,0.06
Vegetables and vegetable products,"Jerusalem artichokes, PROCESS Baking",1.4,0.11,0.058,0.11,1.4,1.4,0.058
Vegetables and vegetable products,"Jerusalem artichokes, PROCESS Cooking in water",0.055,0.11,0.055,0.11,0.1,0.055,0.1
Vegetables and vegetable products,"Jerusalem artichokes, PROCESS Steaming",0.055,0.11,0.055,0.11,0.1,0.055,0.1
Vegetables and vegetable products,Kales and similar-,0.2,0.33,0.33,0.33,0.4,0.2,0.4
Vegetables and vegetable products,"Kales and similar-, PROCESS Baking",0.03,0.03,0.03,0.03,0.03,0.03,0.03
Vegetables and vegetable products,"Kales and similar-, PROCESS Cooking in water",0.218,0.218,0.218,0.218,0.2,0.218,0.2
Vegetables and vegetable products,"Kales and similar-, PROCESS Steaming",0.218,0.218,0.218,0.218,0.2,0.218,0.2
Vegetables and vegetable products,Kohlrabies,0.2,0.246,0.246,0.246,0.26,0.3,0.1
Vegetables and vegetable products,"Kohlrabies, PROCESS Baking",0.16,0.271,0.271,0.271,0.16,0.16,0.271
Vegetables and vegetable products,"Kohlrabies, PROCESS Cooking in water",,0.196,0.196,0.196,0.26,,0.1
Vegetables and vegetable products,"Kohlrabies, PROCESS Steaming",,0.1,0.1,0.1,0.26,,0.1
Vegetables and vegetable products,Lamb's lettuces,,0.23,0.31,0.23,0.23,,0.31
Vegetables and vegetable products,Land cresses,0.15,0.15,0.15,0.15,0.7,0.15,0.7
Vegetables and vegetable products,Laurel,0.5,0.587,0.587,3.7,0.5,0.5,0.587
Vegetables and vegetable products,Laver,1.05,1.05,1.05,1.05,1.05,1.05,1.05
Vegetables and vegetable products,"Laver, PROCESS Cooking in water",0.623,0.623,0.623,0.623,0.623,0.623,0.623
Vegetables and vegetable products,"Laver, PROCESS Steaming",0.623,0.623,0.623,0.623,0.623,0.623,0.623
Vegetables and vegetable products,Leeks,0.4,0.223,0.281,0.223,0.4,0.3,0.2
Vegetables and vegetable products,"Leeks, PROCESS Baking",0.309,0.16,0.309,0.16,0.16,0.309,0.309
Vegetables and vegetable products,"Leeks, PROCESS Cooking in water",,0.16,0.235,0.16,0.19,0.235,0.2
Vegetables and vegetable products,"Leeks, PROCESS Steaming",,0.16,0.28,0.16,0.19,0.23,0.2
Vegetables and vegetable products,Lentil sprouts,0.89,0.89,0.89,0.89,0.89,0.89,0.89
Vegetables and vegetable products,"Lentil sprouts, PROCESS Steaming",0.41,0.41,0.41,0.41,0.41,0.41,0.41
Vegetables and vegetable products,"Lentils, fresh",3.583,3.583,3.583,3.583,3.9,3.583,3.9
Vegetables and vegetable products,"Lentils, fresh, PROCESS Baking",0.16,0.16,0.16,0.16,0.16,0.16,0.16
Vegetables and vegetable products,"Lentils, fresh, PROCESS Cooking in water",1.442,1.03,1.442,1.03,1.4,1.442,1.4
Vegetables and vegetable products,"Lentils, fresh, PROCESS Steaming",1.442,1.03,1.442,1.03,1.4,1.442,1.4
Vegetables and vegetable products,Lettuces (generic),0.5,0.21,0.298,0.21,0.33,,0.2
Vegetables and vegetable products,Lovage leaves,1.2,1.2,1.2,1.2,1.2,1.2,1.2
Vegetables and vegetable products,Mashed vegetable puree,0.3,0.33,0.4,0.33,0.5,0.3,0.4
Vegetables and vegetable products,Melons and similar-,,0.191,0.109,0.191,0.16,,0.16
Vegetables and vegetable products,Mints,1.2,1.03,1.2,1.03,1.2,1.2,1.2
Vegetables and vegetable products,Morels,0.6,0.5,0.5,0.5,0.1,0.6,0.1
Vegetables and vegetable products,"Morels, PROCESS Baking",0.477,0.486,0.486,0.486,0.477,0.477,0.486
Vegetables and vegetable products,"Morels, PROCESS Cooking in water",0.486,0.486,0.486,0.486,0.486,0.486,0.486
Vegetables and vegetable products,"Morels, PROCESS Steaming",0.615,0.615,0.615,0.615,0.615,0.615,0.615
Vegetables and vegetable products,Mung bean sprouts,0.4,0.41,0.39,0.41,0.6,0.4,0.3
Vegetables and vegetable products,"Mung bean sprouts, PROCESS Cooking in water",0.3,0.2,0.3,0.2,0.3,0.3,0.3
Vegetables and vegetable products,"Mung bean sprouts, PROCESS Steaming",0.3,0.2,0.3,0.2,0.3,0.3,0.3
Vegetables and vegetable products,Mushy peas,0.25,0.877,0.877,0.877,0.25,0.25,0.7
Vegetables and vegetable products,Nasturtium flowers and leaves,0.2,0.2,0.2,0.2,0.2,0.2,0.2
Vegetables and vegetable products,Okra,0.3,1.3,1.3,1.3,0.6,0.3,0.6
Vegetables and vegetable products,"Okra, PROCESS Cooking in water",1.27,1.27,1.27,1.27,0.5,1.27,0.5
Vegetables and vegetable products,"Okra, PROCESS Steaming",1.27,1.27,1.27,1.27,0.5,1.27,0.5
Vegetables and vegetable products,Onions,0.4,0.171,0.184,0.171,0.29,0.2,0.2
Vegetables and vegetable products,Onions and similar-,0.4,0.171,0.184,0.3,0.29,0.4,0.2
Vegetables and vegetable products,"Onions and similar-, PROCESS Baking",0.203,0.205,0.203,0.205,0.6,0.203,0.6
Vegetables and vegetable products,"Onions and similar-, PROCESS Cooking in water",,0.154,0.154,0.154,0.31,,0.2
Vegetables and vegetable products,"Onions and similar-, PROCESS Frying",0.4,0.3,0.3,0.3,0.18,0.4,0.3
Vegetables and vegetable products,"Onions and similar-, PROCESS Steaming",,0.2,0.2,0.2,0.2,,0.2
Vegetables and vegetable products,"Onions, PROCESS Baking",0.94,0.205,0.203,0.205,0.39,0.94,0.6
Vegetables and vegetable products,"Onions, PROCESS Cooking in water",,0.154,0.154,0.154,0.31,0.154,0.2
Vegetables and vegetable products,"Onions, PROCESS Frying",0.4,0.3,0.3,0.3,0.18,,0.3
Vegetables and vegetable products,"Onions, PROCESS Steaming",,0.2,0.2,0.2,0.2,0.2,0.2
Vegetables and vegetable products,Palm hearts,0.06,0.06,0.06,0.06,0.06,0.06,0.06
Vegetables and vegetable products,"Palm hearts, PROCESS Cooking in water",0.059,0.835,0.059,0.835,0.835,0.059,0.059
Vegetables and vegetable products,"Palm hearts, PROCESS Steaming",0.41,0.059,0.059,0.059,0.41,0.41,0.059
Vegetables and vegetable products,Parsley,1.5,1.04,0.73,1.04,0.7,1.5,0.7
Vegetables and vegetable products,Parsley roots,0.5,0.18,0.18,0.18,0.18,0.5,0.18
Vegetables and vegetable products,Parsnip roots,0.9,0.079,0.85,0.079,0.32,0.5,0.3
Vegetables and vegetable products,"Parsnip roots, PROCESS Baking",0.132,0.132,0.132,0.132,0.132,0.132,0.132
Vegetables and vegetable products,"Parsnip roots, PROCESS Cooking in water",0.9,0.132,0.729,0.132,0.3,0.9,0.3
Vegetables and vegetable products,"Parsnip roots, PROCESS Frying",0.132,0.132,0.132,0.132,0.132,0.132,0.132
Vegetables and vegetable products,"Parsnip roots, PROCESS Steaming",0.9,0.132,0.729,0.132,0.3,0.9,0.3
Vegetables and vegetable products,Pearl oyster mushrooms,0.7,0.866,0.866,0.866,0.866,0.7,0.866
Vegetables and vegetable products,"Pearl oyster mushrooms, PROCESS Baking",0.548,0.548,0.548,0.548,0.548,0.548,0.548
Vegetables and vegetable products,"Pearl oyster mushrooms, PROCESS Cooking in water",0.719,0.719,0.719,0.719,0.719,0.719,0.719
Vegetables and vegetable products,"Pearl oyster mushrooms, PROCESS Steaming",0.842,0.842,0.842,0.842,0.842,0.842,0.842
Vegetables and vegetable products,Peas (with pods) and similar-,0.327,1.03,0.327,1.03,0.6,0.327,0.6
Vegetables and vegetable products,"Peas (with pods) and similar-, PROCESS Cooking in water",0.273,0.273,0.273,0.273,0.4,0.273,0.4
Vegetables and vegetable products,"Peas (with pods) and similar-, PROCESS Frying",,0.73,0.73,0.73,0.73,,0.73
Vegetables and vegetable products,"Peas (with pods) and similar-, PROCESS Steaming",0.323,0.323,0.323,0.323,0.4,0.323,0.4
Vegetables and vegetable products,Peas shoots and sprouts,0.63,0.63,0.63,0.63,0.63,0.63,0.63
Vegetables and vegetable products,Pickled / marinated vegetables,0.3,0.35,0.35,0.5,0.18,0.3,0.18
Vegetables and vegetable products,Pumpkins,0.1,0.2,0.2,0.2,0.2,0.1,0.2
Vegetables and vegetable products,"Pumpkins, PROCESS Baking",0.22,0.14,0.22,0.14,0.14,0.22,0.22
Vegetables and vegetable products,"Pumpkins, PROCESS Cooking in water",0.167,0.14,0.167,0.14,0.2,0.167,0.2
Vegetables and vegetable products,"Pumpkins, PROCESS Steaming",0.196,0.14,0.196,0.14,0.2,0.196,0.2
Vegetables and vegetable products,Purslanes,0.1,0.17,0.28,0.17,0.17,0.1,0.17
Vegetables and vegetable products,Purslanes and similar-,0.28,0.17,0.28,0.17,0.17,0.28,0.17
Vegetables and vegetable products,Radish sprouts,0.4,0.4,0.4,0.4,0.4,0.4,0.4
Vegetables and vegetable products,"Radish sprouts, PROCESS Cooking in water",0.3,0.3,0.3,0.3,0.3,0.3,0.3
Vegetables and vegetable products,"Radish sprouts, PROCESS Steaming",0.8,0.8,0.8,0.8,0.8,0.8,0.8
Vegetables and vegetable products,Radishes and similar-,0.3,0.151,0.284,0.151,0.2,0.5,0.2
Vegetables and vegetable products,"Radishes and similar-, PROCESS Cooking in water",0.264,0.264,0.264,0.264,0.264,0.264,0.264
Vegetables and vegetable products,"Radishes and similar-, PROCESS Steaming",0.264,0.264,0.264,0.264,0.264,0.264,0.264
Vegetables and vegetable products,Red mustard leaves,1.1,1.1,1.1,1.1,1.1,1.1,1.1
Vegetables and vegetable products,Rhubarbs,0.2,0.126,0.126,0.126,0.1,0.2,0.1
Vegetables and vegetable products,"Rhubarbs, PROCESS Cooking in water",0.14,0.14,0.14,0.14,0.15,0.14,0.15
Vegetables and vegetable products,"Rhubarbs, PROCESS Steaming",0.14,0.14,0.14,0.14,0.15,0.14,0.15
Vegetables and vegetable products,Roman rocket,0.47,0.4,0.4,0.4,0.49,0.47,0.49
Vegetables and vegetable products,Roman rocket and similar-,0.4,0.4,0.4,0.4,0.49,0.4,0.49
Vegetables and vegetable products,Rosemary,0.528,0.528,0.528,0.528,0.9,0.528,0.9
Vegetables and vegetable products,Sage,0.759,0.759,0.759,0.759,1.7,0.759,1.7
Vegetables and vegetable products,Salsifies,,0.22,0.22,0.22,0.2,,0.2
Vegetables and vegetable products,"Salsifies, PROCESS Cooking in water",0.205,0.3,0.205,0.3,0.3,0.205,0.3
Vegetables and vegetable products,"Salsifies, PROCESS Steaming",0.23,0.3,0.205,0.3,0.3,0.23,0.3
Vegetables and vegetable products,Sauerkraut,0.2,0.32,0.32,0.32,0.12,0.2,
Vegetables and vegetable products,"Sauerkraut, PROCESS Baking",0.352,0.352,0.352,0.352,0.352,0.352,0.352
Vegetables and vegetable products,"Sauerkraut, PROCESS Cooking in water",0.3,0.148,0.27,0.148,0.1,0.3,0.3
Vegetables and vegetable products,"Sauerkraut, PROCESS Steaming",0.27,0.148,0.27,0.148,0.1,0.27,0.3
Vegetables and vegetable products,Shallots,0.4,0.4,0.4,0.4,0.29,0.4,0.4
Vegetables and vegetable products,"Shallots, PROCESS Baking",0.084,0.084,0.084,0.084,0.084,0.084,0.084
Vegetables and vegetable products,"Shallots, PROCESS Cooking in water",0.31,0.31,0.31,0.31,0.31,0.31,0.31
Vegetables and vegetable products,"Shallots, PROCESS Frying",0.18,0.18,0.18,0.18,0.18,0.18,0.18
Vegetables and vegetable products,Shiitake,0.8,0.5,0.5,0.5,0.5,0.8,0.5
Vegetables and vegetable products,"Shiitake, PROCESS Cooking in water",0.486,0.486,0.486,0.486,0.486,0.486,0.486
Vegetables and vegetable products,"Shiitake, PROCESS Frying",0.93,0.93,0.93,0.93,0.93,0.93,0.93
Vegetables and vegetable products,"Shiitake, PROCESS Steaming",0.486,0.486,0.486,0.486,0.486,0.486,0.486
Vegetables and vegetable products,Sorrel,0.58,0.2,0.58,0.2,0.2,0.58,0.58
Vegetables and vegetable products,Soyabeans sprouts,0.8,0.96,0.96,0.96,0.96,0.96,0.96
Vegetables and vegetable products,"Soyabeans sprouts, PROCESS Cooking in water",0.894,0.894,0.894,0.894,0.894,0.894,0.894
Vegetables and vegetable products,"Soyabeans sprouts, PROCESS Steaming",0.894,0.894,0.894,0.894,0.894,0.894,0.894
Vegetables and vegetable products,Spinaches,0.9,0.677,0.743,1.43,1.1,0.9,0.7
Vegetables and vegetable products,Spinaches and similar-,0.9,0.677,0.743,0.677,1.1,0.9,0.7
Vegetables and vegetable products,"Spinaches and similar-, PROCESS Baking",0.818,0.818,0.818,0.818,0.818,0.818,0.818
Vegetables and vegetable products,"Spinaches and similar-, PROCESS Cooking in water",0.624,0.72,0.624,0.72,1.2,0.624,0.5
Vegetables and vegetable products,"Spinaches and similar-, PROCESS Steaming",0.741,0.72,0.741,0.72,1.2,0.741,0.5
Vegetables and vegetable products,"Spinaches, PROCESS Baking",0.1,0.72,0.818,1.43,0.72,0.1,0.818
Vegetables and vegetable products,"Spinaches, PROCESS Cooking in water",0.36,0.72,0.624,0.72,1.2,0.36,0.5
Vegetables and vegetable products,"Spinaches, PROCESS Steaming",0.1,0.72,0.741,0.72,1.2,0.1,0.5
Vegetables and vegetable products,Spirulina,1.1,1.1,1.1,1.1,1.1,1.1,1.1
Vegetables and vegetable products,Spring onions,1,1,1,1,0.35,1,0.4
Vegetables and vegetable products,"Spring onions, PROCESS Baking",1.095,1.095,1.095,1.095,1.095,1.095,1.095
Vegetables and vegetable products,"Spring onions, PROCESS Cooking in water",0.835,0.835,0.835,0.835,0.74,0.835,0.74
Vegetables and vegetable products,"Spring onions, PROCESS Frying",0.22,0.22,0.22,0.22,0.22,0.22,0.22
Vegetables and vegetable products,"Spring onions, PROCESS Steaming",0.74,0.74,0.74,0.74,0.74,0.74,0.74
Vegetables and vegetable products,"Sprouts, shoots and similar",,0.39,0.39,0.39,0.6,,0.3
Vegetables and vegetable products,"Sprouts, shoots and similar, PROCESS Cooking in water",0.894,0.894,0.894,0.894,0.3,0.894,0.3
Vegetables and vegetable products,"Sprouts, shoots and similar, PROCESS Steaming",0.92,0.894,0.894,0.894,0.3,0.92,0.3
Vegetables and vegetable products,Sun-dried tomatoes,0.8,0.31,0.31,1.99,1.99,0.62,0.8
Vegetables and vegetable products,"Sunflower shoots and sprouts, PROCESS Steaming",0.97,0.97,0.97,0.97,0.97,0.97,0.97
Vegetables and vegetable products,Swedes,0.2,0.095,0.095,0.095,0.08,0.3,0.3
Vegetables and vegetable products,"Swedes, PROCESS Baking",0.088,0.088,0.088,0.088,0.088,0.088,0.088
Vegetables and vegetable products,"Swedes, PROCESS Cooking in water",0.2,0.076,0.076,0.076,0.1,,0.1
Vegetables and vegetable products,"Swedes, PROCESS Steaming",0.2,0.094,0.094,0.094,0.1,,0.1
Vegetables and vegetable products,Sweet corn,,0.563,0.563,2.21,0.79,,0.4
Vegetables and vegetable products,Sweet corn canned,0.3,0.509,0.563,0.45,0.3,0.3,0.5
Vegetables and vegetable products,"Sweet corn, PROCESS Baking",0.609,0.44,0.609,0.44,0.44,0.609,0.609
Vegetables and vegetable products,"Sweet corn, PROCESS Cooking in water",,0.509,0.471,0.509,0.4,0.4,0.4
Vegetables and vegetable products,"Sweet corn, PROCESS Steaming",,0.44,0.546,0.44,0.4,0.4,0.4
Vegetables and vegetable products,Sweet peppers,0.1,0.16,0.26,0.16,0.27,0.1,0.1
Vegetables and vegetable products,"Sweet peppers, PROCESS Baking",0.16,0.12,0.11,1.24,0.16,0.16,0.11
Vegetables and vegetable products,"Sweet peppers, PROCESS Cooking in water",,0.16,0.217,0.16,0.18,0.217,0.2
Vegetables and vegetable products,"Sweet peppers, PROCESS Frying",0.1,0.1,0.1,,0.1,,0.1
Vegetables and vegetable products,"Sweet peppers, PROCESS Steaming",,0.16,0.258,0.16,0.18,0.258,0.2
Vegetables and vegetable products,Tarragon,0.6,0.6,0.6,0.6,0.6,0.6,0.6
Vegetables and vegetable products,Thyme,0.2,6.18,1.005,6.2,0.2,0.2,2.1
Vegetables and vegetable products,"Tigernuts, PROCESS Steaming",0.18,0.18,0.18,0.18,0.18,0.18,0.18
Vegetables and vegetable products,Tomato puree,0.3,0.27,0.7,0.27,0.5,0.2,0.5
Vegetables and vegetable products,Tomatoes and similar-,0.2,0.124,0.085,0.11,0.16,0.2,0.1
Vegetables and vegetable products,"Tomatoes and similar-, PROCESS Baking",0.3,0.28,0.094,0.28,0.3,0.3,0.1
Vegetables and vegetable products,"Tomatoes and similar-, PROCESS Cooking in water",0.3,0.129,0.079,0.129,0.24,0.3,0.24
Vegetables and vegetable products,"Tomatoes and similar-, PROCESS Steaming",0.085,0.085,0.085,0.085,0.1,0.085,0.1
Vegetables and vegetable products,Truffles,0.6,0.548,0.6,0.548,0.548,0.6,0.6
Vegetables and vegetable products,Turnips,0.2,0.132,0.07,0.132,0.1,0.2,0.1
Vegetables and vegetable products,"Turnips, PROCESS Baking",0.065,0.079,0.065,0.079,0.079,0.065,0.065
Vegetables and vegetable products,"Turnips, PROCESS Cooking in water",,0.079,0.056,0.079,0.1,,0.1
Vegetables and vegetable products,"Turnips, PROCESS Steaming",,0.079,0.056,0.079,0.44,,0.1
Vegetables and vegetable products,Vietnamese mint,1.99,1.99,1.99,1.99,1.99,1.99,1.99
Vegetables and vegetable products,Wakame,1.23,1.23,1.23,1.7,1.23,1.23,1.23
Vegetables and vegetable products,"Wakame, PROCESS Cooking in water",0.73,0.73,0.73,0.73,0.73,0.73,0.73
Vegetables and vegetable products,"Wakame, PROCESS Steaming",0.73,0.73,0.73,0.73,0.73,0.73,0.73
Vegetables and vegetable products,Watercresses,0.1,0.348,0.2,0.7,0.39,0.1,0.7
Vegetables and vegetable products,Watercresses and similar-,0.2,0.348,0.2,0.7,0.7,0.2,0.7
Vegetables and vegetable products,Watermelons,0.1,0.05,0.083,0.05,0.2,0.1,0.2
Vegetables and vegetable products,White ginger,4.72,4.72,4.72,4.72,4.72,4.72,4.72
Vegetables and vegetable products,Winter savory,0.705,0.705,0.705,0.705,0.705,0.705,0.705
Vegetables and vegetable products,Witloofs,0.163,0.145,0.163,0.145,0.2,0.163,0.2
Vegetables and vegetable products,"Witloofs, PROCESS Baking",0.18,0.177,0.18,0.177,0.177,0.18,0.18
Vegetables and vegetable products,"Witloofs, PROCESS Cooking in water",0.136,0.136,0.136,0.136,0.17,0.136,0.4
Vegetables and vegetable products,"Witloofs, PROCESS Steaming",0.162,0.177,0.162,0.177,0.17,0.162,0.4
Water and water-based beverages,Bottled drinking water,0.1,,0.003,,,0.1,
Water and water-based beverages,"Cola beverages, caffeinic",0.1,0.011,0.01,0.011,,0.1,
Water and water-based beverages,"Cola beverages, decaffeinated",0.01,0.01,0.01,0.01,,0.01,
Water and water-based beverages,"Cola mix, flavoured cola",0.01,0.011,0.025,,0.011,0.025,0.025
Water and water-based beverages,Cola-type drinks,0.013,,0.01,,,0.013,
Water and water-based beverages,Diet soft drink with caffeine,,,0.01,,,0.01,
Water and water-based beverages,Diet soft drinks with flavours,,0.008,0.042,,,,
Water and water-based beverages,Diet soft drinks with fruit juice,,,0.053,,,,
Water and water-based beverages,Energy drinks,0.1,,0.01,,,,
Water and water-based beverages,Filtered tap water,,0.003,0.003,0.003,,0.003,
Water and water-based beverages,Flavoured bottled water,0.041,,0.041,,,0.041,0.041
Water and water-based beverages,"Flavoured bottled water, FORT Combination of vitamin and mineral only supplements",0.041,0.041,0.041,0.041,0.041,0.041,0.041
Water and water-based beverages,"Flavoured bottled water, FORT Mineral only supplements",0.041,0.041,0.041,0.041,,0.041,
Water and water-based beverages,"Flavoured bottled water, FORT Vitamin only supplements",0.041,0.041,0.041,0.041,0.041,0.041,0.041
Water and water-based beverages,Fortified bottled water,,0.043,0.043,0.043,,,
Water and water-based beverages,"Fruit soft drink, currant red",0.073,0.073,0.073,0.073,,0.073,
Water and water-based beverages,"Fruit soft drink, gooseberry",0,0,0,0,0,0,0
Water and water-based beverages,"Fruit soft drink, grape red",0.024,0.024,0.024,0.024,,0.024,
Water and water-based beverages,"Fruit soft drink, grape white",0.024,0.024,0.024,0.024,,0.024,
Water and water-based beverages,"Fruit soft drink, grapefruit",0.053,0.053,0.053,0.053,,0.053,
Water and water-based beverages,"Fruit soft drink, mixed fruit",,0.013,,0.013,,,
Water and water-based beverages,"Fruit soft drink, orange",0.053,0.023,0.053,0.023,,0.053,
Water and water-based beverages,"Fruit soft drink, pear",0,0,0,0,0,0,0
Water and water-based beverages,"Fruit soft drink, pineapple",0,0,0,0,0,0,0
Water and water-based beverages,"Fruit soft drink, plum",0,0,0,0,0,0,0
Water and water-based beverages,"Fruit soft drink, raspberry",0,0,0,0,0,0,0
Water and water-based beverages,Isotonic and sport drinks,0.1,,0.019,,,0.1,
Water and water-based beverages,Liquid drink bases (including concentrates and home-made preparations),0.035,0.032,0.032,0.032,0.05,0.035,0.05
Water and water-based beverages,Natural mineral water,,0.01,0.006,0.01,,,
Water and water-based beverages,Powdered drink bases,0.15,0.15,0.15,0.15,0.15,0.15,0.15
Water and water-based beverages,Soft drink with bitter principle,0.04,0.0163,0.04,,,0.04,
Water and water-based beverages,"Soft drink, apple flavour",0,0,0,0,0,0,0
Water and water-based beverages,"Soft drink, cherry flavour",0,0,0,0,0,0,0
Water and water-based beverages,"Soft drink, flavoured with herbs",0,0,0,0,0,0,0
Water and water-based beverages,"Soft drink, flavoured, no fruit",,,0.04,,,,
Water and water-based beverages,"Soft drink, lemon flavour",0.1,0.039,0.039,0.039,,0.1,
Water and water-based beverages,"Soft drink, lime flavour",0.039,0.011,0.039,0.011,,0.039,
Water and water-based beverages,"Soft drink, mixed flavours",0.04,0.01,0.04,0.01,,0.04,
Water and water-based beverages,"Soft drink, orange flavour",0.003,0.039,0.039,0.2,,0.039,
Water and water-based beverages,"Soft drink, with fruit juice (fruit content below the minimum for nectars)",0.013,0.013,0.053,0.013,,0.013,
Water and water-based beverages,Tap water,,0.008,0.003,,,,
